Customer ID,Age,Gender,Item Purchased,Category,Purchase Amount (USD),Location,Size,Color,Season,Review Rating,Subscription Status,Shipping Type,Discount Applied,Promo Code Used,Previous Purchases,Payment Method,Frequency of Purchases,annual_frequency,promo_dependency,purchase_scaled,previous_scaled,frequency_scaled,review_scaled,loyalty_score,value_tier
1,55,Male,Blouse,Clothing,53,Kentucky,L,Gray,Winter,3.1,Yes,Express,1,1,14,Venmo,Fortnightly,26,1.0,0.4125000000000001,0.26530612244897955,0.49019607843137253,0.2400000000000002,0.3596812725090036,Low Value
2,19,Male,Sweater,Clothing,64,Maine,L,Maroon,Winter,3.1,Yes,Express,1,1,2,Cash,Fortnightly,26,1.0,0.55,0.02040816326530612,0.49019607843137253,0.2400000000000002,0.28922208883553424,Low Value
3,50,Male,Jeans,Clothing,73,Massachusetts,S,Maroon,Spring,3.1,Yes,Free Shipping,1,1,23,Credit Card,Weekly,52,1.0,0.6625000000000001,0.44897959183673464,0.9999999999999999,0.2400000000000002,0.6360918367346938,Medium Value
4,21,Male,Sandals,Footwear,90,Rhode Island,M,Maroon,Spring,3.5,Yes,Next Day Air,1,1,49,PayPal,Weekly,52,1.0,0.875,0.9795918367346937,0.9999999999999999,0.40000000000000013,0.9068367346938775,High Value
5,45,Male,Blouse,Clothing,49,Oregon,M,Turquoise,Spring,2.7,Yes,Free Shipping,1,1,31,PayPal,Annually,1,1.0,0.36250000000000004,0.6122448979591836,0.0,0.08000000000000007,0.3253979591836734,Low Value
6,46,Male,Sneakers,Footwear,20,Wyoming,M,White,Summer,2.9,Yes,Standard,1,1,14,Venmo,Weekly,52,1.0,0.0,0.26530612244897955,0.9999999999999999,0.15999999999999992,0.4221224489795918,Low Value
7,63,Male,Shirt,Clothing,85,Montana,M,Gray,Fall,3.2,Yes,Free Shipping,1,1,49,Cash,Quarterly,4,1.0,0.8125,0.9795918367346937,0.058823529411764705,0.28000000000000025,0.5999837935174069,Medium Value
8,27,Male,Shorts,Clothing,34,Louisiana,L,Charcoal,Winter,3.2,Yes,Free Shipping,1,1,19,Credit Card,Weekly,52,1.0,0.17500000000000004,0.36734693877551017,0.9999999999999999,0.28000000000000025,0.5099387755102041,Medium Value
9,26,Male,Coat,Outerwear,97,West Virginia,L,Silver,Summer,2.6,Yes,Express,1,1,8,Venmo,Annually,1,1.0,0.9625000000000001,0.14285714285714285,0.0,0.040000000000000036,0.25364285714285717,Low Value
10,57,Male,Handbag,Accessories,31,Missouri,M,Pink,Spring,4.8,Yes,2-Day Shipping,1,1,4,Cash,Quarterly,4,1.0,0.1375,0.061224489795918366,0.058823529411764705,0.9199999999999999,0.16163685474189676,Low Value
11,53,Male,Shoes,Footwear,34,Arkansas,L,Purple,Fall,4.1,Yes,Store Pickup,1,1,26,Bank Transfer,Bi-Weekly,26,1.0,0.17500000000000004,0.510204081632653,0.49019607843137253,0.6399999999999999,0.45014045618247295,Medium Value
12,30,Male,Shorts,Clothing,68,Hawaii,S,Olive,Winter,4.9,Yes,Store Pickup,1,1,10,Bank Transfer,Fortnightly,26,1.0,0.6000000000000001,0.18367346938775508,0.49019607843137253,0.9600000000000002,0.43652821128451386,Low Value
13,61,Male,Coat,Outerwear,72,Delaware,M,Gold,Winter,4.5,Yes,Express,1,1,37,Venmo,Fortnightly,26,1.0,0.65,0.7346938775510203,0.49019607843137253,0.8,0.65093637454982,Medium Value
14,65,Male,Dress,Clothing,51,New Hampshire,M,Violet,Spring,4.7,Yes,Express,1,1,31,PayPal,Weekly,52,1.0,0.38750000000000007,0.6122448979591836,0.9999999999999999,0.8800000000000001,0.7103979591836733,Medium Value
15,64,Male,Coat,Outerwear,53,New York,L,Teal,Winter,4.7,Yes,Free Shipping,1,1,34,Debit Card,Weekly,52,1.0,0.4125000000000001,0.673469387755102,0.9999999999999999,0.8800000000000001,0.7398877551020409,Medium Value
16,64,Male,Skirt,Clothing,81,Rhode Island,M,Teal,Winter,2.8,Yes,Store Pickup,1,1,8,PayPal,Monthly,12,1.0,0.7625,0.14285714285714285,0.21568627450980393,0.11999999999999988,0.2863487394957983,Low Value
17,25,Male,Sunglasses,Accessories,36,Alabama,S,Gray,Spring,4.1,Yes,Next Day Air,1,1,44,Debit Card,Bi-Weekly,26,1.0,0.2,0.8775510204081631,0.49019607843137253,0.6399999999999999,0.602079231692677,Medium Value
18,53,Male,Dress,Clothing,38,Mississippi,XL,Lavender,Winter,4.7,Yes,2-Day Shipping,1,1,36,Venmo,Quarterly,4,1.0,0.22500000000000003,0.7142857142857142,0.058823529411764705,0.8800000000000001,0.4363613445378151,Low Value
19,52,Male,Sweater,Clothing,48,Montana,S,Black,Summer,4.6,Yes,Free Shipping,1,1,17,Cash,Weekly,52,1.0,0.3500000000000001,0.32653061224489793,0.9999999999999999,0.8399999999999999,0.5846122448979592,Medium Value
20,66,Male,Pants,Clothing,90,Rhode Island,M,Green,Summer,3.3,Yes,Standard,1,1,46,Debit Card,Bi-Weekly,26,1.0,0.875,0.9183673469387754,0.49019607843137253,0.32000000000000006,0.7214057623049219,Medium Value
21,21,Male,Pants,Clothing,51,Louisiana,M,Black,Winter,2.8,Yes,Express,1,1,50,Cash,Every 3 Months,4,1.0,0.38750000000000007,1.0,0.058823529411764705,0.11999999999999988,0.5071470588235294,Medium Value
22,31,Male,Pants,Clothing,62,North Carolina,M,Charcoal,Winter,4.1,Yes,Store Pickup,1,1,22,Debit Card,Quarterly,4,1.0,0.525,0.4285714285714285,0.058823529411764705,0.6399999999999999,0.3580756302521008,Low Value
23,56,Male,Pants,Clothing,37,California,M,Peach,Summer,3.2,Yes,Store Pickup,1,1,32,Debit Card,Annually,1,1.0,0.21250000000000002,0.6326530612244897,0.0,0.28000000000000025,0.32356122448979596,Low Value
24,31,Male,Pants,Clothing,88,Oklahoma,XL,White,Winter,4.4,Yes,Express,1,1,40,Credit Card,Weekly,52,1.0,0.8500000000000001,0.7959183673469387,0.9999999999999999,0.7600000000000002,0.8643673469387755,High Value
25,18,Male,Jacket,Outerwear,22,Florida,M,Green,Fall,2.9,Yes,Store Pickup,1,1,16,Debit Card,Weekly,52,1.0,0.025000000000000022,0.3061224489795918,0.9999999999999999,0.15999999999999992,0.44344897959183666,Low Value
26,18,Male,Hoodie,Clothing,25,Texas,M,Silver,Summer,3.6,Yes,Express,1,1,14,PayPal,Annually,1,1.0,0.0625,0.26530612244897955,0.0,0.44000000000000017,0.16262244897959185,Low Value
27,38,Male,Jewelry,Accessories,20,Nevada,M,Red,Spring,3.6,Yes,Next Day Air,1,1,13,Credit Card,Annually,1,1.0,0.0,0.24489795918367344,0.0,0.44000000000000017,0.1419591836734694,Low Value
28,56,Male,Shorts,Clothing,56,Kentucky,L,Cyan,Summer,5.0,Yes,Next Day Air,1,1,7,Bank Transfer,Every 3 Months,4,1.0,0.45000000000000007,0.12244897959183673,0.058823529411764705,1.0,0.25662665066026413,Low Value
29,54,Male,Handbag,Accessories,94,North Carolina,M,Gray,Fall,4.4,Yes,Free Shipping,1,1,41,PayPal,Every 3 Months,4,1.0,0.925,0.8163265306122448,0.058823529411764705,0.7600000000000002,0.6051776710684275,Medium Value
30,31,Male,Dress,Clothing,48,Wyoming,S,Black,Fall,4.1,Yes,Store Pickup,1,1,14,Credit Card,Weekly,52,1.0,0.3500000000000001,0.26530612244897955,0.9999999999999999,0.6399999999999999,0.5401224489795917,Medium Value
31,57,Male,Jewelry,Accessories,31,North Carolina,L,Black,Winter,4.7,Yes,Standard,1,1,16,Credit Card,Monthly,12,1.0,0.1375,0.3061224489795918,0.21568627450980393,0.8800000000000001,0.3026548619447779,Low Value
32,33,Male,Dress,Clothing,79,West Virginia,L,Brown,Winter,4.7,Yes,Store Pickup,1,1,45,Venmo,Monthly,12,1.0,0.7375,0.8979591836734693,0.21568627450980393,0.8800000000000001,0.659389555822329,Medium Value
33,36,Male,Jacket,Outerwear,67,Kansas,M,Silver,Summer,4.9,Yes,Free Shipping,1,1,37,Venmo,Annually,1,1.0,0.5875,0.7346938775510203,0.0,0.9600000000000002,0.5073775510204082,Medium Value
34,54,Male,Pants,Clothing,38,Colorado,L,Green,Summer,3.3,Yes,Store Pickup,1,1,45,Cash,Quarterly,4,1.0,0.22500000000000003,0.8979591836734693,0.058823529411764705,0.32000000000000006,0.45383073229291715,Medium Value
35,36,Male,T-shirt,Clothing,91,North Dakota,L,Violet,Spring,4.6,Yes,2-Day Shipping,1,1,38,PayPal,Quarterly,4,1.0,0.8875,0.7551020408163265,0.058823529411764705,0.8399999999999999,0.58118787515006,Medium Value
36,54,Male,Blouse,Clothing,33,Massachusetts,M,Cyan,Summer,4.0,Yes,2-Day Shipping,1,1,48,Credit Card,Bi-Weekly,26,1.0,0.16250000000000003,0.9591836734693877,0.49019607843137253,0.6000000000000001,0.6232322929171669,Medium Value
37,35,Male,T-shirt,Clothing,69,Illinois,M,Maroon,Winter,4.6,Yes,Free Shipping,1,1,44,PayPal,Fortnightly,26,1.0,0.6125,0.8775510204081631,0.49019607843137253,0.8399999999999999,0.704579231692677,Medium Value
38,35,Male,Jeans,Clothing,45,Indiana,S,Cyan,Summer,2.8,Yes,Store Pickup,1,1,10,PayPal,Weekly,52,1.0,0.3125,0.18367346938775508,0.9999999999999999,0.11999999999999988,0.447969387755102,Low Value
40,70,Male,Pants,Clothing,60,Arizona,S,Turquoise,Summer,4.2,Yes,Express,1,1,18,Credit Card,Monthly,12,1.0,0.5,0.346938775510204,0.21568627450980393,0.6800000000000002,0.3714813925570228,Low Value
41,69,Male,Handbag,Accessories,76,Louisiana,L,Beige,Winter,4.6,Yes,Next Day Air,1,1,31,Debit Card,Quarterly,4,1.0,0.7000000000000001,0.6122448979591836,0.058823529411764705,0.8399999999999999,0.48654501800720285,Medium Value
42,67,Male,Scarf,Accessories,39,Alaska,M,Orange,Spring,4.5,Yes,Standard,1,1,40,Venmo,Annually,1,1.0,0.23750000000000004,0.7959183673469387,0.0,0.8,0.44586734693877556,Low Value
43,20,Male,Coat,Outerwear,100,Tennessee,M,Beige,Spring,4.1,Yes,Free Shipping,1,1,15,PayPal,Annually,1,1.0,1.0,0.28571428571428564,0.0,0.6399999999999999,0.3782857142857143,Low Value
44,25,Male,Scarf,Accessories,69,Ohio,L,Lavender,Fall,3.7,Yes,Store Pickup,1,1,19,PayPal,Fortnightly,26,1.0,0.6125,0.36734693877551017,0.49019607843137253,0.4800000000000002,0.46449759903961585,Medium Value
45,39,Male,Hat,Accessories,53,Kentucky,S,Silver,Summer,4.6,Yes,Free Shipping,1,1,45,PayPal,Weekly,52,1.0,0.4125000000000001,0.8979591836734693,0.9999999999999999,0.8399999999999999,0.8256836734693876,High Value
46,50,Male,Socks,Clothing,21,Tennessee,XL,Indigo,Fall,2.9,Yes,2-Day Shipping,1,1,25,PayPal,Annually,1,1.0,0.012500000000000011,0.4897959183673469,0.0,0.15999999999999992,0.21441836734693878,Low Value
47,57,Male,Shirt,Clothing,43,California,L,White,Summer,2.9,Yes,Store Pickup,1,1,45,Cash,Quarterly,4,1.0,0.2875,0.8979591836734693,0.058823529411764705,0.15999999999999992,0.45033073229291715,Medium Value
48,55,Male,Jewelry,Accessories,54,Montana,M,Charcoal,Winter,4.5,Yes,Free Shipping,1,1,36,Cash,Weekly,52,1.0,0.42500000000000004,0.7142857142857142,0.9999999999999999,0.8,0.7507142857142857,High Value
49,42,Male,Shirt,Clothing,55,Nevada,M,Orange,Summer,2.7,Yes,Store Pickup,1,1,38,Cash,Monthly,12,1.0,0.4375,0.7551020408163265,0.21568627450980393,0.08000000000000007,0.4622466986794718,Medium Value
50,68,Male,Hoodie,Clothing,30,New Jersey,S,Indigo,Spring,4.6,Yes,Next Day Air,1,1,34,Debit Card,Bi-Weekly,26,1.0,0.125,0.673469387755102,0.49019607843137253,0.8399999999999999,0.5254465786314526,Medium Value
52,59,Male,Skirt,Clothing,59,Vermont,XL,Gray,Winter,4.7,Yes,2-Day Shipping,1,1,7,Credit Card,Quarterly,4,1.0,0.48750000000000004,0.12244897959183673,0.058823529411764705,0.8800000000000001,0.25212665066026413,Low Value
53,42,Male,T-shirt,Clothing,20,Alaska,M,Green,Summer,2.6,Yes,Free Shipping,1,1,26,Credit Card,Weekly,52,1.0,0.0,0.510204081632653,0.9999999999999999,0.040000000000000036,0.5080816326530612,Medium Value
54,29,Male,Skirt,Clothing,24,Mississippi,S,Peach,Winter,3.9,Yes,Next Day Air,1,1,35,Credit Card,Weekly,52,1.0,0.050000000000000044,0.693877551020408,0.9999999999999999,0.56,0.6435510204081631,Medium Value
55,47,Male,Coat,Outerwear,94,New Mexico,M,Brown,Summer,4.2,Yes,Next Day Air,1,1,35,Debit Card,Bi-Weekly,26,1.0,0.925,0.693877551020408,0.49019607843137253,0.6800000000000002,0.6776098439375751,Medium Value
56,40,Male,Jacket,Outerwear,28,South Carolina,M,Lavender,Winter,3.0,Yes,2-Day Shipping,1,1,49,Credit Card,Annually,1,1.0,0.10000000000000003,0.9795918367346937,0.0,0.20000000000000018,0.43183673469387757,Low Value
57,41,Male,Backpack,Accessories,73,Mississippi,XL,Brown,Summer,4.7,Yes,Store Pickup,1,1,46,Credit Card,Weekly,52,1.0,0.6625000000000001,0.9183673469387754,0.9999999999999999,0.8800000000000001,0.8878469387755101,High Value
58,21,Male,Coat,Outerwear,64,West Virginia,M,White,Summer,4.4,Yes,Store Pickup,1,1,17,Debit Card,Fortnightly,26,1.0,0.55,0.32653061224489793,0.49019607843137253,0.7600000000000002,0.4636710684273709,Medium Value
59,69,Male,Hoodie,Clothing,54,Missouri,M,Charcoal,Summer,4.2,Yes,Free Shipping,1,1,29,Venmo,Monthly,12,1.0,0.42500000000000004,0.5714285714285714,0.21568627450980393,0.6800000000000002,0.4462773109243698,Low Value
60,63,Male,Belt,Accessories,79,Louisiana,L,Yellow,Spring,4.6,Yes,Standard,1,1,4,Debit Card,Weekly,52,1.0,0.7375,0.061224489795918366,0.9999999999999999,0.8399999999999999,0.5559897959183673,Medium Value
61,50,Male,Sweater,Clothing,37,Idaho,L,Brown,Summer,4.0,Yes,Express,1,1,17,Cash,Weekly,52,1.0,0.21250000000000002,0.32653061224489793,0.9999999999999999,0.6000000000000001,0.5331122448979592,Medium Value
62,55,Male,Scarf,Accessories,68,Texas,M,Orange,Winter,4.7,Yes,Store Pickup,1,1,21,Credit Card,Every 3 Months,4,1.0,0.6000000000000001,0.4081632653061224,0.058823529411764705,0.8800000000000001,0.3889123649459784,Low Value
63,30,Male,Sneakers,Footwear,21,Mississippi,S,Magenta,Spring,3.8,Yes,Free Shipping,1,1,31,Credit Card,Fortnightly,26,1.0,0.012500000000000011,0.6122448979591836,0.49019607843137253,0.52,0.4464567827130852,Low Value
64,33,Male,Sunglasses,Accessories,79,Arizona,L,Lavender,Winter,2.7,Yes,2-Day Shipping,1,1,43,Credit Card,Weekly,52,1.0,0.7375,0.8571428571428571,0.9999999999999999,0.08000000000000007,0.7983571428571428,High Value
65,65,Male,Boots,Footwear,83,Alabama,S,Green,Fall,4.8,Yes,Standard,1,1,18,Debit Card,Fortnightly,26,1.0,0.7875000000000001,0.346938775510204,0.49019607843137253,0.9199999999999999,0.5353343337334934,Medium Value
66,65,Male,Backpack,Accessories,36,New Jersey,M,Purple,Spring,4.8,Yes,2-Day Shipping,1,1,44,Venmo,Every 3 Months,4,1.0,0.2,0.8775510204081631,0.058823529411764705,0.9199999999999999,0.5006674669867947,Medium Value
67,31,Male,Blouse,Clothing,94,Pennsylvania,S,Magenta,Winter,4.7,Yes,2-Day Shipping,1,1,3,Venmo,Every 3 Months,4,1.0,0.925,0.04081632653061225,0.058823529411764705,0.8800000000000001,0.30697358943577435,Low Value
68,45,Male,Coat,Outerwear,33,Connecticut,L,Gray,Winter,4.4,Yes,Store Pickup,1,1,49,Debit Card,Monthly,12,1.0,0.16250000000000003,0.9795918367346937,0.21568627450980393,0.7600000000000002,0.5650426170468188,Medium Value
69,57,Male,Handbag,Accessories,46,Utah,L,Silver,Summer,3.9,Yes,Next Day Air,1,1,21,Cash,Every 3 Months,4,1.0,0.32500000000000007,0.4081632653061224,0.058823529411764705,0.56,0.3019123649459784,Low Value
70,48,Male,Belt,Accessories,70,Tennessee,S,Cyan,Summer,4.4,Yes,Express,1,1,5,Cash,Weekly,52,1.0,0.625,0.08163265306122448,0.9999999999999999,0.7600000000000002,0.5336530612244897,Medium Value
71,22,Male,Belt,Accessories,29,Alabama,M,Magenta,Fall,4.2,Yes,Express,1,1,32,Debit Card,Every 3 Months,4,1.0,0.11250000000000004,0.6326530612244897,0.058823529411764705,0.6800000000000002,0.36120828331332533,Low Value
72,36,Male,Dress,Clothing,48,Virginia,L,Gold,Summer,2.9,Yes,Express,1,1,34,Bank Transfer,Annually,1,1.0,0.3500000000000001,0.673469387755102,0.0,0.15999999999999992,0.35538775510204085,Low Value
73,18,Male,Dress,Clothing,26,Georgia,M,Olive,Winter,2.9,Yes,Store Pickup,1,1,21,Bank Transfer,Every 3 Months,4,1.0,0.07500000000000001,0.4081632653061224,0.058823529411764705,0.15999999999999992,0.21191236494597837,Low Value
74,48,Male,Pants,Clothing,85,Hawaii,M,Teal,Spring,2.7,Yes,Free Shipping,1,1,43,Bank Transfer,Bi-Weekly,26,1.0,0.8125,0.8571428571428571,0.49019607843137253,0.08000000000000007,0.6604159663865546,Medium Value
75,49,Male,Gloves,Accessories,58,Indiana,L,Violet,Spring,4.5,Yes,Express,1,1,3,Cash,Monthly,12,1.0,0.4750000000000001,0.04081632653061225,0.21568627450980393,0.8,0.25603241296518614,Low Value
76,64,Male,Scarf,Accessories,85,Utah,M,Blue,Summer,2.7,Yes,Free Shipping,1,1,21,Credit Card,Annually,1,1.0,0.8125,0.4081632653061224,0.0,0.08000000000000007,0.333765306122449,Low Value
77,50,Male,Hat,Accessories,43,Delaware,S,Teal,Summer,4.2,Yes,Free Shipping,1,1,32,Venmo,Monthly,12,1.0,0.2875,0.6326530612244897,0.21568627450980393,0.6800000000000002,0.44326710684273707,Low Value
78,22,Male,Dress,Clothing,53,Delaware,L,Gold,Summer,3.3,Yes,Next Day Air,1,1,36,Debit Card,Fortnightly,26,1.0,0.4125000000000001,0.7142857142857142,0.49019607843137253,0.32000000000000006,0.5472731092436975,Medium Value
79,50,Male,Skirt,Clothing,91,Nebraska,M,Maroon,Spring,4.7,Yes,Free Shipping,1,1,50,Venmo,Fortnightly,26,1.0,0.8875,1.0,0.49019607843137253,0.8800000000000001,0.8125588235294119,High Value
80,38,Male,Jacket,Outerwear,96,Iowa,M,Olive,Winter,2.6,Yes,2-Day Shipping,1,1,43,Bank Transfer,Every 3 Months,4,1.0,0.9500000000000002,0.8571428571428571,0.058823529411764705,0.040000000000000036,0.5545042016806723,Medium Value
82,67,Male,Shoes,Footwear,96,Virginia,L,Maroon,Summer,2.6,Yes,Express,1,1,36,Credit Card,Every 3 Months,4,1.0,0.9500000000000002,0.7142857142857142,0.058823529411764705,0.040000000000000036,0.49736134453781516,Medium Value
83,19,Male,Pants,Clothing,28,Georgia,S,Olive,Spring,4.0,Yes,2-Day Shipping,1,1,21,Credit Card,Every 3 Months,4,1.0,0.10000000000000003,0.4081632653061224,0.058823529411764705,0.6000000000000001,0.2609123649459784,Low Value
84,36,Male,Dress,Clothing,40,Texas,M,Turquoise,Summer,4.1,Yes,Standard,1,1,34,Bank Transfer,Weekly,52,1.0,0.25,0.673469387755102,0.9999999999999999,0.6399999999999999,0.6833877551020408,Medium Value
85,52,Male,Coat,Outerwear,32,Arizona,S,Peach,Spring,4.4,Yes,Standard,1,1,42,Bank Transfer,Every 3 Months,4,1.0,0.15000000000000002,0.836734693877551,0.058823529411764705,0.7600000000000002,0.45834093637454987,Medium Value
86,53,Male,Sunglasses,Accessories,95,New Mexico,M,Charcoal,Winter,4.5,Yes,Next Day Air,1,1,2,Debit Card,Bi-Weekly,26,1.0,0.9375,0.02040816326530612,0.49019607843137253,0.8,0.4227220888355342,Low Value
87,24,Male,Hoodie,Clothing,41,Nevada,L,Pink,Spring,3.7,Yes,2-Day Shipping,1,1,47,Cash,Bi-Weekly,26,1.0,0.26250000000000007,0.9387755102040816,0.49019607843137253,0.4800000000000002,0.6230690276110444,Medium Value
88,52,Male,Shoes,Footwear,53,Ohio,M,Green,Fall,3.7,Yes,2-Day Shipping,1,1,44,Debit Card,Fortnightly,26,1.0,0.4125000000000001,0.8775510204081631,0.49019607843137253,0.4800000000000002,0.628579231692677,Medium Value
89,33,Male,T-shirt,Clothing,47,Wyoming,M,Orange,Fall,3.5,Yes,Free Shipping,1,1,35,Credit Card,Monthly,12,1.0,0.3375,0.693877551020408,0.21568627450980393,0.40000000000000013,0.4497569027611044,Low Value
90,47,Male,Jacket,Outerwear,83,California,XL,Pink,Fall,3.6,Yes,Next Day Air,1,1,15,Cash,Quarterly,4,1.0,0.7875000000000001,0.28571428571428564,0.058823529411764705,0.44000000000000017,0.33343277310924374,Low Value
91,25,Male,Hat,Accessories,48,South Carolina,L,Violet,Summer,2.9,Yes,Express,1,1,29,Credit Card,Monthly,12,1.0,0.3500000000000001,0.5714285714285714,0.21568627450980393,0.15999999999999992,0.3792773109243698,Low Value
92,44,Male,Scarf,Accessories,99,South Carolina,S,Green,Winter,4.6,Yes,Standard,1,1,18,Credit Card,Every 3 Months,4,1.0,0.9875,0.346938775510204,0.058823529411764705,0.8399999999999999,0.43792256902761095,Low Value
93,61,Male,Jacket,Outerwear,87,Texas,M,Olive,Winter,4.4,Yes,2-Day Shipping,1,1,13,Venmo,Every 3 Months,4,1.0,0.8375000000000001,0.24489795918367344,0.058823529411764705,0.7600000000000002,0.35910624249699885,Low Value
94,37,Male,Sweater,Clothing,62,Florida,M,Purple,Fall,4.5,Yes,Standard,1,1,46,Credit Card,Weekly,52,1.0,0.525,0.9183673469387754,0.9999999999999999,0.8,0.85234693877551,High Value
95,58,Male,Skirt,Clothing,76,Nevada,S,Silver,Spring,4.6,Yes,Free Shipping,1,1,28,Credit Card,Weekly,52,1.0,0.7000000000000001,0.5510204081632653,0.9999999999999999,0.8399999999999999,0.744408163265306,Medium Value
96,37,Male,Sneakers,Footwear,100,Missouri,L,Pink,Fall,3.8,Yes,Free Shipping,1,1,48,PayPal,Monthly,12,1.0,1.0,0.9591836734693877,0.21568627450980393,0.52,0.7003793517406963,Medium Value
98,21,Male,Shoes,Footwear,92,Virginia,M,Teal,Winter,4.8,Yes,Store Pickup,1,1,37,Cash,Annually,1,1.0,0.9000000000000001,0.7346938775510203,0.0,0.9199999999999999,0.5658775510204082,Medium Value
99,20,Male,Jeans,Clothing,67,New York,XL,Teal,Spring,2.6,Yes,Next Day Air,1,1,20,Bank Transfer,Annually,1,1.0,0.5875,0.38775510204081626,0.0,0.040000000000000036,0.2766020408163265,Low Value
100,26,Male,Hoodie,Clothing,40,Missouri,XL,Indigo,Summer,3.7,Yes,Express,1,1,33,Debit Card,Quarterly,4,1.0,0.25,0.6530612244897959,0.058823529411764705,0.4800000000000002,0.37687154861944777,Low Value
101,62,Male,Sunglasses,Accessories,98,South Dakota,M,Maroon,Fall,2.7,Yes,Express,1,1,31,Cash,Fortnightly,26,1.0,0.9750000000000001,0.6122448979591836,0.49019607843137253,0.08000000000000007,0.5949567827130853,Medium Value
102,27,Male,Coat,Outerwear,85,North Dakota,XL,White,Spring,4.6,Yes,Express,1,1,50,Credit Card,Bi-Weekly,26,1.0,0.8125,1.0,0.49019607843137253,0.8399999999999999,0.7935588235294118,High Value
103,51,Male,Socks,Clothing,67,Oklahoma,L,Violet,Winter,4.8,Yes,Next Day Air,1,1,35,Credit Card,Quarterly,4,1.0,0.5875,0.693877551020408,0.058823529411764705,0.9199999999999999,0.5046980792316926,Medium Value
104,54,Male,Boots,Footwear,89,West Virginia,L,Red,Winter,4.0,Yes,Next Day Air,1,1,22,Venmo,Bi-Weekly,26,1.0,0.8625,0.4285714285714285,0.49019607843137253,0.6000000000000001,0.5509873949579832,Medium Value
105,55,Male,Sunglasses,Accessories,24,New Hampshire,L,Pink,Spring,4.4,Yes,2-Day Shipping,1,1,1,PayPal,Monthly,12,1.0,0.050000000000000044,0.0,0.21568627450980393,0.7600000000000002,0.15070588235294122,Low Value
106,69,Male,Backpack,Accessories,96,New York,M,Charcoal,Fall,3.6,Yes,Next Day Air,1,1,4,Bank Transfer,Annually,1,1.0,0.9500000000000002,0.061224489795918366,0.0,0.44000000000000017,0.25848979591836746,Low Value
107,64,Male,Jacket,Outerwear,35,Minnesota,L,White,Summer,3.7,Yes,Standard,1,1,31,Credit Card,Monthly,12,1.0,0.1875,0.6122448979591836,0.21568627450980393,0.4800000000000002,0.3951038415366147,Low Value
108,28,Male,Sneakers,Footwear,67,Maryland,L,Olive,Winter,3.1,Yes,Next Day Air,1,1,46,PayPal,Fortnightly,26,1.0,0.5875,0.9183673469387754,0.49019607843137253,0.2400000000000002,0.6559057623049219,Medium Value
109,70,Male,Socks,Clothing,79,Montana,L,Purple,Spring,3.4,Yes,Next Day Air,1,1,32,Bank Transfer,Bi-Weekly,26,1.0,0.7375,0.6326530612244897,0.49019607843137253,0.3600000000000001,0.5836200480192077,Medium Value
110,58,Male,T-shirt,Clothing,85,Alabama,M,Violet,Spring,2.6,Yes,Next Day Air,1,1,43,Bank Transfer,Fortnightly,26,1.0,0.8125,0.8571428571428571,0.49019607843137253,0.040000000000000036,0.6564159663865546,Medium Value
111,56,Male,Backpack,Accessories,26,New York,M,Black,Summer,4.0,Yes,Standard,1,1,26,Venmo,Fortnightly,26,1.0,0.07500000000000001,0.510204081632653,0.49019607843137253,0.6000000000000001,0.4261404561824729,Low Value
112,26,Male,Belt,Accessories,75,Massachusetts,L,Purple,Summer,5.0,Yes,Free Shipping,1,1,9,Credit Card,Annually,1,1.0,0.6875,0.16326530612244897,0.0,1.0,0.30280612244897964,Low Value
113,37,Male,Gloves,Accessories,65,Florida,M,Red,Spring,4.3,Yes,Free Shipping,1,1,28,PayPal,Bi-Weekly,26,1.0,0.5625,0.5510204081632653,0.49019607843137253,0.72,0.5519669867947178,Medium Value
114,44,Male,Hat,Accessories,54,New Jersey,L,Maroon,Winter,3.1,Yes,Next Day Air,1,1,20,PayPal,Quarterly,4,1.0,0.42500000000000004,0.38775510204081626,0.058823529411764705,0.2400000000000002,0.28174909963985595,Low Value
115,70,Male,Coat,Outerwear,95,Massachusetts,S,Blue,Summer,3.7,Yes,Store Pickup,1,1,9,Cash,Weekly,52,1.0,0.9375,0.16326530612244897,0.9999999999999999,0.4800000000000002,0.6008061224489796,Medium Value
116,53,Male,Skirt,Clothing,94,Wyoming,M,Gray,Spring,3.8,Yes,Standard,1,1,48,Debit Card,Every 3 Months,4,1.0,0.925,0.9591836734693877,0.058823529411764705,0.52,0.6383205282112846,Medium Value
117,55,Male,Shoes,Footwear,86,Virginia,S,Blue,Spring,3.4,Yes,Free Shipping,1,1,12,Venmo,Annually,1,1.0,0.825,0.22448979591836735,0.0,0.3600000000000001,0.290795918367347,Low Value
118,50,Male,Sandals,Footwear,32,South Dakota,L,Yellow,Summer,4.6,Yes,Express,1,1,29,Cash,Fortnightly,26,1.0,0.15000000000000002,0.5714285714285714,0.49019607843137253,0.8399999999999999,0.4896302521008403,Medium Value
119,50,Male,Sweater,Clothing,45,Kentucky,L,Orange,Fall,4.8,Yes,2-Day Shipping,1,1,27,Cash,Bi-Weekly,26,1.0,0.3125,0.5306122448979591,0.49019607843137253,0.9199999999999999,0.5138037214885954,Medium Value
120,38,Male,Coat,Outerwear,76,Wyoming,M,Orange,Fall,4.3,Yes,Express,1,1,44,Cash,Annually,1,1.0,0.7000000000000001,0.8775510204081631,0.0,0.72,0.5630204081632653,Medium Value
121,64,Male,Hat,Accessories,84,West Virginia,L,Red,Summer,4.0,Yes,Express,1,1,32,Bank Transfer,Annually,1,1.0,0.8,0.6326530612244897,0.0,0.6000000000000001,0.47306122448979593,Medium Value
122,19,Male,Shorts,Clothing,72,Virginia,M,Olive,Winter,4.2,Yes,Standard,1,1,11,Cash,Fortnightly,26,1.0,0.65,0.2040816326530612,0.49019607843137253,0.6800000000000002,0.4266914765906362,Low Value
123,40,Male,Backpack,Accessories,40,Washington,L,Brown,Spring,4.8,Yes,2-Day Shipping,1,1,44,Cash,Fortnightly,26,1.0,0.25,0.8775510204081631,0.49019607843137253,0.9199999999999999,0.640079231692677,Medium Value
124,57,Male,Sweater,Clothing,89,Louisiana,L,Brown,Fall,3.1,Yes,Free Shipping,1,1,46,Cash,Weekly,52,1.0,0.8625,0.9183673469387754,0.9999999999999999,0.2400000000000002,0.8638469387755101,High Value
125,44,Male,Sweater,Clothing,86,Nevada,M,Gray,Spring,3.1,Yes,Next Day Air,1,1,50,PayPal,Annually,1,1.0,0.825,1.0,0.0,0.2400000000000002,0.5890000000000001,Medium Value
126,49,Male,Shorts,Clothing,54,California,M,Indigo,Winter,3.6,Yes,Next Day Air,1,1,45,Venmo,Every 3 Months,4,1.0,0.42500000000000004,0.8979591836734693,0.058823529411764705,0.44000000000000017,0.5058307322929172,Medium Value
127,43,Male,Shorts,Clothing,36,Mississippi,L,Pink,Spring,3.9,Yes,Store Pickup,1,1,48,Cash,Every 3 Months,4,1.0,0.2,0.9591836734693877,0.058823529411764705,0.56,0.49732052821128453,Medium Value
128,24,Male,Sweater,Clothing,89,Mississippi,M,Gray,Winter,4.8,Yes,Next Day Air,1,1,26,Credit Card,Weekly,52,1.0,0.8625,0.510204081632653,0.9999999999999999,0.9199999999999999,0.7685816326530611,High Value
129,20,Male,Scarf,Accessories,32,California,M,Gold,Spring,4.7,Yes,Standard,1,1,21,Credit Card,Fortnightly,26,1.0,0.15000000000000002,0.4081632653061224,0.49019607843137253,0.8800000000000001,0.4283241296518608,Low Value
130,24,Male,Dress,Clothing,67,Pennsylvania,XL,Olive,Summer,4.2,Yes,2-Day Shipping,1,1,49,PayPal,Bi-Weekly,26,1.0,0.5875,0.9795918367346937,0.49019607843137253,0.6800000000000002,0.7243955582232894,Medium Value
131,44,Male,Scarf,Accessories,39,Kentucky,L,Violet,Fall,3.7,Yes,Next Day Air,1,1,13,PayPal,Fortnightly,26,1.0,0.23750000000000004,0.24489795918367344,0.49019607843137253,0.4800000000000002,0.34051800720288117,Low Value
132,28,Male,Skirt,Clothing,29,Maine,L,Indigo,Summer,3.9,Yes,Standard,1,1,46,Credit Card,Weekly,52,1.0,0.11250000000000004,0.9183673469387754,0.9999999999999999,0.56,0.7458469387755101,Medium Value
133,30,Male,Backpack,Accessories,58,New Mexico,M,Orange,Fall,4.7,Yes,2-Day Shipping,1,1,42,PayPal,Weekly,52,1.0,0.4750000000000001,0.836734693877551,0.9999999999999999,0.8800000000000001,0.8176938775510205,High Value
134,52,Male,Sweater,Clothing,65,Montana,M,Violet,Winter,2.5,Yes,Next Day Air,1,1,25,Venmo,Annually,1,1.0,0.5625,0.4897959183673469,0.0,0.0,0.3084183673469388,Low Value
135,43,Male,Hat,Accessories,94,Texas,L,Gray,Fall,4.9,Yes,Store Pickup,1,1,25,Cash,Monthly,12,1.0,0.925,0.4897959183673469,0.21568627450980393,0.9600000000000002,0.54162424969988,Medium Value
136,43,Male,Sandals,Footwear,81,Kansas,M,Purple,Fall,4.1,Yes,Express,1,1,12,PayPal,Quarterly,4,1.0,0.7625,0.22448979591836735,0.058823529411764705,0.6399999999999999,0.32394297719087634,Low Value
137,39,Male,Blouse,Clothing,86,South Carolina,M,White,Winter,3.3,Yes,Free Shipping,1,1,4,Debit Card,Quarterly,4,1.0,0.825,0.061224489795918366,0.058823529411764705,0.32000000000000006,0.23913685474189678,Low Value
138,68,Male,Sneakers,Footwear,43,Colorado,M,Turquoise,Spring,4.7,Yes,Free Shipping,1,1,38,PayPal,Weekly,52,1.0,0.2875,0.7551020408163265,0.9999999999999999,0.8800000000000001,0.7475408163265305,Medium Value
139,68,Male,Skirt,Clothing,29,Georgia,M,Maroon,Winter,4.4,Yes,Store Pickup,1,1,42,Bank Transfer,Weekly,52,1.0,0.11250000000000004,0.836734693877551,0.9999999999999999,0.7600000000000002,0.7331938775510204,Medium Value
140,49,Male,Coat,Outerwear,95,Florida,M,White,Fall,3.8,Yes,Store Pickup,1,1,30,Venmo,Annually,1,1.0,0.9375,0.5918367346938774,0.0,0.52,0.47623469387755096,Medium Value
141,63,Male,Shirt,Clothing,28,North Carolina,L,Yellow,Fall,3.9,Yes,2-Day Shipping,1,1,50,Credit Card,Weekly,52,1.0,0.10000000000000003,1.0,0.9999999999999999,0.56,0.776,High Value
142,56,Male,Gloves,Accessories,46,Virginia,M,Turquoise,Fall,4.9,Yes,Free Shipping,1,1,45,PayPal,Weekly,52,1.0,0.32500000000000007,0.8979591836734693,0.9999999999999999,0.9600000000000002,0.8201836734693877,High Value
143,37,Male,Jacket,Outerwear,58,Nebraska,L,Violet,Fall,3.1,Yes,Free Shipping,1,1,33,Credit Card,Fortnightly,26,1.0,0.4750000000000001,0.6530612244897959,0.49019607843137253,0.2400000000000002,0.5272833133253301,Medium Value
144,30,Male,Coat,Outerwear,48,Missouri,M,Beige,Fall,2.7,Yes,Store Pickup,1,1,25,PayPal,Quarterly,4,1.0,0.3500000000000001,0.4897959183673469,0.058823529411764705,0.08000000000000007,0.2915654261704682,Low Value
145,19,Male,Shoes,Footwear,43,New Jersey,M,Silver,Fall,3.2,Yes,Express,1,1,25,Cash,Monthly,12,1.0,0.2875,0.4897959183673469,0.21568627450980393,0.28000000000000025,0.34612424969988,Low Value
146,24,Male,Jewelry,Accessories,95,Missouri,M,Teal,Fall,4.5,Yes,Standard,1,1,44,Debit Card,Quarterly,4,1.0,0.9375,0.8775510204081631,0.058823529411764705,0.8,0.6361674669867947,Medium Value
147,52,Male,Skirt,Clothing,30,Colorado,S,Black,Fall,4.0,Yes,Standard,1,1,21,Venmo,Fortnightly,26,1.0,0.125,0.4081632653061224,0.49019607843137253,0.6000000000000001,0.39532412965186076,Low Value
148,63,Male,Shoes,Footwear,64,Idaho,M,Purple,Summer,3.5,Yes,2-Day Shipping,1,1,31,Bank Transfer,Fortnightly,26,1.0,0.55,0.6122448979591836,0.49019607843137253,0.40000000000000013,0.5419567827130852,Medium Value
149,37,Male,Gloves,Accessories,90,Wyoming,M,Gray,Fall,2.6,Yes,Store Pickup,1,1,47,Debit Card,Annually,1,1.0,0.875,0.9387755102040816,0.0,0.040000000000000036,0.5545102040816327,Medium Value
150,38,Male,Pants,Clothing,76,Delaware,M,White,Summer,3.2,Yes,Free Shipping,1,1,14,PayPal,Monthly,12,1.0,0.7000000000000001,0.26530612244897955,0.21568627450980393,0.28000000000000025,0.33882833133253304,Low Value
151,35,Male,Boots,Footwear,96,California,L,Cyan,Fall,4.9,Yes,Standard,1,1,17,Debit Card,Every 3 Months,4,1.0,0.9500000000000002,0.32653061224489793,0.058823529411764705,0.9600000000000002,0.43425930372148863,Low Value
152,28,Male,Sunglasses,Accessories,47,North Dakota,L,Turquoise,Fall,4.5,Yes,Next Day Air,1,1,3,Venmo,Annually,1,1.0,0.3375,0.04081632653061225,0.0,0.8,0.16382653061224492,Low Value
153,30,Male,Shirt,Clothing,85,South Carolina,S,Brown,Summer,4.3,Yes,Express,1,1,42,Venmo,Annually,1,1.0,0.8125,0.836734693877551,0.0,0.72,0.5691938775510204,Medium Value
154,69,Male,Hoodie,Clothing,55,North Carolina,M,Maroon,Winter,3.2,Yes,Standard,1,1,22,Debit Card,Annually,1,1.0,0.4375,0.4285714285714285,0.0,0.28000000000000025,0.2869285714285714,Low Value
155,41,Male,Dress,Clothing,98,Oklahoma,M,Charcoal,Fall,3.6,Yes,Next Day Air,1,1,21,Venmo,Quarterly,4,1.0,0.9750000000000001,0.4081632653061224,0.058823529411764705,0.44000000000000017,0.41991236494597844,Low Value
156,63,Male,Socks,Clothing,77,Maine,S,Olive,Spring,4.3,Yes,Free Shipping,1,1,21,Bank Transfer,Quarterly,4,1.0,0.7125,0.4081632653061224,0.058823529411764705,0.72,0.39541236494597837,Low Value
157,35,Male,Shorts,Clothing,26,Missouri,M,Lavender,Fall,4.0,Yes,Standard,1,1,40,Debit Card,Annually,1,1.0,0.07500000000000001,0.7959183673469387,0.0,0.6000000000000001,0.3933673469387755,Low Value
158,36,Male,Hat,Accessories,68,Vermont,S,Yellow,Fall,3.0,Yes,Next Day Air,1,1,1,Bank Transfer,Fortnightly,26,1.0,0.6000000000000001,0.0,0.49019607843137253,0.20000000000000018,0.2870588235294118,Low Value
159,25,Male,Shirt,Clothing,73,Connecticut,XL,Teal,Fall,4.1,Yes,Standard,1,1,50,Bank Transfer,Monthly,12,1.0,0.6625000000000001,1.0,0.21568627450980393,0.6399999999999999,0.6612058823529412,Medium Value
160,58,Male,Gloves,Accessories,27,New Hampshire,M,Charcoal,Fall,3.8,Yes,Store Pickup,1,1,39,Bank Transfer,Every 3 Months,4,1.0,0.08750000000000002,0.7755102040816325,0.058823529411764705,0.52,0.3973511404561824,Low Value
161,27,Male,Gloves,Accessories,23,Texas,M,Orange,Summer,4.6,Yes,Free Shipping,1,1,34,Venmo,Monthly,12,1.0,0.03750000000000003,0.673469387755102,0.21568627450980393,0.8399999999999999,0.425593637454982,Low Value
162,65,Male,Backpack,Accessories,49,North Dakota,M,Olive,Fall,3.0,Yes,Express,1,1,29,Venmo,Fortnightly,26,1.0,0.36250000000000004,0.5714285714285714,0.49019607843137253,0.20000000000000018,0.46813025210084036,Medium Value
163,54,Male,Sunglasses,Accessories,74,California,M,Turquoise,Summer,3.0,Yes,Store Pickup,1,1,31,PayPal,Bi-Weekly,26,1.0,0.675,0.6122448979591836,0.49019607843137253,0.20000000000000018,0.5469567827130852,Medium Value
164,54,Male,Skirt,Clothing,67,Virginia,M,Purple,Summer,3.4,Yes,Standard,1,1,8,Debit Card,Weekly,52,1.0,0.5875,0.14285714285714285,0.9999999999999999,0.3600000000000001,0.5106428571428571,Medium Value
165,59,Male,Handbag,Accessories,65,Delaware,S,Purple,Spring,2.6,Yes,Free Shipping,1,1,5,Credit Card,Fortnightly,26,1.0,0.5625,0.08163265306122448,0.49019607843137253,0.040000000000000036,0.29621188475390153,Low Value
166,42,Male,Handbag,Accessories,60,Kentucky,S,Yellow,Winter,2.8,Yes,Store Pickup,1,1,7,Cash,Monthly,12,1.0,0.5,0.12244897959183673,0.21568627450980393,0.11999999999999988,0.22568547418967586,Low Value
167,46,Male,Sneakers,Footwear,31,Delaware,XL,Indigo,Fall,4.0,Yes,Store Pickup,1,1,30,Cash,Monthly,12,1.0,0.1375,0.5918367346938774,0.21568627450980393,0.6000000000000001,0.38894057623049216,Low Value
168,33,Male,Gloves,Accessories,27,Arkansas,M,Green,Fall,4.0,Yes,Express,1,1,14,Credit Card,Every 3 Months,4,1.0,0.08750000000000002,0.26530612244897955,0.058823529411764705,0.6000000000000001,0.20126950780312125,Low Value
169,34,Male,Shoes,Footwear,80,Louisiana,M,Magenta,Summer,3.0,Yes,Express,1,1,5,Cash,Fortnightly,26,1.0,0.75,0.08163265306122448,0.49019607843137253,0.20000000000000018,0.3497118847539016,Low Value
170,27,Male,Jacket,Outerwear,30,Nevada,S,Gold,Summer,3.3,Yes,Standard,1,1,3,PayPal,Every 3 Months,4,1.0,0.125,0.04081632653061225,0.058823529411764705,0.32000000000000006,0.09097358943577433,Low Value
171,52,Male,Shirt,Clothing,25,Wyoming,M,Maroon,Fall,2.6,Yes,Store Pickup,1,1,46,Venmo,Bi-Weekly,26,1.0,0.0625,0.9183673469387754,0.49019607843137253,0.040000000000000036,0.5309057623049218,Medium Value
172,29,Male,Shorts,Clothing,35,Virginia,M,Blue,Summer,3.6,Yes,Store Pickup,1,1,4,Credit Card,Weekly,52,1.0,0.1875,0.061224489795918366,0.9999999999999999,0.44000000000000017,0.40598979591836737,Low Value
173,54,Male,Jewelry,Accessories,67,Nebraska,M,Violet,Summer,3.9,Yes,Next Day Air,1,1,42,Credit Card,Bi-Weekly,26,1.0,0.5875,0.836734693877551,0.49019607843137253,0.56,0.6552527010804322,Medium Value
174,25,Male,Hat,Accessories,46,Hawaii,M,Turquoise,Fall,3.4,Yes,Standard,1,1,30,Cash,Annually,1,1.0,0.32500000000000007,0.5918367346938774,0.0,0.3600000000000001,0.337734693877551,Low Value
175,41,Male,Shoes,Footwear,35,Vermont,L,Brown,Winter,3.5,Yes,Express,1,1,37,Venmo,Annually,1,1.0,0.1875,0.7346938775510203,0.0,0.40000000000000013,0.37137755102040815,Low Value
176,53,Male,Coat,Outerwear,86,Oklahoma,L,Violet,Fall,2.8,Yes,Next Day Air,1,1,2,Bank Transfer,Annually,1,1.0,0.825,0.02040816326530612,0.0,0.11999999999999988,0.18516326530612243,Low Value
177,53,Male,Backpack,Accessories,81,New Hampshire,L,Black,Spring,2.7,Yes,Next Day Air,1,1,30,Credit Card,Quarterly,4,1.0,0.7625,0.5918367346938774,0.058823529411764705,0.08000000000000007,0.4148817527010804,Low Value
178,21,Male,Hoodie,Clothing,42,Kansas,L,Magenta,Fall,3.7,Yes,Next Day Air,1,1,47,Bank Transfer,Monthly,12,1.0,0.275,0.9387755102040816,0.21568627450980393,0.4800000000000002,0.5432160864345739,Medium Value
179,61,Male,Skirt,Clothing,43,Idaho,L,Lavender,Fall,4.3,Yes,2-Day Shipping,1,1,21,PayPal,Quarterly,4,1.0,0.2875,0.4081632653061224,0.058823529411764705,0.72,0.31041236494597835,Low Value
180,64,Male,Boots,Footwear,31,Illinois,M,Violet,Fall,4.9,Yes,Store Pickup,1,1,9,Bank Transfer,Fortnightly,26,1.0,0.1375,0.16326530612244897,0.49019607843137253,0.9600000000000002,0.33586494597839134,Low Value
181,51,Male,Sandals,Footwear,81,South Dakota,L,Green,Fall,3.3,Yes,Store Pickup,1,1,12,Debit Card,Fortnightly,26,1.0,0.7625,0.22448979591836735,0.49019607843137253,0.32000000000000006,0.4213547418967587,Low Value
182,32,Male,Pants,Clothing,61,Massachusetts,M,Beige,Summer,4.7,Yes,Next Day Air,1,1,4,Bank Transfer,Weekly,52,1.0,0.5125000000000001,0.061224489795918366,0.9999999999999999,0.8800000000000001,0.5149897959183674,Medium Value
183,38,Male,Gloves,Accessories,96,Alabama,XL,Purple,Summer,2.8,Yes,Store Pickup,1,1,10,Debit Card,Annually,1,1.0,0.9500000000000002,0.18367346938775508,0.0,0.11999999999999988,0.2754693877551021,Low Value
184,58,Male,Skirt,Clothing,29,Ohio,XL,Beige,Spring,3.6,Yes,2-Day Shipping,1,1,26,Credit Card,Weekly,52,1.0,0.11250000000000004,0.510204081632653,0.9999999999999999,0.44000000000000017,0.5705816326530612,Medium Value
185,32,Male,Sneakers,Footwear,33,Hawaii,L,Cyan,Spring,3.0,Yes,Express,1,1,40,Cash,Fortnightly,26,1.0,0.16250000000000003,0.7959183673469387,0.49019607843137253,0.20000000000000018,0.5179261704681872,Medium Value
186,46,Male,T-shirt,Clothing,32,Wisconsin,XL,Silver,Summer,4.5,Yes,Store Pickup,1,1,34,Bank Transfer,Fortnightly,26,1.0,0.15000000000000002,0.673469387755102,0.49019607843137253,0.8,0.5264465786314526,Medium Value
187,39,Male,Backpack,Accessories,56,Minnesota,S,Lavender,Summer,2.9,Yes,Standard,1,1,31,Debit Card,Annually,1,1.0,0.45000000000000007,0.6122448979591836,0.0,0.15999999999999992,0.3508979591836735,Low Value
188,19,Male,Shoes,Footwear,94,Georgia,S,Purple,Spring,3.3,Yes,Store Pickup,1,1,1,Bank Transfer,Bi-Weekly,26,1.0,0.925,0.0,0.49019607843137253,0.32000000000000006,0.36405882352941177,Low Value
189,50,Male,Hoodie,Clothing,53,Arkansas,M,Pink,Spring,3.1,Yes,Express,1,1,5,Bank Transfer,Bi-Weekly,26,1.0,0.4125000000000001,0.08163265306122448,0.49019607843137253,0.2400000000000002,0.2862118847539016,Low Value
190,36,Male,Blouse,Clothing,82,West Virginia,M,Maroon,Fall,4.4,Yes,Next Day Air,1,1,4,Credit Card,Weekly,52,1.0,0.7750000000000001,0.061224489795918366,0.9999999999999999,0.7600000000000002,0.5554897959183673,Medium Value
191,65,Male,Coat,Outerwear,70,Indiana,XL,Beige,Fall,3.0,Yes,Free Shipping,1,1,48,Venmo,Quarterly,4,1.0,0.625,0.9591836734693877,0.058823529411764705,0.20000000000000018,0.5463205282112845,Medium Value
192,64,Male,Hat,Accessories,76,Utah,M,Gray,Fall,3.9,Yes,Free Shipping,1,1,29,Cash,Every 3 Months,4,1.0,0.7000000000000001,0.5714285714285714,0.058823529411764705,0.56,0.442218487394958,Low Value
193,46,Male,Shoes,Footwear,29,Nebraska,L,Turquoise,Summer,2.9,Yes,Express,1,1,12,PayPal,Bi-Weekly,26,1.0,0.11250000000000004,0.22448979591836735,0.49019607843137253,0.15999999999999992,0.27535474189675874,Low Value
194,36,Male,Belt,Accessories,100,North Dakota,S,Silver,Fall,3.0,Yes,Standard,1,1,29,Venmo,Annually,1,1.0,1.0,0.5714285714285714,0.0,0.20000000000000018,0.4485714285714286,Low Value
195,51,Male,Backpack,Accessories,94,Missouri,M,Olive,Spring,3.1,Yes,Express,1,1,15,Debit Card,Quarterly,4,1.0,0.925,0.28571428571428564,0.058823529411764705,0.2400000000000002,0.34093277310924375,Low Value
196,51,Male,Jacket,Outerwear,25,New York,M,Magenta,Fall,4.3,Yes,Free Shipping,1,1,34,Credit Card,Monthly,12,1.0,0.0625,0.673469387755102,0.21568627450980393,0.72,0.418593637454982,Low Value
197,38,Male,Boots,Footwear,88,Washington,M,Lavender,Summer,3.9,Yes,Next Day Air,1,1,41,Credit Card,Fortnightly,26,1.0,0.8500000000000001,0.8163265306122448,0.49019607843137253,0.56,0.6995894357743098,Medium Value
198,59,Male,Scarf,Accessories,78,South Carolina,M,Black,Fall,3.2,Yes,2-Day Shipping,1,1,41,Credit Card,Monthly,12,1.0,0.7250000000000001,0.8163265306122448,0.21568627450980393,0.28000000000000025,0.5642364945978391,Medium Value
199,57,Male,Jewelry,Accessories,45,Utah,M,Turquoise,Winter,4.8,Yes,Standard,1,1,39,Credit Card,Fortnightly,26,1.0,0.3125,0.7755102040816325,0.49019607843137253,0.9199999999999999,0.6117629051620647,Medium Value
200,54,Male,Hat,Accessories,73,Idaho,XL,Green,Summer,3.8,Yes,Express,1,1,32,Cash,Weekly,52,1.0,0.6625000000000001,0.6326530612244897,0.9999999999999999,0.52,0.737561224489796,Medium Value
201,25,Male,Dress,Clothing,61,Pennsylvania,S,Teal,Summer,3.3,Yes,Next Day Air,1,1,29,Venmo,Monthly,12,1.0,0.5125000000000001,0.5714285714285714,0.21568627450980393,0.32000000000000006,0.4277773109243698,Low Value
202,69,Male,Blouse,Clothing,22,Missouri,S,Beige,Fall,4.3,Yes,Free Shipping,1,1,15,Bank Transfer,Annually,1,1.0,0.025000000000000022,0.28571428571428564,0.0,0.72,0.19128571428571428,Low Value
203,57,Male,Hat,Accessories,38,Nebraska,L,Magenta,Spring,2.7,Yes,Express,1,1,33,Venmo,Annually,1,1.0,0.22500000000000003,0.6530612244897959,0.0,0.08000000000000007,0.3142244897959183,Low Value
204,70,Male,Scarf,Accessories,38,Indiana,S,Yellow,Fall,3.2,Yes,Next Day Air,1,1,18,Bank Transfer,Weekly,52,1.0,0.22500000000000003,0.346938775510204,0.9999999999999999,0.28000000000000025,0.5117755102040816,Medium Value
205,24,Male,Sneakers,Footwear,100,Arizona,M,Yellow,Fall,4.0,Yes,Store Pickup,1,1,35,Cash,Bi-Weekly,26,1.0,1.0,0.693877551020408,0.49019607843137253,0.6000000000000001,0.684609843937575,Medium Value
206,67,Male,Shirt,Clothing,64,Hawaii,M,Silver,Winter,3.0,Yes,Standard,1,1,25,PayPal,Weekly,52,1.0,0.55,0.4897959183673469,0.9999999999999999,0.20000000000000018,0.6259183673469387,Medium Value
207,24,Male,T-shirt,Clothing,55,Wisconsin,L,Silver,Summer,4.2,Yes,Free Shipping,1,1,6,Venmo,Fortnightly,26,1.0,0.4375,0.10204081632653061,0.49019607843137253,0.6800000000000002,0.343375150060024,Low Value
208,62,Male,Gloves,Accessories,91,Rhode Island,M,Silver,Summer,2.9,Yes,Express,1,1,17,Bank Transfer,Bi-Weekly,26,1.0,0.8875,0.32653061224489793,0.49019607843137253,0.15999999999999992,0.4711710684273709,Medium Value
209,57,Male,Skirt,Clothing,38,Wisconsin,M,Gold,Spring,4.1,Yes,Store Pickup,1,1,17,Credit Card,Monthly,12,1.0,0.22500000000000003,0.32653061224489793,0.21568627450980393,0.6399999999999999,0.30431812725090035,Low Value
210,55,Male,Sandals,Footwear,97,Minnesota,S,Olive,Winter,3.2,Yes,Store Pickup,1,1,44,Cash,Every 3 Months,4,1.0,0.9625000000000001,0.8775510204081631,0.058823529411764705,0.28000000000000025,0.5891674669867948,Medium Value
211,45,Male,Jacket,Outerwear,22,Vermont,L,Teal,Fall,3.0,Yes,2-Day Shipping,1,1,6,PayPal,Fortnightly,26,1.0,0.025000000000000022,0.10204081632653061,0.49019607843137253,0.20000000000000018,0.212875150060024,Low Value
212,69,Male,Skirt,Clothing,92,South Dakota,L,Maroon,Fall,4.2,Yes,2-Day Shipping,1,1,45,Debit Card,Fortnightly,26,1.0,0.9000000000000001,0.8979591836734693,0.49019607843137253,0.6800000000000002,0.7542424969987996,High Value
213,67,Male,Handbag,Accessories,84,Virginia,L,Blue,Fall,4.2,Yes,Express,1,1,7,Debit Card,Annually,1,1.0,0.8,0.12244897959183673,0.0,0.6800000000000002,0.27697959183673476,Low Value
214,30,Male,Handbag,Accessories,93,Nevada,L,Peach,Fall,4.4,Yes,Store Pickup,1,1,11,Debit Card,Every 3 Months,4,1.0,0.9125000000000001,0.2040816326530612,0.058823529411764705,0.7600000000000002,0.35777971188475394,Low Value
215,24,Male,Jacket,Outerwear,50,Hawaii,L,Blue,Summer,4.2,Yes,Next Day Air,1,1,41,Cash,Every 3 Months,4,1.0,0.375,0.8163265306122448,0.058823529411764705,0.6800000000000002,0.48717767106842735,Medium Value
216,62,Male,Scarf,Accessories,64,New Jersey,S,Orange,Spring,2.8,Yes,2-Day Shipping,1,1,24,PayPal,Bi-Weekly,26,1.0,0.55,0.4693877551020408,0.49019607843137253,0.11999999999999988,0.45681392557022804,Medium Value
217,43,Male,Shorts,Clothing,61,Massachusetts,L,Yellow,Spring,3.7,Yes,Free Shipping,1,1,21,Venmo,Weekly,52,1.0,0.5125000000000001,0.4081632653061224,0.9999999999999999,0.4800000000000002,0.613765306122449,Medium Value
218,35,Male,Sunglasses,Accessories,48,Oklahoma,M,Purple,Winter,3.5,Yes,Next Day Air,1,1,24,Bank Transfer,Annually,1,1.0,0.3500000000000001,0.4693877551020408,0.0,0.40000000000000013,0.2977551020408164,Low Value
219,28,Male,T-shirt,Clothing,45,California,S,Magenta,Spring,2.9,Yes,Store Pickup,1,1,8,Credit Card,Quarterly,4,1.0,0.3125,0.14285714285714285,0.058823529411764705,0.15999999999999992,0.15328991596638655,Low Value
220,32,Male,Belt,Accessories,88,Nevada,M,Cyan,Spring,3.0,Yes,Free Shipping,1,1,12,Cash,Fortnightly,26,1.0,0.8500000000000001,0.22448979591836735,0.49019607843137253,0.20000000000000018,0.42685474189675876,Low Value
221,39,Male,Sneakers,Footwear,57,Arizona,S,Indigo,Spring,3.7,Yes,Express,1,1,48,Debit Card,Fortnightly,26,1.0,0.4625,0.9591836734693877,0.49019607843137253,0.4800000000000002,0.6712322929171669,Medium Value
222,28,Male,Hat,Accessories,68,North Carolina,XL,Magenta,Summer,4.4,Yes,Store Pickup,1,1,6,Bank Transfer,Quarterly,4,1.0,0.6000000000000001,0.10204081632653061,0.058823529411764705,0.7600000000000002,0.2544633853541417,Low Value
223,47,Male,Gloves,Accessories,94,New York,XL,Gray,Spring,4.5,Yes,2-Day Shipping,1,1,14,PayPal,Fortnightly,26,1.0,0.925,0.26530612244897955,0.49019607843137253,0.8,0.5181812725090036,Medium Value
224,20,Male,Pants,Clothing,41,Wyoming,M,Turquoise,Spring,4.8,Yes,Free Shipping,1,1,34,PayPal,Annually,1,1.0,0.26250000000000007,0.673469387755102,0.0,0.9199999999999999,0.4138877551020408,Low Value
225,63,Male,Socks,Clothing,83,South Dakota,S,Beige,Summer,2.9,Yes,Free Shipping,1,1,12,Cash,Every 3 Months,4,1.0,0.7875000000000001,0.22448979591836735,0.058823529411764705,0.15999999999999992,0.2809429771908764,Low Value
226,25,Male,Jacket,Outerwear,22,Arkansas,M,Olive,Spring,3.2,Yes,Next Day Air,1,1,11,Bank Transfer,Annually,1,1.0,0.025000000000000022,0.2040816326530612,0.0,0.28000000000000025,0.11463265306122451,Low Value
227,29,Male,Shoes,Footwear,74,Texas,L,Violet,Spring,3.3,Yes,Free Shipping,1,1,5,PayPal,Monthly,12,1.0,0.675,0.08163265306122448,0.21568627450980393,0.32000000000000006,0.264358943577431,Low Value
228,50,Male,Jeans,Clothing,90,Rhode Island,M,Turquoise,Winter,4.2,Yes,Standard,1,1,25,Venmo,Fortnightly,26,1.0,0.875,0.4897959183673469,0.49019607843137253,0.6800000000000002,0.5859771908763506,Medium Value
229,18,Male,Socks,Clothing,79,New Hampshire,M,White,Spring,2.9,Yes,Store Pickup,1,1,11,Credit Card,Annually,1,1.0,0.7375,0.2040816326530612,0.0,0.15999999999999992,0.24513265306122448,Low Value
230,70,Male,Sandals,Footwear,28,Ohio,S,Silver,Spring,4.6,Yes,Next Day Air,1,1,27,PayPal,Every 3 Months,4,1.0,0.10000000000000003,0.5306122448979591,0.058823529411764705,0.8399999999999999,0.3338919567827131,Low Value
231,66,Male,Scarf,Accessories,88,Utah,L,Olive,Fall,4.1,Yes,Standard,1,1,43,Credit Card,Annually,1,1.0,0.8500000000000001,0.8571428571428571,0.0,0.6399999999999999,0.5768571428571428,Medium Value
232,28,Male,Blouse,Clothing,26,Tennessee,M,Blue,Spring,3.1,Yes,2-Day Shipping,1,1,18,Debit Card,Every 3 Months,4,1.0,0.07500000000000001,0.346938775510204,0.058823529411764705,0.2400000000000002,0.19542256902761104,Low Value
233,54,Male,Jewelry,Accessories,27,Hawaii,L,Purple,Winter,4.2,Yes,Express,1,1,32,Bank Transfer,Bi-Weekly,26,1.0,0.08750000000000002,0.6326530612244897,0.49019607843137253,0.6800000000000002,0.48562004801920766,Medium Value
234,19,Male,Sweater,Clothing,83,Arizona,XL,Yellow,Fall,4.5,Yes,Next Day Air,1,1,27,Bank Transfer,Every 3 Months,4,1.0,0.7875000000000001,0.5306122448979591,0.058823529411764705,0.8,0.4673919567827131,Medium Value
235,20,Male,Gloves,Accessories,39,South Dakota,S,Silver,Summer,3.7,Yes,Next Day Air,1,1,24,Credit Card,Weekly,52,1.0,0.23750000000000004,0.4693877551020408,0.9999999999999999,0.4800000000000002,0.5832551020408163,Medium Value
236,43,Male,Sunglasses,Accessories,89,New Jersey,M,Cyan,Winter,3.7,Yes,Free Shipping,1,1,31,Debit Card,Quarterly,4,1.0,0.8625,0.6122448979591836,0.058823529411764705,0.4800000000000002,0.4830450180072029,Medium Value
237,38,Male,Coat,Outerwear,68,North Dakota,L,Green,Winter,3.4,Yes,Next Day Air,1,1,39,PayPal,Fortnightly,26,1.0,0.6000000000000001,0.7755102040816325,0.49019607843137253,0.3600000000000001,0.6132629051620648,Medium Value
238,50,Male,Dress,Clothing,90,Iowa,M,Beige,Summer,3.0,Yes,Store Pickup,1,1,36,Debit Card,Fortnightly,26,1.0,0.875,0.7142857142857142,0.49019607843137253,0.20000000000000018,0.6277731092436974,Medium Value
239,64,Male,Skirt,Clothing,34,Ohio,M,Peach,Fall,4.2,Yes,Free Shipping,1,1,5,Cash,Annually,1,1.0,0.17500000000000004,0.08163265306122448,0.0,0.6800000000000002,0.13565306122448983,Low Value
240,49,Male,Pants,Clothing,51,Vermont,L,Yellow,Summer,2.9,Yes,Express,1,1,47,Credit Card,Bi-Weekly,26,1.0,0.38750000000000007,0.9387755102040816,0.49019607843137253,0.15999999999999992,0.6160690276110444,Medium Value
241,47,Male,Sweater,Clothing,45,Montana,XL,Turquoise,Winter,3.5,Yes,Free Shipping,1,1,29,Bank Transfer,Fortnightly,26,1.0,0.3125,0.5714285714285714,0.49019607843137253,0.40000000000000013,0.47813025210084037,Medium Value
242,36,Male,Hoodie,Clothing,88,Delaware,M,Peach,Winter,4.1,Yes,Free Shipping,1,1,43,Venmo,Bi-Weekly,26,1.0,0.8500000000000001,0.8571428571428571,0.49019607843137253,0.6399999999999999,0.7239159663865545,Medium Value
243,55,Male,Coat,Outerwear,85,New York,L,Gray,Summer,4.3,Yes,Store Pickup,1,1,40,Debit Card,Every 3 Months,4,1.0,0.8125,0.7959183673469387,0.058823529411764705,0.72,0.5705144057623048,Medium Value
244,25,Male,Jewelry,Accessories,100,Kentucky,M,Olive,Winter,2.8,Yes,2-Day Shipping,1,1,4,Debit Card,Monthly,12,1.0,1.0,0.061224489795918366,0.21568627450980393,0.11999999999999988,0.30119567827130855,Low Value
245,53,Male,Belt,Accessories,42,Oregon,S,Indigo,Spring,4.9,Yes,2-Day Shipping,1,1,39,PayPal,Weekly,52,1.0,0.275,0.7755102040816325,0.9999999999999999,0.9600000000000002,0.7612040816326531,High Value
246,49,Male,Sandals,Footwear,53,Rhode Island,L,Charcoal,Summer,3.3,Yes,Next Day Air,1,1,45,Venmo,Fortnightly,26,1.0,0.4125000000000001,0.8979591836734693,0.49019607843137253,0.32000000000000006,0.6207424969987996,Medium Value
247,35,Male,Sunglasses,Accessories,86,Nevada,XL,Beige,Spring,3.2,Yes,Express,1,1,20,Venmo,Bi-Weekly,26,1.0,0.825,0.38775510204081626,0.49019607843137253,0.28000000000000025,0.49516086434573825,Medium Value
248,29,Male,Sweater,Clothing,66,Montana,XL,Brown,Spring,4.4,Yes,Standard,1,1,14,Debit Card,Weekly,52,1.0,0.5750000000000001,0.26530612244897955,0.9999999999999999,0.7600000000000002,0.5971224489795919,Medium Value
249,47,Male,Belt,Accessories,100,Pennsylvania,M,Blue,Winter,4.8,Yes,Express,1,1,33,PayPal,Weekly,52,1.0,1.0,0.6530612244897959,0.9999999999999999,0.9199999999999999,0.8532244897959181,High Value
250,53,Male,Handbag,Accessories,47,Alaska,S,Teal,Fall,4.2,Yes,Standard,1,1,18,Credit Card,Annually,1,1.0,0.3375,0.346938775510204,0.0,0.6800000000000002,0.27427551020408164,Low Value
251,33,Male,Skirt,Clothing,25,Mississippi,L,Black,Fall,4.0,Yes,Express,1,1,9,Bank Transfer,Weekly,52,1.0,0.0625,0.16326530612244897,0.9999999999999999,0.6000000000000001,0.43780612244897954,Low Value
252,21,Male,Handbag,Accessories,51,Wyoming,XL,Gold,Winter,2.5,Yes,Standard,1,1,34,PayPal,Annually,1,1.0,0.38750000000000007,0.673469387755102,0.0,0.0,0.34688775510204084,Low Value
253,32,Male,Shorts,Clothing,41,Delaware,M,Violet,Summer,3.9,Yes,Free Shipping,1,1,33,Venmo,Fortnightly,26,1.0,0.26250000000000007,0.6530612244897959,0.49019607843137253,0.56,0.5167833133253301,Medium Value
254,52,Male,Boots,Footwear,73,Oklahoma,L,Cyan,Winter,4.9,Yes,2-Day Shipping,1,1,15,Bank Transfer,Bi-Weekly,26,1.0,0.6625000000000001,0.28571428571428564,0.49019607843137253,0.9600000000000002,0.4898445378151261,Medium Value
255,67,Male,Sunglasses,Accessories,42,Indiana,M,White,Winter,3.5,Yes,Store Pickup,1,1,4,PayPal,Bi-Weekly,26,1.0,0.275,0.061224489795918366,0.49019607843137253,0.40000000000000013,0.26654861944777913,Low Value
256,43,Male,Scarf,Accessories,20,Maryland,M,Charcoal,Spring,4.2,Yes,Free Shipping,1,1,25,Debit Card,Annually,1,1.0,0.0,0.4897959183673469,0.0,0.6800000000000002,0.2639183673469388,Low Value
257,58,Male,Jewelry,Accessories,30,South Dakota,XL,Violet,Spring,4.7,Yes,Express,1,1,20,Credit Card,Every 3 Months,4,1.0,0.125,0.38775510204081626,0.058823529411764705,0.8800000000000001,0.28574909963985595,Low Value
258,20,Male,Handbag,Accessories,53,West Virginia,M,Red,Summer,4.5,Yes,Express,1,1,5,Credit Card,Quarterly,4,1.0,0.4125000000000001,0.08163265306122448,0.058823529411764705,0.8,0.21280012004801924,Low Value
259,61,Male,Gloves,Accessories,74,Alabama,S,Lavender,Spring,2.8,Yes,Express,1,1,16,Cash,Quarterly,4,1.0,0.675,0.3061224489795918,0.058823529411764705,0.11999999999999988,0.28709603841536613,Low Value
260,32,Male,Jeans,Clothing,57,Louisiana,M,Gold,Fall,2.9,Yes,Standard,1,1,13,Debit Card,Annually,1,1.0,0.4625,0.24489795918367344,0.0,0.15999999999999992,0.20645918367346938,Low Value
261,38,Male,Hat,Accessories,57,Montana,S,Red,Winter,3.2,Yes,2-Day Shipping,1,1,11,Credit Card,Every 3 Months,4,1.0,0.4625,0.2040816326530612,0.058823529411764705,0.28000000000000025,0.21977971188475393,Low Value
262,21,Male,Jeans,Clothing,77,California,L,Magenta,Winter,4.9,Yes,Standard,1,1,21,Credit Card,Annually,1,1.0,0.7125,0.4081632653061224,0.0,0.9600000000000002,0.40176530612244904,Low Value
264,27,Male,Shorts,Clothing,46,Iowa,M,Purple,Summer,4.3,Yes,Store Pickup,1,1,29,Venmo,Monthly,12,1.0,0.32500000000000007,0.5714285714285714,0.21568627450980393,0.72,0.43027731092436977,Low Value
265,36,Male,Pants,Clothing,78,Colorado,S,Charcoal,Fall,3.9,Yes,Store Pickup,1,1,15,Cash,Annually,1,1.0,0.7250000000000001,0.28571428571428564,0.0,0.56,0.3152857142857143,Low Value
266,32,Male,Backpack,Accessories,59,Michigan,M,Gray,Spring,3.2,Yes,2-Day Shipping,1,1,17,Bank Transfer,Bi-Weekly,26,1.0,0.48750000000000004,0.32653061224489793,0.49019607843137253,0.28000000000000025,0.40317106842737094,Low Value
267,51,Male,Jewelry,Accessories,75,Louisiana,L,White,Summer,3.1,Yes,Express,1,1,32,Credit Card,Weekly,52,1.0,0.6875,0.6326530612244897,0.9999999999999999,0.2400000000000002,0.7145612244897959,Medium Value
268,64,Male,Sweater,Clothing,54,Maryland,M,Olive,Spring,3.9,Yes,2-Day Shipping,1,1,42,Venmo,Annually,1,1.0,0.42500000000000004,0.836734693877551,0.0,0.56,0.47569387755102044,Medium Value
269,68,Male,Shoes,Footwear,42,Georgia,M,Charcoal,Spring,2.6,Yes,Store Pickup,1,1,21,Cash,Monthly,12,1.0,0.275,0.4081632653061224,0.21568627450980393,0.040000000000000036,0.28697118847539016,Low Value
270,68,Male,Blouse,Clothing,44,Georgia,M,Charcoal,Winter,3.3,Yes,Next Day Air,1,1,9,Cash,Bi-Weekly,26,1.0,0.30000000000000004,0.16326530612244897,0.49019607843137253,0.32000000000000006,0.30436494597839137,Low Value
271,33,Male,Jeans,Clothing,52,North Dakota,XL,Orange,Fall,4.6,Yes,Free Shipping,1,1,16,Bank Transfer,Annually,1,1.0,0.4,0.3061224489795918,0.0,0.8399999999999999,0.2864489795918367,Low Value
272,65,Male,Sunglasses,Accessories,69,Maryland,XL,Yellow,Summer,4.6,Yes,Express,1,1,42,Credit Card,Fortnightly,26,1.0,0.6125,0.836734693877551,0.49019607843137253,0.8399999999999999,0.6882527010804321,Medium Value
273,48,Male,Jewelry,Accessories,26,Oregon,M,Beige,Summer,4.4,Yes,2-Day Shipping,1,1,37,Debit Card,Bi-Weekly,26,1.0,0.07500000000000001,0.7346938775510203,0.49019607843137253,0.7600000000000002,0.5319363745498199,Medium Value
274,69,Male,Coat,Outerwear,33,North Dakota,S,Silver,Spring,4.2,Yes,Express,1,1,32,Debit Card,Quarterly,4,1.0,0.16250000000000003,0.6326530612244897,0.058823529411764705,0.6800000000000002,0.37120828331332534,Low Value
275,59,Male,Jewelry,Accessories,32,Maryland,M,Indigo,Spring,3.0,Yes,Express,1,1,28,Cash,Bi-Weekly,26,1.0,0.15000000000000002,0.5510204081632653,0.49019607843137253,0.20000000000000018,0.4174669867947179,Low Value
276,48,Male,Backpack,Accessories,85,Virginia,XL,Lavender,Winter,4.0,Yes,Express,1,1,13,Credit Card,Weekly,52,1.0,0.8125,0.24489795918367344,0.9999999999999999,0.6000000000000001,0.6204591836734694,Medium Value
277,25,Male,Skirt,Clothing,30,South Dakota,XL,Turquoise,Fall,3.5,Yes,Express,1,1,11,Bank Transfer,Fortnightly,26,1.0,0.125,0.2040816326530612,0.49019607843137253,0.40000000000000013,0.29369147659063627,Low Value
278,29,Male,Shirt,Clothing,29,Georgia,M,Green,Winter,3.0,Yes,Store Pickup,1,1,36,Bank Transfer,Bi-Weekly,26,1.0,0.11250000000000004,0.7142857142857142,0.49019607843137253,0.20000000000000018,0.4752731092436975,Medium Value
279,57,Male,Sweater,Clothing,95,Hawaii,M,Orange,Spring,3.7,Yes,Express,1,1,23,Debit Card,Annually,1,1.0,0.9375,0.44897959183673464,0.0,0.4800000000000002,0.4150918367346939,Low Value
280,23,Male,Sneakers,Footwear,69,Arkansas,L,Turquoise,Summer,4.0,Yes,Standard,1,1,37,Bank Transfer,Monthly,12,1.0,0.6125,0.7346938775510203,0.21568627450980393,0.6000000000000001,0.5410834333733493,Medium Value
281,45,Male,Sandals,Footwear,69,Montana,S,Cyan,Fall,4.2,Yes,2-Day Shipping,1,1,21,Cash,Bi-Weekly,26,1.0,0.6125,0.4081632653061224,0.49019607843137253,0.6800000000000002,0.5008241296518607,Medium Value
282,38,Male,Belt,Accessories,61,Oklahoma,XL,Charcoal,Spring,2.5,Yes,Standard,1,1,22,Debit Card,Bi-Weekly,26,1.0,0.5125000000000001,0.4285714285714285,0.49019607843137253,0.0,0.4209873949579832,Low Value
283,21,Male,Skirt,Clothing,94,Minnesota,M,Teal,Summer,3.0,Yes,2-Day Shipping,1,1,9,Cash,Monthly,12,1.0,0.925,0.16326530612244897,0.21568627450980393,0.20000000000000018,0.33501200480192084,Low Value
284,32,Male,Sweater,Clothing,30,Montana,S,Maroon,Fall,3.2,Yes,Next Day Air,1,1,16,Venmo,Annually,1,1.0,0.125,0.3061224489795918,0.0,0.28000000000000025,0.17544897959183675,Low Value
285,63,Male,Skirt,Clothing,45,Ohio,M,Red,Summer,3.5,Yes,Standard,1,1,4,PayPal,Quarterly,4,1.0,0.3125,0.061224489795918366,0.058823529411764705,0.40000000000000013,0.14463685474189678,Low Value
286,29,Male,Handbag,Accessories,39,Kentucky,XL,Yellow,Summer,4.8,Yes,Express,1,1,3,Debit Card,Bi-Weekly,26,1.0,0.23750000000000004,0.04081632653061225,0.49019607843137253,0.9199999999999999,0.3028853541416566,Low Value
287,27,Male,Jewelry,Accessories,51,Nebraska,L,Gray,Summer,2.6,Yes,Store Pickup,1,1,6,Debit Card,Annually,1,1.0,0.38750000000000007,0.10204081632653061,0.0,0.040000000000000036,0.12231632653061227,Low Value
288,56,Male,Scarf,Accessories,37,Delaware,L,Blue,Spring,3.4,Yes,2-Day Shipping,1,1,18,Venmo,Fortnightly,26,1.0,0.21250000000000002,0.346938775510204,0.49019607843137253,0.3600000000000001,0.36433433373349333,Low Value
289,30,Male,T-shirt,Clothing,62,North Carolina,M,Lavender,Winter,3.7,Yes,2-Day Shipping,1,1,34,Venmo,Bi-Weekly,26,1.0,0.525,0.673469387755102,0.49019607843137253,0.4800000000000002,0.5694465786314526,Medium Value
290,49,Male,Coat,Outerwear,85,New York,M,Yellow,Fall,4.5,Yes,2-Day Shipping,1,1,26,Credit Card,Monthly,12,1.0,0.8125,0.510204081632653,0.21568627450980393,0.8,0.5112875150060023,Medium Value
291,58,Male,T-shirt,Clothing,33,Colorado,M,Indigo,Winter,3.7,Yes,Standard,1,1,50,PayPal,Weekly,52,1.0,0.16250000000000003,1.0,0.9999999999999999,0.4800000000000002,0.7805,High Value
292,57,Male,Dress,Clothing,26,Delaware,XL,Violet,Fall,3.3,Yes,Next Day Air,1,1,40,Bank Transfer,Monthly,12,1.0,0.07500000000000001,0.7959183673469387,0.21568627450980393,0.32000000000000006,0.4300732292917167,Low Value
293,60,Male,Shoes,Footwear,99,Utah,M,Green,Spring,4.7,Yes,Free Shipping,1,1,24,Cash,Quarterly,4,1.0,0.9875,0.4693877551020408,0.058823529411764705,0.8800000000000001,0.49090216086434574,Medium Value
294,69,Male,Handbag,Accessories,39,Connecticut,M,White,Spring,2.7,Yes,Express,1,1,33,PayPal,Annually,1,1.0,0.23750000000000004,0.6530612244897959,0.0,0.08000000000000007,0.3167244897959184,Low Value
295,70,Male,Skirt,Clothing,20,New Jersey,M,Gold,Spring,4.6,Yes,Store Pickup,1,1,19,Credit Card,Every 3 Months,4,1.0,0.0,0.36734693877551017,0.058823529411764705,0.8399999999999999,0.24858583433373346,Low Value
296,53,Male,Sunglasses,Accessories,42,West Virginia,M,Indigo,Winter,2.7,Yes,Store Pickup,1,1,24,Credit Card,Quarterly,4,1.0,0.275,0.4693877551020408,0.058823529411764705,0.08000000000000007,0.26840216086434576,Low Value
297,25,Male,Sandals,Footwear,74,Indiana,S,Lavender,Spring,4.8,Yes,2-Day Shipping,1,1,19,Credit Card,Weekly,52,1.0,0.675,0.36734693877551017,0.9999999999999999,0.9199999999999999,0.673938775510204,Medium Value
298,48,Male,Shoes,Footwear,26,Delaware,XL,Purple,Summer,4.4,Yes,Standard,1,1,4,Credit Card,Bi-Weekly,26,1.0,0.07500000000000001,0.061224489795918366,0.49019607843137253,0.7600000000000002,0.26254861944777913,Low Value
299,69,Male,T-shirt,Clothing,53,Maryland,M,Lavender,Winter,4.0,Yes,Standard,1,1,11,Venmo,Every 3 Months,4,1.0,0.4125000000000001,0.2040816326530612,0.058823529411764705,0.6000000000000001,0.24177971188475395,Low Value
300,25,Male,Sneakers,Footwear,80,Pennsylvania,M,Maroon,Summer,3.2,Yes,Next Day Air,1,1,28,PayPal,Fortnightly,26,1.0,0.75,0.5510204081632653,0.49019607843137253,0.28000000000000025,0.545466986794718,Medium Value
301,29,Male,Hat,Accessories,98,Iowa,M,Teal,Spring,4.4,Yes,Store Pickup,1,1,24,PayPal,Weekly,52,1.0,0.9750000000000001,0.4693877551020408,0.9999999999999999,0.7600000000000002,0.7587551020408164,High Value
302,46,Male,Skirt,Clothing,95,Pennsylvania,M,Green,Spring,3.8,Yes,Standard,1,1,25,Credit Card,Every 3 Months,4,1.0,0.9375,0.4897959183673469,0.058823529411764705,0.52,0.4530654261704682,Medium Value
303,37,Male,Sweater,Clothing,44,Delaware,L,Olive,Summer,3.6,Yes,Express,1,1,27,Bank Transfer,Every 3 Months,4,1.0,0.30000000000000004,0.5306122448979591,0.058823529411764705,0.44000000000000017,0.3338919567827131,Low Value
304,20,Male,Sandals,Footwear,60,Oregon,M,Turquoise,Summer,3.3,Yes,Next Day Air,1,1,49,Venmo,Weekly,52,1.0,0.5,0.9795918367346937,0.9999999999999999,0.32000000000000006,0.8238367346938774,High Value
305,40,Male,Dress,Clothing,84,Oregon,M,Green,Winter,3.4,Yes,Next Day Air,1,1,45,Credit Card,Bi-Weekly,26,1.0,0.8,0.8979591836734693,0.49019607843137253,0.3600000000000001,0.7022424969987996,Medium Value
306,60,Male,Sweater,Clothing,59,Utah,M,Teal,Fall,3.5,Yes,2-Day Shipping,1,1,26,PayPal,Annually,1,1.0,0.48750000000000004,0.510204081632653,0.0,0.40000000000000013,0.34158163265306124,Low Value
307,26,Male,Jacket,Outerwear,49,North Dakota,S,White,Summer,3.6,Yes,Express,1,1,4,Cash,Annually,1,1.0,0.36250000000000004,0.061224489795918366,0.0,0.44000000000000017,0.14098979591836738,Low Value
308,29,Male,Gloves,Accessories,32,Florida,M,Orange,Winter,3.2,Yes,Free Shipping,1,1,3,Credit Card,Every 3 Months,4,1.0,0.15000000000000002,0.04081632653061225,0.058823529411764705,0.28000000000000025,0.09197358943577434,Low Value
309,66,Male,Handbag,Accessories,29,Maryland,M,Beige,Fall,3.7,Yes,Standard,1,1,45,Venmo,Bi-Weekly,26,1.0,0.11250000000000004,0.8979591836734693,0.49019607843137253,0.4800000000000002,0.5767424969987995,Medium Value
310,66,Male,Dress,Clothing,22,Minnesota,M,Yellow,Spring,4.5,Yes,Standard,1,1,21,Cash,Fortnightly,26,1.0,0.025000000000000022,0.4081632653061224,0.49019607843137253,0.8,0.39532412965186076,Low Value
311,56,Male,Pants,Clothing,85,Montana,M,Charcoal,Winter,4.6,Yes,Standard,1,1,50,Cash,Fortnightly,26,1.0,0.8125,1.0,0.49019607843137253,0.8399999999999999,0.7935588235294118,High Value
312,69,Male,Jeans,Clothing,52,Rhode Island,L,Silver,Winter,4.1,Yes,Store Pickup,1,1,19,Bank Transfer,Monthly,12,1.0,0.4,0.36734693877551017,0.21568627450980393,0.6399999999999999,0.35564465786314525,Low Value
313,38,Male,Pants,Clothing,89,Massachusetts,L,Green,Spring,3.4,Yes,Next Day Air,1,1,6,PayPal,Annually,1,1.0,0.8625,0.10204081632653061,0.0,0.3600000000000001,0.24931632653061228,Low Value
314,42,Male,Dress,Clothing,77,Vermont,M,Pink,Spring,3.7,Yes,Express,1,1,50,Credit Card,Every 3 Months,4,1.0,0.7125,1.0,0.058823529411764705,0.4800000000000002,0.6081470588235295,Medium Value
315,30,Male,Pants,Clothing,24,New Jersey,M,Purple,Summer,3.3,Yes,Store Pickup,1,1,17,Debit Card,Every 3 Months,4,1.0,0.050000000000000044,0.32653061224489793,0.058823529411764705,0.32000000000000006,0.19025930372148858,Low Value
316,66,Male,Jewelry,Accessories,24,Wisconsin,XL,Orange,Spring,4.5,Yes,Express,1,1,24,Debit Card,Annually,1,1.0,0.050000000000000044,0.4693877551020408,0.0,0.8,0.2777551020408163,Low Value
317,36,Male,Handbag,Accessories,22,California,M,Charcoal,Fall,3.3,Yes,Free Shipping,1,1,46,Venmo,Monthly,12,1.0,0.025000000000000022,0.9183673469387754,0.21568627450980393,0.32000000000000006,0.46905282112845137,Medium Value
318,58,Male,Sweater,Clothing,82,West Virginia,L,Teal,Fall,4.3,Yes,Standard,1,1,42,Cash,Every 3 Months,4,1.0,0.7750000000000001,0.836734693877551,0.058823529411764705,0.72,0.5793409363745498,Medium Value
319,45,Male,Backpack,Accessories,67,South Dakota,M,Beige,Winter,2.5,Yes,Standard,1,1,10,Cash,Annually,1,1.0,0.5875,0.18367346938775508,0.0,0.0,0.19096938775510203,Low Value
320,47,Male,Shorts,Clothing,74,Maine,XL,White,Spring,2.6,Yes,Standard,1,1,1,Cash,Every 3 Months,4,1.0,0.675,0.0,0.058823529411764705,0.040000000000000036,0.15664705882352942,Low Value
321,66,Male,Jewelry,Accessories,72,Kansas,L,White,Summer,4.9,Yes,Standard,1,1,28,Debit Card,Quarterly,4,1.0,0.65,0.5510204081632653,0.058823529411764705,0.9600000000000002,0.46405522208883554,Medium Value
322,41,Male,Sneakers,Footwear,36,Vermont,L,Orange,Summer,4.7,Yes,Free Shipping,1,1,48,Debit Card,Quarterly,4,1.0,0.2,0.9591836734693877,0.058823529411764705,0.8800000000000001,0.5293205282112845,Medium Value
323,41,Male,Belt,Accessories,95,Tennessee,S,Cyan,Winter,3.0,Yes,Standard,1,1,47,Credit Card,Monthly,12,1.0,0.9375,0.9387755102040816,0.21568627450980393,0.20000000000000018,0.6477160864345739,Medium Value
324,66,Male,Hoodie,Clothing,78,Tennessee,M,Orange,Winter,3.5,Yes,Next Day Air,1,1,29,PayPal,Bi-Weekly,26,1.0,0.7250000000000001,0.5714285714285714,0.49019607843137253,0.40000000000000013,0.5606302521008404,Medium Value
325,37,Male,Shirt,Clothing,82,Wyoming,M,Olive,Summer,4.8,Yes,Standard,1,1,37,Venmo,Quarterly,4,1.0,0.7750000000000001,0.7346938775510203,0.058823529411764705,0.9199999999999999,0.5585246098439376,Medium Value
326,70,Male,Pants,Clothing,70,Vermont,M,Charcoal,Winter,4.3,Yes,Free Shipping,1,1,38,Debit Card,Annually,1,1.0,0.625,0.7551020408163265,0.0,0.72,0.49904081632653063,Medium Value
327,62,Male,Scarf,Accessories,41,New Jersey,M,White,Fall,3.2,Yes,Store Pickup,1,1,48,Bank Transfer,Weekly,52,1.0,0.26250000000000007,0.9591836734693877,0.9999999999999999,0.28000000000000025,0.7641734693877551,High Value
328,61,Male,Coat,Outerwear,42,Iowa,M,Teal,Summer,3.1,Yes,Free Shipping,1,1,36,PayPal,Weekly,52,1.0,0.275,0.7142857142857142,0.9999999999999999,0.2400000000000002,0.6647142857142857,Medium Value
329,48,Male,Coat,Outerwear,50,Florida,M,Yellow,Fall,2.8,Yes,Free Shipping,1,1,9,Credit Card,Weekly,52,1.0,0.375,0.16326530612244897,0.9999999999999999,0.11999999999999988,0.45230612244897955,Medium Value
330,70,Male,Socks,Clothing,31,Nevada,S,White,Summer,2.9,Yes,2-Day Shipping,1,1,34,Bank Transfer,Monthly,12,1.0,0.1375,0.673469387755102,0.21568627450980393,0.15999999999999992,0.37759363745498203,Low Value
332,31,Male,Shirt,Clothing,98,Florida,L,Beige,Fall,3.3,Yes,Store Pickup,1,1,46,PayPal,Quarterly,4,1.0,0.9750000000000001,0.9183673469387754,0.058823529411764705,0.32000000000000006,0.6119939975990396,Medium Value
333,19,Male,Shirt,Clothing,86,New York,M,Maroon,Winter,2.8,Yes,2-Day Shipping,1,1,5,Credit Card,Monthly,12,1.0,0.825,0.08163265306122448,0.21568627450980393,0.11999999999999988,0.27435894357743096,Low Value
334,39,Male,Sweater,Clothing,64,Alaska,M,Teal,Winter,4.5,Yes,Standard,1,1,15,Bank Transfer,Bi-Weekly,26,1.0,0.55,0.28571428571428564,0.49019607843137253,0.8,0.451344537815126,Medium Value
335,41,Male,Blouse,Clothing,46,Kansas,M,Lavender,Fall,2.6,Yes,Next Day Air,1,1,30,Credit Card,Annually,1,1.0,0.32500000000000007,0.5918367346938774,0.0,0.040000000000000036,0.305734693877551,Low Value
336,20,Male,Sweater,Clothing,85,Oregon,L,Maroon,Spring,3.7,Yes,Standard,1,1,44,Venmo,Every 3 Months,4,1.0,0.8125,0.8775510204081631,0.058823529411764705,0.4800000000000002,0.5791674669867948,Medium Value
337,36,Male,Hat,Accessories,81,Rhode Island,S,Orange,Fall,4.4,Yes,Express,1,1,16,PayPal,Annually,1,1.0,0.7625,0.3061224489795918,0.0,0.7600000000000002,0.35094897959183674,Low Value
338,32,Male,Sweater,Clothing,59,New Mexico,M,Cyan,Winter,4.3,Yes,2-Day Shipping,1,1,16,Bank Transfer,Annually,1,1.0,0.48750000000000004,0.3061224489795918,0.0,0.72,0.29194897959183674,Low Value
339,69,Male,Hoodie,Clothing,79,Massachusetts,M,Silver,Winter,3.5,Yes,Express,1,1,16,Cash,Weekly,52,1.0,0.7375,0.3061224489795918,0.9999999999999999,0.40000000000000013,0.6099489795918367,Medium Value
340,40,Male,Shorts,Clothing,33,Pennsylvania,M,Teal,Spring,3.8,Yes,2-Day Shipping,1,1,21,Credit Card,Every 3 Months,4,1.0,0.16250000000000003,0.4081632653061224,0.058823529411764705,0.52,0.26541236494597836,Low Value
341,40,Male,Shorts,Clothing,47,New Jersey,L,Blue,Summer,3.5,Yes,Express,1,1,39,Venmo,Every 3 Months,4,1.0,0.3375,0.7755102040816325,0.058823529411764705,0.40000000000000013,0.43535114045618245,Low Value
342,20,Male,Hat,Accessories,20,Utah,S,Blue,Summer,4.6,Yes,Store Pickup,1,1,40,Debit Card,Bi-Weekly,26,1.0,0.0,0.7959183673469387,0.49019607843137253,0.8399999999999999,0.5494261704681872,Medium Value
343,64,Male,Coat,Outerwear,36,Kentucky,M,Olive,Spring,2.6,Yes,Next Day Air,1,1,48,Credit Card,Every 3 Months,4,1.0,0.2,0.9591836734693877,0.058823529411764705,0.040000000000000036,0.44532052821128454,Low Value
344,27,Male,Sandals,Footwear,39,Nebraska,M,Purple,Summer,4.4,Yes,Next Day Air,1,1,26,Venmo,Monthly,12,1.0,0.23750000000000004,0.510204081632653,0.21568627450980393,0.7600000000000002,0.3922875150060024,Low Value
345,24,Male,Skirt,Clothing,71,Virginia,M,Charcoal,Winter,4.0,Yes,Standard,1,1,46,Debit Card,Monthly,12,1.0,0.6375000000000001,0.9183673469387754,0.21568627450980393,0.6000000000000001,0.6195528211284514,Medium Value
346,48,Male,Shoes,Footwear,59,Wyoming,S,Olive,Winter,4.4,Yes,Next Day Air,1,1,27,Bank Transfer,Annually,1,1.0,0.48750000000000004,0.5306122448979591,0.0,0.7600000000000002,0.3857448979591837,Low Value
347,49,Male,Jeans,Clothing,50,New Mexico,L,Violet,Spring,4.7,Yes,Next Day Air,1,1,5,Cash,Weekly,52,1.0,0.375,0.08163265306122448,0.9999999999999999,0.8800000000000001,0.49565306122448977,Medium Value
348,36,Male,Sandals,Footwear,41,Oregon,L,Red,Fall,3.9,Yes,Store Pickup,1,1,43,PayPal,Fortnightly,26,1.0,0.26250000000000007,0.8571428571428571,0.49019607843137253,0.56,0.5984159663865547,Medium Value
349,56,Male,Blouse,Clothing,59,South Carolina,M,Beige,Fall,2.7,Yes,Free Shipping,1,1,17,PayPal,Fortnightly,26,1.0,0.48750000000000004,0.32653061224489793,0.49019607843137253,0.08000000000000007,0.3831710684273709,Low Value
350,37,Male,Hat,Accessories,87,Arizona,M,Green,Winter,3.7,Yes,2-Day Shipping,1,1,3,Bank Transfer,Bi-Weekly,26,1.0,0.8375000000000001,0.04081632653061225,0.49019607843137253,0.4800000000000002,0.3788853541416567,Low Value
351,42,Male,Sweater,Clothing,68,Kentucky,M,Violet,Spring,2.6,Yes,2-Day Shipping,1,1,47,Bank Transfer,Fortnightly,26,1.0,0.6000000000000001,0.9387755102040816,0.49019607843137253,0.040000000000000036,0.6465690276110444,Medium Value
352,28,Male,Skirt,Clothing,90,New York,M,Teal,Winter,3.9,Yes,Standard,1,1,24,Debit Card,Bi-Weekly,26,1.0,0.875,0.4693877551020408,0.49019607843137253,0.56,0.5658139255702281,Medium Value
353,27,Male,Jeans,Clothing,71,Texas,XL,Yellow,Fall,4.9,Yes,Next Day Air,1,1,12,Cash,Every 3 Months,4,1.0,0.6375000000000001,0.22448979591836735,0.058823529411764705,0.9600000000000002,0.3309429771908764,Low Value
354,63,Male,Sneakers,Footwear,64,Missouri,L,Yellow,Fall,4.1,Yes,Store Pickup,1,1,35,Debit Card,Monthly,12,1.0,0.55,0.693877551020408,0.21568627450980393,0.6399999999999999,0.5162569027611044,Medium Value
355,58,Male,Jewelry,Accessories,76,Pennsylvania,S,Olive,Fall,3.0,Yes,Free Shipping,1,1,42,Venmo,Weekly,52,1.0,0.7000000000000001,0.836734693877551,0.9999999999999999,0.20000000000000018,0.7946938775510204,High Value
356,37,Male,Jewelry,Accessories,42,Oregon,XL,Magenta,Fall,4.1,Yes,2-Day Shipping,1,1,1,PayPal,Every 3 Months,4,1.0,0.275,0.0,0.058823529411764705,0.6399999999999999,0.1366470588235294,Low Value
358,18,Male,Belt,Accessories,56,Arkansas,M,Olive,Spring,4.0,Yes,Standard,1,1,16,Credit Card,Bi-Weekly,26,1.0,0.45000000000000007,0.3061224489795918,0.49019607843137253,0.6000000000000001,0.41950780312124847,Low Value
359,48,Male,Hat,Accessories,25,Minnesota,XL,Magenta,Summer,3.6,Yes,Express,1,1,36,Credit Card,Every 3 Months,4,1.0,0.0625,0.7142857142857142,0.058823529411764705,0.44000000000000017,0.35986134453781515,Low Value
360,31,Male,Sneakers,Footwear,74,Georgia,M,Olive,Winter,3.0,Yes,Store Pickup,1,1,30,Credit Card,Every 3 Months,4,1.0,0.675,0.5918367346938774,0.058823529411764705,0.20000000000000018,0.4093817527010804,Low Value
361,51,Male,Pants,Clothing,30,Rhode Island,M,Teal,Summer,3.0,Yes,Standard,1,1,18,Debit Card,Fortnightly,26,1.0,0.125,0.346938775510204,0.49019607843137253,0.20000000000000018,0.33083433373349336,Low Value
362,65,Male,T-shirt,Clothing,96,Nevada,M,White,Spring,2.6,Yes,Free Shipping,1,1,45,Cash,Annually,1,1.0,0.9500000000000002,0.8979591836734693,0.0,0.040000000000000036,0.5531836734693878,Medium Value
363,53,Male,Sneakers,Footwear,64,Texas,M,Charcoal,Fall,3.4,Yes,Free Shipping,1,1,1,Venmo,Fortnightly,26,1.0,0.55,0.0,0.49019607843137253,0.3600000000000001,0.2930588235294118,Low Value
364,55,Male,Shorts,Clothing,88,Florida,L,Yellow,Winter,3.1,Yes,Free Shipping,1,1,42,Bank Transfer,Fortnightly,26,1.0,0.8500000000000001,0.836734693877551,0.49019607843137253,0.2400000000000002,0.6757527010804323,Medium Value
365,62,Male,Shoes,Footwear,88,North Dakota,L,Charcoal,Summer,3.0,Yes,Free Shipping,1,1,7,Venmo,Every 3 Months,4,1.0,0.8500000000000001,0.12244897959183673,0.058823529411764705,0.20000000000000018,0.25662665066026413,Low Value
366,55,Male,Gloves,Accessories,88,West Virginia,XL,Gray,Summer,3.7,Yes,Standard,1,1,50,PayPal,Quarterly,4,1.0,0.8500000000000001,1.0,0.058823529411764705,0.4800000000000002,0.6356470588235295,Medium Value
367,64,Male,Socks,Clothing,36,Nebraska,M,Turquoise,Spring,3.5,Yes,Store Pickup,1,1,37,Venmo,Fortnightly,26,1.0,0.2,0.7346938775510203,0.49019607843137253,0.40000000000000013,0.5209363745498199,Medium Value
368,52,Male,Dress,Clothing,40,Tennessee,XL,Cyan,Spring,2.8,Yes,Store Pickup,1,1,18,Bank Transfer,Monthly,12,1.0,0.25,0.346938775510204,0.21568627450980393,0.11999999999999988,0.2654813925570228,Low Value
369,24,Male,Handbag,Accessories,39,Oklahoma,M,Charcoal,Spring,4.5,Yes,Standard,1,1,29,Cash,Monthly,12,1.0,0.23750000000000004,0.5714285714285714,0.21568627450980393,0.8,0.4207773109243698,Low Value
370,38,Male,Belt,Accessories,40,Wisconsin,M,Silver,Summer,3.3,Yes,Store Pickup,1,1,45,PayPal,Quarterly,4,1.0,0.25,0.8979591836734693,0.058823529411764705,0.32000000000000006,0.45883073229291715,Medium Value
371,59,Male,Scarf,Accessories,34,Oregon,M,Olive,Winter,3.4,Yes,Express,1,1,13,PayPal,Weekly,52,1.0,0.17500000000000004,0.24489795918367344,0.9999999999999999,0.3600000000000001,0.4689591836734694,Medium Value
372,27,Male,Sneakers,Footwear,83,North Carolina,S,Pink,Winter,3.2,Yes,2-Day Shipping,1,1,47,PayPal,Monthly,12,1.0,0.7875000000000001,0.9387755102040816,0.21568627450980393,0.28000000000000025,0.6257160864345739,Medium Value
373,24,Male,Sweater,Clothing,85,Pennsylvania,L,Orange,Summer,3.7,Yes,Standard,1,1,7,Debit Card,Weekly,52,1.0,0.8125,0.12244897959183673,0.9999999999999999,0.4800000000000002,0.5594795918367347,Medium Value
374,23,Male,Coat,Outerwear,27,North Dakota,L,White,Summer,4.6,Yes,Express,1,1,11,Venmo,Bi-Weekly,26,1.0,0.08750000000000002,0.2040816326530612,0.49019607843137253,0.8399999999999999,0.3301914765906362,Low Value
375,69,Male,Jewelry,Accessories,78,Ohio,S,Purple,Spring,5.0,Yes,Store Pickup,1,1,39,Bank Transfer,Monthly,12,1.0,0.7250000000000001,0.7755102040816325,0.21568627450980393,1.0,0.6199099639855942,Medium Value
376,59,Male,Sunglasses,Accessories,32,Oklahoma,M,Olive,Summer,4.4,Yes,Standard,1,1,6,Debit Card,Quarterly,4,1.0,0.15000000000000002,0.10204081632653061,0.058823529411764705,0.7600000000000002,0.16446338535414168,Low Value
377,51,Male,Shoes,Footwear,51,South Carolina,S,Gray,Fall,4.9,Yes,Express,1,1,2,Venmo,Bi-Weekly,26,1.0,0.38750000000000007,0.02040816326530612,0.49019607843137253,0.9600000000000002,0.3287220888355342,Low Value
378,63,Male,Scarf,Accessories,32,Maine,M,Silver,Spring,4.1,Yes,Standard,1,1,39,Credit Card,Every 3 Months,4,1.0,0.15000000000000002,0.7755102040816325,0.058823529411764705,0.6399999999999999,0.42185114045618244,Low Value
379,54,Male,Dress,Clothing,62,Nevada,L,Orange,Winter,4.9,Yes,Next Day Air,1,1,23,Credit Card,Monthly,12,1.0,0.525,0.44897959183673464,0.21568627450980393,0.9600000000000002,0.4452977190876351,Low Value
380,32,Male,T-shirt,Clothing,29,Montana,S,Magenta,Fall,4.7,Yes,2-Day Shipping,1,1,46,Debit Card,Bi-Weekly,26,1.0,0.11250000000000004,0.9183673469387754,0.49019607843137253,0.8800000000000001,0.6249057623049219,Medium Value
381,39,Male,Backpack,Accessories,69,New Hampshire,XL,Beige,Fall,3.0,Yes,Store Pickup,1,1,19,Bank Transfer,Weekly,52,1.0,0.6125,0.36734693877551017,0.9999999999999999,0.20000000000000018,0.5894387755102041,Medium Value
382,66,Male,Jewelry,Accessories,25,Maine,L,Lavender,Winter,3.4,Yes,Store Pickup,1,1,3,Credit Card,Every 3 Months,4,1.0,0.0625,0.04081632653061225,0.058823529411764705,0.3600000000000001,0.08247358943577432,Low Value
383,28,Male,Jeans,Clothing,76,California,M,Peach,Winter,3.2,Yes,Store Pickup,1,1,47,PayPal,Quarterly,4,1.0,0.7000000000000001,0.9387755102040816,0.058823529411764705,0.28000000000000025,0.5611572629051621,Medium Value
385,70,Male,Sweater,Clothing,33,California,M,Beige,Fall,4.5,Yes,2-Day Shipping,1,1,6,Venmo,Annually,1,1.0,0.16250000000000003,0.10204081632653061,0.0,0.8,0.15331632653061228,Low Value
386,67,Male,Shorts,Clothing,93,West Virginia,S,Yellow,Fall,2.7,Yes,Next Day Air,1,1,12,Credit Card,Bi-Weekly,26,1.0,0.9125000000000001,0.22448979591836735,0.49019607843137253,0.08000000000000007,0.4273547418967587,Low Value
387,64,Male,Jewelry,Accessories,39,Louisiana,L,Brown,Spring,3.4,Yes,Express,1,1,40,PayPal,Quarterly,4,1.0,0.23750000000000004,0.7959183673469387,0.058823529411764705,0.3600000000000001,0.4195144057623049,Low Value
388,45,Male,Coat,Outerwear,93,Georgia,L,Silver,Summer,4.6,Yes,Store Pickup,1,1,38,PayPal,Fortnightly,26,1.0,0.9125000000000001,0.7551020408163265,0.49019607843137253,0.8399999999999999,0.7155996398559423,Medium Value
389,22,Male,Handbag,Accessories,82,Washington,M,Orange,Summer,2.7,Yes,Store Pickup,1,1,10,PayPal,Quarterly,4,1.0,0.7750000000000001,0.18367346938775508,0.058823529411764705,0.08000000000000007,0.25411644657863147,Low Value
390,27,Male,Boots,Footwear,42,Virginia,L,Purple,Spring,4.2,Yes,Standard,1,1,28,Bank Transfer,Monthly,12,1.0,0.275,0.5510204081632653,0.21568627450980393,0.6800000000000002,0.40811404561824727,Low Value
391,25,Male,Gloves,Accessories,71,Indiana,M,Indigo,Winter,3.2,Yes,2-Day Shipping,1,1,19,PayPal,Annually,1,1.0,0.6375000000000001,0.36734693877551017,0.0,0.28000000000000025,0.30243877551020415,Low Value
392,37,Male,Sweater,Clothing,86,Minnesota,L,Gray,Spring,4.8,Yes,Standard,1,1,25,Cash,Fortnightly,26,1.0,0.825,0.4897959183673469,0.49019607843137253,0.9199999999999999,0.5999771908763505,Medium Value
393,26,Male,T-shirt,Clothing,82,Idaho,XL,Black,Spring,3.3,Yes,Next Day Air,1,1,38,Credit Card,Annually,1,1.0,0.7750000000000001,0.7551020408163265,0.0,0.32000000000000006,0.4890408163265307,Medium Value
394,33,Male,Shoes,Footwear,65,Vermont,L,Maroon,Fall,4.2,Yes,Standard,1,1,6,PayPal,Fortnightly,26,1.0,0.5625,0.10204081632653061,0.49019607843137253,0.6800000000000002,0.36837515006002397,Low Value
395,43,Male,Scarf,Accessories,29,North Dakota,M,Beige,Spring,4.8,Yes,Store Pickup,1,1,7,Debit Card,Bi-Weekly,26,1.0,0.11250000000000004,0.12244897959183673,0.49019607843137253,0.9199999999999999,0.31053841536614646,Low Value
396,37,Male,Sneakers,Footwear,65,Rhode Island,L,Brown,Winter,4.9,Yes,Store Pickup,1,1,2,PayPal,Annually,1,1.0,0.5625,0.02040816326530612,0.0,0.9600000000000002,0.21666326530612248,Low Value
397,46,Male,Dress,Clothing,88,South Carolina,S,Black,Fall,3.9,Yes,Standard,1,1,24,Bank Transfer,Annually,1,1.0,0.8500000000000001,0.4693877551020408,0.0,0.56,0.4137551020408164,Low Value
398,22,Male,Belt,Accessories,46,Mississippi,M,Indigo,Fall,3.0,Yes,Free Shipping,1,1,26,Cash,Annually,1,1.0,0.32500000000000007,0.510204081632653,0.0,0.20000000000000018,0.28908163265306125,Low Value
399,20,Male,Boots,Footwear,67,Montana,S,Silver,Winter,4.6,Yes,Free Shipping,1,1,25,Debit Card,Every 3 Months,4,1.0,0.5875,0.4897959183673469,0.058823529411764705,0.8399999999999999,0.41506542617046815,Low Value
400,60,Male,Scarf,Accessories,35,Idaho,L,Blue,Fall,3.5,Yes,2-Day Shipping,1,1,10,Debit Card,Monthly,12,1.0,0.1875,0.18367346938775508,0.21568627450980393,0.40000000000000013,0.21567527010804322,Low Value
401,39,Male,Boots,Footwear,66,Utah,M,Green,Winter,4.8,Yes,Free Shipping,1,1,14,PayPal,Fortnightly,26,1.0,0.5750000000000001,0.26530612244897955,0.49019607843137253,0.9199999999999999,0.46018127250900354,Medium Value
402,43,Male,T-shirt,Clothing,91,Oklahoma,L,Orange,Fall,4.8,Yes,Standard,1,1,21,Cash,Quarterly,4,1.0,0.8875,0.4081632653061224,0.058823529411764705,0.9199999999999999,0.45041236494597836,Medium Value
403,31,Male,Backpack,Accessories,78,California,L,Cyan,Fall,3.0,Yes,Express,1,1,26,PayPal,Monthly,12,1.0,0.7250000000000001,0.510204081632653,0.21568627450980393,0.20000000000000018,0.43378751500600243,Low Value
404,19,Male,Sneakers,Footwear,45,Nevada,M,Orange,Winter,4.5,Yes,Next Day Air,1,1,12,Bank Transfer,Annually,1,1.0,0.3125,0.22448979591836735,0.0,0.8,0.23229591836734698,Low Value
405,35,Male,T-shirt,Clothing,93,Delaware,M,Indigo,Spring,4.8,Yes,Store Pickup,1,1,11,Credit Card,Monthly,12,1.0,0.9125000000000001,0.2040816326530612,0.21568627450980393,0.9199999999999999,0.4208385354141657,Low Value
406,41,Male,Jeans,Clothing,74,South Carolina,S,Silver,Summer,3.8,Yes,Standard,1,1,15,Cash,Annually,1,1.0,0.675,0.28571428571428564,0.0,0.52,0.30128571428571427,Low Value
407,52,Male,Gloves,Accessories,55,Maryland,M,Peach,Spring,4.6,Yes,Express,1,1,13,Cash,Monthly,12,1.0,0.4375,0.24489795918367344,0.21568627450980393,0.8399999999999999,0.3341650660264106,Low Value
408,45,Male,Hoodie,Clothing,76,North Carolina,XL,Teal,Spring,3.1,Yes,Next Day Air,1,1,5,Credit Card,Bi-Weekly,26,1.0,0.7000000000000001,0.08163265306122448,0.49019607843137253,0.2400000000000002,0.3437118847539016,Low Value
409,34,Male,Sneakers,Footwear,66,Alabama,L,White,Spring,3.4,Yes,Express,1,1,36,Cash,Fortnightly,26,1.0,0.5750000000000001,0.7142857142857142,0.49019607843137253,0.3600000000000001,0.5837731092436975,Medium Value
410,35,Male,Shorts,Clothing,51,Minnesota,M,Brown,Winter,3.3,Yes,2-Day Shipping,1,1,32,Bank Transfer,Monthly,12,1.0,0.38750000000000007,0.6326530612244897,0.21568627450980393,0.32000000000000006,0.4272671068427371,Low Value
411,29,Male,Sweater,Clothing,26,Virginia,L,Lavender,Spring,4.8,Yes,2-Day Shipping,1,1,1,Credit Card,Quarterly,4,1.0,0.07500000000000001,0.0,0.058823529411764705,0.9199999999999999,0.12464705882352942,Low Value
412,59,Male,Jeans,Clothing,29,Michigan,M,Indigo,Summer,2.8,Yes,Express,1,1,15,PayPal,Annually,1,1.0,0.11250000000000004,0.28571428571428564,0.0,0.11999999999999988,0.14878571428571427,Low Value
413,24,Male,Jacket,Outerwear,74,Maine,M,Yellow,Summer,3.1,Yes,Store Pickup,1,1,3,Bank Transfer,Weekly,52,1.0,0.675,0.04081632653061225,0.9999999999999999,0.2400000000000002,0.47532653061224484,Medium Value
414,70,Male,Jewelry,Accessories,99,Nevada,S,White,Summer,4.6,Yes,Free Shipping,1,1,48,Cash,Monthly,12,1.0,0.9875,0.9591836734693877,0.21568627450980393,0.8399999999999999,0.7298793517406962,Medium Value
415,29,Male,Backpack,Accessories,88,Wyoming,L,Violet,Winter,2.6,Yes,Store Pickup,1,1,30,Debit Card,Weekly,52,1.0,0.8500000000000001,0.5918367346938774,0.9999999999999999,0.040000000000000036,0.710734693877551,Medium Value
416,67,Male,Coat,Outerwear,31,Connecticut,M,Lavender,Winter,2.6,Yes,Express,1,1,40,Bank Transfer,Monthly,12,1.0,0.1375,0.7959183673469387,0.21568627450980393,0.040000000000000036,0.4145732292917167,Low Value
417,36,Male,Belt,Accessories,55,Oregon,L,Olive,Spring,3.8,Yes,Free Shipping,1,1,24,Bank Transfer,Fortnightly,26,1.0,0.4375,0.4693877551020408,0.49019607843137253,0.52,0.47431392557022806,Medium Value
418,23,Male,Sandals,Footwear,81,Mississippi,L,Beige,Fall,4.5,Yes,Free Shipping,1,1,48,Debit Card,Quarterly,4,1.0,0.7625,0.9591836734693877,0.058823529411764705,0.8,0.6338205282112845,Medium Value
419,18,Male,Sweater,Clothing,73,Illinois,L,Purple,Spring,3.0,Yes,Standard,1,1,27,Venmo,Bi-Weekly,26,1.0,0.6625000000000001,0.5306122448979591,0.49019607843137253,0.20000000000000018,0.5118037214885954,Medium Value
421,32,Male,Socks,Clothing,54,North Carolina,S,Peach,Spring,3.8,Yes,Free Shipping,1,1,18,Debit Card,Bi-Weekly,26,1.0,0.42500000000000004,0.346938775510204,0.49019607843137253,0.52,0.42283433373349333,Low Value
422,38,Male,Shirt,Clothing,40,Kentucky,M,Violet,Winter,3.5,Yes,Standard,1,1,48,Cash,Bi-Weekly,26,1.0,0.25,0.9591836734693877,0.49019607843137253,0.40000000000000013,0.6207322929171669,Medium Value
423,47,Male,Pants,Clothing,59,Minnesota,M,Purple,Fall,3.1,Yes,Store Pickup,1,1,32,Debit Card,Annually,1,1.0,0.48750000000000004,0.6326530612244897,0.0,0.2400000000000002,0.37456122448979595,Low Value
424,46,Male,Scarf,Accessories,26,New York,L,Teal,Spring,3.0,Yes,Store Pickup,1,1,21,Credit Card,Bi-Weekly,26,1.0,0.07500000000000001,0.4081632653061224,0.49019607843137253,0.20000000000000018,0.34532412965186077,Low Value
425,66,Male,Sweater,Clothing,23,Illinois,M,Gold,Winter,4.3,Yes,Standard,1,1,42,PayPal,Fortnightly,26,1.0,0.03750000000000003,0.836734693877551,0.49019607843137253,0.72,0.5612527010804321,Medium Value
426,40,Male,Jeans,Clothing,87,North Dakota,S,Teal,Winter,3.3,Yes,Store Pickup,1,1,4,Credit Card,Quarterly,4,1.0,0.8375000000000001,0.061224489795918366,0.058823529411764705,0.32000000000000006,0.2416368547418968,Low Value
427,43,Male,Pants,Clothing,71,Louisiana,M,Violet,Winter,4.7,Yes,Express,1,1,19,Credit Card,Quarterly,4,1.0,0.6375000000000001,0.36734693877551017,0.058823529411764705,0.8800000000000001,0.3800858343337335,Low Value
428,58,Male,Backpack,Accessories,91,Illinois,L,Black,Winter,4.5,Yes,Store Pickup,1,1,6,Credit Card,Quarterly,4,1.0,0.8875,0.10204081632653061,0.058823529411764705,0.8,0.3159633853541417,Low Value
429,21,Male,Coat,Outerwear,64,Wyoming,XL,Gold,Winter,2.9,Yes,Free Shipping,1,1,2,Debit Card,Fortnightly,26,1.0,0.55,0.02040816326530612,0.49019607843137253,0.15999999999999992,0.28122208883553423,Low Value
430,42,Male,Sandals,Footwear,94,Washington,M,Gold,Winter,4.1,Yes,2-Day Shipping,1,1,21,Cash,Fortnightly,26,1.0,0.925,0.4081632653061224,0.49019607843137253,0.6399999999999999,0.5593241296518607,Medium Value
431,24,Male,Shirt,Clothing,40,Texas,M,Brown,Summer,3.5,Yes,Store Pickup,1,1,40,Debit Card,Annually,1,1.0,0.25,0.7959183673469387,0.0,0.40000000000000013,0.4083673469387755,Low Value
432,43,Male,Hat,Accessories,76,New Hampshire,L,Cyan,Winter,3.4,Yes,Store Pickup,1,1,33,Cash,Fortnightly,26,1.0,0.7000000000000001,0.6530612244897959,0.49019607843137253,0.3600000000000001,0.5842833133253301,Medium Value
433,47,Male,Shirt,Clothing,86,Indiana,S,Indigo,Fall,3.3,Yes,Free Shipping,1,1,26,Venmo,Weekly,52,1.0,0.825,0.510204081632653,0.9999999999999999,0.32000000000000006,0.7010816326530612,Medium Value
434,49,Male,Skirt,Clothing,92,Alabama,M,Orange,Fall,3.2,Yes,Store Pickup,1,1,23,Credit Card,Fortnightly,26,1.0,0.9000000000000001,0.44897959183673464,0.49019607843137253,0.28000000000000025,0.5346506602641057,Medium Value
435,50,Male,Shoes,Footwear,52,Oklahoma,L,Pink,Spring,4.0,Yes,Store Pickup,1,1,39,PayPal,Every 3 Months,4,1.0,0.4,0.7755102040816325,0.058823529411764705,0.6000000000000001,0.4678511404561824,Medium Value
436,51,Male,Coat,Outerwear,28,Montana,XL,Olive,Winter,3.6,Yes,Next Day Air,1,1,42,Bank Transfer,Monthly,12,1.0,0.10000000000000003,0.836734693877551,0.21568627450980393,0.44000000000000017,0.46339975990396165,Medium Value
437,40,Male,Pants,Clothing,46,Tennessee,L,Cyan,Summer,4.6,Yes,Free Shipping,1,1,41,Bank Transfer,Weekly,52,1.0,0.32500000000000007,0.8163265306122448,0.9999999999999999,0.8399999999999999,0.7755306122448979,High Value
438,45,Male,Jewelry,Accessories,50,New Mexico,M,Peach,Summer,2.6,Yes,Next Day Air,1,1,41,PayPal,Annually,1,1.0,0.375,0.8163265306122448,0.0,0.040000000000000036,0.40553061224489795,Low Value
439,52,Male,Belt,Accessories,23,Iowa,M,Turquoise,Winter,4.3,Yes,Express,1,1,12,Credit Card,Fortnightly,26,1.0,0.03750000000000003,0.22448979591836735,0.49019607843137253,0.72,0.3163547418967587,Low Value
440,62,Male,Jacket,Outerwear,50,Idaho,M,Turquoise,Summer,3.4,Yes,Free Shipping,1,1,31,Cash,Monthly,12,1.0,0.375,0.6122448979591836,0.21568627450980393,0.3600000000000001,0.4206038415366147,Low Value
441,20,Male,Shirt,Clothing,89,Oklahoma,XL,Maroon,Winter,3.5,Yes,Store Pickup,1,1,34,Debit Card,Fortnightly,26,1.0,0.8625,0.673469387755102,0.49019607843137253,0.40000000000000013,0.6289465786314526,Medium Value
442,43,Male,Hoodie,Clothing,81,Florida,M,Maroon,Winter,4.2,Yes,Standard,1,1,32,Credit Card,Annually,1,1.0,0.7625,0.6326530612244897,0.0,0.6800000000000002,0.47356122448979593,Medium Value
444,22,Male,Sunglasses,Accessories,67,Hawaii,M,Magenta,Summer,3.6,Yes,Free Shipping,1,1,24,PayPal,Annually,1,1.0,0.5875,0.4693877551020408,0.0,0.44000000000000017,0.3492551020408164,Low Value
445,48,Male,Dress,Clothing,20,California,M,Red,Summer,4.3,Yes,Store Pickup,1,1,31,Debit Card,Annually,1,1.0,0.0,0.6122448979591836,0.0,0.72,0.3168979591836734,Low Value
446,42,Male,Boots,Footwear,29,Iowa,M,Olive,Fall,4.9,Yes,Standard,1,1,18,Venmo,Annually,1,1.0,0.11250000000000004,0.346938775510204,0.0,0.9600000000000002,0.2572755102040817,Low Value
447,19,Male,Shirt,Clothing,74,West Virginia,M,Silver,Summer,4.1,Yes,Store Pickup,1,1,15,Venmo,Monthly,12,1.0,0.675,0.28571428571428564,0.21568627450980393,0.6399999999999999,0.37799159663865545,Low Value
448,60,Male,Shorts,Clothing,82,Washington,S,Turquoise,Spring,3.6,Yes,Standard,1,1,7,Bank Transfer,Every 3 Months,4,1.0,0.7750000000000001,0.12244897959183673,0.058823529411764705,0.44000000000000017,0.26562665066026414,Low Value
449,32,Male,Gloves,Accessories,23,Missouri,M,Yellow,Summer,3.4,Yes,Next Day Air,1,1,35,Bank Transfer,Fortnightly,26,1.0,0.03750000000000003,0.693877551020408,0.49019607843137253,0.3600000000000001,0.468109843937575,Medium Value
450,26,Male,Jewelry,Accessories,45,New York,L,Peach,Summer,2.9,Yes,2-Day Shipping,1,1,35,Bank Transfer,Monthly,12,1.0,0.3125,0.693877551020408,0.21568627450980393,0.15999999999999992,0.4207569027611044,Low Value
451,25,Male,Boots,Footwear,21,Connecticut,L,Beige,Summer,2.7,Yes,Store Pickup,1,1,19,Credit Card,Monthly,12,1.0,0.012500000000000011,0.36734693877551017,0.21568627450980393,0.08000000000000007,0.22214465786314525,Low Value
452,66,Male,Jewelry,Accessories,31,Virginia,M,Pink,Summer,4.3,Yes,Express,1,1,26,Credit Card,Fortnightly,26,1.0,0.1375,0.510204081632653,0.49019607843137253,0.72,0.45064045618247295,Medium Value
454,54,Male,Jewelry,Accessories,56,Nebraska,XL,Peach,Winter,2.8,Yes,Next Day Air,1,1,22,Credit Card,Weekly,52,1.0,0.45000000000000007,0.4285714285714285,0.9999999999999999,0.11999999999999988,0.5734285714285714,Medium Value
455,37,Male,Jacket,Outerwear,97,New Jersey,S,Gold,Summer,3.2,Yes,Next Day Air,1,1,14,Cash,Bi-Weekly,26,1.0,0.9625000000000001,0.26530612244897955,0.49019607843137253,0.28000000000000025,0.4736812725090036,Medium Value
456,54,Male,Blouse,Clothing,100,Utah,XL,Gold,Fall,3.6,Yes,Store Pickup,1,1,50,Debit Card,Fortnightly,26,1.0,1.0,1.0,0.49019607843137253,0.44000000000000017,0.7910588235294118,High Value
457,50,Male,Blouse,Clothing,96,North Carolina,S,Indigo,Fall,4.0,Yes,2-Day Shipping,1,1,33,Credit Card,Quarterly,4,1.0,0.9500000000000002,0.6530612244897959,0.058823529411764705,0.6000000000000001,0.5288715486194479,Medium Value
458,25,Male,Gloves,Accessories,99,Rhode Island,M,Blue,Spring,4.9,Yes,Next Day Air,1,1,48,Debit Card,Every 3 Months,4,1.0,0.9875,0.9591836734693877,0.058823529411764705,0.9600000000000002,0.6948205282112845,Medium Value
459,47,Male,Shorts,Clothing,91,Arkansas,L,Black,Winter,4.0,Yes,2-Day Shipping,1,1,48,PayPal,Monthly,12,1.0,0.8875,0.9591836734693877,0.21568627450980393,0.6000000000000001,0.6858793517406963,Medium Value
460,63,Male,Hat,Accessories,30,Maryland,L,Black,Winter,3.8,Yes,Standard,1,1,27,PayPal,Fortnightly,26,1.0,0.125,0.5306122448979591,0.49019607843137253,0.52,0.4363037214885954,Low Value
462,18,Male,Boots,Footwear,93,Ohio,M,Yellow,Winter,3.9,Yes,Express,1,1,20,Venmo,Weekly,52,1.0,0.9125000000000001,0.38775510204081626,0.9999999999999999,0.56,0.6936020408163265,Medium Value
463,59,Male,Jacket,Outerwear,81,Illinois,M,White,Fall,3.3,Yes,Express,1,1,48,Venmo,Every 3 Months,4,1.0,0.7625,0.9591836734693877,0.058823529411764705,0.32000000000000006,0.5858205282112845,Medium Value
464,37,Male,Jewelry,Accessories,81,Georgia,S,Orange,Summer,2.7,Yes,Standard,1,1,29,Venmo,Weekly,52,1.0,0.7625,0.5714285714285714,0.9999999999999999,0.08000000000000007,0.6890714285714284,Medium Value
465,23,Male,Sunglasses,Accessories,52,Alabama,M,Silver,Winter,4.7,Yes,Next Day Air,1,1,45,PayPal,Monthly,12,1.0,0.4,0.8979591836734693,0.21568627450980393,0.8800000000000001,0.5918895558223289,Medium Value
466,54,Male,Skirt,Clothing,88,Oklahoma,M,Pink,Summer,2.8,Yes,Next Day Air,1,1,25,Cash,Quarterly,4,1.0,0.8500000000000001,0.4897959183673469,0.058823529411764705,0.11999999999999988,0.39556542617046825,Low Value
467,38,Male,Jeans,Clothing,24,Vermont,L,Turquoise,Winter,4.6,Yes,Free Shipping,1,1,25,PayPal,Weekly,52,1.0,0.050000000000000044,0.4897959183673469,0.9999999999999999,0.8399999999999999,0.5899183673469387,Medium Value
468,19,Male,Backpack,Accessories,51,Nebraska,S,Orange,Spring,4.5,Yes,2-Day Shipping,1,1,37,Debit Card,Every 3 Months,4,1.0,0.38750000000000007,0.7346938775510203,0.058823529411764705,0.8,0.46902460984393757,Medium Value
469,34,Male,Backpack,Accessories,38,Georgia,S,Peach,Fall,5.0,Yes,Free Shipping,1,1,16,Cash,Quarterly,4,1.0,0.22500000000000003,0.3061224489795918,0.058823529411764705,1.0,0.2850960384153661,Low Value
470,21,Male,Shorts,Clothing,46,Alabama,L,Pink,Fall,4.1,Yes,2-Day Shipping,1,1,30,Debit Card,Bi-Weekly,26,1.0,0.32500000000000007,0.5918367346938774,0.49019607843137253,0.6399999999999999,0.5127935174069627,Medium Value
471,50,Male,Dress,Clothing,63,Minnesota,L,Teal,Summer,4.6,Yes,Express,1,1,6,Cash,Every 3 Months,4,1.0,0.5375000000000001,0.10204081632653061,0.058823529411764705,0.8399999999999999,0.24996338535414167,Low Value
472,55,Male,Scarf,Accessories,72,Missouri,XL,White,Winter,4.9,Yes,2-Day Shipping,1,1,36,Bank Transfer,Quarterly,4,1.0,0.65,0.7142857142857142,0.058823529411764705,0.9600000000000002,0.5293613445378151,Medium Value
473,20,Male,Jeans,Clothing,39,Georgia,L,Gray,Winter,3.9,Yes,Free Shipping,1,1,3,Bank Transfer,Quarterly,4,1.0,0.23750000000000004,0.04081632653061225,0.058823529411764705,0.56,0.1374735894357743,Low Value
474,34,Male,Coat,Outerwear,42,West Virginia,L,Olive,Spring,3.9,Yes,Store Pickup,1,1,29,PayPal,Every 3 Months,4,1.0,0.275,0.5714285714285714,0.058823529411764705,0.56,0.357218487394958,Low Value
475,62,Male,Sweater,Clothing,76,Arkansas,XL,Maroon,Summer,2.6,Yes,2-Day Shipping,1,1,15,Cash,Quarterly,4,1.0,0.7000000000000001,0.28571428571428564,0.058823529411764705,0.040000000000000036,0.2759327731092437,Low Value
476,21,Male,Sneakers,Footwear,66,Ohio,L,Magenta,Summer,2.7,Yes,Free Shipping,1,1,18,Debit Card,Annually,1,1.0,0.5750000000000001,0.346938775510204,0.0,0.08000000000000007,0.26177551020408163,Low Value
477,21,Male,Scarf,Accessories,90,Connecticut,M,Magenta,Spring,3.5,Yes,Free Shipping,1,1,2,Debit Card,Fortnightly,26,1.0,0.875,0.02040816326530612,0.49019607843137253,0.40000000000000013,0.3702220888355342,Low Value
478,42,Male,Sweater,Clothing,56,North Dakota,M,Green,Summer,3.7,Yes,Free Shipping,1,1,49,Debit Card,Weekly,52,1.0,0.45000000000000007,0.9795918367346937,0.9999999999999999,0.4800000000000002,0.8298367346938775,High Value
479,35,Male,Jewelry,Accessories,43,Kansas,XL,Turquoise,Winter,3.2,Yes,Free Shipping,1,1,48,Venmo,Annually,1,1.0,0.2875,0.9591836734693877,0.0,0.28000000000000025,0.4691734693877551,Medium Value
480,39,Male,Handbag,Accessories,84,Iowa,L,Yellow,Winter,3.3,Yes,Store Pickup,1,1,43,Venmo,Monthly,12,1.0,0.8,0.8571428571428571,0.21568627450980393,0.32000000000000006,0.5995630252100841,Medium Value
481,68,Male,Hoodie,Clothing,88,Vermont,M,Gray,Summer,4.8,Yes,Standard,1,1,30,Debit Card,Bi-Weekly,26,1.0,0.8500000000000001,0.5918367346938774,0.49019607843137253,0.9199999999999999,0.6457935174069628,Medium Value
482,46,Male,Hat,Accessories,88,Wisconsin,L,Peach,Fall,3.2,Yes,2-Day Shipping,1,1,10,PayPal,Fortnightly,26,1.0,0.8500000000000001,0.18367346938775508,0.49019607843137253,0.28000000000000025,0.41852821128451384,Low Value
483,41,Male,Belt,Accessories,42,Connecticut,M,Yellow,Winter,2.5,Yes,2-Day Shipping,1,1,11,Venmo,Annually,1,1.0,0.275,0.2040816326530612,0.0,0.0,0.1366326530612245,Low Value
484,23,Male,Hoodie,Clothing,73,Oklahoma,M,White,Fall,3.9,Yes,Store Pickup,1,1,12,Debit Card,Weekly,52,1.0,0.6625000000000001,0.22448979591836735,0.9999999999999999,0.56,0.578295918367347,Medium Value
485,68,Male,Hat,Accessories,73,Missouri,L,Lavender,Summer,4.7,Yes,Free Shipping,1,1,28,Bank Transfer,Quarterly,4,1.0,0.6625000000000001,0.5510204081632653,0.058823529411764705,0.8800000000000001,0.45855522208883553,Medium Value
486,48,Male,Shoes,Footwear,44,Tennessee,S,Blue,Spring,2.6,Yes,Next Day Air,1,1,36,Debit Card,Fortnightly,26,1.0,0.30000000000000004,0.7142857142857142,0.49019607843137253,0.040000000000000036,0.49677310924369744,Medium Value
487,38,Male,Sandals,Footwear,63,New Mexico,M,Charcoal,Fall,2.8,Yes,Store Pickup,1,1,37,Venmo,Every 3 Months,4,1.0,0.5375000000000001,0.7346938775510203,0.058823529411764705,0.11999999999999988,0.4310246098439376,Low Value
488,41,Male,Jacket,Outerwear,68,Iowa,L,Red,Winter,4.4,Yes,Store Pickup,1,1,22,Credit Card,Quarterly,4,1.0,0.6000000000000001,0.4285714285714285,0.058823529411764705,0.7600000000000002,0.38507563025210084,Low Value
489,58,Male,Sweater,Clothing,29,Maine,L,Olive,Spring,4.6,Yes,Standard,1,1,32,Venmo,Weekly,52,1.0,0.11250000000000004,0.6326530612244897,0.9999999999999999,0.8399999999999999,0.6595612244897958,Medium Value
490,49,Male,Socks,Clothing,85,South Dakota,M,Green,Summer,3.2,Yes,Standard,1,1,40,PayPal,Annually,1,1.0,0.8125,0.7959183673469387,0.0,0.28000000000000025,0.5088673469387756,Medium Value
491,57,Male,Sneakers,Footwear,42,Colorado,M,Silver,Winter,4.2,Yes,2-Day Shipping,1,1,47,Cash,Monthly,12,1.0,0.275,0.9387755102040816,0.21568627450980393,0.6800000000000002,0.5632160864345739,Medium Value
493,50,Male,Shirt,Clothing,62,Michigan,M,Black,Fall,3.9,Yes,Standard,1,1,11,Debit Card,Weekly,52,1.0,0.525,0.2040816326530612,0.9999999999999999,0.56,0.5426326530612244,Medium Value
494,28,Male,Backpack,Accessories,48,Nevada,XL,Red,Summer,4.7,Yes,Store Pickup,1,1,19,Cash,Bi-Weekly,26,1.0,0.3500000000000001,0.36734693877551017,0.49019607843137253,0.8800000000000001,0.45199759903961584,Medium Value
495,38,Male,Boots,Footwear,68,Indiana,M,Indigo,Winter,4.5,Yes,Express,1,1,42,Debit Card,Weekly,52,1.0,0.6000000000000001,0.836734693877551,0.9999999999999999,0.8,0.8346938775510204,High Value
496,33,Male,Handbag,Accessories,36,Michigan,XL,Cyan,Fall,3.3,Yes,Free Shipping,1,1,6,Debit Card,Fortnightly,26,1.0,0.2,0.10204081632653061,0.49019607843137253,0.32000000000000006,0.259875150060024,Low Value
497,30,Male,Dress,Clothing,63,California,S,Maroon,Fall,3.3,Yes,Express,1,1,31,Venmo,Fortnightly,26,1.0,0.5375000000000001,0.6122448979591836,0.49019607843137253,0.32000000000000006,0.5314567827130853,Medium Value
498,43,Male,Sneakers,Footwear,39,Oklahoma,S,Silver,Winter,4.6,Yes,Free Shipping,1,1,31,Cash,Weekly,52,1.0,0.23750000000000004,0.6122448979591836,0.9999999999999999,0.8399999999999999,0.6763979591836733,Medium Value
499,43,Male,Boots,Footwear,78,Iowa,M,Lavender,Spring,3.6,Yes,Free Shipping,1,1,27,Bank Transfer,Monthly,12,1.0,0.7250000000000001,0.5306122448979591,0.21568627450980393,0.44000000000000017,0.4659507803121249,Medium Value
500,36,Male,Shoes,Footwear,99,Rhode Island,L,Silver,Winter,4.8,Yes,Express,1,1,24,PayPal,Monthly,12,1.0,0.9875,0.4693877551020408,0.21568627450980393,0.9199999999999999,0.5419609843937575,Medium Value
501,36,Male,T-shirt,Clothing,31,Washington,L,Purple,Fall,4.8,Yes,Next Day Air,1,1,35,Venmo,Every 3 Months,4,1.0,0.1375,0.693877551020408,0.058823529411764705,0.9199999999999999,0.41469807923169266,Low Value
502,64,Male,Boots,Footwear,45,Florida,M,Cyan,Spring,2.9,Yes,Next Day Air,1,1,21,Venmo,Annually,1,1.0,0.3125,0.4081632653061224,0.0,0.15999999999999992,0.24176530612244895,Low Value
503,59,Male,Pants,Clothing,30,South Carolina,S,Cyan,Fall,2.8,Yes,Express,1,1,8,PayPal,Fortnightly,26,1.0,0.125,0.14285714285714285,0.49019607843137253,0.11999999999999988,0.24120168067226885,Low Value
504,55,Male,Shoes,Footwear,24,West Virginia,M,Lavender,Summer,3.2,Yes,Next Day Air,1,1,26,Bank Transfer,Quarterly,4,1.0,0.050000000000000044,0.510204081632653,0.058823529411764705,0.28000000000000025,0.2597286914765906,Low Value
505,42,Male,Shoes,Footwear,22,Missouri,M,Maroon,Winter,3.9,Yes,Free Shipping,1,1,26,PayPal,Annually,1,1.0,0.025000000000000022,0.510204081632653,0.0,0.56,0.2650816326530612,Low Value
506,61,Male,T-shirt,Clothing,63,Maine,L,Gray,Spring,4.3,Yes,Express,1,1,9,Cash,Bi-Weekly,26,1.0,0.5375000000000001,0.16326530612244897,0.49019607843137253,0.72,0.3918649459783914,Low Value
507,28,Male,Scarf,Accessories,40,Georgia,M,Olive,Fall,2.7,Yes,2-Day Shipping,1,1,48,Debit Card,Annually,1,1.0,0.25,0.9591836734693877,0.0,0.08000000000000007,0.4416734693877551,Low Value
508,65,Male,Shorts,Clothing,20,Maine,M,Magenta,Spring,5.0,Yes,Store Pickup,1,1,33,Debit Card,Fortnightly,26,1.0,0.0,0.6530612244897959,0.49019607843137253,1.0,0.50828331332533,Medium Value
509,27,Male,Jewelry,Accessories,20,Illinois,S,Yellow,Winter,3.7,Yes,Store Pickup,1,1,31,PayPal,Quarterly,4,1.0,0.0,0.6122448979591836,0.058823529411764705,0.4800000000000002,0.3105450180072029,Low Value
510,41,Male,T-shirt,Clothing,80,Delaware,L,Cyan,Summer,3.9,Yes,Free Shipping,1,1,17,Debit Card,Weekly,52,1.0,0.75,0.32653061224489793,0.9999999999999999,0.56,0.6366122448979592,Medium Value
511,21,Male,Shirt,Clothing,87,West Virginia,M,Teal,Fall,3.9,Yes,2-Day Shipping,1,1,22,Venmo,Annually,1,1.0,0.8375000000000001,0.4285714285714285,0.0,0.56,0.39492857142857146,Low Value
512,61,Male,Shirt,Clothing,46,Hawaii,L,Yellow,Fall,3.1,Yes,Free Shipping,1,1,8,PayPal,Annually,1,1.0,0.32500000000000007,0.14285714285714285,0.0,0.2400000000000002,0.14614285714285719,Low Value
514,22,Male,Scarf,Accessories,65,New Mexico,M,Peach,Fall,3.6,Yes,Store Pickup,1,1,45,Venmo,Annually,1,1.0,0.5625,0.8979591836734693,0.0,0.44000000000000017,0.5156836734693877,Medium Value
515,64,Male,Skirt,Clothing,62,Indiana,S,Olive,Winter,4.3,Yes,Standard,1,1,47,PayPal,Quarterly,4,1.0,0.525,0.9387755102040816,0.058823529411764705,0.72,0.570157262905162,Medium Value
516,28,Male,Hat,Accessories,67,Kentucky,L,Charcoal,Spring,4.5,Yes,Next Day Air,1,1,7,Cash,Monthly,12,1.0,0.5875,0.12244897959183673,0.21568627450980393,0.8,0.3111854741896759,Low Value
517,34,Male,Hoodie,Clothing,41,West Virginia,L,Indigo,Fall,2.8,Yes,2-Day Shipping,1,1,19,Debit Card,Bi-Weekly,26,1.0,0.26250000000000007,0.36734693877551017,0.49019607843137253,0.11999999999999988,0.35849759903961587,Low Value
518,61,Male,Boots,Footwear,49,North Dakota,L,Silver,Fall,2.7,Yes,Free Shipping,1,1,44,Cash,Every 3 Months,4,1.0,0.36250000000000004,0.8775510204081631,0.058823529411764705,0.08000000000000007,0.4491674669867947,Low Value
519,24,Male,Blouse,Clothing,100,Oregon,M,Beige,Fall,2.9,Yes,Next Day Air,1,1,16,Venmo,Every 3 Months,4,1.0,1.0,0.3061224489795918,0.058823529411764705,0.15999999999999992,0.3560960384153662,Low Value
520,19,Male,Belt,Accessories,54,Minnesota,L,Blue,Summer,4.4,Yes,2-Day Shipping,1,1,17,Bank Transfer,Quarterly,4,1.0,0.42500000000000004,0.32653061224489793,0.058823529411764705,0.7600000000000002,0.30925930372148863,Low Value
521,51,Male,Sunglasses,Accessories,84,South Carolina,M,White,Spring,3.9,Yes,Free Shipping,1,1,20,Debit Card,Quarterly,4,1.0,0.8,0.38775510204081626,0.058823529411764705,0.56,0.38874909963985593,Low Value
522,36,Male,Shorts,Clothing,41,Vermont,L,Gold,Winter,3.5,Yes,Standard,1,1,50,Bank Transfer,Annually,1,1.0,0.26250000000000007,1.0,0.0,0.40000000000000013,0.49250000000000005,Medium Value
523,65,Male,Gloves,Accessories,88,Minnesota,M,Blue,Spring,2.5,Yes,Store Pickup,1,1,37,Cash,Quarterly,4,1.0,0.8500000000000001,0.7346938775510203,0.058823529411764705,0.0,0.4815246098439376,Medium Value
524,46,Male,Sandals,Footwear,40,Delaware,M,Orange,Spring,4.9,Yes,Express,1,1,5,PayPal,Quarterly,4,1.0,0.25,0.08163265306122448,0.058823529411764705,0.9600000000000002,0.19630012004801922,Low Value
525,59,Male,Shirt,Clothing,39,Pennsylvania,M,Gold,Summer,4.8,Yes,Free Shipping,1,1,44,PayPal,Annually,1,1.0,0.23750000000000004,0.8775510204081631,0.0,0.9199999999999999,0.49052040816326525,Medium Value
526,51,Male,Coat,Outerwear,37,Iowa,M,Cyan,Spring,3.2,Yes,Next Day Air,1,1,41,Debit Card,Monthly,12,1.0,0.21250000000000002,0.8163265306122448,0.21568627450980393,0.28000000000000025,0.46173649459783916,Medium Value
527,51,Male,Pants,Clothing,52,New Jersey,S,Red,Winter,4.9,Yes,Standard,1,1,19,Cash,Monthly,12,1.0,0.4,0.36734693877551017,0.21568627450980393,0.9600000000000002,0.3876446578631453,Low Value
528,21,Male,T-shirt,Clothing,23,South Carolina,L,Yellow,Winter,4.3,Yes,Next Day Air,1,1,47,Bank Transfer,Every 3 Months,4,1.0,0.03750000000000003,0.9387755102040816,0.058823529411764705,0.72,0.4726572629051621,Medium Value
529,34,Male,Sneakers,Footwear,88,Maryland,S,Beige,Winter,3.2,Yes,Express,1,1,40,Cash,Annually,1,1.0,0.8500000000000001,0.7959183673469387,0.0,0.28000000000000025,0.5163673469387755,Medium Value
530,32,Male,Shorts,Clothing,84,California,M,Orange,Fall,3.7,Yes,Standard,1,1,6,Credit Card,Monthly,12,1.0,0.8,0.10204081632653061,0.21568627450980393,0.4800000000000002,0.31352220888355353,Low Value
531,48,Male,Coat,Outerwear,37,Montana,XL,Magenta,Winter,3.2,Yes,Store Pickup,1,1,25,Credit Card,Bi-Weekly,26,1.0,0.21250000000000002,0.4897959183673469,0.49019607843137253,0.28000000000000025,0.4134771908763506,Low Value
532,50,Male,Sandals,Footwear,51,Vermont,L,Purple,Fall,3.4,Yes,Next Day Air,1,1,42,Cash,Weekly,52,1.0,0.38750000000000007,0.836734693877551,0.9999999999999999,0.3600000000000001,0.7481938775510204,Medium Value
533,26,Male,Pants,Clothing,76,Texas,L,Black,Winter,4.1,Yes,Express,1,1,35,Bank Transfer,Every 3 Months,4,1.0,0.7000000000000001,0.693877551020408,0.058823529411764705,0.6399999999999999,0.4991980792316926,Medium Value
534,57,Male,Sandals,Footwear,60,North Carolina,L,Pink,Spring,4.5,Yes,Next Day Air,1,1,17,Debit Card,Weekly,52,1.0,0.5,0.32653061224489793,0.9999999999999999,0.8,0.6106122448979592,Medium Value
535,65,Male,Gloves,Accessories,72,Florida,L,Pink,Fall,4.5,Yes,Next Day Air,1,1,4,PayPal,Quarterly,4,1.0,0.65,0.061224489795918366,0.058823529411764705,0.8,0.2521368547418968,Low Value
536,56,Male,T-shirt,Clothing,45,West Virginia,L,Maroon,Spring,3.2,Yes,Free Shipping,1,1,24,Bank Transfer,Weekly,52,1.0,0.3125,0.4693877551020408,0.9999999999999999,0.28000000000000025,0.5782551020408163,Medium Value
537,44,Male,Jacket,Outerwear,84,Illinois,S,Maroon,Fall,4.4,Yes,Store Pickup,1,1,16,Debit Card,Every 3 Months,4,1.0,0.8,0.3061224489795918,0.058823529411764705,0.7600000000000002,0.37609603841536615,Low Value
538,50,Male,Blouse,Clothing,49,Virginia,S,Turquoise,Summer,3.0,Yes,Store Pickup,1,1,14,Debit Card,Annually,1,1.0,0.36250000000000004,0.26530612244897955,0.0,0.20000000000000018,0.19862244897959186,Low Value
539,27,Male,Socks,Clothing,22,Virginia,XL,Green,Spring,3.2,Yes,Free Shipping,1,1,43,Cash,Weekly,52,1.0,0.025000000000000022,0.8571428571428571,0.9999999999999999,0.28000000000000025,0.6758571428571428,Medium Value
540,49,Male,Coat,Outerwear,48,Wyoming,M,Violet,Winter,4.0,Yes,Store Pickup,1,1,49,Debit Card,Weekly,52,1.0,0.3500000000000001,0.9795918367346937,0.9999999999999999,0.6000000000000001,0.8218367346938775,High Value
541,49,Male,Dress,Clothing,37,South Carolina,M,Lavender,Spring,3.1,Yes,Next Day Air,1,1,33,Cash,Every 3 Months,4,1.0,0.21250000000000002,0.6530612244897959,0.058823529411764705,0.2400000000000002,0.34537154861944774,Low Value
542,52,Male,Jacket,Outerwear,27,Connecticut,L,Gray,Fall,2.8,Yes,Next Day Air,1,1,45,Cash,Bi-Weekly,26,1.0,0.08750000000000002,0.8979591836734693,0.49019607843137253,0.11999999999999988,0.5357424969987995,Medium Value
543,27,Male,Boots,Footwear,79,Illinois,XL,Teal,Spring,4.6,Yes,Next Day Air,1,1,35,Cash,Bi-Weekly,26,1.0,0.7375,0.693877551020408,0.49019607843137253,0.8399999999999999,0.6561098439375749,Medium Value
544,53,Male,Skirt,Clothing,98,Alabama,S,Red,Spring,4.3,Yes,Express,1,1,11,Credit Card,Monthly,12,1.0,0.9750000000000001,0.2040816326530612,0.21568627450980393,0.72,0.4133385354141657,Low Value
545,34,Male,Sandals,Footwear,64,Washington,S,Yellow,Summer,3.3,Yes,Standard,1,1,30,Bank Transfer,Every 3 Months,4,1.0,0.55,0.5918367346938774,0.058823529411764705,0.32000000000000006,0.39638175270108045,Low Value
546,33,Male,Coat,Outerwear,32,Alabama,L,Magenta,Summer,3.5,Yes,2-Day Shipping,1,1,48,Debit Card,Annually,1,1.0,0.15000000000000002,0.9591836734693877,0.0,0.40000000000000013,0.45367346938775516,Medium Value
547,62,Male,Hoodie,Clothing,74,New Mexico,M,Brown,Winter,3.4,Yes,Free Shipping,1,1,45,Venmo,Bi-Weekly,26,1.0,0.675,0.8979591836734693,0.49019607843137253,0.3600000000000001,0.6772424969987996,Medium Value
548,38,Male,Jacket,Outerwear,50,Nevada,M,Blue,Winter,2.8,Yes,Free Shipping,1,1,26,Venmo,Weekly,52,1.0,0.375,0.510204081632653,0.9999999999999999,0.11999999999999988,0.5910816326530612,Medium Value
549,36,Male,Backpack,Accessories,64,Nebraska,M,Black,Winter,4.6,Yes,Store Pickup,1,1,41,Debit Card,Every 3 Months,4,1.0,0.55,0.8163265306122448,0.058823529411764705,0.8399999999999999,0.5381776710684273,Medium Value
550,31,Male,Backpack,Accessories,29,Arizona,S,Olive,Fall,3.6,Yes,Express,1,1,37,Venmo,Bi-Weekly,26,1.0,0.11250000000000004,0.7346938775510203,0.49019607843137253,0.44000000000000017,0.5074363745498199,Medium Value
551,62,Male,Belt,Accessories,62,Georgia,M,Olive,Summer,3.3,Yes,Store Pickup,1,1,12,PayPal,Weekly,52,1.0,0.525,0.22448979591836735,0.9999999999999999,0.32000000000000006,0.526795918367347,Medium Value
552,29,Male,Coat,Outerwear,78,Idaho,XL,Green,Fall,3.1,Yes,2-Day Shipping,1,1,27,Cash,Bi-Weekly,26,1.0,0.7250000000000001,0.5306122448979591,0.49019607843137253,0.2400000000000002,0.5283037214885955,Medium Value
553,24,Male,T-shirt,Clothing,94,Missouri,M,Peach,Fall,3.5,Yes,Express,1,1,18,Bank Transfer,Weekly,52,1.0,0.925,0.346938775510204,0.9999999999999999,0.40000000000000013,0.6637755102040817,Medium Value
554,63,Male,Sunglasses,Accessories,59,Florida,M,White,Winter,3.2,Yes,Express,1,1,15,Credit Card,Quarterly,4,1.0,0.48750000000000004,0.28571428571428564,0.058823529411764705,0.28000000000000025,0.25743277310924373,Low Value
555,56,Male,Sneakers,Footwear,47,Minnesota,M,Red,Summer,3.0,Yes,Express,1,1,34,Bank Transfer,Weekly,52,1.0,0.3375,0.673469387755102,0.9999999999999999,0.20000000000000018,0.6568877551020408,Medium Value
556,63,Male,Gloves,Accessories,57,Maine,M,White,Fall,4.8,Yes,Express,1,1,37,Venmo,Annually,1,1.0,0.4625,0.7346938775510203,0.0,0.9199999999999999,0.47837755102040813,Medium Value
557,40,Male,Coat,Outerwear,90,Montana,L,Indigo,Winter,5.0,Yes,Store Pickup,1,1,21,Cash,Fortnightly,26,1.0,0.875,0.4081632653061224,0.49019607843137253,1.0,0.5853241296518608,Medium Value
558,18,Male,Shirt,Clothing,60,Alaska,M,White,Spring,2.9,Yes,Free Shipping,1,1,31,Debit Card,Weekly,52,1.0,0.5,0.6122448979591836,0.9999999999999999,0.15999999999999992,0.6608979591836733,Medium Value
559,50,Male,Sneakers,Footwear,77,Iowa,L,Teal,Fall,3.2,Yes,Express,1,1,43,Debit Card,Every 3 Months,4,1.0,0.7125,0.8571428571428571,0.058823529411764705,0.28000000000000025,0.5310042016806723,Medium Value
560,66,Male,Scarf,Accessories,41,Arizona,M,Indigo,Fall,2.9,Yes,Store Pickup,1,1,22,Bank Transfer,Monthly,12,1.0,0.26250000000000007,0.4285714285714285,0.21568627450980393,0.15999999999999992,0.30463445378151266,Low Value
562,65,Male,Jacket,Outerwear,65,Alabama,M,Blue,Fall,2.6,Yes,Next Day Air,1,1,25,PayPal,Fortnightly,26,1.0,0.5625,0.4897959183673469,0.49019607843137253,0.040000000000000036,0.4594771908763505,Medium Value
563,53,Male,Jeans,Clothing,62,Missouri,M,Blue,Summer,3.5,Yes,Standard,1,1,40,Debit Card,Annually,1,1.0,0.525,0.7959183673469387,0.0,0.40000000000000013,0.46336734693877557,Medium Value
564,61,Male,Shoes,Footwear,99,Idaho,M,Black,Fall,4.4,Yes,Standard,1,1,16,Debit Card,Quarterly,4,1.0,0.9875,0.3061224489795918,0.058823529411764705,0.7600000000000002,0.41359603841536613,Low Value
565,67,Male,Hoodie,Clothing,58,Florida,M,Olive,Winter,3.4,Yes,Next Day Air,1,1,30,Bank Transfer,Weekly,52,1.0,0.4750000000000001,0.5918367346938774,0.9999999999999999,0.3600000000000001,0.667734693877551,Medium Value
566,59,Male,Backpack,Accessories,43,Idaho,L,Lavender,Fall,4.2,Yes,Store Pickup,1,1,10,Venmo,Weekly,52,1.0,0.2875,0.18367346938775508,0.9999999999999999,0.6800000000000002,0.49896938775510197,Medium Value
567,55,Male,Sneakers,Footwear,93,Alabama,M,Indigo,Spring,3.6,Yes,Store Pickup,1,1,1,Debit Card,Fortnightly,26,1.0,0.9125000000000001,0.0,0.49019607843137253,0.44000000000000017,0.37355882352941183,Low Value
568,21,Male,Blouse,Clothing,50,New Hampshire,S,Red,Winter,3.0,Yes,Next Day Air,1,1,24,Venmo,Fortnightly,26,1.0,0.375,0.4693877551020408,0.49019607843137253,0.20000000000000018,0.4298139255702281,Low Value
569,44,Male,Pants,Clothing,88,Utah,L,Red,Summer,4.0,Yes,Free Shipping,1,1,36,PayPal,Monthly,12,1.0,0.8500000000000001,0.7142857142857142,0.21568627450980393,0.6000000000000001,0.580420168067227,Medium Value
570,65,Male,Skirt,Clothing,33,Alabama,M,Pink,Fall,4.4,Yes,Express,1,1,46,Credit Card,Every 3 Months,4,1.0,0.16250000000000003,0.9183673469387754,0.058823529411764705,0.7600000000000002,0.4934939975990396,Medium Value
571,65,Male,T-shirt,Clothing,99,Iowa,XL,Purple,Fall,4.1,Yes,Standard,1,1,20,Cash,Annually,1,1.0,0.9875,0.38775510204081626,0.0,0.6399999999999999,0.4166020408163265,Low Value
572,54,Male,Jacket,Outerwear,76,Kentucky,XL,Cyan,Spring,3.6,Yes,Free Shipping,1,1,37,Venmo,Weekly,52,1.0,0.7000000000000001,0.7346938775510203,0.9999999999999999,0.44000000000000017,0.7778775510204081,High Value
573,56,Male,Scarf,Accessories,97,South Carolina,XL,Cyan,Summer,4.6,Yes,Next Day Air,1,1,26,Bank Transfer,Annually,1,1.0,0.9625000000000001,0.510204081632653,0.0,0.8399999999999999,0.4805816326530612,Medium Value
574,58,Male,Pants,Clothing,68,California,M,Charcoal,Summer,3.2,Yes,2-Day Shipping,1,1,23,Credit Card,Bi-Weekly,26,1.0,0.6000000000000001,0.44897959183673464,0.49019607843137253,0.28000000000000025,0.47465066026410563,Medium Value
575,54,Male,Sneakers,Footwear,79,Maine,L,Red,Fall,4.8,Yes,Free Shipping,1,1,20,Bank Transfer,Bi-Weekly,26,1.0,0.7375,0.38775510204081626,0.49019607843137253,0.9199999999999999,0.5416608643457382,Medium Value
576,58,Male,Jeans,Clothing,86,Nebraska,M,Peach,Fall,4.8,Yes,Express,1,1,38,PayPal,Monthly,12,1.0,0.825,0.7551020408163265,0.21568627450980393,0.9199999999999999,0.6237466986794717,Medium Value
577,48,Male,Hat,Accessories,68,Washington,M,Black,Winter,5.0,Yes,2-Day Shipping,1,1,5,Credit Card,Every 3 Months,4,1.0,0.6000000000000001,0.08163265306122448,0.058823529411764705,1.0,0.27030012004801923,Low Value
578,19,Male,Skirt,Clothing,52,Alabama,M,Black,Fall,3.7,Yes,Store Pickup,1,1,41,Venmo,Annually,1,1.0,0.4,0.8163265306122448,0.0,0.4800000000000002,0.454530612244898,Medium Value
579,69,Male,Sandals,Footwear,90,Maine,M,Purple,Fall,4.6,Yes,Next Day Air,1,1,22,Credit Card,Fortnightly,26,1.0,0.875,0.4285714285714285,0.49019607843137253,0.8399999999999999,0.5774873949579832,Medium Value
580,58,Male,Sandals,Footwear,41,California,M,Violet,Winter,3.7,Yes,Free Shipping,1,1,48,Credit Card,Annually,1,1.0,0.26250000000000007,0.9591836734693877,0.0,0.4800000000000002,0.4841734693877552,Medium Value
581,49,Male,Sweater,Clothing,80,Iowa,M,Orange,Spring,4.1,Yes,Free Shipping,1,1,10,PayPal,Weekly,52,1.0,0.75,0.18367346938775508,0.9999999999999999,0.6399999999999999,0.5874693877551019,Medium Value
582,32,Male,Sweater,Clothing,100,Iowa,XL,Charcoal,Winter,2.7,Yes,Store Pickup,1,1,12,Bank Transfer,Every 3 Months,4,1.0,1.0,0.22448979591836735,0.058823529411764705,0.08000000000000007,0.3154429771908764,Low Value
583,40,Male,Jacket,Outerwear,77,Colorado,L,Turquoise,Spring,4.9,Yes,Store Pickup,1,1,2,Bank Transfer,Quarterly,4,1.0,0.7125,0.02040816326530612,0.058823529411764705,0.9600000000000002,0.26431032412965194,Low Value
584,25,Male,Shorts,Clothing,78,California,L,Yellow,Spring,4.0,Yes,Store Pickup,1,1,38,PayPal,Monthly,12,1.0,0.7250000000000001,0.7551020408163265,0.21568627450980393,0.6000000000000001,0.5717466986794719,Medium Value
585,70,Male,Socks,Clothing,94,Indiana,M,White,Spring,4.7,Yes,Free Shipping,1,1,20,Debit Card,Monthly,12,1.0,0.925,0.38775510204081626,0.21568627450980393,0.8800000000000001,0.49280792316926775,Medium Value
586,69,Male,Socks,Clothing,23,South Carolina,M,Gray,Fall,2.8,Yes,Next Day Air,1,1,5,Cash,Every 3 Months,4,1.0,0.03750000000000003,0.08163265306122448,0.058823529411764705,0.11999999999999988,0.06980012004801919,Low Value
587,45,Male,Hoodie,Clothing,20,Wisconsin,S,Blue,Winter,4.9,Yes,2-Day Shipping,1,1,9,Venmo,Annually,1,1.0,0.0,0.16326530612244897,0.0,0.9600000000000002,0.16130612244897963,Low Value
588,29,Male,Socks,Clothing,86,Washington,S,Maroon,Fall,4.2,Yes,Express,1,1,48,Debit Card,Every 3 Months,4,1.0,0.825,0.9591836734693877,0.058823529411764705,0.6800000000000002,0.6343205282112846,Medium Value
589,47,Male,Boots,Footwear,60,South Dakota,M,Violet,Fall,3.0,Yes,Standard,1,1,9,Debit Card,Quarterly,4,1.0,0.5,0.16326530612244897,0.058823529411764705,0.20000000000000018,0.20295318127250903,Low Value
590,28,Male,Shirt,Clothing,70,Minnesota,M,Orange,Fall,3.4,Yes,2-Day Shipping,1,1,40,PayPal,Annually,1,1.0,0.625,0.7959183673469387,0.0,0.3600000000000001,0.47936734693877553,Medium Value
591,64,Male,Belt,Accessories,39,Alaska,S,Turquoise,Fall,4.6,Yes,Standard,1,1,30,Venmo,Fortnightly,26,1.0,0.23750000000000004,0.5918367346938774,0.49019607843137253,0.8399999999999999,0.5152935174069627,Medium Value
592,47,Male,Backpack,Accessories,37,Kentucky,L,Olive,Fall,4.2,Yes,Store Pickup,1,1,6,Debit Card,Bi-Weekly,26,1.0,0.21250000000000002,0.10204081632653061,0.49019607843137253,0.6800000000000002,0.298375150060024,Low Value
593,60,Male,Boots,Footwear,29,North Dakota,M,Brown,Fall,3.2,Yes,Free Shipping,1,1,42,Venmo,Every 3 Months,4,1.0,0.11250000000000004,0.836734693877551,0.058823529411764705,0.28000000000000025,0.4028409363745499,Low Value
594,67,Male,Coat,Outerwear,35,Alaska,S,Green,Winter,4.4,Yes,Store Pickup,1,1,9,PayPal,Every 3 Months,4,1.0,0.1875,0.16326530612244897,0.058823529411764705,0.7600000000000002,0.19645318127250905,Low Value
595,35,Male,Hoodie,Clothing,83,Oklahoma,S,Brown,Winter,2.5,Yes,Next Day Air,1,1,6,Debit Card,Monthly,12,1.0,0.7875000000000001,0.10204081632653061,0.21568627450980393,0.0,0.26302220888355343,Low Value
596,30,Male,Shoes,Footwear,77,Delaware,M,Silver,Summer,3.6,Yes,Next Day Air,1,1,47,PayPal,Quarterly,4,1.0,0.7125,0.9387755102040816,0.058823529411764705,0.44000000000000017,0.5796572629051622,Medium Value
597,23,Male,Shoes,Footwear,37,Montana,XL,White,Summer,4.5,Yes,Store Pickup,1,1,36,Venmo,Annually,1,1.0,0.21250000000000002,0.7142857142857142,0.0,0.8,0.4082142857142857,Low Value
598,70,Male,Jewelry,Accessories,69,Alaska,L,Gold,Summer,3.4,Yes,Standard,1,1,19,Bank Transfer,Fortnightly,26,1.0,0.6125,0.36734693877551017,0.49019607843137253,0.3600000000000001,0.45249759903961584,Medium Value
599,21,Male,Dress,Clothing,66,California,L,Green,Winter,3.2,Yes,2-Day Shipping,1,1,30,Cash,Every 3 Months,4,1.0,0.5750000000000001,0.5918367346938774,0.058823529411764705,0.28000000000000025,0.39738175270108045,Low Value
600,51,Male,Boots,Footwear,26,Massachusetts,L,Teal,Spring,4.2,Yes,Standard,1,1,27,Debit Card,Every 3 Months,4,1.0,0.07500000000000001,0.5306122448979591,0.058823529411764705,0.6800000000000002,0.3128919567827131,Low Value
601,22,Male,Hat,Accessories,63,South Carolina,M,Charcoal,Spring,5.0,Yes,2-Day Shipping,1,1,25,Venmo,Monthly,12,1.0,0.5375000000000001,0.4897959183673469,0.21568627450980393,1.0,0.46812424969988,Medium Value
602,32,Male,Backpack,Accessories,38,West Virginia,M,Maroon,Summer,4.7,Yes,Store Pickup,1,1,5,Cash,Fortnightly,26,1.0,0.22500000000000003,0.08163265306122448,0.49019607843137253,0.8800000000000001,0.31271188475390155,Low Value
603,37,Male,Shoes,Footwear,58,Oregon,L,Lavender,Summer,4.2,Yes,Next Day Air,1,1,10,Cash,Every 3 Months,4,1.0,0.4750000000000001,0.18367346938775508,0.058823529411764705,0.6800000000000002,0.25411644657863147,Low Value
604,31,Male,Handbag,Accessories,46,Massachusetts,L,Green,Winter,3.4,Yes,2-Day Shipping,1,1,26,PayPal,Every 3 Months,4,1.0,0.32500000000000007,0.510204081632653,0.058823529411764705,0.3600000000000001,0.32272869147659067,Low Value
605,44,Male,Sunglasses,Accessories,92,West Virginia,S,Pink,Fall,4.4,Yes,Store Pickup,1,1,11,Credit Card,Every 3 Months,4,1.0,0.9000000000000001,0.2040816326530612,0.058823529411764705,0.7600000000000002,0.355279711884754,Low Value
606,40,Male,Hat,Accessories,32,California,XL,Charcoal,Winter,4.2,Yes,Standard,1,1,17,Bank Transfer,Weekly,52,1.0,0.15000000000000002,0.32653061224489793,0.9999999999999999,0.6800000000000002,0.5286122448979592,Medium Value
607,27,Male,Scarf,Accessories,90,Colorado,M,Blue,Spring,4.5,Yes,Standard,1,1,44,PayPal,Monthly,12,1.0,0.875,0.8775510204081631,0.21568627450980393,0.8,0.6707262905162066,Medium Value
608,47,Male,Hoodie,Clothing,23,Indiana,L,Purple,Fall,2.8,Yes,Next Day Air,1,1,44,Cash,Monthly,12,1.0,0.03750000000000003,0.8775510204081631,0.21568627450980393,0.11999999999999988,0.4352262905162065,Low Value
609,41,Male,Backpack,Accessories,25,Delaware,S,Gold,Fall,3.3,Yes,Next Day Air,1,1,21,Venmo,Every 3 Months,4,1.0,0.0625,0.4081632653061224,0.058823529411764705,0.32000000000000006,0.22541236494597838,Low Value
610,51,Male,Sweater,Clothing,54,Ohio,L,Purple,Fall,4.6,Yes,Next Day Air,1,1,49,Credit Card,Fortnightly,26,1.0,0.42500000000000004,0.9795918367346937,0.49019607843137253,0.8399999999999999,0.7078955582232892,Medium Value
611,53,Male,Shorts,Clothing,72,Oklahoma,M,Charcoal,Summer,2.5,Yes,Free Shipping,1,1,27,Bank Transfer,Every 3 Months,4,1.0,0.65,0.5306122448979591,0.058823529411764705,0.0,0.3598919567827131,Low Value
612,43,Male,Scarf,Accessories,33,California,M,Black,Winter,4.7,Yes,Store Pickup,1,1,19,Cash,Monthly,12,1.0,0.16250000000000003,0.36734693877551017,0.21568627450980393,0.8800000000000001,0.3321446578631453,Low Value
613,67,Male,Hat,Accessories,43,New Hampshire,L,Lavender,Fall,4.6,Yes,Express,1,1,33,Credit Card,Quarterly,4,1.0,0.2875,0.6530612244897959,0.058823529411764705,0.8399999999999999,0.4203715486194477,Low Value
614,61,Male,Coat,Outerwear,51,Pennsylvania,L,Lavender,Fall,2.6,Yes,Standard,1,1,46,Cash,Bi-Weekly,26,1.0,0.38750000000000007,0.9183673469387754,0.49019607843137253,0.040000000000000036,0.5959057623049219,Medium Value
615,68,Male,Jewelry,Accessories,85,Idaho,M,Lavender,Winter,4.0,Yes,Standard,1,1,21,Credit Card,Bi-Weekly,26,1.0,0.8125,0.4081632653061224,0.49019607843137253,0.6000000000000001,0.5328241296518608,Medium Value
616,67,Male,Sandals,Footwear,100,Maryland,L,Olive,Summer,2.6,Yes,Next Day Air,1,1,23,Venmo,Annually,1,1.0,1.0,0.44897959183673464,0.0,0.040000000000000036,0.3835918367346939,Low Value
617,29,Male,Gloves,Accessories,72,Pennsylvania,L,Teal,Spring,4.6,Yes,Free Shipping,1,1,38,Credit Card,Every 3 Months,4,1.0,0.65,0.7551020408163265,0.058823529411764705,0.8399999999999999,0.53368787515006,Medium Value
618,50,Male,Backpack,Accessories,57,Colorado,M,Maroon,Fall,2.6,Yes,Standard,1,1,2,Bank Transfer,Quarterly,4,1.0,0.4625,0.02040816326530612,0.058823529411764705,0.040000000000000036,0.12231032412965187,Low Value
619,61,Male,Jacket,Outerwear,94,Indiana,L,Cyan,Spring,4.0,Yes,Express,1,1,21,Debit Card,Bi-Weekly,26,1.0,0.925,0.4081632653061224,0.49019607843137253,0.6000000000000001,0.5553241296518608,Medium Value
620,19,Male,Backpack,Accessories,34,Nebraska,M,Charcoal,Summer,4.6,Yes,Store Pickup,1,1,1,Debit Card,Every 3 Months,4,1.0,0.17500000000000004,0.0,0.058823529411764705,0.8399999999999999,0.1366470588235294,Low Value
621,33,Male,Backpack,Accessories,89,Rhode Island,M,Black,Fall,3.7,Yes,2-Day Shipping,1,1,10,Venmo,Every 3 Months,4,1.0,0.8625,0.18367346938775508,0.058823529411764705,0.4800000000000002,0.3116164465786315,Low Value
622,51,Male,Sunglasses,Accessories,27,Kansas,S,Red,Fall,4.4,Yes,Store Pickup,1,1,45,Credit Card,Weekly,52,1.0,0.08750000000000002,0.8979591836734693,0.9999999999999999,0.7600000000000002,0.7526836734693877,High Value
623,69,Male,Socks,Clothing,63,Georgia,S,Peach,Spring,4.0,Yes,Next Day Air,1,1,44,Bank Transfer,Fortnightly,26,1.0,0.5375000000000001,0.8775510204081631,0.49019607843137253,0.6000000000000001,0.6655792316926771,Medium Value
624,19,Male,Shoes,Footwear,70,Nevada,M,White,Fall,4.7,Yes,Standard,1,1,48,PayPal,Bi-Weekly,26,1.0,0.625,0.9591836734693877,0.49019607843137253,0.8800000000000001,0.7437322929171668,Medium Value
625,55,Male,Pants,Clothing,87,South Carolina,XL,Pink,Fall,3.4,Yes,Express,1,1,21,PayPal,Annually,1,1.0,0.8375000000000001,0.4081632653061224,0.0,0.3600000000000001,0.36676530612244906,Low Value
626,49,Male,Jewelry,Accessories,79,Delaware,M,Red,Fall,4.0,Yes,Next Day Air,1,1,1,Venmo,Weekly,52,1.0,0.7375,0.0,0.9999999999999999,0.6000000000000001,0.5075,Medium Value
627,31,Male,Sunglasses,Accessories,79,New Hampshire,M,Indigo,Spring,3.9,Yes,Standard,1,1,10,Venmo,Annually,1,1.0,0.7375,0.18367346938775508,0.0,0.56,0.27696938775510205,Low Value
628,42,Male,Sandals,Footwear,44,Oregon,L,Black,Winter,4.1,Yes,Express,1,1,24,PayPal,Monthly,12,1.0,0.30000000000000004,0.4693877551020408,0.21568627450980393,0.6399999999999999,0.3764609843937575,Low Value
630,26,Male,Shoes,Footwear,90,Vermont,L,Beige,Spring,4.7,Yes,Standard,1,1,11,Debit Card,Annually,1,1.0,0.875,0.2040816326530612,0.0,0.8800000000000001,0.34463265306122454,Low Value
631,41,Male,Jewelry,Accessories,94,Mississippi,S,Silver,Fall,4.3,Yes,2-Day Shipping,1,1,33,Debit Card,Annually,1,1.0,0.925,0.6530612244897959,0.0,0.72,0.5182244897959183,Medium Value
632,55,Male,Boots,Footwear,68,Washington,S,Violet,Summer,4.1,Yes,Store Pickup,1,1,27,Cash,Fortnightly,26,1.0,0.6000000000000001,0.5306122448979591,0.49019607843137253,0.6399999999999999,0.5433037214885954,Medium Value
633,35,Male,Backpack,Accessories,51,Wyoming,M,Red,Winter,3.9,Yes,Next Day Air,1,1,19,Venmo,Fortnightly,26,1.0,0.38750000000000007,0.36734693877551017,0.49019607843137253,0.56,0.4274975990396158,Low Value
634,66,Male,Sandals,Footwear,33,Minnesota,M,Orange,Spring,2.9,Yes,Express,1,1,50,Debit Card,Quarterly,4,1.0,0.16250000000000003,1.0,0.058823529411764705,0.15999999999999992,0.46614705882352947,Medium Value
635,36,Male,Sneakers,Footwear,60,Ohio,M,Teal,Summer,3.9,Yes,Standard,1,1,46,PayPal,Weekly,52,1.0,0.5,0.9183673469387754,0.9999999999999999,0.56,0.8233469387755101,High Value
636,27,Male,Hoodie,Clothing,59,South Carolina,M,Brown,Fall,4.3,Yes,2-Day Shipping,1,1,28,Cash,Quarterly,4,1.0,0.48750000000000004,0.5510204081632653,0.058823529411764705,0.72,0.40755522208883554,Low Value
637,41,Male,Handbag,Accessories,30,Wisconsin,M,Indigo,Summer,2.8,Yes,Store Pickup,1,1,14,Bank Transfer,Every 3 Months,4,1.0,0.125,0.26530612244897955,0.058823529411764705,0.11999999999999988,0.16076950780312121,Low Value
638,21,Male,Sweater,Clothing,20,Tennessee,M,Cyan,Winter,3.4,Yes,2-Day Shipping,1,1,46,Cash,Fortnightly,26,1.0,0.0,0.9183673469387754,0.49019607843137253,0.3600000000000001,0.5504057623049219,Medium Value
639,53,Male,Sandals,Footwear,20,Maryland,S,Blue,Summer,2.7,Yes,Express,1,1,41,PayPal,Monthly,12,1.0,0.0,0.8163265306122448,0.21568627450980393,0.08000000000000007,0.3992364945978391,Low Value
640,54,Male,Dress,Clothing,24,Mississippi,L,Olive,Spring,4.0,Yes,2-Day Shipping,1,1,50,Credit Card,Annually,1,1.0,0.050000000000000044,1.0,0.0,0.6000000000000001,0.47000000000000003,Medium Value
641,53,Male,Skirt,Clothing,88,Minnesota,M,Gray,Summer,4.4,Yes,Store Pickup,1,1,28,Debit Card,Fortnightly,26,1.0,0.8500000000000001,0.5510204081632653,0.49019607843137253,0.7600000000000002,0.613466986794718,Medium Value
642,47,Male,Blouse,Clothing,78,Alaska,M,Red,Winter,3.9,Yes,2-Day Shipping,1,1,23,Credit Card,Every 3 Months,4,1.0,0.7250000000000001,0.44897959183673464,0.058823529411764705,0.56,0.3982388955582233,Low Value
643,64,Male,Skirt,Clothing,25,Arkansas,L,Red,Spring,2.8,Yes,2-Day Shipping,1,1,14,Debit Card,Bi-Weekly,26,1.0,0.0625,0.26530612244897955,0.49019607843137253,0.11999999999999988,0.2776812725090036,Low Value
644,18,Male,Sweater,Clothing,57,Oregon,XL,Green,Winter,3.2,Yes,Next Day Air,1,1,10,Bank Transfer,Every 3 Months,4,1.0,0.4625,0.18367346938775508,0.058823529411764705,0.28000000000000025,0.2116164465786315,Low Value
645,68,Male,Backpack,Accessories,93,Louisiana,S,Blue,Summer,4.3,Yes,Next Day Air,1,1,37,Cash,Weekly,52,1.0,0.9125000000000001,0.7346938775510203,0.9999999999999999,0.72,0.848377551020408,High Value
646,62,Male,Hoodie,Clothing,42,Oklahoma,S,Purple,Summer,4.2,Yes,Express,1,1,15,Venmo,Bi-Weekly,26,1.0,0.275,0.28571428571428564,0.49019607843137253,0.6800000000000002,0.384344537815126,Low Value
647,51,Male,Boots,Footwear,54,Indiana,XL,Pink,Spring,4.9,Yes,Standard,1,1,19,Venmo,Bi-Weekly,26,1.0,0.42500000000000004,0.36734693877551017,0.49019607843137253,0.9600000000000002,0.47499759903961586,Medium Value
648,54,Male,Blouse,Clothing,70,Mississippi,XL,Charcoal,Summer,3.7,Yes,Express,1,1,23,Credit Card,Fortnightly,26,1.0,0.625,0.44897959183673464,0.49019607843137253,0.4800000000000002,0.49965066026410565,Medium Value
649,22,Male,Hoodie,Clothing,31,Michigan,M,Brown,Winter,4.1,Yes,Store Pickup,1,1,35,Credit Card,Weekly,52,1.0,0.1375,0.693877551020408,0.9999999999999999,0.6399999999999999,0.669051020408163,Medium Value
650,53,Male,Pants,Clothing,93,Delaware,L,Orange,Spring,4.2,Yes,Store Pickup,1,1,33,PayPal,Every 3 Months,4,1.0,0.9125000000000001,0.6530612244897959,0.058823529411764705,0.6800000000000002,0.5293715486194478,Medium Value
651,34,Male,Gloves,Accessories,40,Florida,M,Magenta,Spring,3.9,Yes,Next Day Air,1,1,12,Bank Transfer,Annually,1,1.0,0.25,0.22448979591836735,0.0,0.56,0.19579591836734694,Low Value
652,32,Male,Hat,Accessories,32,Arkansas,L,Yellow,Summer,2.9,Yes,Next Day Air,1,1,41,Venmo,Fortnightly,26,1.0,0.15000000000000002,0.8163265306122448,0.49019607843137253,0.15999999999999992,0.5195894357743097,Medium Value
653,64,Male,Sunglasses,Accessories,27,Minnesota,M,Beige,Winter,3.1,Yes,Free Shipping,1,1,27,Venmo,Weekly,52,1.0,0.08750000000000002,0.5306122448979591,0.9999999999999999,0.2400000000000002,0.5537448979591836,Medium Value
654,20,Male,Scarf,Accessories,68,North Dakota,M,Olive,Winter,3.6,Yes,2-Day Shipping,1,1,45,Cash,Fortnightly,26,1.0,0.6000000000000001,0.8979591836734693,0.49019607843137253,0.44000000000000017,0.6702424969987996,Medium Value
655,24,Male,Handbag,Accessories,59,California,L,Gray,Summer,4.4,Yes,2-Day Shipping,1,1,23,Venmo,Annually,1,1.0,0.48750000000000004,0.44897959183673464,0.0,0.7600000000000002,0.3530918367346939,Low Value
656,20,Male,Handbag,Accessories,36,Mississippi,S,Purple,Fall,3.1,Yes,Free Shipping,1,1,19,Venmo,Monthly,12,1.0,0.2,0.36734693877551017,0.21568627450980393,0.2400000000000002,0.2756446578631453,Low Value
657,42,Male,Jeans,Clothing,23,Pennsylvania,M,Beige,Summer,3.9,Yes,Standard,1,1,6,PayPal,Quarterly,4,1.0,0.03750000000000003,0.10204081632653061,0.058823529411764705,0.56,0.12196338535414168,Low Value
658,48,Male,Jacket,Outerwear,80,Arizona,M,White,Winter,4.3,Yes,Free Shipping,1,1,6,PayPal,Quarterly,4,1.0,0.75,0.10204081632653061,0.058823529411764705,0.72,0.28046338535414167,Low Value
659,62,Male,Backpack,Accessories,37,Louisiana,S,White,Fall,4.9,Yes,Store Pickup,1,1,20,Venmo,Weekly,52,1.0,0.21250000000000002,0.38775510204081626,0.9999999999999999,0.9600000000000002,0.5936020408163265,Medium Value
660,62,Male,Shorts,Clothing,52,Virginia,S,Gold,Spring,3.6,Yes,2-Day Shipping,1,1,8,Cash,Weekly,52,1.0,0.4,0.14285714285714285,0.9999999999999999,0.44000000000000017,0.48114285714285715,Medium Value
661,50,Male,Coat,Outerwear,79,Montana,M,Olive,Fall,5.0,Yes,2-Day Shipping,1,1,39,Credit Card,Quarterly,4,1.0,0.7375,0.7755102040816325,0.058823529411764705,1.0,0.5753511404561824,Medium Value
662,57,Male,Shirt,Clothing,68,Iowa,XL,Green,Fall,4.1,Yes,Store Pickup,1,1,39,Credit Card,Quarterly,4,1.0,0.6000000000000001,0.7755102040816325,0.058823529411764705,0.6399999999999999,0.5118511404561824,Medium Value
663,24,Male,Gloves,Accessories,98,Illinois,L,Magenta,Fall,2.8,Yes,Express,1,1,39,Venmo,Bi-Weekly,26,1.0,0.9750000000000001,0.7755102040816325,0.49019607843137253,0.11999999999999988,0.6642629051620648,Medium Value
664,59,Male,Dress,Clothing,83,Alaska,M,Charcoal,Fall,4.7,Yes,Express,1,1,23,Credit Card,Monthly,12,1.0,0.7875000000000001,0.44897959183673464,0.21568627450980393,0.8800000000000001,0.4897977190876351,Medium Value
665,63,Male,Pants,Clothing,83,Colorado,M,Indigo,Winter,4.4,Yes,Express,1,1,41,PayPal,Bi-Weekly,26,1.0,0.7875000000000001,0.8163265306122448,0.49019607843137253,0.7600000000000002,0.7070894357743098,Medium Value
666,41,Male,Pants,Clothing,55,New Mexico,M,Peach,Spring,4.9,Yes,2-Day Shipping,1,1,50,Credit Card,Annually,1,1.0,0.4375,1.0,0.0,0.9600000000000002,0.5835000000000001,Medium Value
667,35,Male,Hoodie,Clothing,26,Colorado,L,Turquoise,Winter,3.1,Yes,Free Shipping,1,1,30,Debit Card,Quarterly,4,1.0,0.07500000000000001,0.5918367346938774,0.058823529411764705,0.2400000000000002,0.2933817527010804,Low Value
668,34,Male,Sunglasses,Accessories,76,Arizona,S,Blue,Winter,2.6,Yes,Standard,1,1,32,Bank Transfer,Quarterly,4,1.0,0.7000000000000001,0.6326530612244897,0.058823529411764705,0.040000000000000036,0.4147082833133253,Low Value
669,49,Male,T-shirt,Clothing,85,Hawaii,S,Turquoise,Fall,2.9,Yes,Express,1,1,35,Bank Transfer,Monthly,12,1.0,0.8125,0.693877551020408,0.21568627450980393,0.15999999999999992,0.5207569027611044,Medium Value
670,43,Male,Jacket,Outerwear,89,Illinois,M,Gray,Spring,3.3,Yes,Free Shipping,1,1,45,Venmo,Bi-Weekly,26,1.0,0.8625,0.8979591836734693,0.49019607843137253,0.32000000000000006,0.7107424969987995,Medium Value
671,63,Male,Sweater,Clothing,41,Louisiana,XL,Purple,Spring,4.8,Yes,Next Day Air,1,1,37,Cash,Bi-Weekly,26,1.0,0.26250000000000007,0.7346938775510203,0.49019607843137253,0.9199999999999999,0.5854363745498199,Medium Value
672,38,Male,Jacket,Outerwear,30,Iowa,L,Black,Winter,4.7,Yes,Express,1,1,45,Cash,Weekly,52,1.0,0.125,0.8979591836734693,0.9999999999999999,0.8800000000000001,0.7721836734693877,High Value
673,59,Male,Socks,Clothing,53,Washington,M,Peach,Winter,3.3,Yes,2-Day Shipping,1,1,29,Cash,Quarterly,4,1.0,0.4125000000000001,0.5714285714285714,0.058823529411764705,0.32000000000000006,0.36071848739495804,Low Value
674,35,Male,Shirt,Clothing,66,Oklahoma,M,Indigo,Spring,4.2,Yes,Free Shipping,1,1,27,Venmo,Bi-Weekly,26,1.0,0.5750000000000001,0.5306122448979591,0.49019607843137253,0.6800000000000002,0.5423037214885955,Medium Value
675,48,Male,Jewelry,Accessories,33,Washington,XL,Beige,Winter,4.7,Yes,Store Pickup,1,1,36,Bank Transfer,Annually,1,1.0,0.16250000000000003,0.7142857142857142,0.0,0.8800000000000001,0.40621428571428575,Low Value
676,64,Male,Sunglasses,Accessories,86,Arkansas,M,Yellow,Spring,2.6,Yes,2-Day Shipping,1,1,9,Cash,Annually,1,1.0,0.825,0.16326530612244897,0.0,0.040000000000000036,0.23430612244897958,Low Value
677,28,Male,Pants,Clothing,60,Connecticut,M,Peach,Winter,2.9,Yes,2-Day Shipping,1,1,38,Venmo,Bi-Weekly,26,1.0,0.5,0.7551020408163265,0.49019607843137253,0.15999999999999992,0.5650996398559424,Medium Value
678,60,Male,Socks,Clothing,62,Washington,S,Turquoise,Summer,2.7,Yes,Express,1,1,41,PayPal,Annually,1,1.0,0.525,0.8163265306122448,0.0,0.08000000000000007,0.439530612244898,Low Value
679,27,Male,Blouse,Clothing,74,Maine,M,Teal,Fall,3.3,Yes,Store Pickup,1,1,25,Debit Card,Every 3 Months,4,1.0,0.675,0.4897959183673469,0.058823529411764705,0.32000000000000006,0.38056542617046824,Low Value
680,56,Male,Sandals,Footwear,95,Michigan,M,Turquoise,Fall,3.4,Yes,Express,1,1,37,Venmo,Fortnightly,26,1.0,0.9375,0.7346938775510203,0.49019607843137253,0.3600000000000001,0.6644363745498199,Medium Value
681,58,Male,Sneakers,Footwear,25,Tennessee,M,Magenta,Spring,4.2,Yes,Express,1,1,3,PayPal,Annually,1,1.0,0.0625,0.04081632653061225,0.0,0.6800000000000002,0.09682653061224492,Low Value
682,30,Male,Shirt,Clothing,59,Louisiana,XL,Purple,Winter,3.8,Yes,2-Day Shipping,1,1,24,Credit Card,Every 3 Months,4,1.0,0.48750000000000004,0.4693877551020408,0.058823529411764705,0.52,0.35490216086434573,Low Value
683,23,Male,Jacket,Outerwear,29,Missouri,M,Brown,Summer,4.0,Yes,Standard,1,1,49,Credit Card,Bi-Weekly,26,1.0,0.11250000000000004,0.9795918367346937,0.49019607843137253,0.6000000000000001,0.6213955582232893,Medium Value
684,33,Male,Sandals,Footwear,36,Michigan,S,Violet,Winter,2.7,Yes,Free Shipping,1,1,3,Bank Transfer,Monthly,12,1.0,0.2,0.04081632653061225,0.21568627450980393,0.08000000000000007,0.12903241296518608,Low Value
685,63,Male,Hat,Accessories,82,Alabama,M,Yellow,Summer,4.7,Yes,Express,1,1,42,Debit Card,Monthly,12,1.0,0.7750000000000001,0.836734693877551,0.21568627450980393,0.8800000000000001,0.6423997599039617,Medium Value
686,70,Male,Blouse,Clothing,71,Massachusetts,XL,Magenta,Winter,3.5,Yes,Standard,1,1,32,Cash,Fortnightly,26,1.0,0.6375000000000001,0.6326530612244897,0.49019607843137253,0.40000000000000013,0.5676200480192077,Medium Value
687,70,Male,Sweater,Clothing,35,Indiana,L,Beige,Fall,3.0,Yes,2-Day Shipping,1,1,33,Venmo,Fortnightly,26,1.0,0.1875,0.6530612244897959,0.49019607843137253,0.20000000000000018,0.4657833133253301,Medium Value
688,19,Male,Gloves,Accessories,38,West Virginia,XL,Turquoise,Winter,3.3,Yes,Free Shipping,1,1,46,Bank Transfer,Quarterly,4,1.0,0.22500000000000003,0.9183673469387754,0.058823529411764705,0.32000000000000006,0.4619939975990396,Medium Value
689,25,Male,Scarf,Accessories,59,Michigan,S,Peach,Summer,4.7,Yes,Store Pickup,1,1,44,Venmo,Monthly,12,1.0,0.48750000000000004,0.8775510204081631,0.21568627450980393,0.8800000000000001,0.6012262905162065,Medium Value
690,19,Male,Hoodie,Clothing,91,Pennsylvania,M,Orange,Summer,4.7,Yes,Express,1,1,35,Credit Card,Every 3 Months,4,1.0,0.8875,0.693877551020408,0.058823529411764705,0.8800000000000001,0.5606980792316927,Medium Value
691,25,Male,Shorts,Clothing,68,Alaska,XL,Red,Spring,4.8,Yes,Standard,1,1,45,Bank Transfer,Weekly,52,1.0,0.6000000000000001,0.8979591836734693,0.9999999999999999,0.9199999999999999,0.8711836734693876,High Value
692,60,Male,Backpack,Accessories,21,Massachusetts,L,Silver,Summer,2.9,Yes,Standard,1,1,37,PayPal,Bi-Weekly,26,1.0,0.012500000000000011,0.7346938775510203,0.49019607843137253,0.15999999999999992,0.4594363745498199,Medium Value
693,35,Male,Sunglasses,Accessories,95,North Dakota,M,Cyan,Spring,4.0,Yes,2-Day Shipping,1,1,40,Debit Card,Every 3 Months,4,1.0,0.9375,0.7959183673469387,0.058823529411764705,0.6000000000000001,0.583514405762305,Medium Value
694,46,Male,Shorts,Clothing,52,Vermont,L,Turquoise,Spring,3.1,Yes,Free Shipping,1,1,30,Cash,Every 3 Months,4,1.0,0.4,0.5918367346938774,0.058823529411764705,0.2400000000000002,0.3583817527010804,Low Value
695,41,Male,Dress,Clothing,21,Kentucky,S,Charcoal,Fall,3.5,Yes,2-Day Shipping,1,1,38,Venmo,Every 3 Months,4,1.0,0.012500000000000011,0.7551020408163265,0.058823529411764705,0.40000000000000013,0.36218787515006007,Low Value
696,30,Male,Shorts,Clothing,67,Nevada,XL,Peach,Summer,3.7,Yes,Next Day Air,1,1,15,Debit Card,Every 3 Months,4,1.0,0.5875,0.28571428571428564,0.058823529411764705,0.4800000000000002,0.2974327731092437,Low Value
697,44,Male,Belt,Accessories,42,Utah,L,Green,Fall,2.8,Yes,Standard,1,1,49,Cash,Monthly,12,1.0,0.275,0.9795918367346937,0.21568627450980393,0.11999999999999988,0.5235426170468187,Medium Value
698,61,Male,Scarf,Accessories,63,North Dakota,XL,Brown,Summer,4.6,Yes,Free Shipping,1,1,40,Debit Card,Quarterly,4,1.0,0.5375000000000001,0.7959183673469387,0.058823529411764705,0.8399999999999999,0.5275144057623049,Medium Value
699,55,Male,Boots,Footwear,41,Iowa,M,Yellow,Winter,3.8,Yes,Standard,1,1,40,Debit Card,Weekly,52,1.0,0.26250000000000007,0.7959183673469387,0.9999999999999999,0.52,0.7228673469387754,Medium Value
700,50,Male,Handbag,Accessories,46,Connecticut,M,Charcoal,Fall,2.6,Yes,2-Day Shipping,1,1,5,PayPal,Weekly,52,1.0,0.32500000000000007,0.08163265306122448,0.9999999999999999,0.040000000000000036,0.40165306122448974,Low Value
701,57,Male,Pants,Clothing,79,Wisconsin,L,Olive,Winter,4.1,Yes,Standard,1,1,5,PayPal,Monthly,12,1.0,0.7375,0.08163265306122448,0.21568627450980393,0.6399999999999999,0.308858943577431,Low Value
702,51,Male,Boots,Footwear,90,Idaho,L,Red,Fall,3.3,Yes,Next Day Air,1,1,5,Debit Card,Every 3 Months,4,1.0,0.875,0.08163265306122448,0.058823529411764705,0.32000000000000006,0.2573001200480192,Low Value
703,18,Male,Shirt,Clothing,71,Montana,M,White,Winter,3.4,Yes,Store Pickup,1,1,1,Cash,Weekly,52,1.0,0.6375000000000001,0.0,0.9999999999999999,0.3600000000000001,0.4635,Medium Value
704,63,Male,Dress,Clothing,87,Connecticut,L,Pink,Summer,3.0,Yes,Standard,1,1,21,Venmo,Weekly,52,1.0,0.8375000000000001,0.4081632653061224,0.9999999999999999,0.20000000000000018,0.650765306122449,Medium Value
705,34,Male,Hoodie,Clothing,66,Idaho,S,Black,Spring,3.2,Yes,Express,1,1,18,PayPal,Annually,1,1.0,0.5750000000000001,0.346938775510204,0.0,0.28000000000000025,0.28177551020408165,Low Value
706,25,Male,Pants,Clothing,90,Arkansas,XL,Indigo,Summer,4.5,Yes,Free Shipping,1,1,49,Cash,Quarterly,4,1.0,0.875,0.9795918367346937,0.058823529411764705,0.8,0.664483793517407,Medium Value
707,46,Male,Jeans,Clothing,47,Iowa,L,Turquoise,Summer,4.8,Yes,Express,1,1,27,Debit Card,Weekly,52,1.0,0.3375,0.5306122448979591,0.9999999999999999,0.9199999999999999,0.6717448979591836,Medium Value
708,59,Male,Shirt,Clothing,38,Louisiana,L,Purple,Spring,3.7,Yes,Next Day Air,1,1,21,Venmo,Annually,1,1.0,0.22500000000000003,0.4081632653061224,0.0,0.4800000000000002,0.256265306122449,Low Value
709,37,Male,Backpack,Accessories,50,Kentucky,L,Beige,Summer,3.4,Yes,Store Pickup,1,1,19,Cash,Fortnightly,26,1.0,0.375,0.36734693877551017,0.49019607843137253,0.3600000000000001,0.40499759903961585,Low Value
710,49,Male,Jacket,Outerwear,79,Massachusetts,L,Charcoal,Summer,4.6,Yes,Standard,1,1,23,Debit Card,Monthly,12,1.0,0.7375,0.44897959183673464,0.21568627450980393,0.8399999999999999,0.475797719087635,Medium Value
711,22,Male,Scarf,Accessories,91,Virginia,L,Turquoise,Spring,4.1,Yes,Standard,1,1,26,PayPal,Fortnightly,26,1.0,0.8875,0.510204081632653,0.49019607843137253,0.6399999999999999,0.5926404561824729,Medium Value
712,64,Male,Boots,Footwear,60,New Hampshire,M,Maroon,Spring,3.5,Yes,2-Day Shipping,1,1,13,Bank Transfer,Bi-Weekly,26,1.0,0.5,0.24489795918367344,0.49019607843137253,0.40000000000000013,0.38501800720288115,Low Value
713,42,Male,Blouse,Clothing,81,New Hampshire,XL,Black,Summer,3.8,Yes,Next Day Air,1,1,36,Bank Transfer,Quarterly,4,1.0,0.7625,0.7142857142857142,0.058823529411764705,0.52,0.5078613445378152,Medium Value
714,37,Male,Hoodie,Clothing,90,Oregon,M,Lavender,Summer,2.6,Yes,Express,1,1,39,Bank Transfer,Bi-Weekly,26,1.0,0.875,0.7755102040816325,0.49019607843137253,0.040000000000000036,0.6362629051620647,Medium Value
715,26,Male,Jacket,Outerwear,70,South Dakota,M,Magenta,Fall,4.4,Yes,Store Pickup,1,1,40,Debit Card,Fortnightly,26,1.0,0.625,0.7959183673469387,0.49019607843137253,0.7600000000000002,0.6664261704681873,Medium Value
716,33,Male,Jeans,Clothing,63,Delaware,L,Green,Spring,2.6,Yes,Express,1,1,37,Debit Card,Quarterly,4,1.0,0.5375000000000001,0.7346938775510203,0.058823529411764705,0.040000000000000036,0.4230246098439376,Low Value
717,30,Male,Jewelry,Accessories,29,Missouri,M,Olive,Spring,3.6,Yes,Express,1,1,9,Venmo,Bi-Weekly,26,1.0,0.11250000000000004,0.16326530612244897,0.49019607843137253,0.44000000000000017,0.2788649459783914,Low Value
718,21,Male,Socks,Clothing,90,Alaska,L,Green,Spring,4.2,Yes,Express,1,1,7,Venmo,Every 3 Months,4,1.0,0.875,0.12244897959183673,0.058823529411764705,0.6800000000000002,0.3096266506602641,Low Value
719,22,Male,Shirt,Clothing,22,Florida,M,Peach,Summer,4.6,Yes,Standard,1,1,25,Bank Transfer,Annually,1,1.0,0.025000000000000022,0.4897959183673469,0.0,0.8399999999999999,0.28491836734693876,Low Value
720,63,Male,Shorts,Clothing,22,Mississippi,L,Turquoise,Summer,3.3,Yes,Next Day Air,1,1,42,Venmo,Bi-Weekly,26,1.0,0.025000000000000022,0.836734693877551,0.49019607843137253,0.32000000000000006,0.5187527010804321,Medium Value
721,33,Male,Jewelry,Accessories,62,New Mexico,L,Orange,Fall,3.4,Yes,Free Shipping,1,1,19,Debit Card,Weekly,52,1.0,0.525,0.36734693877551017,0.9999999999999999,0.3600000000000001,0.587938775510204,Medium Value
722,43,Male,Blouse,Clothing,57,California,L,Silver,Summer,4.4,Yes,Next Day Air,1,1,41,Debit Card,Every 3 Months,4,1.0,0.4625,0.8163265306122448,0.058823529411764705,0.7600000000000002,0.5126776710684274,Medium Value
723,27,Male,Sweater,Clothing,32,Wyoming,S,Blue,Summer,4.3,Yes,Store Pickup,1,1,50,Cash,Bi-Weekly,26,1.0,0.15000000000000002,1.0,0.49019607843137253,0.72,0.6490588235294118,Medium Value
724,35,Male,Jewelry,Accessories,53,Missouri,L,Cyan,Fall,3.5,Yes,Express,1,1,43,PayPal,Monthly,12,1.0,0.4125000000000001,0.8571428571428571,0.21568627450980393,0.40000000000000013,0.5300630252100841,Medium Value
725,37,Male,T-shirt,Clothing,79,New Hampshire,XL,Green,Fall,4.7,Yes,Store Pickup,1,1,36,Venmo,Every 3 Months,4,1.0,0.7375,0.7142857142857142,0.058823529411764705,0.8800000000000001,0.5388613445378152,Medium Value
726,61,Male,Hat,Accessories,61,Texas,L,Silver,Winter,3.1,Yes,Standard,1,1,33,Debit Card,Fortnightly,26,1.0,0.5125000000000001,0.6530612244897959,0.49019607843137253,0.2400000000000002,0.5347833133253301,Medium Value
727,32,Male,Shorts,Clothing,78,North Dakota,L,Yellow,Summer,3.6,Yes,Next Day Air,1,1,20,Bank Transfer,Every 3 Months,4,1.0,0.7250000000000001,0.38775510204081626,0.058823529411764705,0.44000000000000017,0.36174909963985596,Low Value
728,62,Male,Sweater,Clothing,97,Arkansas,S,Gray,Winter,4.8,Yes,Next Day Air,1,1,37,Venmo,Every 3 Months,4,1.0,0.9625000000000001,0.7346938775510203,0.058823529411764705,0.9199999999999999,0.5960246098439376,Medium Value
729,29,Male,Jeans,Clothing,78,Nebraska,M,Pink,Winter,3.7,Yes,Next Day Air,1,1,12,PayPal,Every 3 Months,4,1.0,0.7250000000000001,0.22448979591836735,0.058823529411764705,0.4800000000000002,0.3004429771908764,Low Value
730,41,Male,Sunglasses,Accessories,56,Minnesota,L,Beige,Summer,3.2,Yes,Express,1,1,46,PayPal,Every 3 Months,4,1.0,0.45000000000000007,0.9183673469387754,0.058823529411764705,0.28000000000000025,0.5029939975990396,Medium Value
731,48,Male,Boots,Footwear,25,Massachusetts,M,Indigo,Summer,3.9,Yes,Standard,1,1,28,Venmo,Fortnightly,26,1.0,0.0625,0.5510204081632653,0.49019607843137253,0.56,0.43596698679471785,Low Value
732,43,Male,Coat,Outerwear,28,Arkansas,M,Red,Spring,3.5,Yes,Free Shipping,1,1,30,PayPal,Fortnightly,26,1.0,0.10000000000000003,0.5918367346938774,0.49019607843137253,0.40000000000000013,0.44379351740696277,Low Value
733,34,Male,Shirt,Clothing,57,New Hampshire,L,Blue,Spring,2.8,Yes,Express,1,1,28,Cash,Bi-Weekly,26,1.0,0.4625,0.5510204081632653,0.49019607843137253,0.11999999999999988,0.4719669867947179,Medium Value
734,45,Male,Dress,Clothing,36,Rhode Island,L,Cyan,Fall,2.7,Yes,2-Day Shipping,1,1,20,Debit Card,Bi-Weekly,26,1.0,0.2,0.38775510204081626,0.49019607843137253,0.08000000000000007,0.35016086434573823,Low Value
735,65,Male,Shirt,Clothing,69,New Jersey,S,Violet,Winter,3.1,Yes,Express,1,1,39,Bank Transfer,Every 3 Months,4,1.0,0.6125,0.7755102040816325,0.058823529411764705,0.2400000000000002,0.47435114045618243,Medium Value
736,61,Male,Sunglasses,Accessories,48,Montana,M,Orange,Fall,3.6,Yes,2-Day Shipping,1,1,48,Cash,Bi-Weekly,26,1.0,0.3500000000000001,0.9591836734693877,0.49019607843137253,0.44000000000000017,0.6447322929171669,Medium Value
737,18,Male,Dress,Clothing,58,Colorado,L,Maroon,Spring,2.9,Yes,2-Day Shipping,1,1,32,Credit Card,Every 3 Months,4,1.0,0.4750000000000001,0.6326530612244897,0.058823529411764705,0.15999999999999992,0.38170828331332535,Low Value
738,47,Male,Sunglasses,Accessories,24,Nebraska,M,Teal,Spring,3.6,Yes,Store Pickup,1,1,28,PayPal,Annually,1,1.0,0.050000000000000044,0.5510204081632653,0.0,0.44000000000000017,0.27440816326530615,Low Value
739,56,Male,Sunglasses,Accessories,31,Minnesota,L,Orange,Winter,3.5,Yes,2-Day Shipping,1,1,27,Venmo,Quarterly,4,1.0,0.1375,0.5306122448979591,0.058823529411764705,0.40000000000000013,0.29739195678271313,Low Value
740,64,Male,Shorts,Clothing,29,Minnesota,S,Purple,Summer,3.5,Yes,Free Shipping,1,1,26,Venmo,Bi-Weekly,26,1.0,0.11250000000000004,0.510204081632653,0.49019607843137253,0.40000000000000013,0.41364045618247297,Low Value
741,26,Male,Jeans,Clothing,69,South Dakota,M,Orange,Summer,2.8,Yes,Next Day Air,1,1,22,Credit Card,Fortnightly,26,1.0,0.6125,0.4285714285714285,0.49019607843137253,0.11999999999999988,0.4529873949579832,Medium Value
742,22,Male,T-shirt,Clothing,79,West Virginia,XL,Yellow,Summer,4.7,Yes,Free Shipping,1,1,23,Bank Transfer,Every 3 Months,4,1.0,0.7375,0.44897959183673464,0.058823529411764705,0.8800000000000001,0.4327388955582233,Low Value
743,64,Male,Pants,Clothing,39,Nevada,M,Charcoal,Summer,3.1,Yes,Express,1,1,21,Debit Card,Quarterly,4,1.0,0.23750000000000004,0.4081632653061224,0.058823529411764705,0.2400000000000002,0.2524123649459784,Low Value
744,21,Male,Sunglasses,Accessories,84,North Carolina,L,Gray,Fall,4.9,Yes,Free Shipping,1,1,36,Cash,Weekly,52,1.0,0.8,0.7142857142857142,0.9999999999999999,0.9600000000000002,0.8417142857142856,High Value
745,67,Male,Boots,Footwear,66,Illinois,S,Charcoal,Spring,4.1,Yes,Next Day Air,1,1,42,Debit Card,Bi-Weekly,26,1.0,0.5750000000000001,0.836734693877551,0.49019607843137253,0.6399999999999999,0.6607527010804322,Medium Value
746,46,Male,T-shirt,Clothing,92,Michigan,L,Orange,Fall,4.7,Yes,Standard,1,1,4,Venmo,Monthly,12,1.0,0.9000000000000001,0.061224489795918366,0.21568627450980393,0.8800000000000001,0.3571956782713086,Low Value
747,40,Male,Sandals,Footwear,45,Michigan,M,Red,Winter,2.5,Yes,Free Shipping,1,1,47,Credit Card,Annually,1,1.0,0.3125,0.9387755102040816,0.0,0.0,0.43801020408163266,Low Value
748,51,Male,Shorts,Clothing,74,Oklahoma,L,Gold,Spring,4.4,Yes,Next Day Air,1,1,13,Bank Transfer,Weekly,52,1.0,0.675,0.24489795918367344,0.9999999999999999,0.7600000000000002,0.6089591836734694,Medium Value
749,35,Male,Hat,Accessories,39,South Dakota,L,Brown,Fall,3.9,Yes,Free Shipping,1,1,8,Bank Transfer,Quarterly,4,1.0,0.23750000000000004,0.14285714285714285,0.058823529411764705,0.56,0.17828991596638658,Low Value
750,56,Male,Scarf,Accessories,71,Oklahoma,M,Olive,Winter,3.7,Yes,Standard,1,1,11,Debit Card,Quarterly,4,1.0,0.6375000000000001,0.2040816326530612,0.058823529411764705,0.4800000000000002,0.274779711884754,Low Value
751,25,Male,T-shirt,Clothing,95,Maryland,L,Violet,Fall,3.4,Yes,Free Shipping,1,1,5,Venmo,Annually,1,1.0,0.9375,0.08163265306122448,0.0,0.3600000000000001,0.25615306122448983,Low Value
752,65,Male,Gloves,Accessories,72,Ohio,L,Indigo,Fall,4.8,Yes,Free Shipping,1,1,1,Credit Card,Monthly,12,1.0,0.65,0.0,0.21568627450980393,0.9199999999999999,0.28670588235294114,Low Value
753,39,Male,Scarf,Accessories,85,Ohio,L,Yellow,Fall,4.2,Yes,2-Day Shipping,1,1,17,PayPal,Every 3 Months,4,1.0,0.8125,0.32653061224489793,0.058823529411764705,0.6800000000000002,0.3787593037214886,Low Value
754,47,Male,Boots,Footwear,54,Massachusetts,M,Teal,Fall,3.4,Yes,Store Pickup,1,1,27,Venmo,Quarterly,4,1.0,0.42500000000000004,0.5306122448979591,0.058823529411764705,0.3600000000000001,0.3508919567827131,Low Value
755,36,Male,Gloves,Accessories,41,North Carolina,L,Pink,Spring,2.9,Yes,Store Pickup,1,1,3,Debit Card,Quarterly,4,1.0,0.26250000000000007,0.04081632653061225,0.058823529411764705,0.15999999999999992,0.10247358943577431,Low Value
756,66,Male,Coat,Outerwear,24,Florida,M,Violet,Spring,3.3,Yes,Free Shipping,1,1,22,PayPal,Weekly,52,1.0,0.050000000000000044,0.4285714285714285,0.9999999999999999,0.32000000000000006,0.5134285714285713,Medium Value
757,62,Male,Belt,Accessories,99,Montana,S,Orange,Summer,4.8,Yes,Standard,1,1,24,Cash,Fortnightly,26,1.0,0.9875,0.4693877551020408,0.49019607843137253,0.9199999999999999,0.624313925570228,Medium Value
758,41,Male,Hoodie,Clothing,32,Minnesota,M,Red,Fall,3.8,Yes,Store Pickup,1,1,18,Debit Card,Quarterly,4,1.0,0.15000000000000002,0.346938775510204,0.058823529411764705,0.52,0.238422569027611,Low Value
759,66,Male,Shoes,Footwear,71,Massachusetts,L,Peach,Summer,4.6,Yes,2-Day Shipping,1,1,39,Bank Transfer,Every 3 Months,4,1.0,0.6375000000000001,0.7755102040816325,0.058823529411764705,0.8399999999999999,0.5393511404561824,Medium Value
760,51,Male,Dress,Clothing,49,Rhode Island,XL,Green,Winter,2.6,Yes,Next Day Air,1,1,25,Credit Card,Fortnightly,26,1.0,0.36250000000000004,0.4897959183673469,0.49019607843137253,0.040000000000000036,0.41947719087635055,Low Value
761,33,Male,Gloves,Accessories,50,Minnesota,XL,Violet,Fall,3.4,Yes,Free Shipping,1,1,6,Cash,Annually,1,1.0,0.375,0.10204081632653061,0.0,0.3600000000000001,0.15181632653061228,Low Value
762,57,Male,Jewelry,Accessories,91,Nevada,L,Yellow,Fall,4.2,Yes,Express,1,1,26,Bank Transfer,Weekly,52,1.0,0.8875,0.510204081632653,0.9999999999999999,0.6800000000000002,0.7495816326530612,Medium Value
763,45,Male,Belt,Accessories,46,New Mexico,M,Pink,Fall,3.9,Yes,Standard,1,1,43,Debit Card,Fortnightly,26,1.0,0.32500000000000007,0.8571428571428571,0.49019607843137253,0.56,0.6109159663865547,Medium Value
764,61,Male,Sweater,Clothing,50,North Carolina,M,Brown,Spring,2.9,Yes,2-Day Shipping,1,1,6,Credit Card,Monthly,12,1.0,0.375,0.10204081632653061,0.21568627450980393,0.15999999999999992,0.19652220888355343,Low Value
765,55,Male,Skirt,Clothing,39,Virginia,XL,Silver,Fall,4.2,Yes,Free Shipping,1,1,6,Debit Card,Quarterly,4,1.0,0.23750000000000004,0.10204081632653061,0.058823529411764705,0.6800000000000002,0.1739633853541417,Low Value
766,54,Male,Sneakers,Footwear,99,Alaska,M,Pink,Summer,3.0,Yes,Store Pickup,1,1,13,Cash,Quarterly,4,1.0,0.9875,0.24489795918367344,0.058823529411764705,0.20000000000000018,0.33310624249699883,Low Value
767,57,Male,Gloves,Accessories,48,Nevada,M,Cyan,Winter,3.6,Yes,Next Day Air,1,1,13,PayPal,Monthly,12,1.0,0.3500000000000001,0.24489795918367344,0.21568627450980393,0.44000000000000017,0.2766650660264106,Low Value
768,27,Male,Coat,Outerwear,77,Pennsylvania,M,Brown,Fall,2.5,Yes,Next Day Air,1,1,11,Cash,Annually,1,1.0,0.7125,0.2040816326530612,0.0,0.0,0.22413265306122448,Low Value
769,64,Male,Backpack,Accessories,95,Illinois,XL,Red,Spring,2.6,Yes,Express,1,1,45,Venmo,Weekly,52,1.0,0.9375,0.8979591836734693,0.9999999999999999,0.040000000000000036,0.8506836734693877,High Value
770,52,Male,Socks,Clothing,100,Delaware,M,Silver,Spring,4.3,Yes,Store Pickup,1,1,8,PayPal,Monthly,12,1.0,1.0,0.14285714285714285,0.21568627450980393,0.72,0.39384873949579835,Low Value
771,19,Male,Sneakers,Footwear,54,Vermont,M,Gray,Spring,3.3,Yes,Express,1,1,8,Credit Card,Annually,1,1.0,0.42500000000000004,0.14285714285714285,0.0,0.32000000000000006,0.17414285714285715,Low Value
772,22,Male,Sweater,Clothing,68,Hawaii,L,Cyan,Fall,2.6,Yes,Next Day Air,1,1,34,Bank Transfer,Fortnightly,26,1.0,0.6000000000000001,0.673469387755102,0.49019607843137253,0.040000000000000036,0.5404465786314526,Medium Value
773,18,Male,Jeans,Clothing,22,Illinois,L,Teal,Fall,3.6,Yes,Free Shipping,1,1,40,Debit Card,Bi-Weekly,26,1.0,0.025000000000000022,0.7959183673469387,0.49019607843137253,0.44000000000000017,0.5144261704681873,Medium Value
774,29,Male,Hat,Accessories,84,California,L,Indigo,Winter,2.6,Yes,Express,1,1,14,Debit Card,Bi-Weekly,26,1.0,0.8,0.26530612244897955,0.49019607843137253,0.040000000000000036,0.4171812725090036,Low Value
775,42,Male,Hat,Accessories,46,Nevada,M,Yellow,Summer,3.5,Yes,Standard,1,1,11,Credit Card,Quarterly,4,1.0,0.32500000000000007,0.2040816326530612,0.058823529411764705,0.40000000000000013,0.20427971188475394,Low Value
776,49,Male,Handbag,Accessories,53,Kentucky,S,Gold,Winter,3.0,Yes,Store Pickup,1,1,8,PayPal,Monthly,12,1.0,0.4125000000000001,0.14285714285714285,0.21568627450980393,0.20000000000000018,0.22434873949579837,Low Value
777,49,Male,Shirt,Clothing,60,Alabama,M,Maroon,Spring,5.0,Yes,Standard,1,1,8,Venmo,Every 3 Months,4,1.0,0.5,0.14285714285714285,0.058823529411764705,1.0,0.2747899159663866,Low Value
778,55,Male,Socks,Clothing,32,Wyoming,XL,Silver,Spring,2.5,Yes,Express,1,1,37,Venmo,Weekly,52,1.0,0.15000000000000002,0.7346938775510203,0.9999999999999999,0.0,0.6238775510204081,Medium Value
779,29,Male,Socks,Clothing,50,Massachusetts,M,Yellow,Summer,2.9,Yes,Store Pickup,1,1,23,Debit Card,Annually,1,1.0,0.375,0.44897959183673464,0.0,0.15999999999999992,0.2705918367346939,Low Value
780,60,Male,Dress,Clothing,94,Utah,M,Blue,Spring,4.6,Yes,Express,1,1,38,Cash,Annually,1,1.0,0.925,0.7551020408163265,0.0,0.8399999999999999,0.5710408163265306,Medium Value
781,34,Male,Shoes,Footwear,26,New York,M,Turquoise,Spring,3.6,Yes,Free Shipping,1,1,38,Cash,Quarterly,4,1.0,0.07500000000000001,0.7551020408163265,0.058823529411764705,0.44000000000000017,0.3786878751500601,Low Value
782,30,Male,Scarf,Accessories,44,Vermont,L,Indigo,Winter,3.0,Yes,Store Pickup,1,1,12,Credit Card,Fortnightly,26,1.0,0.30000000000000004,0.22448979591836735,0.49019607843137253,0.20000000000000018,0.3168547418967587,Low Value
783,28,Male,Hoodie,Clothing,57,Hawaii,M,Green,Summer,4.5,Yes,Standard,1,1,15,Cash,Weekly,52,1.0,0.4625,0.28571428571428564,0.9999999999999999,0.8,0.5867857142857142,Medium Value
784,63,Male,T-shirt,Clothing,65,Louisiana,L,Purple,Winter,4.5,Yes,Next Day Air,1,1,38,PayPal,Fortnightly,26,1.0,0.5625,0.7551020408163265,0.49019607843137253,0.8,0.6415996398559425,Medium Value
785,31,Male,Jeans,Clothing,72,Alabama,M,Peach,Winter,3.2,Yes,Store Pickup,1,1,41,Bank Transfer,Every 3 Months,4,1.0,0.65,0.8163265306122448,0.058823529411764705,0.28000000000000025,0.5021776710684274,Medium Value
786,46,Male,Shorts,Clothing,62,Louisiana,S,Purple,Spring,4.0,Yes,Next Day Air,1,1,37,PayPal,Fortnightly,26,1.0,0.525,0.7346938775510203,0.49019607843137253,0.6000000000000001,0.60593637454982,Medium Value
787,70,Male,Hat,Accessories,21,Indiana,S,Teal,Winter,4.8,Yes,Express,1,1,16,Bank Transfer,Every 3 Months,4,1.0,0.012500000000000011,0.3061224489795918,0.058823529411764705,0.9199999999999999,0.23459603841536614,Low Value
788,53,Male,Handbag,Accessories,85,Michigan,S,Green,Spring,3.7,Yes,Free Shipping,1,1,25,Venmo,Weekly,52,1.0,0.8125,0.4897959183673469,0.9999999999999999,0.4800000000000002,0.7064183673469387,Medium Value
789,50,Male,Pants,Clothing,51,Rhode Island,XL,Yellow,Summer,3.8,Yes,Store Pickup,1,1,18,Bank Transfer,Quarterly,4,1.0,0.38750000000000007,0.346938775510204,0.058823529411764705,0.52,0.28592256902761104,Low Value
790,33,Male,Handbag,Accessories,84,Idaho,S,Purple,Fall,2.7,Yes,Standard,1,1,4,Credit Card,Bi-Weekly,26,1.0,0.8,0.061224489795918366,0.49019607843137253,0.08000000000000007,0.33954861944777914,Low Value
791,22,Male,Sweater,Clothing,37,Louisiana,M,Indigo,Summer,4.9,Yes,Store Pickup,1,1,12,Bank Transfer,Quarterly,4,1.0,0.21250000000000002,0.22448979591836735,0.058823529411764705,0.9600000000000002,0.2459429771908764,Low Value
792,50,Male,Scarf,Accessories,44,North Carolina,S,Magenta,Summer,3.1,Yes,2-Day Shipping,1,1,35,PayPal,Fortnightly,26,1.0,0.30000000000000004,0.693877551020408,0.49019607843137253,0.2400000000000002,0.508609843937575,Medium Value
793,34,Male,Sneakers,Footwear,45,New Jersey,M,Violet,Spring,4.2,Yes,Next Day Air,1,1,45,Venmo,Weekly,52,1.0,0.3125,0.8979591836734693,0.9999999999999999,0.6800000000000002,0.7896836734693877,High Value
794,24,Male,Pants,Clothing,35,Alabama,L,Maroon,Summer,3.8,Yes,Free Shipping,1,1,16,Credit Card,Monthly,12,1.0,0.1875,0.3061224489795918,0.21568627450980393,0.52,0.2766548619447779,Low Value
795,69,Male,Backpack,Accessories,50,Kentucky,XL,Yellow,Winter,4.2,Yes,Store Pickup,1,1,10,Debit Card,Fortnightly,26,1.0,0.375,0.18367346938775508,0.49019607843137253,0.6800000000000002,0.3635282112845138,Low Value
796,39,Male,Sandals,Footwear,26,New York,M,Beige,Summer,4.6,Yes,Store Pickup,1,1,34,Venmo,Annually,1,1.0,0.07500000000000001,0.673469387755102,0.0,0.8399999999999999,0.3683877551020408,Low Value
797,42,Male,Socks,Clothing,78,Arizona,XL,Black,Fall,4.0,Yes,2-Day Shipping,1,1,43,Credit Card,Annually,1,1.0,0.7250000000000001,0.8571428571428571,0.0,0.6000000000000001,0.5478571428571429,Medium Value
798,42,Male,Coat,Outerwear,82,Maryland,M,Violet,Fall,4.0,Yes,2-Day Shipping,1,1,38,Debit Card,Weekly,52,1.0,0.7750000000000001,0.7551020408163265,0.9999999999999999,0.6000000000000001,0.8170408163265306,High Value
799,29,Male,Socks,Clothing,39,Alaska,M,Violet,Spring,3.8,Yes,2-Day Shipping,1,1,48,PayPal,Every 3 Months,4,1.0,0.23750000000000004,0.9591836734693877,0.058823529411764705,0.52,0.5008205282112845,Medium Value
801,32,Male,Socks,Clothing,20,Utah,S,Gold,Summer,2.6,Yes,Free Shipping,1,1,20,Cash,Every 3 Months,4,1.0,0.0,0.38775510204081626,0.058823529411764705,0.040000000000000036,0.1767490996398559,Low Value
802,25,Male,Belt,Accessories,29,New Mexico,L,Blue,Fall,4.9,Yes,Express,1,1,12,Credit Card,Fortnightly,26,1.0,0.11250000000000004,0.22448979591836735,0.49019607843137253,0.9600000000000002,0.35535474189675875,Low Value
803,38,Male,Pants,Clothing,41,Delaware,M,Teal,Winter,3.5,Yes,Next Day Air,1,1,2,Bank Transfer,Weekly,52,1.0,0.26250000000000007,0.02040816326530612,0.9999999999999999,0.40000000000000013,0.4006632653061224,Low Value
804,32,Male,Shorts,Clothing,38,Connecticut,L,Silver,Winter,2.8,Yes,Express,1,1,30,Venmo,Every 3 Months,4,1.0,0.22500000000000003,0.5918367346938774,0.058823529411764705,0.11999999999999988,0.31138175270108037,Low Value
805,43,Male,Boots,Footwear,47,Mississippi,M,Maroon,Summer,2.6,Yes,Store Pickup,1,1,28,Venmo,Quarterly,4,1.0,0.3375,0.5510204081632653,0.058823529411764705,0.040000000000000036,0.3095552220888355,Low Value
806,41,Male,Dress,Clothing,30,Connecticut,L,White,Summer,3.7,Yes,Next Day Air,1,1,40,Debit Card,Monthly,12,1.0,0.125,0.7959183673469387,0.21568627450980393,0.4800000000000002,0.45607322929171673,Medium Value
807,56,Male,Jeans,Clothing,56,Florida,L,Charcoal,Summer,2.7,Yes,Standard,1,1,46,PayPal,Quarterly,4,1.0,0.45000000000000007,0.9183673469387754,0.058823529411764705,0.08000000000000007,0.4829939975990396,Medium Value
808,27,Male,T-shirt,Clothing,89,New York,S,Brown,Winter,3.3,Yes,Express,1,1,15,Credit Card,Weekly,52,1.0,0.8625,0.28571428571428564,0.9999999999999999,0.32000000000000006,0.6187857142857143,Medium Value
809,46,Male,Shoes,Footwear,96,Wisconsin,L,Lavender,Fall,4.6,Yes,Next Day Air,1,1,38,Cash,Every 3 Months,4,1.0,0.9500000000000002,0.7551020408163265,0.058823529411764705,0.8399999999999999,0.59368787515006,Medium Value
810,48,Male,Boots,Footwear,81,South Carolina,M,Violet,Fall,4.9,Yes,Next Day Air,1,1,30,PayPal,Bi-Weekly,26,1.0,0.7625,0.5918367346938774,0.49019607843137253,0.9600000000000002,0.6322935174069628,Medium Value
811,52,Male,Scarf,Accessories,83,South Dakota,S,Lavender,Fall,4.9,Yes,Store Pickup,1,1,32,Debit Card,Bi-Weekly,26,1.0,0.7875000000000001,0.6326530612244897,0.49019607843137253,0.9600000000000002,0.6536200480192078,Medium Value
812,18,Male,Sneakers,Footwear,35,Illinois,M,Green,Winter,2.7,Yes,Free Shipping,1,1,36,Venmo,Quarterly,4,1.0,0.1875,0.7142857142857142,0.058823529411764705,0.08000000000000007,0.34886134453781514,Low Value
813,64,Male,Boots,Footwear,56,Alaska,M,Olive,Summer,3.2,Yes,Standard,1,1,32,Credit Card,Weekly,52,1.0,0.45000000000000007,0.6326530612244897,0.9999999999999999,0.28000000000000025,0.671061224489796,Medium Value
814,54,Male,Handbag,Accessories,45,Montana,S,Olive,Summer,2.9,Yes,Store Pickup,1,1,14,Debit Card,Annually,1,1.0,0.3125,0.26530612244897955,0.0,0.15999999999999992,0.18462244897959182,Low Value
815,31,Male,Shirt,Clothing,62,Minnesota,M,Pink,Winter,3.8,Yes,Express,1,1,8,PayPal,Monthly,12,1.0,0.525,0.14285714285714285,0.21568627450980393,0.52,0.27884873949579836,Low Value
816,30,Male,Hat,Accessories,84,West Virginia,L,Teal,Spring,3.0,Yes,Next Day Air,1,1,27,Venmo,Bi-Weekly,26,1.0,0.8,0.5306122448979591,0.49019607843137253,0.20000000000000018,0.5393037214885954,Medium Value
817,26,Male,Sweater,Clothing,24,Illinois,L,Cyan,Summer,3.9,Yes,Store Pickup,1,1,24,Debit Card,Monthly,12,1.0,0.050000000000000044,0.4693877551020408,0.21568627450980393,0.56,0.31846098439375753,Low Value
818,25,Male,Handbag,Accessories,21,Nevada,S,Gray,Spring,4.7,Yes,Store Pickup,1,1,30,PayPal,Fortnightly,26,1.0,0.012500000000000011,0.5918367346938774,0.49019607843137253,0.8800000000000001,0.47429351740696274,Medium Value
819,59,Male,Shirt,Clothing,91,Idaho,M,Peach,Winter,4.9,Yes,Store Pickup,1,1,34,Debit Card,Monthly,12,1.0,0.8875,0.673469387755102,0.21568627450980393,0.9600000000000002,0.607593637454982,Medium Value
820,55,Male,Sunglasses,Accessories,36,Colorado,S,Teal,Winter,4.8,Yes,Next Day Air,1,1,28,Debit Card,Quarterly,4,1.0,0.2,0.5510204081632653,0.058823529411764705,0.9199999999999999,0.37005522208883546,Low Value
821,56,Male,Sneakers,Footwear,39,Louisiana,M,Turquoise,Spring,2.5,Yes,2-Day Shipping,1,1,27,Debit Card,Monthly,12,1.0,0.23750000000000004,0.5306122448979591,0.21568627450980393,0.0,0.3244507803121248,Low Value
822,62,Male,Hoodie,Clothing,39,Vermont,M,Green,Spring,3.9,Yes,Standard,1,1,31,Credit Card,Bi-Weekly,26,1.0,0.23750000000000004,0.6122448979591836,0.49019607843137253,0.56,0.4954567827130852,Medium Value
823,35,Male,Shirt,Clothing,59,Mississippi,L,Magenta,Winter,3.4,Yes,Standard,1,1,23,Bank Transfer,Annually,1,1.0,0.48750000000000004,0.44897959183673464,0.0,0.3600000000000001,0.31309183673469393,Low Value
824,51,Male,Sunglasses,Accessories,27,Georgia,M,Green,Winter,2.5,Yes,Free Shipping,1,1,11,Credit Card,Quarterly,4,1.0,0.08750000000000002,0.2040816326530612,0.058823529411764705,0.0,0.1167797118847539,Low Value
825,61,Male,Blouse,Clothing,94,Georgia,M,White,Spring,3.0,Yes,Store Pickup,1,1,48,Cash,Quarterly,4,1.0,0.925,0.9591836734693877,0.058823529411764705,0.20000000000000018,0.6063205282112846,Medium Value
826,27,Male,Belt,Accessories,94,Nebraska,XL,Brown,Fall,3.6,Yes,Next Day Air,1,1,17,Cash,Monthly,12,1.0,0.925,0.32653061224489793,0.21568627450980393,0.44000000000000017,0.42431812725090046,Low Value
827,54,Male,Dress,Clothing,94,Massachusetts,M,Purple,Winter,3.6,Yes,Standard,1,1,36,PayPal,Weekly,52,1.0,0.925,0.7142857142857142,0.9999999999999999,0.44000000000000017,0.8147142857142857,High Value
828,31,Male,Shoes,Footwear,51,Colorado,S,Green,Fall,4.1,Yes,Free Shipping,1,1,33,Bank Transfer,Fortnightly,26,1.0,0.38750000000000007,0.6530612244897959,0.49019607843137253,0.6399999999999999,0.54978331332533,Medium Value
829,24,Male,Socks,Clothing,62,Nevada,M,Peach,Fall,3.7,Yes,2-Day Shipping,1,1,27,PayPal,Bi-Weekly,26,1.0,0.525,0.5306122448979591,0.49019607843137253,0.4800000000000002,0.5123037214885955,Medium Value
831,41,Male,Shorts,Clothing,76,Wyoming,M,Maroon,Fall,4.2,Yes,Express,1,1,5,Credit Card,Annually,1,1.0,0.7000000000000001,0.08163265306122448,0.0,0.6800000000000002,0.24065306122448982,Low Value
832,66,Male,Gloves,Accessories,63,Washington,M,Red,Summer,4.3,Yes,Express,1,1,47,Cash,Every 3 Months,4,1.0,0.5375000000000001,0.9387755102040816,0.058823529411764705,0.72,0.5726572629051621,Medium Value
833,58,Male,Jacket,Outerwear,80,California,L,Blue,Fall,2.5,Yes,Express,1,1,28,Cash,Bi-Weekly,26,1.0,0.75,0.5510204081632653,0.49019607843137253,0.0,0.5174669867947179,Medium Value
834,43,Male,Handbag,Accessories,68,Oklahoma,M,Purple,Fall,3.5,Yes,Standard,1,1,11,Credit Card,Annually,1,1.0,0.6000000000000001,0.2040816326530612,0.0,0.40000000000000013,0.24163265306122453,Low Value
835,52,Male,Backpack,Accessories,89,Nevada,M,Indigo,Summer,3.1,Yes,Free Shipping,1,1,18,Credit Card,Weekly,52,1.0,0.8625,0.346938775510204,0.9999999999999999,0.2400000000000002,0.6352755102040816,Medium Value
836,35,Male,Boots,Footwear,26,Maryland,L,Indigo,Summer,2.5,Yes,Next Day Air,1,1,21,Debit Card,Weekly,52,1.0,0.07500000000000001,0.4081632653061224,0.9999999999999999,0.0,0.4782653061224489,Medium Value
837,23,Male,Gloves,Accessories,90,West Virginia,L,Violet,Winter,3.9,Yes,Store Pickup,1,1,22,Cash,Bi-Weekly,26,1.0,0.875,0.4285714285714285,0.49019607843137253,0.56,0.5494873949579833,Medium Value
838,25,Male,Hoodie,Clothing,28,Illinois,L,Brown,Spring,4.9,Yes,Express,1,1,33,Cash,Every 3 Months,4,1.0,0.10000000000000003,0.6530612244897959,0.058823529411764705,0.9600000000000002,0.3948715486194478,Low Value
839,33,Male,Coat,Outerwear,29,Kentucky,M,Gray,Spring,4.3,Yes,Express,1,1,49,Credit Card,Annually,1,1.0,0.11250000000000004,0.9795918367346937,0.0,0.72,0.48633673469387756,Medium Value
840,48,Male,Shirt,Clothing,31,Illinois,L,Teal,Spring,2.6,Yes,Free Shipping,1,1,10,Debit Card,Every 3 Months,4,1.0,0.1375,0.18367346938775508,0.058823529411764705,0.040000000000000036,0.12261644657863144,Low Value
841,42,Male,Shirt,Clothing,24,Alabama,L,Teal,Summer,4.2,Yes,2-Day Shipping,1,1,18,PayPal,Weekly,52,1.0,0.050000000000000044,0.346938775510204,0.9999999999999999,0.6800000000000002,0.5167755102040816,Medium Value
842,55,Male,Sweater,Clothing,88,Texas,M,Beige,Summer,2.6,Yes,Store Pickup,1,1,28,PayPal,Fortnightly,26,1.0,0.8500000000000001,0.5510204081632653,0.49019607843137253,0.040000000000000036,0.5414669867947179,Medium Value
843,59,Male,Shirt,Clothing,87,Missouri,M,Violet,Spring,3.6,Yes,Express,1,1,25,PayPal,Weekly,52,1.0,0.8375000000000001,0.4897959183673469,0.9999999999999999,0.44000000000000017,0.7074183673469387,Medium Value
844,65,Male,Hoodie,Clothing,80,Pennsylvania,S,Beige,Summer,3.2,Yes,Express,1,1,6,PayPal,Weekly,52,1.0,0.75,0.10204081632653061,0.9999999999999999,0.28000000000000025,0.5188163265306123,Medium Value
845,59,Male,Sandals,Footwear,48,Missouri,L,Purple,Winter,4.4,Yes,Express,1,1,44,Venmo,Bi-Weekly,26,1.0,0.3500000000000001,0.8775510204081631,0.49019607843137253,0.7600000000000002,0.6440792316926771,Medium Value
846,31,Male,Belt,Accessories,21,Michigan,XL,Charcoal,Winter,3.7,Yes,Standard,1,1,30,Venmo,Monthly,12,1.0,0.012500000000000011,0.5918367346938774,0.21568627450980393,0.4800000000000002,0.3519405762304922,Low Value
847,49,Male,Boots,Footwear,72,Kentucky,M,Pink,Spring,3.7,Yes,Express,1,1,42,Debit Card,Quarterly,4,1.0,0.65,0.836734693877551,0.058823529411764705,0.4800000000000002,0.5303409363745498,Medium Value
848,53,Male,Hoodie,Clothing,44,New Jersey,L,Blue,Fall,4.1,Yes,Standard,1,1,30,PayPal,Monthly,12,1.0,0.30000000000000004,0.5918367346938774,0.21568627450980393,0.6399999999999999,0.42544057623049214,Low Value
849,48,Male,Sandals,Footwear,73,Delaware,M,Lavender,Fall,3.6,Yes,Store Pickup,1,1,33,Credit Card,Bi-Weekly,26,1.0,0.6625000000000001,0.6530612244897959,0.49019607843137253,0.44000000000000017,0.5847833133253302,Medium Value
850,23,Male,Jeans,Clothing,61,Missouri,S,Charcoal,Spring,4.3,Yes,Express,1,1,24,PayPal,Quarterly,4,1.0,0.5125000000000001,0.4693877551020408,0.058823529411764705,0.72,0.37990216086434575,Low Value
851,68,Male,Shoes,Footwear,20,Connecticut,L,Turquoise,Winter,2.6,Yes,Store Pickup,1,1,13,Venmo,Monthly,12,1.0,0.0,0.24489795918367344,0.21568627450980393,0.040000000000000036,0.16666506602641057,Low Value
852,35,Male,Sandals,Footwear,86,Massachusetts,M,Red,Summer,2.9,Yes,Express,1,1,19,Debit Card,Monthly,12,1.0,0.825,0.36734693877551017,0.21568627450980393,0.15999999999999992,0.3926446578631453,Low Value
853,34,Male,Dress,Clothing,60,Florida,L,Yellow,Spring,4.2,Yes,Next Day Air,1,1,23,Debit Card,Every 3 Months,4,1.0,0.5,0.44897959183673464,0.058823529411764705,0.6800000000000002,0.36523889555822325,Low Value
854,62,Male,Hat,Accessories,43,Delaware,L,Orange,Winter,4.0,Yes,Free Shipping,1,1,35,Cash,Monthly,12,1.0,0.2875,0.693877551020408,0.21568627450980393,0.6000000000000001,0.45975690276110437,Medium Value
855,21,Male,Pants,Clothing,44,California,L,Blue,Spring,4.3,Yes,Free Shipping,1,1,22,Venmo,Monthly,12,1.0,0.30000000000000004,0.4285714285714285,0.21568627450980393,0.72,0.3681344537815126,Low Value
856,70,Male,Socks,Clothing,76,Oregon,L,Gold,Spring,3.0,Yes,2-Day Shipping,1,1,14,Credit Card,Quarterly,4,1.0,0.7000000000000001,0.26530612244897955,0.058823529411764705,0.20000000000000018,0.28376950780312127,Low Value
857,55,Male,Shirt,Clothing,33,Alaska,M,Gold,Summer,3.5,Yes,Express,1,1,47,Debit Card,Fortnightly,26,1.0,0.16250000000000003,0.9387755102040816,0.49019607843137253,0.40000000000000013,0.5950690276110444,Medium Value
858,43,Male,Shorts,Clothing,60,Missouri,L,Cyan,Fall,3.0,Yes,Standard,1,1,50,Debit Card,Every 3 Months,4,1.0,0.5,1.0,0.058823529411764705,0.20000000000000018,0.5376470588235295,Medium Value
859,19,Male,Jacket,Outerwear,26,Oklahoma,L,Olive,Fall,3.1,Yes,Free Shipping,1,1,33,PayPal,Weekly,52,1.0,0.07500000000000001,0.6530612244897959,0.9999999999999999,0.2400000000000002,0.6002244897959182,Medium Value
860,47,Male,Hoodie,Clothing,73,Wisconsin,M,Teal,Winter,4.0,Yes,Next Day Air,1,1,7,Debit Card,Monthly,12,1.0,0.6625000000000001,0.12244897959183673,0.21568627450980393,0.6000000000000001,0.3061854741896759,Low Value
861,26,Male,Shoes,Footwear,87,South Carolina,M,Maroon,Spring,4.1,Yes,Standard,1,1,3,Cash,Monthly,12,1.0,0.8375000000000001,0.04081632653061225,0.21568627450980393,0.6399999999999999,0.31253241296518613,Low Value
863,19,Male,Coat,Outerwear,84,Arkansas,M,Charcoal,Winter,4.9,Yes,Standard,1,1,13,PayPal,Fortnightly,26,1.0,0.8,0.24489795918367344,0.49019607843137253,0.9600000000000002,0.5010180072028811,Medium Value
864,49,Male,Sneakers,Footwear,41,Vermont,M,Cyan,Summer,3.9,Yes,Standard,1,1,42,PayPal,Fortnightly,26,1.0,0.26250000000000007,0.836734693877551,0.49019607843137253,0.56,0.5902527010804323,Medium Value
865,51,Male,Jeans,Clothing,59,Kentucky,S,Charcoal,Winter,3.9,Yes,Next Day Air,1,1,5,PayPal,Annually,1,1.0,0.48750000000000004,0.08163265306122448,0.0,0.56,0.18615306122448982,Low Value
866,64,Male,Blouse,Clothing,26,Colorado,L,Charcoal,Winter,4.8,Yes,Store Pickup,1,1,23,Venmo,Annually,1,1.0,0.07500000000000001,0.44897959183673464,0.0,0.9199999999999999,0.2865918367346939,Low Value
867,67,Male,Sunglasses,Accessories,69,New Mexico,M,Lavender,Summer,2.7,Yes,Free Shipping,1,1,11,PayPal,Bi-Weekly,26,1.0,0.6125,0.2040816326530612,0.49019607843137253,0.08000000000000007,0.3591914765906362,Low Value
868,37,Male,Jacket,Outerwear,20,Colorado,M,Turquoise,Spring,3.1,Yes,Free Shipping,1,1,23,Bank Transfer,Fortnightly,26,1.0,0.0,0.44897959183673464,0.49019607843137253,0.2400000000000002,0.35065066026410563,Low Value
869,40,Male,Dress,Clothing,83,North Carolina,M,Green,Summer,3.2,Yes,Next Day Air,1,1,2,Credit Card,Every 3 Months,4,1.0,0.7875000000000001,0.02040816326530612,0.058823529411764705,0.28000000000000025,0.21131032412965192,Low Value
870,38,Male,Hat,Accessories,54,New Hampshire,M,Silver,Spring,2.7,Yes,2-Day Shipping,1,1,33,PayPal,Weekly,52,1.0,0.42500000000000004,0.6530612244897959,0.9999999999999999,0.08000000000000007,0.6542244897959182,Medium Value
871,66,Male,Hoodie,Clothing,66,West Virginia,M,Blue,Fall,2.5,Yes,Standard,1,1,6,Bank Transfer,Bi-Weekly,26,1.0,0.5750000000000001,0.10204081632653061,0.49019607843137253,0.0,0.30287515006002397,Low Value
872,47,Male,Handbag,Accessories,42,Hawaii,M,Charcoal,Spring,2.6,Yes,Next Day Air,1,1,45,Debit Card,Quarterly,4,1.0,0.275,0.8979591836734693,0.058823529411764705,0.040000000000000036,0.43583073229291713,Low Value
873,56,Male,Jeans,Clothing,33,North Dakota,M,Pink,Spring,2.9,Yes,Standard,1,1,25,Cash,Quarterly,4,1.0,0.16250000000000003,0.4897959183673469,0.058823529411764705,0.15999999999999992,0.2620654261704682,Low Value
874,51,Male,Boots,Footwear,77,Mississippi,M,Pink,Summer,4.2,Yes,Free Shipping,1,1,24,Venmo,Quarterly,4,1.0,0.7125,0.4693877551020408,0.058823529411764705,0.6800000000000002,0.4159021608643458,Low Value
875,25,Male,Jacket,Outerwear,65,Maine,M,Magenta,Fall,4.4,Yes,Free Shipping,1,1,10,Venmo,Every 3 Months,4,1.0,0.5625,0.18367346938775508,0.058823529411764705,0.7600000000000002,0.27961644657863144,Low Value
876,37,Male,Sandals,Footwear,39,North Dakota,L,Gray,Summer,4.1,Yes,Free Shipping,1,1,7,Bank Transfer,Every 3 Months,4,1.0,0.23750000000000004,0.12244897959183673,0.058823529411764705,0.6399999999999999,0.17812665066026412,Low Value
877,41,Male,Belt,Accessories,51,Nebraska,L,Gray,Summer,3.8,Yes,2-Day Shipping,1,1,1,Debit Card,Weekly,52,1.0,0.38750000000000007,0.0,0.9999999999999999,0.52,0.42949999999999994,Low Value
878,64,Male,Handbag,Accessories,65,Nebraska,M,Orange,Winter,4.9,Yes,Next Day Air,1,1,45,Venmo,Every 3 Months,4,1.0,0.5625,0.8979591836734693,0.058823529411764705,0.9600000000000002,0.5853307322929171,Medium Value
879,23,Male,Sunglasses,Accessories,89,Tennessee,S,Black,Summer,4.9,Yes,Express,1,1,37,Debit Card,Weekly,52,1.0,0.8625,0.7346938775510203,0.9999999999999999,0.9600000000000002,0.8623775510204081,High Value
880,62,Male,Skirt,Clothing,76,Wyoming,S,Lavender,Spring,4.1,Yes,Free Shipping,1,1,14,PayPal,Quarterly,4,1.0,0.7000000000000001,0.26530612244897955,0.058823529411764705,0.6399999999999999,0.32776950780312125,Low Value
881,39,Male,Backpack,Accessories,75,Nevada,L,Red,Spring,3.1,Yes,Express,1,1,25,Debit Card,Monthly,12,1.0,0.6875,0.4897959183673469,0.21568627450980393,0.2400000000000002,0.42212424969988,Low Value
882,52,Male,Sandals,Footwear,61,South Carolina,M,Silver,Summer,2.7,Yes,Next Day Air,1,1,18,Venmo,Annually,1,1.0,0.5125000000000001,0.346938775510204,0.0,0.08000000000000007,0.24927551020408162,Low Value
883,50,Male,Boots,Footwear,35,Virginia,M,Cyan,Fall,3.8,Yes,Next Day Air,1,1,37,Cash,Every 3 Months,4,1.0,0.1875,0.7346938775510203,0.058823529411764705,0.52,0.40102460984393756,Low Value
884,28,Male,Sneakers,Footwear,37,Pennsylvania,S,Gold,Fall,4.3,Yes,Free Shipping,1,1,30,Bank Transfer,Monthly,12,1.0,0.21250000000000002,0.5918367346938774,0.21568627450980393,0.72,0.41594057623049213,Low Value
885,67,Male,Skirt,Clothing,91,Hawaii,L,Yellow,Winter,4.1,Yes,Express,1,1,34,Bank Transfer,Weekly,52,1.0,0.8875,0.673469387755102,0.9999999999999999,0.6399999999999999,0.8108877551020407,High Value
886,41,Male,Dress,Clothing,99,Ohio,L,Purple,Fall,4.4,Yes,Free Shipping,1,1,49,Debit Card,Every 3 Months,4,1.0,0.9875,0.9795918367346937,0.058823529411764705,0.7600000000000002,0.682983793517407,Medium Value
887,19,Male,Shorts,Clothing,54,Utah,S,Brown,Summer,3.6,Yes,Express,1,1,48,Bank Transfer,Monthly,12,1.0,0.42500000000000004,0.9591836734693877,0.21568627450980393,0.44000000000000017,0.5773793517406963,Medium Value
888,70,Male,Handbag,Accessories,47,Minnesota,L,Turquoise,Winter,3.3,Yes,2-Day Shipping,1,1,33,PayPal,Fortnightly,26,1.0,0.3375,0.6530612244897959,0.49019607843137253,0.32000000000000006,0.5077833133253301,Medium Value
890,59,Male,Belt,Accessories,84,Arizona,S,Olive,Fall,2.8,Yes,Free Shipping,1,1,50,Venmo,Weekly,52,1.0,0.8,1.0,0.9999999999999999,0.11999999999999988,0.872,High Value
891,52,Male,Gloves,Accessories,51,New York,S,Purple,Spring,4.3,Yes,2-Day Shipping,1,1,47,Credit Card,Monthly,12,1.0,0.38750000000000007,0.9387755102040816,0.21568627450980393,0.72,0.5897160864345737,Medium Value
892,20,Male,Skirt,Clothing,26,Pennsylvania,S,Lavender,Summer,3.9,Yes,Store Pickup,1,1,24,PayPal,Every 3 Months,4,1.0,0.07500000000000001,0.4693877551020408,0.058823529411764705,0.56,0.27640216086434577,Low Value
893,31,Male,Shorts,Clothing,64,New Mexico,L,Gray,Summer,2.7,Yes,Free Shipping,1,1,43,Debit Card,Monthly,12,1.0,0.55,0.8571428571428571,0.21568627450980393,0.08000000000000007,0.525563025210084,Medium Value
894,33,Male,Backpack,Accessories,51,Nebraska,M,Red,Spring,4.7,Yes,Express,1,1,14,Venmo,Monthly,12,1.0,0.38750000000000007,0.26530612244897955,0.21568627450980393,0.8800000000000001,0.33632833133253304,Low Value
895,44,Male,Hoodie,Clothing,60,Wyoming,L,Purple,Spring,3.8,Yes,Free Shipping,1,1,3,Debit Card,Quarterly,4,1.0,0.5,0.04081632653061225,0.058823529411764705,0.52,0.1859735894357743,Low Value
896,40,Male,Hat,Accessories,69,Mississippi,XL,Olive,Spring,4.7,Yes,Next Day Air,1,1,33,Debit Card,Quarterly,4,1.0,0.6125,0.6530612244897959,0.058823529411764705,0.8800000000000001,0.48937154861944776,Medium Value
897,69,Male,Jewelry,Accessories,29,Arkansas,M,Lavender,Spring,4.7,Yes,Express,1,1,38,Cash,Fortnightly,26,1.0,0.11250000000000004,0.7551020408163265,0.49019607843137253,0.8800000000000001,0.5595996398559424,Medium Value
898,29,Male,Shirt,Clothing,91,Illinois,M,Gray,Spring,3.4,Yes,Express,1,1,46,Venmo,Weekly,52,1.0,0.8875,0.9183673469387754,0.9999999999999999,0.3600000000000001,0.8808469387755101,High Value
899,54,Male,Belt,Accessories,70,Nevada,L,Red,Spring,3.5,Yes,2-Day Shipping,1,1,19,Bank Transfer,Every 3 Months,4,1.0,0.625,0.36734693877551017,0.058823529411764705,0.40000000000000013,0.3295858343337335,Low Value
900,65,Male,Sweater,Clothing,58,Rhode Island,M,Peach,Summer,4.0,Yes,Standard,1,1,20,PayPal,Annually,1,1.0,0.4750000000000001,0.38775510204081626,0.0,0.6000000000000001,0.31010204081632653,Low Value
901,54,Male,Hat,Accessories,98,West Virginia,L,Gray,Fall,3.3,Yes,Free Shipping,1,1,42,Bank Transfer,Quarterly,4,1.0,0.9750000000000001,0.836734693877551,0.058823529411764705,0.32000000000000006,0.5793409363745499,Medium Value
902,60,Male,Scarf,Accessories,68,Missouri,L,Violet,Summer,4.7,Yes,2-Day Shipping,1,1,34,Cash,Monthly,12,1.0,0.6000000000000001,0.673469387755102,0.21568627450980393,0.8800000000000001,0.5420936374549821,Medium Value
903,43,Male,Hat,Accessories,44,Kentucky,M,Beige,Summer,2.8,Yes,Next Day Air,1,1,5,Cash,Monthly,12,1.0,0.30000000000000004,0.08163265306122448,0.21568627450980393,0.11999999999999988,0.16935894357743095,Low Value
904,44,Male,Jacket,Outerwear,45,Washington,M,Blue,Winter,3.3,Yes,Express,1,1,3,PayPal,Quarterly,4,1.0,0.3125,0.04081632653061225,0.058823529411764705,0.32000000000000006,0.1284735894357743,Low Value
905,69,Male,T-shirt,Clothing,99,Alaska,L,Magenta,Spring,2.9,Yes,Free Shipping,1,1,46,PayPal,Every 3 Months,4,1.0,0.9875,0.9183673469387754,0.058823529411764705,0.15999999999999992,0.5984939975990395,Medium Value
906,46,Male,Dress,Clothing,68,Mississippi,S,Cyan,Spring,2.8,Yes,Standard,1,1,16,Venmo,Annually,1,1.0,0.6000000000000001,0.3061224489795918,0.0,0.11999999999999988,0.25444897959183677,Low Value
907,41,Male,Pants,Clothing,56,South Carolina,M,Red,Spring,4.2,Yes,Standard,1,1,21,Debit Card,Bi-Weekly,26,1.0,0.45000000000000007,0.4081632653061224,0.49019607843137253,0.6800000000000002,0.46832412965186077,Medium Value
908,32,Male,Sweater,Clothing,43,Missouri,L,Cyan,Winter,4.4,Yes,Express,1,1,34,Credit Card,Bi-Weekly,26,1.0,0.2875,0.673469387755102,0.49019607843137253,0.7600000000000002,0.5499465786314526,Medium Value
909,26,Male,Sunglasses,Accessories,99,New Jersey,M,Turquoise,Winter,3.6,Yes,Free Shipping,1,1,9,PayPal,Every 3 Months,4,1.0,0.9875,0.16326530612244897,0.058823529411764705,0.44000000000000017,0.32445318127250905,Low Value
910,61,Male,Belt,Accessories,56,Louisiana,L,Silver,Fall,2.7,Yes,Express,1,1,36,PayPal,Weekly,52,1.0,0.45000000000000007,0.7142857142857142,0.9999999999999999,0.08000000000000007,0.6837142857142857,Medium Value
911,49,Male,Hoodie,Clothing,25,South Carolina,S,Pink,Spring,3.4,Yes,Express,1,1,22,Credit Card,Monthly,12,1.0,0.0625,0.4285714285714285,0.21568627450980393,0.3600000000000001,0.28463445378151264,Low Value
912,53,Male,Pants,Clothing,74,Vermont,M,Black,Winter,2.8,Yes,2-Day Shipping,1,1,2,Bank Transfer,Quarterly,4,1.0,0.675,0.02040816326530612,0.058823529411764705,0.11999999999999988,0.17281032412965186,Low Value
913,24,Male,Hoodie,Clothing,56,Arkansas,M,Green,Winter,3.4,Yes,Next Day Air,1,1,32,Bank Transfer,Monthly,12,1.0,0.45000000000000007,0.6326530612244897,0.21568627450980393,0.3600000000000001,0.4437671068427371,Low Value
914,37,Male,Sneakers,Footwear,47,Utah,M,Yellow,Fall,2.6,Yes,Next Day Air,1,1,29,Cash,Every 3 Months,4,1.0,0.3375,0.5714285714285714,0.058823529411764705,0.040000000000000036,0.317718487394958,Low Value
915,43,Male,Dress,Clothing,67,Washington,L,Purple,Summer,4.1,Yes,Standard,1,1,27,Venmo,Every 3 Months,4,1.0,0.5875,0.5306122448979591,0.058823529411764705,0.6399999999999999,0.41139195678271306,Low Value
916,31,Male,Dress,Clothing,22,Rhode Island,L,Purple,Winter,2.9,Yes,Store Pickup,1,1,33,Credit Card,Fortnightly,26,1.0,0.025000000000000022,0.6530612244897959,0.49019607843137253,0.15999999999999992,0.4292833133253301,Low Value
917,49,Male,Jeans,Clothing,34,Illinois,S,Blue,Spring,2.7,Yes,Standard,1,1,16,Venmo,Monthly,12,1.0,0.17500000000000004,0.3061224489795918,0.21568627450980393,0.08000000000000007,0.2301548619447779,Low Value
918,69,Male,Sweater,Clothing,64,Missouri,M,Maroon,Spring,3.7,Yes,Standard,1,1,11,Bank Transfer,Quarterly,4,1.0,0.55,0.2040816326530612,0.058823529411764705,0.4800000000000002,0.25727971188475396,Low Value
919,65,Male,Shorts,Clothing,42,North Carolina,M,Orange,Spring,4.3,Yes,2-Day Shipping,1,1,11,Cash,Fortnightly,26,1.0,0.275,0.2040816326530612,0.49019607843137253,0.72,0.3556914765906362,Low Value
920,41,Male,Shirt,Clothing,82,Massachusetts,L,Green,Winter,2.6,Yes,2-Day Shipping,1,1,17,Debit Card,Bi-Weekly,26,1.0,0.7750000000000001,0.32653061224489793,0.49019607843137253,0.040000000000000036,0.4366710684273709,Low Value
921,37,Male,Belt,Accessories,81,Arkansas,XL,Gold,Summer,4.3,Yes,Free Shipping,1,1,37,Cash,Weekly,52,1.0,0.7625,0.7346938775510203,0.9999999999999999,0.72,0.818377551020408,High Value
922,70,Male,Coat,Outerwear,24,South Dakota,L,Silver,Summer,4.1,Yes,Express,1,1,18,PayPal,Weekly,52,1.0,0.050000000000000044,0.346938775510204,0.9999999999999999,0.6399999999999999,0.5127755102040815,Medium Value
923,63,Male,Sneakers,Footwear,60,Georgia,M,Cyan,Fall,4.2,Yes,Standard,1,1,13,Credit Card,Monthly,12,1.0,0.5,0.24489795918367344,0.21568627450980393,0.6800000000000002,0.3306650660264106,Low Value
924,55,Male,Shirt,Clothing,24,Arkansas,M,Silver,Spring,4.2,Yes,2-Day Shipping,1,1,7,PayPal,Weekly,52,1.0,0.050000000000000044,0.12244897959183673,0.9999999999999999,0.6800000000000002,0.4269795918367347,Low Value
925,52,Male,Socks,Clothing,78,Kansas,XL,Beige,Winter,3.1,Yes,Standard,1,1,37,Cash,Quarterly,4,1.0,0.7250000000000001,0.7346938775510203,0.058823529411764705,0.2400000000000002,0.4805246098439376,Medium Value
926,22,Male,Jeans,Clothing,88,Arizona,L,Teal,Winter,4.9,Yes,Express,1,1,8,Cash,Monthly,12,1.0,0.8500000000000001,0.14285714285714285,0.21568627450980393,0.9600000000000002,0.3878487394957984,Low Value
927,54,Male,Jeans,Clothing,63,Massachusetts,XL,Green,Spring,4.4,Yes,Express,1,1,11,Cash,Bi-Weekly,26,1.0,0.5375000000000001,0.2040816326530612,0.49019607843137253,0.7600000000000002,0.41219147659063626,Low Value
928,28,Male,Sneakers,Footwear,78,New Mexico,L,Black,Summer,4.4,Yes,Standard,1,1,8,Venmo,Bi-Weekly,26,1.0,0.7250000000000001,0.14285714285714285,0.49019607843137253,0.7600000000000002,0.4252016806722689,Low Value
929,67,Male,Dress,Clothing,37,Arkansas,XL,Yellow,Winter,3.4,Yes,Store Pickup,1,1,31,Cash,Every 3 Months,4,1.0,0.21250000000000002,0.6122448979591836,0.058823529411764705,0.3600000000000001,0.3410450180072029,Low Value
930,59,Male,Boots,Footwear,94,Nebraska,M,White,Fall,4.5,Yes,2-Day Shipping,1,1,26,Debit Card,Fortnightly,26,1.0,0.925,0.510204081632653,0.49019607843137253,0.8,0.616140456182473,Medium Value
931,26,Male,T-shirt,Clothing,78,Hawaii,L,Green,Fall,4.5,Yes,Store Pickup,1,1,20,Credit Card,Bi-Weekly,26,1.0,0.7250000000000001,0.38775510204081626,0.49019607843137253,0.8,0.5271608643457383,Medium Value
932,24,Male,Coat,Outerwear,36,Nebraska,M,Silver,Winter,4.1,Yes,Standard,1,1,24,Bank Transfer,Fortnightly,26,1.0,0.2,0.4693877551020408,0.49019607843137253,0.6399999999999999,0.4388139255702281,Low Value
933,62,Male,Skirt,Clothing,24,Indiana,L,Blue,Winter,3.2,Yes,Standard,1,1,45,Debit Card,Bi-Weekly,26,1.0,0.050000000000000044,0.8979591836734693,0.49019607843137253,0.28000000000000025,0.5442424969987996,Medium Value
934,70,Male,Sneakers,Footwear,84,Colorado,M,Magenta,Spring,2.7,Yes,Store Pickup,1,1,33,Debit Card,Monthly,12,1.0,0.8,0.6530612244897959,0.21568627450980393,0.08000000000000007,0.49393037214885954,Medium Value
935,45,Male,Jeans,Clothing,47,Oregon,S,Yellow,Spring,3.7,Yes,Express,1,1,21,Bank Transfer,Monthly,12,1.0,0.3375,0.4081632653061224,0.21568627450980393,0.4800000000000002,0.3434711884753902,Low Value
936,58,Male,Hoodie,Clothing,51,Ohio,L,White,Fall,2.6,Yes,Store Pickup,1,1,2,Bank Transfer,Fortnightly,26,1.0,0.38750000000000007,0.02040816326530612,0.49019607843137253,0.040000000000000036,0.2367220888355342,Low Value
937,31,Male,Shoes,Footwear,84,Maine,M,Pink,Summer,2.7,Yes,Free Shipping,1,1,28,Cash,Weekly,52,1.0,0.8,0.5510204081632653,0.9999999999999999,0.08000000000000007,0.6884081632653061,Medium Value
938,32,Male,Shorts,Clothing,24,Iowa,M,Magenta,Summer,2.7,Yes,Express,1,1,18,Venmo,Quarterly,4,1.0,0.050000000000000044,0.346938775510204,0.058823529411764705,0.08000000000000007,0.17442256902761102,Low Value
939,36,Male,Blouse,Clothing,97,Wisconsin,S,Teal,Fall,4.8,Yes,Free Shipping,1,1,21,Debit Card,Fortnightly,26,1.0,0.9625000000000001,0.4081632653061224,0.49019607843137253,0.9199999999999999,0.5948241296518607,Medium Value
940,25,Male,T-shirt,Clothing,89,New York,L,Indigo,Winter,4.8,Yes,Next Day Air,1,1,24,Credit Card,Monthly,12,1.0,0.8625,0.4693877551020408,0.21568627450980393,0.9199999999999999,0.5169609843937575,Medium Value
941,48,Male,Belt,Accessories,44,Colorado,S,Maroon,Spring,2.6,Yes,Store Pickup,1,1,15,PayPal,Every 3 Months,4,1.0,0.30000000000000004,0.28571428571428564,0.058823529411764705,0.040000000000000036,0.19593277310924367,Low Value
942,39,Male,Handbag,Accessories,35,Illinois,L,Black,Winter,4.5,Yes,2-Day Shipping,1,1,38,PayPal,Every 3 Months,4,1.0,0.1875,0.7551020408163265,0.058823529411764705,0.8,0.43718787515006,Low Value
943,26,Male,Dress,Clothing,91,Arizona,M,Cyan,Winter,3.2,Yes,Express,1,1,38,PayPal,Bi-Weekly,26,1.0,0.8875,0.7551020408163265,0.49019607843137253,0.28000000000000025,0.6545996398559424,Medium Value
944,32,Male,Hat,Accessories,63,Oklahoma,L,Cyan,Winter,3.8,Yes,Next Day Air,1,1,13,Venmo,Fortnightly,26,1.0,0.5375000000000001,0.24489795918367344,0.49019607843137253,0.52,0.40451800720288117,Low Value
945,54,Male,Belt,Accessories,97,Indiana,S,Gray,Spring,4.8,Yes,Express,1,1,39,Cash,Bi-Weekly,26,1.0,0.9625000000000001,0.7755102040816325,0.49019607843137253,0.9199999999999999,0.7417629051620648,Medium Value
946,38,Male,Boots,Footwear,38,Minnesota,M,Violet,Summer,4.1,Yes,Store Pickup,1,1,8,Venmo,Every 3 Months,4,1.0,0.22500000000000003,0.14285714285714285,0.058823529411764705,0.6399999999999999,0.18378991596638655,Low Value
947,46,Male,Coat,Outerwear,24,Pennsylvania,XL,Blue,Spring,2.8,Yes,Next Day Air,1,1,4,PayPal,Quarterly,4,1.0,0.050000000000000044,0.061224489795918366,0.058823529411764705,0.11999999999999988,0.06413685474189676,Low Value
948,57,Male,Blouse,Clothing,32,Indiana,M,Charcoal,Winter,3.9,Yes,Store Pickup,1,1,6,Cash,Every 3 Months,4,1.0,0.15000000000000002,0.10204081632653061,0.058823529411764705,0.56,0.14446338535414166,Low Value
949,49,Male,Hat,Accessories,90,Alabama,L,Olive,Summer,4.9,Yes,Express,1,1,11,Venmo,Every 3 Months,4,1.0,0.875,0.2040816326530612,0.058823529411764705,0.9600000000000002,0.37027971188475395,Low Value
950,33,Male,Jeans,Clothing,36,Montana,M,Olive,Summer,3.4,Yes,Standard,1,1,49,Venmo,Monthly,12,1.0,0.2,0.9795918367346937,0.21568627450980393,0.3600000000000001,0.5325426170468187,Medium Value
951,54,Male,Backpack,Accessories,37,New Mexico,XL,Turquoise,Winter,4.1,Yes,Free Shipping,1,1,30,PayPal,Quarterly,4,1.0,0.21250000000000002,0.5918367346938774,0.058823529411764705,0.6399999999999999,0.3608817527010804,Low Value
952,47,Male,Dress,Clothing,51,Alaska,M,Cyan,Summer,2.9,Yes,Express,1,1,34,Bank Transfer,Monthly,12,1.0,0.38750000000000007,0.673469387755102,0.21568627450980393,0.15999999999999992,0.427593637454982,Low Value
953,36,Male,Hat,Accessories,71,Idaho,S,Red,Fall,3.1,Yes,2-Day Shipping,1,1,28,PayPal,Monthly,12,1.0,0.6375000000000001,0.5510204081632653,0.21568627450980393,0.2400000000000002,0.43661404561824735,Low Value
954,68,Male,Sunglasses,Accessories,50,Utah,S,Cyan,Spring,3.6,Yes,2-Day Shipping,1,1,36,Venmo,Quarterly,4,1.0,0.375,0.7142857142857142,0.058823529411764705,0.44000000000000017,0.42236134453781515,Low Value
955,60,Male,Hat,Accessories,74,Louisiana,S,Turquoise,Fall,3.5,Yes,Standard,1,1,18,Credit Card,Every 3 Months,4,1.0,0.675,0.346938775510204,0.058823529411764705,0.40000000000000013,0.331422569027611,Low Value
956,55,Male,Dress,Clothing,75,Mississippi,L,Lavender,Summer,3.4,Yes,Free Shipping,1,1,4,PayPal,Monthly,12,1.0,0.6875,0.061224489795918366,0.21568627450980393,0.3600000000000001,0.2626956782713086,Low Value
957,29,Male,Shirt,Clothing,99,Mississippi,XL,Cyan,Spring,2.9,Yes,2-Day Shipping,1,1,42,Debit Card,Quarterly,4,1.0,0.9875,0.836734693877551,0.058823529411764705,0.15999999999999992,0.5658409363745498,Medium Value
958,38,Male,Scarf,Accessories,23,Indiana,XL,Violet,Spring,4.7,Yes,Store Pickup,1,1,11,Cash,Quarterly,4,1.0,0.03750000000000003,0.2040816326530612,0.058823529411764705,0.8800000000000001,0.19477971188475393,Low Value
959,70,Male,Sneakers,Footwear,53,Washington,XL,Beige,Winter,4.4,Yes,Free Shipping,1,1,31,Credit Card,Bi-Weekly,26,1.0,0.4125000000000001,0.6122448979591836,0.49019607843137253,0.7600000000000002,0.5504567827130853,Medium Value
960,36,Male,Skirt,Clothing,99,Nevada,M,Cyan,Spring,2.6,Yes,Standard,1,1,12,Cash,Fortnightly,26,1.0,0.9875,0.22448979591836735,0.49019607843137253,0.040000000000000036,0.4383547418967587,Low Value
961,18,Male,Jewelry,Accessories,48,Louisiana,XL,Indigo,Spring,4.4,Yes,Standard,1,1,20,Venmo,Quarterly,4,1.0,0.3500000000000001,0.38775510204081626,0.058823529411764705,0.7600000000000002,0.3187490996398559,Low Value
962,62,Male,Boots,Footwear,72,Pennsylvania,L,Olive,Fall,3.7,Yes,Next Day Air,1,1,37,Debit Card,Quarterly,4,1.0,0.65,0.7346938775510203,0.058823529411764705,0.4800000000000002,0.4895246098439376,Medium Value
963,29,Male,Sunglasses,Accessories,64,Michigan,L,Green,Spring,4.4,Yes,Standard,1,1,26,Debit Card,Fortnightly,26,1.0,0.55,0.510204081632653,0.49019607843137253,0.7600000000000002,0.537140456182473,Medium Value
964,21,Male,Boots,Footwear,63,South Carolina,L,Green,Spring,2.5,Yes,2-Day Shipping,1,1,14,Credit Card,Weekly,52,1.0,0.5375000000000001,0.26530612244897955,0.9999999999999999,0.0,0.5136224489795918,Medium Value
965,42,Male,Sandals,Footwear,51,Arizona,M,Beige,Spring,2.6,Yes,Next Day Air,1,1,12,Venmo,Bi-Weekly,26,1.0,0.38750000000000007,0.22448979591836735,0.49019607843137253,0.040000000000000036,0.3183547418967587,Low Value
966,43,Male,Boots,Footwear,55,Delaware,L,Black,Spring,5.0,Yes,Store Pickup,1,1,10,Credit Card,Annually,1,1.0,0.4375,0.18367346938775508,0.0,1.0,0.26096938775510203,Low Value
967,58,Male,Dress,Clothing,55,Kentucky,M,Brown,Spring,4.9,Yes,Express,1,1,19,Cash,Annually,1,1.0,0.4375,0.36734693877551017,0.0,0.9600000000000002,0.3304387755102041,Low Value
968,27,Male,Hoodie,Clothing,26,Georgia,S,Silver,Summer,3.7,Yes,Store Pickup,1,1,4,Cash,Weekly,52,1.0,0.07500000000000001,0.061224489795918366,0.9999999999999999,0.4800000000000002,0.38748979591836735,Low Value
969,57,Male,Shorts,Clothing,67,North Carolina,L,Gray,Summer,3.1,Yes,Next Day Air,1,1,48,Bank Transfer,Quarterly,4,1.0,0.5875,0.9591836734693877,0.058823529411764705,0.2400000000000002,0.5428205282112846,Medium Value
970,40,Male,Coat,Outerwear,31,California,S,Pink,Fall,3.2,Yes,Express,1,1,37,PayPal,Monthly,12,1.0,0.1375,0.7346938775510203,0.21568627450980393,0.28000000000000025,0.41408343337334935,Low Value
971,45,Male,Jeans,Clothing,66,California,S,Maroon,Winter,4.4,Yes,Free Shipping,1,1,4,Cash,Monthly,12,1.0,0.5750000000000001,0.061224489795918366,0.21568627450980393,0.7600000000000002,0.2801956782713086,Low Value
972,47,Male,Sunglasses,Accessories,67,Indiana,M,Cyan,Summer,4.3,Yes,Next Day Air,1,1,15,Credit Card,Weekly,52,1.0,0.5875,0.28571428571428564,0.9999999999999999,0.72,0.6037857142857141,Medium Value
973,61,Male,Sneakers,Footwear,61,Colorado,L,Gold,Winter,3.0,Yes,Standard,1,1,33,Credit Card,Weekly,52,1.0,0.5125000000000001,0.6530612244897959,0.9999999999999999,0.20000000000000018,0.6837244897959183,Medium Value
974,60,Male,Jacket,Outerwear,75,Colorado,M,Teal,Fall,3.5,Yes,2-Day Shipping,1,1,30,Bank Transfer,Quarterly,4,1.0,0.6875,0.5918367346938774,0.058823529411764705,0.40000000000000013,0.4318817527010804,Low Value
975,69,Male,Skirt,Clothing,90,North Carolina,M,Beige,Spring,3.6,Yes,2-Day Shipping,1,1,23,Bank Transfer,Monthly,12,1.0,0.875,0.44897959183673464,0.21568627450980393,0.44000000000000017,0.46329771908763506,Medium Value
976,58,Male,Sweater,Clothing,40,Washington,M,Olive,Summer,3.8,Yes,2-Day Shipping,1,1,2,Bank Transfer,Weekly,52,1.0,0.25,0.02040816326530612,0.9999999999999999,0.52,0.41016326530612235,Low Value
977,34,Male,T-shirt,Clothing,90,Florida,M,Gray,Fall,3.6,Yes,Express,1,1,50,Credit Card,Every 3 Months,4,1.0,0.875,1.0,0.058823529411764705,0.44000000000000017,0.6366470588235295,Medium Value
978,20,Male,Belt,Accessories,20,Washington,M,Black,Spring,4.6,Yes,Express,1,1,34,Cash,Bi-Weekly,26,1.0,0.0,0.673469387755102,0.49019607843137253,0.8399999999999999,0.5004465786314526,Medium Value
979,56,Male,Gloves,Accessories,40,Colorado,M,Turquoise,Summer,2.5,Yes,Standard,1,1,33,Credit Card,Weekly,52,1.0,0.25,0.6530612244897959,0.9999999999999999,0.0,0.6112244897959183,Medium Value
980,64,Male,Hat,Accessories,33,New Hampshire,S,Brown,Fall,3.5,Yes,Store Pickup,1,1,34,Debit Card,Monthly,12,1.0,0.16250000000000003,0.673469387755102,0.21568627450980393,0.40000000000000013,0.40659363745498206,Low Value
981,56,Male,Boots,Footwear,98,Maryland,S,Magenta,Spring,4.0,Yes,Free Shipping,1,1,39,PayPal,Every 3 Months,4,1.0,0.9750000000000001,0.7755102040816325,0.058823529411764705,0.6000000000000001,0.5828511404561825,Medium Value
982,27,Male,Belt,Accessories,42,Maryland,M,Silver,Spring,3.5,Yes,Next Day Air,1,1,47,Credit Card,Quarterly,4,1.0,0.275,0.9387755102040816,0.058823529411764705,0.40000000000000013,0.4881572629051621,Medium Value
983,35,Male,Coat,Outerwear,62,Texas,S,Red,Summer,3.2,Yes,Standard,1,1,37,PayPal,Monthly,12,1.0,0.525,0.7346938775510203,0.21568627450980393,0.28000000000000025,0.4915834333733493,Medium Value
984,24,Male,Hat,Accessories,45,New Mexico,L,Indigo,Winter,3.5,Yes,Free Shipping,1,1,40,Venmo,Bi-Weekly,26,1.0,0.3125,0.7959183673469387,0.49019607843137253,0.40000000000000013,0.5679261704681873,Medium Value
985,26,Male,Shoes,Footwear,78,Utah,M,Green,Summer,3.4,Yes,Free Shipping,1,1,8,Credit Card,Bi-Weekly,26,1.0,0.7250000000000001,0.14285714285714285,0.49019607843137253,0.3600000000000001,0.3852016806722689,Low Value
986,32,Male,Handbag,Accessories,80,West Virginia,M,Gray,Fall,5.0,Yes,Express,1,1,12,Bank Transfer,Annually,1,1.0,0.75,0.22448979591836735,0.0,1.0,0.339795918367347,Low Value
987,54,Male,Scarf,Accessories,96,Connecticut,S,Peach,Spring,4.5,Yes,Store Pickup,1,1,36,Bank Transfer,Monthly,12,1.0,0.9500000000000002,0.7142857142857142,0.21568627450980393,0.8,0.620420168067227,Medium Value
988,62,Male,Handbag,Accessories,47,West Virginia,M,Charcoal,Summer,2.8,Yes,Express,1,1,48,PayPal,Weekly,52,1.0,0.3375,0.9591836734693877,0.9999999999999999,0.11999999999999988,0.7631734693877551,High Value
989,50,Male,Pants,Clothing,84,Ohio,M,Orange,Winter,4.9,Yes,2-Day Shipping,1,1,47,PayPal,Fortnightly,26,1.0,0.8,0.9387755102040816,0.49019607843137253,0.9600000000000002,0.7785690276110444,High Value
990,70,Male,Shoes,Footwear,31,Texas,M,Beige,Spring,3.1,Yes,Store Pickup,1,1,2,Bank Transfer,Monthly,12,1.0,0.1375,0.02040816326530612,0.21568627450980393,0.2400000000000002,0.12436914765906365,Low Value
991,48,Male,Sunglasses,Accessories,63,Washington,S,Yellow,Spring,4.8,Yes,Store Pickup,1,1,24,Cash,Weekly,52,1.0,0.5375000000000001,0.4693877551020408,0.9999999999999999,0.9199999999999999,0.6872551020408163,Medium Value
992,20,Male,Shorts,Clothing,97,Wisconsin,XL,White,Spring,2.7,Yes,Standard,1,1,40,Bank Transfer,Bi-Weekly,26,1.0,0.9625000000000001,0.7959183673469387,0.49019607843137253,0.08000000000000007,0.6659261704681873,Medium Value
993,46,Male,Jacket,Outerwear,99,Louisiana,M,Gray,Winter,4.6,Yes,Express,1,1,50,Debit Card,Weekly,52,1.0,0.9875,1.0,0.9999999999999999,0.8399999999999999,0.9814999999999999,High Value
994,51,Male,Sandals,Footwear,90,Iowa,M,Peach,Winter,4.4,Yes,Store Pickup,1,1,25,Cash,Weekly,52,1.0,0.875,0.4897959183673469,0.9999999999999999,0.7600000000000002,0.7469183673469388,Medium Value
995,53,Male,Shoes,Footwear,68,New York,L,Violet,Fall,3.2,Yes,Express,1,1,20,Debit Card,Monthly,12,1.0,0.6000000000000001,0.38775510204081626,0.21568627450980393,0.28000000000000025,0.3678079231692677,Low Value
996,44,Male,Jewelry,Accessories,80,Idaho,M,Magenta,Spring,3.0,Yes,2-Day Shipping,1,1,10,Venmo,Weekly,52,1.0,0.75,0.18367346938775508,0.9999999999999999,0.20000000000000018,0.543469387755102,Medium Value
997,29,Male,Sandals,Footwear,91,Delaware,L,Maroon,Summer,4.9,Yes,Standard,1,1,32,Bank Transfer,Quarterly,4,1.0,0.8875,0.6326530612244897,0.058823529411764705,0.9600000000000002,0.5442082833133253,Medium Value
998,64,Male,Pants,Clothing,30,Kentucky,M,Cyan,Spring,3.6,Yes,Express,1,1,31,Cash,Fortnightly,26,1.0,0.125,0.6122448979591836,0.49019607843137253,0.44000000000000017,0.46095678271308527,Medium Value
999,51,Male,Shoes,Footwear,90,Connecticut,M,White,Spring,3.8,Yes,Next Day Air,1,1,48,Bank Transfer,Bi-Weekly,26,1.0,0.875,0.9591836734693877,0.49019607843137253,0.52,0.7577322929171669,High Value
1000,50,Male,Socks,Clothing,28,New Mexico,L,Brown,Spring,2.9,Yes,Standard,1,1,23,Debit Card,Monthly,12,1.0,0.10000000000000003,0.44897959183673464,0.21568627450980393,0.15999999999999992,0.28029771908763507,Low Value
1001,43,Male,Socks,Clothing,46,Georgia,M,Red,Winter,3.9,Yes,Express,1,1,1,Bank Transfer,Bi-Weekly,26,1.0,0.32500000000000007,0.0,0.49019607843137253,0.56,0.26805882352941174,Low Value
1002,61,Male,Dress,Clothing,60,Washington,M,Orange,Fall,3.6,Yes,Standard,1,1,4,Debit Card,Fortnightly,26,1.0,0.5,0.061224489795918366,0.49019607843137253,0.44000000000000017,0.3155486194477791,Low Value
1003,55,Male,Shoes,Footwear,59,North Dakota,M,White,Spring,3.5,Yes,Store Pickup,1,1,3,Bank Transfer,Bi-Weekly,26,1.0,0.48750000000000004,0.04081632653061225,0.49019607843137253,0.40000000000000013,0.3008853541416567,Low Value
1004,56,Male,Hat,Accessories,68,Ohio,M,Green,Fall,4.0,Yes,Store Pickup,1,1,3,Cash,Bi-Weekly,26,1.0,0.6000000000000001,0.04081632653061225,0.49019607843137253,0.6000000000000001,0.34338535414165666,Low Value
1005,33,Male,Backpack,Accessories,79,Tennessee,M,Black,Summer,4.8,Yes,2-Day Shipping,1,1,44,Cash,Annually,1,1.0,0.7375,0.8775510204081631,0.0,0.9199999999999999,0.5905204081632653,Medium Value
1006,43,Male,Backpack,Accessories,94,New York,M,Gold,Winter,3.9,Yes,Store Pickup,1,1,5,Debit Card,Bi-Weekly,26,1.0,0.925,0.08163265306122448,0.49019607843137253,0.56,0.4207118847539016,Low Value
1007,21,Male,Pants,Clothing,83,Michigan,S,Lavender,Summer,4.5,Yes,Next Day Air,1,1,50,Venmo,Quarterly,4,1.0,0.7875000000000001,1.0,0.058823529411764705,0.8,0.6551470588235295,Medium Value
1008,58,Male,Gloves,Accessories,62,Georgia,XL,Turquoise,Spring,4.8,Yes,Standard,1,1,2,Credit Card,Annually,1,1.0,0.525,0.02040816326530612,0.0,0.9199999999999999,0.20516326530612244,Low Value
1009,41,Male,Scarf,Accessories,85,New Mexico,M,Pink,Spring,2.6,Yes,Store Pickup,1,1,29,PayPal,Annually,1,1.0,0.8125,0.5714285714285714,0.0,0.040000000000000036,0.3950714285714286,Low Value
1010,39,Male,Hoodie,Clothing,30,Louisiana,M,Silver,Summer,3.1,Yes,Express,1,1,11,Venmo,Annually,1,1.0,0.125,0.2040816326530612,0.0,0.2400000000000002,0.1306326530612245,Low Value
1011,54,Male,Jeans,Clothing,24,South Dakota,XL,Gray,Spring,4.7,Yes,2-Day Shipping,1,1,37,Credit Card,Fortnightly,26,1.0,0.050000000000000044,0.7346938775510203,0.49019607843137253,0.8800000000000001,0.5389363745498199,Medium Value
1012,43,Male,Backpack,Accessories,25,Montana,L,Indigo,Spring,2.9,Yes,Next Day Air,1,1,32,Debit Card,Fortnightly,26,1.0,0.0625,0.6326530612244897,0.49019607843137253,0.15999999999999992,0.42862004801920767,Low Value
1013,28,Male,Sandals,Footwear,37,New Mexico,L,Teal,Summer,3.8,Yes,Express,1,1,27,Credit Card,Annually,1,1.0,0.21250000000000002,0.5306122448979591,0.0,0.52,0.30674489795918364,Low Value
1014,59,Male,Belt,Accessories,69,South Carolina,XL,Green,Summer,3.8,Yes,2-Day Shipping,1,1,31,Venmo,Bi-Weekly,26,1.0,0.6125,0.6122448979591836,0.49019607843137253,0.52,0.5664567827130853,Medium Value
1015,28,Male,Shoes,Footwear,97,Ohio,M,Violet,Summer,3.0,Yes,Standard,1,1,36,Debit Card,Fortnightly,26,1.0,0.9625000000000001,0.7142857142857142,0.49019607843137253,0.20000000000000018,0.6452731092436975,Medium Value
1016,68,Male,Gloves,Accessories,24,North Carolina,M,Cyan,Summer,4.1,Yes,Standard,1,1,34,Cash,Weekly,52,1.0,0.050000000000000044,0.673469387755102,0.9999999999999999,0.6399999999999999,0.6433877551020407,Medium Value
1017,20,Male,Belt,Accessories,30,Idaho,XL,Blue,Summer,3.4,Yes,Express,1,1,15,Bank Transfer,Every 3 Months,4,1.0,0.125,0.28571428571428564,0.058823529411764705,0.3600000000000001,0.19293277310924367,Low Value
1018,21,Male,Jacket,Outerwear,53,Oklahoma,L,Orange,Fall,2.5,Yes,Express,1,1,14,Credit Card,Annually,1,1.0,0.4125000000000001,0.26530612244897955,0.0,0.0,0.18862244897959185,Low Value
1019,50,Male,Dress,Clothing,70,Georgia,XL,Charcoal,Spring,4.9,Yes,Next Day Air,1,1,46,Cash,Weekly,52,1.0,0.625,0.9183673469387754,0.9999999999999999,0.9600000000000002,0.8883469387755101,High Value
1020,32,Male,Shirt,Clothing,76,Kentucky,S,Beige,Winter,2.8,Yes,Standard,1,1,33,Venmo,Bi-Weekly,26,1.0,0.7000000000000001,0.6530612244897959,0.49019607843137253,0.11999999999999988,0.5602833133253301,Medium Value
1021,24,Male,Scarf,Accessories,95,Delaware,M,Black,Fall,4.5,Yes,Express,1,1,41,Debit Card,Annually,1,1.0,0.9375,0.8163265306122448,0.0,0.8,0.594030612244898,Medium Value
1022,55,Male,Coat,Outerwear,51,Massachusetts,S,Lavender,Winter,4.9,Yes,2-Day Shipping,1,1,39,PayPal,Weekly,52,1.0,0.38750000000000007,0.7755102040816325,0.9999999999999999,0.9600000000000002,0.783704081632653,High Value
1023,61,Male,Handbag,Accessories,41,Nebraska,M,Lavender,Winter,4.9,Yes,Store Pickup,1,1,7,Cash,Annually,1,1.0,0.26250000000000007,0.12244897959183673,0.0,0.9600000000000002,0.19747959183673475,Low Value
1024,61,Male,Sunglasses,Accessories,71,Maine,S,Turquoise,Winter,3.5,Yes,Free Shipping,1,1,29,Bank Transfer,Every 3 Months,4,1.0,0.6375000000000001,0.5714285714285714,0.058823529411764705,0.40000000000000013,0.41371848739495803,Low Value
1025,28,Male,T-shirt,Clothing,66,Pennsylvania,M,Purple,Summer,3.5,Yes,Free Shipping,1,1,18,Venmo,Quarterly,4,1.0,0.5750000000000001,0.346938775510204,0.058823529411764705,0.40000000000000013,0.31142256902761106,Low Value
1026,60,Male,Shirt,Clothing,84,Nebraska,M,Olive,Winter,4.9,Yes,Free Shipping,1,1,15,Credit Card,Annually,1,1.0,0.8,0.28571428571428564,0.0,0.9600000000000002,0.37028571428571433,Low Value
1027,49,Male,Handbag,Accessories,95,Virginia,L,Turquoise,Winter,3.0,Yes,Express,1,1,39,PayPal,Bi-Weekly,26,1.0,0.9375,0.7755102040816325,0.49019607843137253,0.20000000000000018,0.6647629051620647,Medium Value
1028,33,Male,Jewelry,Accessories,90,Ohio,L,Teal,Summer,2.8,Yes,Next Day Air,1,1,11,Cash,Monthly,12,1.0,0.875,0.2040816326530612,0.21568627450980393,0.11999999999999988,0.3333385354141657,Low Value
1029,45,Male,Hoodie,Clothing,36,Nebraska,S,Lavender,Summer,3.7,Yes,Standard,1,1,4,Cash,Fortnightly,26,1.0,0.2,0.061224489795918366,0.49019607843137253,0.4800000000000002,0.2595486194477791,Low Value
1030,29,Male,Gloves,Accessories,22,Ohio,M,Purple,Spring,3.6,Yes,2-Day Shipping,1,1,33,Venmo,Bi-Weekly,26,1.0,0.025000000000000022,0.6530612244897959,0.49019607843137253,0.44000000000000017,0.4572833133253301,Medium Value
1031,58,Male,Coat,Outerwear,89,Kentucky,L,Blue,Winter,3.3,Yes,Next Day Air,1,1,37,Debit Card,Quarterly,4,1.0,0.8625,0.7346938775510203,0.058823529411764705,0.32000000000000006,0.5160246098439376,Medium Value
1032,22,Male,Sandals,Footwear,50,Tennessee,M,Teal,Spring,3.4,Yes,Free Shipping,1,1,32,Cash,Quarterly,4,1.0,0.375,0.6326530612244897,0.058823529411764705,0.3600000000000001,0.38170828331332535,Low Value
1033,55,Male,Boots,Footwear,36,Maine,M,Lavender,Fall,4.0,Yes,Free Shipping,1,1,44,Credit Card,Quarterly,4,1.0,0.2,0.8775510204081631,0.058823529411764705,0.6000000000000001,0.4686674669867947,Medium Value
1034,19,Male,Pants,Clothing,52,Montana,S,Silver,Spring,4.6,Yes,Free Shipping,1,1,41,Bank Transfer,Quarterly,4,1.0,0.4,0.8163265306122448,0.058823529411764705,0.8399999999999999,0.5081776710684274,Medium Value
1035,68,Male,Socks,Clothing,29,Maryland,M,Olive,Fall,4.2,Yes,Next Day Air,1,1,44,Bank Transfer,Weekly,52,1.0,0.11250000000000004,0.8775510204081631,0.9999999999999999,0.6800000000000002,0.7415204081632653,Medium Value
1036,61,Male,Blouse,Clothing,89,Georgia,M,Brown,Fall,2.8,Yes,Express,1,1,32,Venmo,Annually,1,1.0,0.8625,0.6326530612244897,0.0,0.11999999999999988,0.43756122448979595,Low Value
1037,68,Male,Handbag,Accessories,47,Hawaii,M,Yellow,Fall,3.7,Yes,2-Day Shipping,1,1,13,Bank Transfer,Monthly,12,1.0,0.3375,0.24489795918367344,0.21568627450980393,0.4800000000000002,0.2781650660264106,Low Value
1038,52,Male,Jewelry,Accessories,25,Rhode Island,XL,Brown,Spring,3.4,Yes,Standard,1,1,48,Debit Card,Quarterly,4,1.0,0.0625,0.9591836734693877,0.058823529411764705,0.3600000000000001,0.44982052821128454,Low Value
1039,41,Male,Pants,Clothing,74,Nebraska,XL,Cyan,Fall,3.0,Yes,Express,1,1,3,Bank Transfer,Weekly,52,1.0,0.675,0.04081632653061225,0.9999999999999999,0.20000000000000018,0.47132653061224483,Medium Value
1040,29,Male,Belt,Accessories,46,Michigan,M,Magenta,Fall,4.8,Yes,Standard,1,1,39,Venmo,Monthly,12,1.0,0.32500000000000007,0.7755102040816325,0.21568627450980393,0.9199999999999999,0.5319099639855942,Medium Value
1041,68,Male,Jeans,Clothing,22,North Carolina,S,Magenta,Fall,4.0,Yes,Next Day Air,1,1,7,Cash,Fortnightly,26,1.0,0.025000000000000022,0.12244897959183673,0.49019607843137253,0.6000000000000001,0.26103841536614647,Low Value
1042,36,Male,Shirt,Clothing,25,Minnesota,M,Orange,Summer,4.9,Yes,Next Day Air,1,1,11,Cash,Fortnightly,26,1.0,0.0625,0.2040816326530612,0.49019607843137253,0.9600000000000002,0.33719147659063625,Low Value
1043,55,Male,Belt,Accessories,80,Maryland,M,Maroon,Spring,4.9,Yes,Next Day Air,1,1,47,Credit Card,Weekly,52,1.0,0.75,0.9387755102040816,0.9999999999999999,0.9600000000000002,0.9215102040816325,High Value
1044,28,Male,Jeans,Clothing,76,Hawaii,M,Green,Spring,3.3,Yes,2-Day Shipping,1,1,28,Debit Card,Fortnightly,26,1.0,0.7000000000000001,0.5510204081632653,0.49019607843137253,0.32000000000000006,0.5394669867947179,Medium Value
1045,39,Male,Jeans,Clothing,30,Oregon,L,Teal,Summer,4.4,Yes,Next Day Air,1,1,17,Bank Transfer,Every 3 Months,4,1.0,0.125,0.32653061224489793,0.058823529411764705,0.7600000000000002,0.24925930372148858,Low Value
1046,54,Male,Sweater,Clothing,79,New Mexico,L,Black,Fall,3.5,Yes,2-Day Shipping,1,1,11,PayPal,Bi-Weekly,26,1.0,0.7375,0.2040816326530612,0.49019607843137253,0.40000000000000013,0.41619147659063627,Low Value
1047,40,Male,Sneakers,Footwear,22,Illinois,M,Magenta,Winter,4.2,Yes,Standard,1,1,12,Venmo,Annually,1,1.0,0.025000000000000022,0.22448979591836735,0.0,0.6800000000000002,0.16279591836734697,Low Value
1048,31,Male,Socks,Clothing,36,Utah,S,Olive,Fall,4.2,Yes,Standard,1,1,7,Credit Card,Fortnightly,26,1.0,0.2,0.12244897959183673,0.49019607843137253,0.6800000000000002,0.30403841536614645,Low Value
1049,30,Male,Socks,Clothing,77,Maine,L,Yellow,Fall,2.7,Yes,Standard,1,1,19,Venmo,Fortnightly,26,1.0,0.7125,0.36734693877551017,0.49019607843137253,0.08000000000000007,0.44449759903961583,Low Value
1050,45,Male,Sunglasses,Accessories,33,Virginia,S,Purple,Fall,2.8,Yes,Store Pickup,1,1,24,Cash,Quarterly,4,1.0,0.16250000000000003,0.4693877551020408,0.058823529411764705,0.11999999999999988,0.24990216086434572,Low Value
1051,48,Male,Sneakers,Footwear,64,Florida,M,Beige,Winter,3.8,Yes,Next Day Air,1,1,19,Venmo,Monthly,12,1.0,0.55,0.36734693877551017,0.21568627450980393,0.52,0.3736446578631452,Low Value
1052,45,Male,Socks,Clothing,53,Ohio,M,Indigo,Fall,2.6,Yes,Free Shipping,1,1,39,PayPal,Annually,1,1.0,0.4125000000000001,0.7755102040816325,0.0,0.040000000000000036,0.396704081632653,Low Value
1053,60,Male,Shoes,Footwear,36,Virginia,XL,Pink,Fall,3.0,Yes,2-Day Shipping,1,1,1,Credit Card,Fortnightly,26,1.0,0.2,0.0,0.49019607843137253,0.20000000000000018,0.20705882352941177,Low Value
1054,59,Male,Blouse,Clothing,70,Kansas,M,Blue,Spring,3.3,No,2-Day Shipping,1,1,10,Debit Card,Bi-Weekly,26,1.0,0.625,0.18367346938775508,0.49019607843137253,0.32000000000000006,0.3775282112845138,Low Value
1055,18,Male,Shorts,Clothing,96,Arkansas,L,Cyan,Winter,4.9,No,Express,1,1,48,PayPal,Quarterly,4,1.0,0.9500000000000002,0.9591836734693877,0.058823529411764705,0.9600000000000002,0.6873205282112846,Medium Value
1056,70,Male,Jacket,Outerwear,27,Massachusetts,M,Orange,Spring,3.3,No,Next Day Air,1,1,24,Debit Card,Annually,1,1.0,0.08750000000000002,0.4693877551020408,0.0,0.32000000000000006,0.23725510204081635,Low Value
1057,20,Male,Sweater,Clothing,64,Idaho,L,Black,Winter,2.9,No,2-Day Shipping,1,1,42,Venmo,Fortnightly,26,1.0,0.55,0.836734693877551,0.49019607843137253,0.15999999999999992,0.6077527010804322,Medium Value
1058,65,Male,Jacket,Outerwear,23,Wisconsin,S,Maroon,Spring,4.4,No,2-Day Shipping,1,1,20,Credit Card,Weekly,52,1.0,0.03750000000000003,0.38775510204081626,0.9999999999999999,0.7600000000000002,0.5386020408163265,Medium Value
1059,29,Male,Scarf,Accessories,33,New Mexico,L,Violet,Summer,3.1,No,Next Day Air,1,1,49,Bank Transfer,Every 3 Months,4,1.0,0.16250000000000003,0.9795918367346937,0.058823529411764705,0.2400000000000002,0.465983793517407,Medium Value
1060,22,Male,Jacket,Outerwear,34,North Carolina,M,Beige,Winter,2.5,No,Standard,1,1,25,Debit Card,Monthly,12,1.0,0.17500000000000004,0.4897959183673469,0.21568627450980393,0.0,0.29562424969988,Low Value
1061,27,Male,Sweater,Clothing,35,Iowa,S,Gray,Summer,2.6,No,Next Day Air,1,1,21,Debit Card,Every 3 Months,4,1.0,0.1875,0.4081632653061224,0.058823529411764705,0.040000000000000036,0.22241236494597838,Low Value
1062,36,Male,Coat,Outerwear,62,Idaho,M,Gray,Summer,4.4,No,Free Shipping,1,1,12,Venmo,Every 3 Months,4,1.0,0.525,0.22448979591836735,0.058823529411764705,0.7600000000000002,0.2884429771908764,Low Value
1063,59,Male,Boots,Footwear,75,Ohio,M,Brown,Fall,2.6,No,Next Day Air,1,1,21,Debit Card,Every 3 Months,4,1.0,0.6875,0.4081632653061224,0.058823529411764705,0.040000000000000036,0.32241236494597836,Low Value
1064,62,Male,Hoodie,Clothing,29,Alabama,S,Indigo,Summer,3.3,No,Free Shipping,1,1,35,Cash,Monthly,12,1.0,0.11250000000000004,0.693877551020408,0.21568627450980393,0.32000000000000006,0.3967569027611044,Low Value
1065,34,Male,Hat,Accessories,28,Wyoming,M,Violet,Spring,3.5,No,Express,1,1,42,Credit Card,Every 3 Months,4,1.0,0.10000000000000003,0.836734693877551,0.058823529411764705,0.40000000000000013,0.4123409363745499,Low Value
1066,59,Male,T-shirt,Clothing,20,Alabama,XL,Blue,Spring,4.1,No,Store Pickup,1,1,3,PayPal,Every 3 Months,4,1.0,0.0,0.04081632653061225,0.058823529411764705,0.6399999999999999,0.0979735894357743,Low Value
1067,49,Male,Coat,Outerwear,96,Mississippi,M,Red,Winter,4.0,No,Store Pickup,1,1,11,PayPal,Bi-Weekly,26,1.0,0.9500000000000002,0.2040816326530612,0.49019607843137253,0.6000000000000001,0.47869147659063627,Medium Value
1068,18,Male,Dress,Clothing,43,Pennsylvania,S,Peach,Summer,2.7,No,2-Day Shipping,1,1,22,PayPal,Quarterly,4,1.0,0.2875,0.4285714285714285,0.058823529411764705,0.08000000000000007,0.25457563025210084,Low Value
1069,55,Male,Shirt,Clothing,94,Wyoming,M,Olive,Fall,2.5,No,Standard,1,1,47,Credit Card,Weekly,52,1.0,0.925,0.9387755102040816,0.9999999999999999,0.0,0.8605102040816326,High Value
1070,38,Male,Skirt,Clothing,81,Maryland,XL,White,Fall,4.3,No,Next Day Air,1,1,33,Venmo,Every 3 Months,4,1.0,0.7625,0.6530612244897959,0.058823529411764705,0.72,0.5033715486194477,Medium Value
1071,50,Male,Jewelry,Accessories,75,North Carolina,M,Magenta,Summer,3.3,No,Free Shipping,1,1,50,Debit Card,Weekly,52,1.0,0.6875,1.0,0.9999999999999999,0.32000000000000006,0.8694999999999999,High Value
1072,61,Male,Hat,Accessories,81,Pennsylvania,M,Beige,Summer,2.6,No,Express,1,1,46,Credit Card,Monthly,12,1.0,0.7625,0.9183673469387754,0.21568627450980393,0.040000000000000036,0.5885528211284513,Medium Value
1074,22,Male,Scarf,Accessories,96,California,XL,Purple,Spring,4.0,No,Store Pickup,1,1,33,Credit Card,Monthly,12,1.0,0.9500000000000002,0.6530612244897959,0.21568627450980393,0.6000000000000001,0.5759303721488596,Medium Value
1075,48,Male,Jewelry,Accessories,71,Tennessee,S,White,Fall,2.6,No,Standard,1,1,45,Bank Transfer,Fortnightly,26,1.0,0.6375000000000001,0.8979591836734693,0.49019607843137253,0.040000000000000036,0.6377424969987996,Medium Value
1076,57,Male,Sunglasses,Accessories,50,Missouri,L,Indigo,Summer,4.9,No,Next Day Air,1,1,32,Debit Card,Bi-Weekly,26,1.0,0.375,0.6326530612244897,0.49019607843137253,0.9600000000000002,0.5711200480192077,Medium Value
1077,33,Male,Coat,Outerwear,72,North Dakota,L,Charcoal,Spring,2.9,No,Standard,1,1,47,Venmo,Bi-Weekly,26,1.0,0.65,0.9387755102040816,0.49019607843137253,0.15999999999999992,0.6685690276110444,Medium Value
1078,58,Male,Jacket,Outerwear,28,West Virginia,M,Pink,Winter,3.7,No,Standard,1,1,5,PayPal,Quarterly,4,1.0,0.10000000000000003,0.08163265306122448,0.058823529411764705,0.4800000000000002,0.11830012004801924,Low Value
1079,37,Male,Sweater,Clothing,59,Arizona,M,Silver,Fall,4.4,No,Express,1,1,49,Credit Card,Fortnightly,26,1.0,0.48750000000000004,0.9795918367346937,0.49019607843137253,0.7600000000000002,0.7123955582232894,Medium Value
1080,18,Male,Coat,Outerwear,33,Oklahoma,S,Blue,Summer,4.4,No,Free Shipping,1,1,48,Bank Transfer,Monthly,12,1.0,0.16250000000000003,0.9591836734693877,0.21568627450980393,0.7600000000000002,0.5568793517406964,Medium Value
1081,65,Male,Scarf,Accessories,59,Pennsylvania,L,Blue,Fall,3.8,No,Express,1,1,22,Cash,Every 3 Months,4,1.0,0.48750000000000004,0.4285714285714285,0.058823529411764705,0.52,0.3385756302521008,Low Value
1082,62,Male,Belt,Accessories,30,Idaho,XL,Brown,Spring,4.5,No,Standard,1,1,45,Credit Card,Annually,1,1.0,0.125,0.8979591836734693,0.0,0.8,0.46418367346938777,Medium Value
1083,54,Male,Hat,Accessories,85,South Carolina,XL,Cyan,Winter,2.6,No,Next Day Air,1,1,30,Venmo,Quarterly,4,1.0,0.8125,0.5918367346938774,0.058823529411764705,0.040000000000000036,0.4208817527010804,Low Value
1084,35,Male,Backpack,Accessories,97,Washington,L,Teal,Summer,3.3,No,Store Pickup,1,1,43,Cash,Weekly,52,1.0,0.9625000000000001,0.8571428571428571,0.9999999999999999,0.32000000000000006,0.8673571428571428,High Value
1085,34,Male,T-shirt,Clothing,36,Arkansas,S,Purple,Fall,4.1,No,Next Day Air,1,1,48,Cash,Quarterly,4,1.0,0.2,0.9591836734693877,0.058823529411764705,0.6399999999999999,0.5053205282112845,Medium Value
1086,25,Male,Jewelry,Accessories,85,Utah,M,Turquoise,Winter,3.0,No,Store Pickup,1,1,23,Venmo,Fortnightly,26,1.0,0.8125,0.44897959183673464,0.49019607843137253,0.20000000000000018,0.5091506602641056,Medium Value
1087,53,Male,Sunglasses,Accessories,62,Alaska,M,Olive,Winter,3.0,No,Free Shipping,1,1,27,PayPal,Bi-Weekly,26,1.0,0.525,0.5306122448979591,0.49019607843137253,0.20000000000000018,0.48430372148859546,Medium Value
1088,45,Male,Jeans,Clothing,71,West Virginia,S,White,Winter,3.4,No,Next Day Air,1,1,7,Bank Transfer,Monthly,12,1.0,0.6375000000000001,0.12244897959183673,0.21568627450980393,0.3600000000000001,0.27718547418967593,Low Value
1089,49,Male,Pants,Clothing,21,Louisiana,M,Turquoise,Winter,2.7,No,Free Shipping,1,1,2,PayPal,Weekly,52,1.0,0.012500000000000011,0.02040816326530612,0.9999999999999999,0.08000000000000007,0.3186632653061224,Low Value
1090,40,Male,Backpack,Accessories,61,Arizona,M,Silver,Spring,3.8,No,Next Day Air,1,1,33,PayPal,Bi-Weekly,26,1.0,0.5125000000000001,0.6530612244897959,0.49019607843137253,0.52,0.5627833133253302,Medium Value
1091,38,Male,Scarf,Accessories,58,Connecticut,M,Violet,Spring,4.2,No,Store Pickup,1,1,27,Cash,Fortnightly,26,1.0,0.4750000000000001,0.5306122448979591,0.49019607843137253,0.6800000000000002,0.5223037214885955,Medium Value
1092,44,Male,Sweater,Clothing,80,North Carolina,L,Lavender,Spring,4.7,No,Store Pickup,1,1,6,Credit Card,Fortnightly,26,1.0,0.75,0.10204081632653061,0.49019607843137253,0.8800000000000001,0.425875150060024,Low Value
1093,68,Male,Jewelry,Accessories,50,South Dakota,L,Magenta,Spring,4.1,No,2-Day Shipping,1,1,20,Venmo,Quarterly,4,1.0,0.375,0.38775510204081626,0.058823529411764705,0.6399999999999999,0.3117490996398559,Low Value
1094,60,Male,Sneakers,Footwear,48,Delaware,S,Indigo,Winter,4.2,No,2-Day Shipping,1,1,46,Venmo,Every 3 Months,4,1.0,0.3500000000000001,0.9183673469387754,0.058823529411764705,0.6800000000000002,0.5229939975990396,Medium Value
1095,25,Male,Jewelry,Accessories,40,Connecticut,M,Black,Winter,4.8,No,Next Day Air,1,1,25,Cash,Quarterly,4,1.0,0.25,0.4897959183673469,0.058823529411764705,0.9199999999999999,0.35556542617046816,Low Value
1096,19,Male,Coat,Outerwear,34,Tennessee,S,Peach,Summer,3.0,No,Free Shipping,1,1,30,Bank Transfer,Quarterly,4,1.0,0.17500000000000004,0.5918367346938774,0.058823529411764705,0.20000000000000018,0.3093817527010804,Low Value
1097,57,Male,Coat,Outerwear,46,New Hampshire,S,Beige,Fall,2.6,No,Standard,1,1,48,Credit Card,Annually,1,1.0,0.32500000000000007,0.9591836734693877,0.0,0.040000000000000036,0.4526734693877551,Medium Value
1098,58,Male,Sunglasses,Accessories,27,Vermont,M,Black,Summer,3.2,No,Store Pickup,1,1,47,Bank Transfer,Weekly,52,1.0,0.08750000000000002,0.9387755102040816,0.9999999999999999,0.28000000000000025,0.7210102040816325,Medium Value
1099,49,Male,Handbag,Accessories,98,Idaho,S,Turquoise,Spring,3.6,No,Next Day Air,1,1,27,Credit Card,Weekly,52,1.0,0.9750000000000001,0.5306122448979591,0.9999999999999999,0.44000000000000017,0.7512448979591837,High Value
1100,19,Male,Sweater,Clothing,73,North Carolina,M,Peach,Fall,2.6,No,Next Day Air,1,1,45,Bank Transfer,Fortnightly,26,1.0,0.6625000000000001,0.8979591836734693,0.49019607843137253,0.040000000000000036,0.6427424969987996,Medium Value
1101,50,Male,Pants,Clothing,28,Nevada,L,Gold,Spring,4.4,No,Express,1,1,2,Credit Card,Weekly,52,1.0,0.10000000000000003,0.02040816326530612,0.9999999999999999,0.7600000000000002,0.4041632653061224,Low Value
1102,30,Male,Gloves,Accessories,76,Delaware,XL,Silver,Fall,3.0,No,Free Shipping,1,1,39,Cash,Fortnightly,26,1.0,0.7000000000000001,0.7755102040816325,0.49019607843137253,0.20000000000000018,0.6172629051620648,Medium Value
1103,52,Male,Sweater,Clothing,83,Texas,M,Peach,Fall,2.9,No,Express,1,1,24,Cash,Fortnightly,26,1.0,0.7875000000000001,0.4693877551020408,0.49019607843137253,0.15999999999999992,0.508313925570228,Medium Value
1104,35,Male,Hoodie,Clothing,23,Tennessee,S,Charcoal,Spring,4.3,No,Free Shipping,1,1,8,Debit Card,Bi-Weekly,26,1.0,0.03750000000000003,0.14285714285714285,0.49019607843137253,0.72,0.28370168067226886,Low Value
1105,35,Male,Hat,Accessories,28,Delaware,M,Beige,Fall,3.1,No,Express,1,1,8,Bank Transfer,Quarterly,4,1.0,0.10000000000000003,0.14285714285714285,0.058823529411764705,0.2400000000000002,0.11878991596638658,Low Value
1106,33,Male,T-shirt,Clothing,83,Massachusetts,S,Olive,Spring,3.0,No,Next Day Air,1,1,6,Venmo,Every 3 Months,4,1.0,0.7875000000000001,0.10204081632653061,0.058823529411764705,0.20000000000000018,0.2359633853541417,Low Value
1107,52,Male,Skirt,Clothing,96,Minnesota,L,Violet,Winter,3.6,No,Store Pickup,1,1,12,Venmo,Fortnightly,26,1.0,0.9500000000000002,0.22448979591836735,0.49019607843137253,0.44000000000000017,0.4708547418967588,Medium Value
1108,69,Male,Sneakers,Footwear,62,Texas,M,Peach,Fall,2.8,No,Store Pickup,1,1,26,Bank Transfer,Weekly,52,1.0,0.525,0.510204081632653,0.9999999999999999,0.11999999999999988,0.6210816326530612,Medium Value
1109,27,Male,Shorts,Clothing,25,Nebraska,M,Teal,Fall,2.8,No,Standard,1,1,50,Cash,Fortnightly,26,1.0,0.0625,1.0,0.49019607843137253,0.11999999999999988,0.5715588235294118,Medium Value
1111,28,Male,Hoodie,Clothing,61,Texas,L,Cyan,Fall,3.0,No,Standard,1,1,31,Cash,Bi-Weekly,26,1.0,0.5125000000000001,0.6122448979591836,0.49019607843137253,0.20000000000000018,0.5144567827130853,Medium Value
1112,22,Male,Shoes,Footwear,66,New York,S,Olive,Summer,4.1,No,Next Day Air,1,1,4,Credit Card,Bi-Weekly,26,1.0,0.5750000000000001,0.061224489795918366,0.49019607843137253,0.6399999999999999,0.3505486194477791,Low Value
1113,69,Male,Hoodie,Clothing,67,Washington,XL,Pink,Spring,4.6,No,Free Shipping,1,1,32,PayPal,Quarterly,4,1.0,0.5875,0.6326530612244897,0.058823529411764705,0.8399999999999999,0.4722082833133253,Medium Value
1114,28,Male,Sunglasses,Accessories,80,Maryland,M,Purple,Summer,4.8,No,Next Day Air,1,1,11,PayPal,Bi-Weekly,26,1.0,0.75,0.2040816326530612,0.49019607843137253,0.9199999999999999,0.47069147659063626,Medium Value
1115,55,Male,Skirt,Clothing,25,New Hampshire,L,Violet,Fall,2.6,No,Next Day Air,1,1,47,Bank Transfer,Every 3 Months,4,1.0,0.0625,0.9387755102040816,0.058823529411764705,0.040000000000000036,0.4096572629051621,Low Value
1116,30,Male,Hat,Accessories,58,New York,S,Peach,Fall,4.0,No,2-Day Shipping,1,1,37,Cash,Weekly,52,1.0,0.4750000000000001,0.7346938775510203,0.9999999999999999,0.6000000000000001,0.7488775510204082,Medium Value
1117,67,Male,Backpack,Accessories,96,Hawaii,M,Charcoal,Winter,4.2,No,Express,1,1,39,PayPal,Fortnightly,26,1.0,0.9500000000000002,0.7755102040816325,0.49019607843137253,0.6800000000000002,0.7152629051620649,Medium Value
1118,25,Male,Sunglasses,Accessories,77,California,L,Lavender,Spring,4.5,No,Store Pickup,1,1,24,Credit Card,Monthly,12,1.0,0.7125,0.4693877551020408,0.21568627450980393,0.8,0.47496098439375756,Medium Value
1119,49,Male,Belt,Accessories,65,Indiana,M,Purple,Summer,4.9,No,Standard,1,1,11,PayPal,Every 3 Months,4,1.0,0.5625,0.2040816326530612,0.058823529411764705,0.9600000000000002,0.30777971188475395,Low Value
1120,34,Male,Jewelry,Accessories,36,Louisiana,M,Indigo,Spring,3.1,No,Standard,1,1,36,Credit Card,Weekly,52,1.0,0.2,0.7142857142857142,0.9999999999999999,0.2400000000000002,0.6497142857142857,Medium Value
1121,22,Male,Sneakers,Footwear,84,Pennsylvania,M,Magenta,Winter,4.0,No,Next Day Air,1,1,40,Debit Card,Monthly,12,1.0,0.8,0.7959183673469387,0.21568627450980393,0.6000000000000001,0.6030732292917167,Medium Value
1122,63,Male,T-shirt,Clothing,58,Florida,XL,Peach,Fall,3.2,No,Express,1,1,25,Cash,Quarterly,4,1.0,0.4750000000000001,0.4897959183673469,0.058823529411764705,0.28000000000000025,0.33656542617046825,Low Value
1123,70,Male,Handbag,Accessories,62,North Carolina,S,Charcoal,Spring,4.3,No,2-Day Shipping,1,1,12,Credit Card,Annually,1,1.0,0.525,0.22448979591836735,0.0,0.72,0.26679591836734695,Low Value
1124,36,Male,Hat,Accessories,67,Massachusetts,S,Purple,Fall,2.5,No,Store Pickup,1,1,38,Cash,Monthly,12,1.0,0.5875,0.7551020408163265,0.21568627450980393,0.0,0.4842466986794718,Medium Value
1126,27,Male,Sandals,Footwear,90,North Dakota,M,Lavender,Summer,2.7,No,2-Day Shipping,1,1,10,Bank Transfer,Weekly,52,1.0,0.875,0.18367346938775508,0.9999999999999999,0.08000000000000007,0.556469387755102,Medium Value
1127,23,Male,Scarf,Accessories,58,Iowa,L,Beige,Winter,3.4,No,Standard,1,1,47,Venmo,Fortnightly,26,1.0,0.4750000000000001,0.9387755102040816,0.49019607843137253,0.3600000000000001,0.6535690276110444,Medium Value
1128,50,Male,Shirt,Clothing,53,Delaware,XL,Maroon,Spring,4.8,No,Store Pickup,1,1,22,Debit Card,Monthly,12,1.0,0.4125000000000001,0.4285714285714285,0.21568627450980393,0.9199999999999999,0.41063445378151264,Low Value
1129,56,Male,Gloves,Accessories,30,New York,L,Charcoal,Winter,4.7,No,Next Day Air,1,1,35,Debit Card,Monthly,12,1.0,0.125,0.693877551020408,0.21568627450980393,0.8800000000000001,0.4552569027611044,Medium Value
1130,37,Male,Hoodie,Clothing,65,New Hampshire,XL,White,Winter,4.7,No,Express,1,1,46,Venmo,Fortnightly,26,1.0,0.5625,0.9183673469387754,0.49019607843137253,0.8800000000000001,0.714905762304922,Medium Value
1131,67,Male,Jewelry,Accessories,41,Kentucky,M,Lavender,Summer,3.9,No,Standard,1,1,30,PayPal,Bi-Weekly,26,1.0,0.26250000000000007,0.5918367346938774,0.49019607843137253,0.56,0.49229351740696276,Medium Value
1132,67,Male,Shirt,Clothing,73,Illinois,M,Black,Spring,3.7,No,Express,1,1,20,Bank Transfer,Monthly,12,1.0,0.6625000000000001,0.38775510204081626,0.21568627450980393,0.4800000000000002,0.4003079231692678,Low Value
1133,50,Male,Hoodie,Clothing,98,North Carolina,S,Teal,Spring,4.3,No,Store Pickup,1,1,25,Cash,Fortnightly,26,1.0,0.9750000000000001,0.4897959183673469,0.49019607843137253,0.72,0.6099771908763505,Medium Value
1134,36,Male,Shoes,Footwear,36,Connecticut,XL,Magenta,Winter,4.1,No,2-Day Shipping,1,1,29,Cash,Weekly,52,1.0,0.2,0.5714285714285714,0.9999999999999999,0.6399999999999999,0.6325714285714285,Medium Value
1136,65,Male,Skirt,Clothing,90,Massachusetts,L,Peach,Winter,3.6,No,2-Day Shipping,1,1,32,Bank Transfer,Quarterly,4,1.0,0.875,0.6326530612244897,0.058823529411764705,0.44000000000000017,0.4897082833133254,Medium Value
1137,23,Male,Handbag,Accessories,83,Illinois,S,Cyan,Summer,4.8,No,Free Shipping,1,1,37,Cash,Monthly,12,1.0,0.7875000000000001,0.7346938775510203,0.21568627450980393,0.9199999999999999,0.6080834333733492,Medium Value
1138,46,Male,Shirt,Clothing,91,New Mexico,XL,Pink,Winter,2.8,No,2-Day Shipping,1,1,16,Bank Transfer,Every 3 Months,4,1.0,0.8875,0.3061224489795918,0.058823529411764705,0.11999999999999988,0.3295960384153661,Low Value
1139,18,Male,Pants,Clothing,36,Iowa,M,Purple,Summer,4.7,No,Express,1,1,32,Venmo,Fortnightly,26,1.0,0.2,0.6326530612244897,0.49019607843137253,0.8800000000000001,0.5281200480192076,Medium Value
1140,58,Male,Coat,Outerwear,53,Alabama,L,Purple,Spring,3.9,No,Standard,1,1,42,Debit Card,Bi-Weekly,26,1.0,0.4125000000000001,0.836734693877551,0.49019607843137253,0.56,0.6202527010804322,Medium Value
1141,31,Male,Jeans,Clothing,39,Maryland,M,White,Winter,2.6,No,Store Pickup,1,1,6,Credit Card,Every 3 Months,4,1.0,0.23750000000000004,0.10204081632653061,0.058823529411764705,0.040000000000000036,0.10996338535414169,Low Value
1142,39,Male,Gloves,Accessories,33,Ohio,S,Silver,Winter,4.7,No,Next Day Air,1,1,23,PayPal,Fortnightly,26,1.0,0.16250000000000003,0.44897959183673464,0.49019607843137253,0.8800000000000001,0.44715066026410566,Low Value
1143,69,Male,T-shirt,Clothing,76,Ohio,L,Green,Spring,3.5,No,Store Pickup,1,1,27,Venmo,Bi-Weekly,26,1.0,0.7000000000000001,0.5306122448979591,0.49019607843137253,0.40000000000000013,0.5393037214885954,Medium Value
1144,68,Male,Boots,Footwear,23,Nevada,L,Teal,Winter,4.4,No,Standard,1,1,43,PayPal,Quarterly,4,1.0,0.03750000000000003,0.8571428571428571,0.058823529411764705,0.7600000000000002,0.4440042016806723,Low Value
1145,41,Male,Jeans,Clothing,54,South Carolina,S,Indigo,Fall,4.4,No,2-Day Shipping,1,1,25,Bank Transfer,Fortnightly,26,1.0,0.42500000000000004,0.4897959183673469,0.49019607843137253,0.7600000000000002,0.5039771908763506,Medium Value
1146,31,Male,Sneakers,Footwear,89,Nevada,L,Pink,Summer,3.0,No,Express,1,1,30,Cash,Every 3 Months,4,1.0,0.8625,0.5918367346938774,0.058823529411764705,0.20000000000000018,0.44688175270108044,Low Value
1147,48,Male,Sneakers,Footwear,38,Wisconsin,M,Indigo,Summer,4.2,No,Standard,1,1,7,Bank Transfer,Every 3 Months,4,1.0,0.22500000000000003,0.12244897959183673,0.058823529411764705,0.6800000000000002,0.17962665066026412,Low Value
1148,59,Male,Hat,Accessories,36,Tennessee,XL,Red,Winter,4.3,No,Next Day Air,1,1,17,Debit Card,Annually,1,1.0,0.2,0.32653061224489793,0.0,0.72,0.24261224489795918,Low Value
1149,34,Male,Pants,Clothing,66,Florida,M,Violet,Spring,2.6,No,Store Pickup,1,1,10,PayPal,Fortnightly,26,1.0,0.5750000000000001,0.18367346938775508,0.49019607843137253,0.040000000000000036,0.3395282112845138,Low Value
1150,21,Male,Jewelry,Accessories,42,Georgia,L,Cyan,Spring,3.3,No,Store Pickup,1,1,40,Venmo,Annually,1,1.0,0.275,0.7959183673469387,0.0,0.32000000000000006,0.4053673469387755,Low Value
1151,29,Male,Jewelry,Accessories,36,Kentucky,S,Red,Winter,2.7,No,Next Day Air,1,1,50,Venmo,Bi-Weekly,26,1.0,0.2,1.0,0.49019607843137253,0.08000000000000007,0.5950588235294119,Medium Value
1153,62,Male,Handbag,Accessories,49,Connecticut,M,Gold,Fall,4.0,No,Standard,1,1,8,PayPal,Every 3 Months,4,1.0,0.36250000000000004,0.14285714285714285,0.058823529411764705,0.6000000000000001,0.20728991596638657,Low Value
1154,27,Male,Shirt,Clothing,41,Idaho,M,Pink,Summer,4.0,No,Free Shipping,1,1,6,Bank Transfer,Quarterly,4,1.0,0.26250000000000007,0.10204081632653061,0.058823529411764705,0.6000000000000001,0.17096338535414168,Low Value
1155,49,Male,Dress,Clothing,82,Georgia,L,Cyan,Spring,2.9,No,2-Day Shipping,1,1,44,Credit Card,Bi-Weekly,26,1.0,0.7750000000000001,0.8775510204081631,0.49019607843137253,0.15999999999999992,0.669079231692677,Medium Value
1156,67,Male,T-shirt,Clothing,53,Tennessee,S,Red,Fall,2.6,No,Express,1,1,47,PayPal,Quarterly,4,1.0,0.4125000000000001,0.9387755102040816,0.058823529411764705,0.040000000000000036,0.4796572629051621,Medium Value
1157,20,Male,Shoes,Footwear,21,Hawaii,M,Gold,Summer,4.8,No,Express,1,1,6,Venmo,Every 3 Months,4,1.0,0.012500000000000011,0.10204081632653061,0.058823529411764705,0.9199999999999999,0.15296338535414167,Low Value
1158,37,Male,Belt,Accessories,66,Maryland,M,Charcoal,Fall,4.4,No,Standard,1,1,11,Cash,Quarterly,4,1.0,0.5750000000000001,0.2040816326530612,0.058823529411764705,0.7600000000000002,0.29027971188475393,Low Value
1159,69,Male,Belt,Accessories,89,Nevada,L,Orange,Summer,4.0,No,2-Day Shipping,1,1,41,Bank Transfer,Annually,1,1.0,0.8625,0.8163265306122448,0.0,0.6000000000000001,0.559030612244898,Medium Value
1160,66,Male,Handbag,Accessories,55,New Hampshire,L,Blue,Fall,3.6,No,2-Day Shipping,1,1,46,Venmo,Every 3 Months,4,1.0,0.4375,0.9183673469387754,0.058823529411764705,0.44000000000000017,0.5164939975990396,Medium Value
1161,37,Male,Scarf,Accessories,42,North Dakota,S,Blue,Summer,3.2,No,Next Day Air,1,1,9,Venmo,Bi-Weekly,26,1.0,0.275,0.16326530612244897,0.49019607843137253,0.28000000000000025,0.29536494597839136,Low Value
1162,63,Male,Shorts,Clothing,52,Oklahoma,S,Orange,Fall,3.1,No,2-Day Shipping,1,1,37,PayPal,Monthly,12,1.0,0.4,0.7346938775510203,0.21568627450980393,0.2400000000000002,0.46258343337334934,Medium Value
1163,47,Male,Sandals,Footwear,92,North Carolina,M,Blue,Winter,4.2,No,Express,1,1,13,PayPal,Weekly,52,1.0,0.9000000000000001,0.24489795918367344,0.9999999999999999,0.6800000000000002,0.6459591836734695,Medium Value
1164,26,Male,Pants,Clothing,56,Tennessee,L,White,Summer,3.0,No,2-Day Shipping,1,1,24,Debit Card,Monthly,12,1.0,0.45000000000000007,0.4693877551020408,0.21568627450980393,0.20000000000000018,0.36246098439375757,Low Value
1165,68,Male,Dress,Clothing,96,Montana,M,Green,Winter,4.2,No,Standard,1,1,47,PayPal,Quarterly,4,1.0,0.9500000000000002,0.9387755102040816,0.058823529411764705,0.6800000000000002,0.6511572629051622,Medium Value
1166,51,Male,T-shirt,Clothing,64,Wisconsin,M,Silver,Winter,2.9,No,Next Day Air,1,1,21,Venmo,Every 3 Months,4,1.0,0.55,0.4081632653061224,0.058823529411764705,0.15999999999999992,0.3069123649459784,Low Value
1167,48,Male,Dress,Clothing,48,Connecticut,S,Lavender,Winter,3.7,No,Store Pickup,1,1,22,Venmo,Fortnightly,26,1.0,0.3500000000000001,0.4285714285714285,0.49019607843137253,0.4800000000000002,0.4364873949579832,Low Value
1168,60,Male,Socks,Clothing,83,New Jersey,XL,Beige,Summer,3.6,No,Free Shipping,1,1,16,PayPal,Quarterly,4,1.0,0.7875000000000001,0.3061224489795918,0.058823529411764705,0.44000000000000017,0.34159603841536623,Low Value
1169,68,Male,Scarf,Accessories,91,Mississippi,L,Violet,Summer,3.6,No,Standard,1,1,37,Debit Card,Fortnightly,26,1.0,0.8875,0.7346938775510203,0.49019607843137253,0.44000000000000017,0.6624363745498199,Medium Value
1170,25,Male,Backpack,Accessories,94,Wyoming,S,Gray,Fall,4.5,No,2-Day Shipping,1,1,3,Cash,Annually,1,1.0,0.925,0.04081632653061225,0.0,0.8,0.28132653061224494,Low Value
1171,57,Male,Skirt,Clothing,62,Illinois,S,Red,Spring,3.2,No,Express,1,1,33,Cash,Bi-Weekly,26,1.0,0.525,0.6530612244897959,0.49019607843137253,0.28000000000000025,0.5412833133253301,Medium Value
1172,41,Male,Socks,Clothing,55,Louisiana,M,Lavender,Spring,3.9,No,Next Day Air,1,1,15,Debit Card,Annually,1,1.0,0.4375,0.28571428571428564,0.0,0.56,0.2577857142857143,Low Value
1173,59,Male,Coat,Outerwear,68,Oregon,L,Peach,Spring,4.6,No,Store Pickup,1,1,42,Bank Transfer,Bi-Weekly,26,1.0,0.6000000000000001,0.836734693877551,0.49019607843137253,0.8399999999999999,0.6857527010804322,Medium Value
1174,44,Male,Jewelry,Accessories,76,South Dakota,M,Indigo,Winter,2.5,No,Express,1,1,42,Cash,Bi-Weekly,26,1.0,0.7000000000000001,0.836734693877551,0.49019607843137253,0.0,0.6217527010804322,Medium Value
1175,42,Male,Backpack,Accessories,31,Michigan,M,Black,Winter,4.3,No,Express,1,1,19,Bank Transfer,Bi-Weekly,26,1.0,0.1375,0.36734693877551017,0.49019607843137253,0.72,0.39349759903961584,Low Value
1176,35,Male,Belt,Accessories,81,New Jersey,M,Beige,Spring,4.1,No,Store Pickup,1,1,26,PayPal,Quarterly,4,1.0,0.7625,0.510204081632653,0.058823529411764705,0.6399999999999999,0.4382286914765906,Low Value
1178,54,Male,Skirt,Clothing,21,Iowa,M,Black,Spring,4.8,No,Standard,1,1,24,Debit Card,Monthly,12,1.0,0.012500000000000011,0.4693877551020408,0.21568627450980393,0.9199999999999999,0.34696098439375755,Low Value
1179,37,Male,Dress,Clothing,22,South Carolina,M,Teal,Spring,4.9,No,Express,1,1,23,Debit Card,Annually,1,1.0,0.025000000000000022,0.44897959183673464,0.0,0.9600000000000002,0.2805918367346939,Low Value
1180,20,Male,T-shirt,Clothing,33,Indiana,M,Blue,Summer,2.8,No,Free Shipping,1,1,44,Bank Transfer,Annually,1,1.0,0.16250000000000003,0.8775510204081631,0.0,0.11999999999999988,0.39552040816326534,Low Value
1181,23,Male,Skirt,Clothing,23,Oregon,S,Beige,Spring,4.9,No,Standard,1,1,34,Cash,Monthly,12,1.0,0.03750000000000003,0.673469387755102,0.21568627450980393,0.9600000000000002,0.43759363745498203,Low Value
1182,61,Male,Shorts,Clothing,96,New York,L,Teal,Summer,3.5,No,Free Shipping,1,1,43,Bank Transfer,Quarterly,4,1.0,0.9500000000000002,0.8571428571428571,0.058823529411764705,0.40000000000000013,0.5905042016806723,Medium Value
1183,37,Male,Jewelry,Accessories,21,New Mexico,M,Maroon,Spring,3.8,No,Express,1,1,45,PayPal,Quarterly,4,1.0,0.012500000000000011,0.8979591836734693,0.058823529411764705,0.52,0.43133073229291713,Low Value
1184,23,Male,Pants,Clothing,39,Louisiana,M,Yellow,Spring,4.5,No,2-Day Shipping,1,1,4,Credit Card,Weekly,52,1.0,0.23750000000000004,0.061224489795918366,0.9999999999999999,0.8,0.45198979591836735,Medium Value
1185,63,Male,Belt,Accessories,73,South Carolina,S,Indigo,Fall,3.4,No,Express,1,1,19,Credit Card,Annually,1,1.0,0.6625000000000001,0.36734693877551017,0.0,0.3600000000000001,0.31543877551020416,Low Value
1186,47,Male,Jeans,Clothing,64,Maine,M,Magenta,Spring,3.9,No,Standard,1,1,29,Credit Card,Monthly,12,1.0,0.55,0.5714285714285714,0.21568627450980393,0.56,0.4592773109243698,Medium Value
1187,63,Male,Jeans,Clothing,68,Indiana,M,Beige,Summer,4.1,No,2-Day Shipping,1,1,27,Credit Card,Annually,1,1.0,0.6000000000000001,0.5306122448979591,0.0,0.6399999999999999,0.39624489795918366,Low Value
1188,56,Male,Hat,Accessories,89,Iowa,L,Maroon,Fall,3.0,No,Express,1,1,37,Credit Card,Every 3 Months,4,1.0,0.8625,0.7346938775510203,0.058823529411764705,0.20000000000000018,0.5040246098439376,Medium Value
1189,68,Male,Blouse,Clothing,29,Mississippi,M,Magenta,Summer,3.3,No,Next Day Air,1,1,11,Credit Card,Weekly,52,1.0,0.11250000000000004,0.2040816326530612,0.9999999999999999,0.32000000000000006,0.43613265306122445,Low Value
1191,62,Male,Shirt,Clothing,45,South Carolina,M,Orange,Winter,4.3,No,Next Day Air,1,1,31,Credit Card,Weekly,52,1.0,0.3125,0.6122448979591836,0.9999999999999999,0.72,0.6793979591836733,Medium Value
1192,34,Male,T-shirt,Clothing,70,Indiana,L,Charcoal,Winter,4.1,No,Free Shipping,1,1,50,Venmo,Quarterly,4,1.0,0.625,1.0,0.058823529411764705,0.6399999999999999,0.6066470588235294,Medium Value
1193,49,Male,Coat,Outerwear,56,Florida,M,Turquoise,Summer,4.0,No,2-Day Shipping,1,1,42,Venmo,Quarterly,4,1.0,0.45000000000000007,0.836734693877551,0.058823529411764705,0.6000000000000001,0.5023409363745499,Medium Value
1194,40,Male,Jacket,Outerwear,55,Alaska,L,Pink,Fall,5.0,No,2-Day Shipping,1,1,18,Credit Card,Fortnightly,26,1.0,0.4375,0.346938775510204,0.49019607843137253,1.0,0.4733343337334933,Medium Value
1195,50,Male,Hoodie,Clothing,46,New York,S,Teal,Winter,3.1,No,2-Day Shipping,1,1,6,Credit Card,Fortnightly,26,1.0,0.32500000000000007,0.10204081632653061,0.49019607843137253,0.2400000000000002,0.276875150060024,Low Value
1196,25,Male,Scarf,Accessories,95,Texas,M,White,Winter,4.0,No,2-Day Shipping,1,1,33,Venmo,Monthly,12,1.0,0.9375,0.6530612244897959,0.21568627450980393,0.6000000000000001,0.5734303721488596,Medium Value
1197,30,Male,Belt,Accessories,88,North Dakota,M,Maroon,Winter,3.2,No,2-Day Shipping,1,1,13,Bank Transfer,Bi-Weekly,26,1.0,0.8500000000000001,0.24489795918367344,0.49019607843137253,0.28000000000000025,0.4430180072028812,Low Value
1198,54,Male,Sneakers,Footwear,92,Vermont,L,Violet,Fall,3.9,No,Standard,1,1,26,PayPal,Annually,1,1.0,0.9000000000000001,0.510204081632653,0.0,0.56,0.44008163265306127,Low Value
1199,40,Male,Socks,Clothing,49,New Jersey,M,Brown,Summer,3.9,No,2-Day Shipping,1,1,17,Cash,Annually,1,1.0,0.36250000000000004,0.32653061224489793,0.0,0.56,0.2591122448979592,Low Value
1200,49,Male,Sandals,Footwear,89,Maryland,M,Indigo,Fall,4.5,No,Free Shipping,1,1,3,Debit Card,Weekly,52,1.0,0.8625,0.04081632653061225,0.9999999999999999,0.8,0.5688265306122449,Medium Value
1201,27,Male,Coat,Outerwear,22,Connecticut,XL,Black,Winter,4.4,No,Store Pickup,1,1,7,PayPal,Weekly,52,1.0,0.025000000000000022,0.12244897959183673,0.9999999999999999,0.7600000000000002,0.4299795918367347,Low Value
1202,27,Male,Shoes,Footwear,61,Illinois,XL,Black,Summer,3.1,No,2-Day Shipping,1,1,46,Venmo,Fortnightly,26,1.0,0.5125000000000001,0.9183673469387754,0.49019607843137253,0.2400000000000002,0.6409057623049219,Medium Value
1203,48,Male,Scarf,Accessories,29,Maryland,S,Olive,Spring,2.9,No,Standard,1,1,14,Venmo,Every 3 Months,4,1.0,0.11250000000000004,0.26530612244897955,0.058823529411764705,0.15999999999999992,0.16226950780312124,Low Value
1204,40,Male,Sneakers,Footwear,82,Minnesota,M,Orange,Winter,3.7,No,Free Shipping,1,1,23,Bank Transfer,Annually,1,1.0,0.7750000000000001,0.44897959183673464,0.0,0.4800000000000002,0.38259183673469394,Low Value
1205,67,Male,Belt,Accessories,94,Florida,M,Pink,Spring,3.2,No,2-Day Shipping,1,1,20,Credit Card,Every 3 Months,4,1.0,0.925,0.38775510204081626,0.058823529411764705,0.28000000000000025,0.38574909963985593,Low Value
1206,52,Male,Handbag,Accessories,99,California,M,Olive,Spring,3.5,No,Standard,1,1,38,Bank Transfer,Fortnightly,26,1.0,0.9875,0.7551020408163265,0.49019607843137253,0.40000000000000013,0.6865996398559424,Medium Value
1207,22,Male,Handbag,Accessories,59,Mississippi,S,Cyan,Fall,3.0,No,Free Shipping,1,1,16,Venmo,Every 3 Months,4,1.0,0.48750000000000004,0.3061224489795918,0.058823529411764705,0.20000000000000018,0.25759603841536616,Low Value
1208,62,Male,Boots,Footwear,90,Washington,M,White,Summer,4.1,No,Next Day Air,1,1,48,Credit Card,Every 3 Months,4,1.0,0.875,0.9591836734693877,0.058823529411764705,0.6399999999999999,0.6403205282112845,Medium Value
1210,41,Male,Pants,Clothing,62,Pennsylvania,M,Blue,Winter,3.8,No,Next Day Air,1,1,16,Bank Transfer,Monthly,12,1.0,0.525,0.3061224489795918,0.21568627450980393,0.52,0.3441548619447779,Low Value
1211,34,Male,Sunglasses,Accessories,78,Missouri,M,Olive,Fall,4.1,No,Next Day Air,1,1,5,Cash,Quarterly,4,1.0,0.7250000000000001,0.08163265306122448,0.058823529411764705,0.6399999999999999,0.2593001200480192,Low Value
1212,23,Male,Hoodie,Clothing,94,Oklahoma,M,Green,Spring,4.6,No,Store Pickup,1,1,14,Venmo,Every 3 Months,4,1.0,0.925,0.26530612244897955,0.058823529411764705,0.8399999999999999,0.39276950780312125,Low Value
1213,32,Male,Shoes,Footwear,74,Pennsylvania,M,Yellow,Summer,2.5,No,Free Shipping,1,1,18,Credit Card,Weekly,52,1.0,0.675,0.346938775510204,0.9999999999999999,0.0,0.5737755102040816,Medium Value
1214,68,Male,Handbag,Accessories,52,Kentucky,XL,Black,Spring,3.7,No,Express,1,1,14,Debit Card,Every 3 Months,4,1.0,0.4,0.26530612244897955,0.058823529411764705,0.4800000000000002,0.2517695078031213,Low Value
1215,30,Male,Jacket,Outerwear,81,Vermont,M,Blue,Fall,3.8,No,Free Shipping,1,1,5,Cash,Every 3 Months,4,1.0,0.7625,0.08163265306122448,0.058823529411764705,0.52,0.2548001200480192,Low Value
1216,66,Male,Blouse,Clothing,20,Oregon,L,Pink,Winter,2.6,No,2-Day Shipping,1,1,15,Credit Card,Every 3 Months,4,1.0,0.0,0.28571428571428564,0.058823529411764705,0.040000000000000036,0.13593277310924368,Low Value
1217,62,Male,Pants,Clothing,32,Utah,XL,Lavender,Summer,3.7,No,Free Shipping,1,1,3,Venmo,Every 3 Months,4,1.0,0.15000000000000002,0.04081632653061225,0.058823529411764705,0.4800000000000002,0.11197358943577435,Low Value
1218,50,Male,Boots,Footwear,63,Nebraska,XL,Cyan,Fall,2.6,No,Free Shipping,1,1,12,Cash,Every 3 Months,4,1.0,0.5375000000000001,0.22448979591836735,0.058823529411764705,0.040000000000000036,0.2189429771908764,Low Value
1219,55,Male,Boots,Footwear,79,Pennsylvania,M,Cyan,Spring,3.1,No,Store Pickup,1,1,43,Cash,Every 3 Months,4,1.0,0.7375,0.8571428571428571,0.058823529411764705,0.2400000000000002,0.5320042016806723,Medium Value
1220,19,Male,Sweater,Clothing,23,Vermont,M,Gold,Winter,2.5,No,Next Day Air,1,1,35,Credit Card,Bi-Weekly,26,1.0,0.03750000000000003,0.693877551020408,0.49019607843137253,0.0,0.43210984393757496,Low Value
1222,18,Male,Socks,Clothing,69,Iowa,M,Red,Winter,4.5,No,Standard,1,1,3,Cash,Quarterly,4,1.0,0.6125,0.04081632653061225,0.058823529411764705,0.8,0.23647358943577435,Low Value
1223,58,Male,Jeans,Clothing,69,Indiana,L,Magenta,Fall,3.4,No,Store Pickup,1,1,27,Bank Transfer,Annually,1,1.0,0.6125,0.5306122448979591,0.0,0.3600000000000001,0.3707448979591837,Low Value
1224,69,Male,Pants,Clothing,24,Kansas,L,Red,Winter,3.9,No,Free Shipping,1,1,21,Bank Transfer,Weekly,52,1.0,0.050000000000000044,0.4081632653061224,0.9999999999999999,0.56,0.5292653061224489,Medium Value
1225,62,Male,Shorts,Clothing,50,Illinois,M,Yellow,Summer,3.7,No,Store Pickup,1,1,18,Venmo,Weekly,52,1.0,0.375,0.346938775510204,0.9999999999999999,0.4800000000000002,0.5617755102040816,Medium Value
1226,28,Male,Gloves,Accessories,97,North Carolina,S,Turquoise,Fall,2.6,No,Free Shipping,1,1,16,Debit Card,Weekly,52,1.0,0.9625000000000001,0.3061224489795918,0.9999999999999999,0.040000000000000036,0.6189489795918367,Medium Value
1227,53,Male,Sandals,Footwear,91,Ohio,S,Cyan,Fall,3.4,No,Store Pickup,1,1,18,Venmo,Bi-Weekly,26,1.0,0.8875,0.346938775510204,0.49019607843137253,0.3600000000000001,0.49933433373349334,Medium Value
1228,27,Male,Blouse,Clothing,37,Illinois,L,Yellow,Spring,4.9,No,Store Pickup,1,1,19,Bank Transfer,Bi-Weekly,26,1.0,0.21250000000000002,0.36734693877551017,0.49019607843137253,0.9600000000000002,0.4324975990396159,Low Value
1229,55,Male,Jacket,Outerwear,55,Indiana,S,Yellow,Winter,3.9,No,Express,1,1,1,Cash,Annually,1,1.0,0.4375,0.0,0.0,0.56,0.14350000000000002,Low Value
1230,34,Male,Jewelry,Accessories,52,Kansas,XL,Maroon,Winter,3.6,No,Express,1,1,39,Bank Transfer,Annually,1,1.0,0.4,0.7755102040816325,0.0,0.44000000000000017,0.43420408163265306,Low Value
1232,66,Male,Socks,Clothing,79,Pennsylvania,M,Gold,Spring,4.0,No,2-Day Shipping,1,1,43,Credit Card,Fortnightly,26,1.0,0.7375,0.8571428571428571,0.49019607843137253,0.6000000000000001,0.6974159663865547,Medium Value
1233,57,Male,Handbag,Accessories,23,New York,M,Charcoal,Summer,3.6,No,Free Shipping,1,1,31,Debit Card,Every 3 Months,4,1.0,0.03750000000000003,0.6122448979591836,0.058823529411764705,0.44000000000000017,0.3140450180072029,Low Value
1234,46,Male,Pants,Clothing,73,Utah,L,Beige,Winter,3.5,No,Next Day Air,1,1,40,Venmo,Every 3 Months,4,1.0,0.6625000000000001,0.7959183673469387,0.058823529411764705,0.40000000000000013,0.508514405762305,Medium Value
1235,38,Male,Gloves,Accessories,99,New Jersey,M,Indigo,Fall,4.1,No,Store Pickup,1,1,2,Bank Transfer,Bi-Weekly,26,1.0,0.9875,0.02040816326530612,0.49019607843137253,0.6399999999999999,0.4167220888355342,Low Value
1236,23,Male,Sweater,Clothing,22,Idaho,M,Red,Spring,3.0,No,Store Pickup,1,1,46,PayPal,Every 3 Months,4,1.0,0.025000000000000022,0.9183673469387754,0.058823529411764705,0.20000000000000018,0.4099939975990396,Low Value
1237,42,Male,Hat,Accessories,68,New Mexico,M,White,Summer,4.4,No,Store Pickup,1,1,35,Debit Card,Every 3 Months,4,1.0,0.6000000000000001,0.693877551020408,0.058823529411764705,0.7600000000000002,0.4911980792316926,Medium Value
1238,25,Male,Dress,Clothing,92,Michigan,S,Charcoal,Spring,4.4,No,2-Day Shipping,1,1,42,Credit Card,Quarterly,4,1.0,0.9000000000000001,0.836734693877551,0.058823529411764705,0.7600000000000002,0.60834093637455,Medium Value
1239,55,Male,Pants,Clothing,77,Wyoming,M,Violet,Winter,3.7,No,Express,1,1,3,Venmo,Fortnightly,26,1.0,0.7125,0.04081632653061225,0.49019607843137253,0.4800000000000002,0.35388535414165667,Low Value
1240,62,Male,Coat,Outerwear,37,New Jersey,XL,Magenta,Spring,4.8,No,Standard,1,1,32,Debit Card,Every 3 Months,4,1.0,0.21250000000000002,0.6326530612244897,0.058823529411764705,0.9199999999999999,0.40520828331332526,Low Value
1241,41,Male,Scarf,Accessories,79,New Jersey,L,White,Winter,2.9,No,Store Pickup,1,1,48,Debit Card,Annually,1,1.0,0.7375,0.9591836734693877,0.0,0.15999999999999992,0.5471734693877551,Medium Value
1242,58,Male,Hoodie,Clothing,51,Hawaii,XL,Pink,Winter,3.1,No,Express,1,1,34,Credit Card,Weekly,52,1.0,0.38750000000000007,0.673469387755102,0.9999999999999999,0.2400000000000002,0.6708877551020408,Medium Value
1243,56,Male,Socks,Clothing,27,Nevada,M,Lavender,Summer,4.0,No,Next Day Air,1,1,15,Bank Transfer,Quarterly,4,1.0,0.08750000000000002,0.28571428571428564,0.058823529411764705,0.6000000000000001,0.2094327731092437,Low Value
1244,25,Male,Blouse,Clothing,23,New Hampshire,S,Pink,Spring,3.0,No,Store Pickup,1,1,22,Debit Card,Annually,1,1.0,0.03750000000000003,0.4285714285714285,0.0,0.20000000000000018,0.19892857142857143,Low Value
1245,70,Male,Socks,Clothing,76,Indiana,S,Silver,Summer,3.9,No,2-Day Shipping,1,1,2,Cash,Monthly,12,1.0,0.7000000000000001,0.02040816326530612,0.21568627450980393,0.56,0.26886914765906367,Low Value
1246,42,Male,Dress,Clothing,31,New York,M,Violet,Fall,3.4,No,Standard,1,1,30,Bank Transfer,Weekly,52,1.0,0.1375,0.5918367346938774,0.9999999999999999,0.3600000000000001,0.6002346938775509,Medium Value
1247,27,Male,Hoodie,Clothing,60,Louisiana,M,Charcoal,Winter,2.7,No,Standard,1,1,27,Cash,Monthly,12,1.0,0.5,0.5306122448979591,0.21568627450980393,0.08000000000000007,0.3849507803121248,Low Value
1249,62,Male,Hat,Accessories,37,Wisconsin,XL,Red,Winter,3.0,No,Free Shipping,1,1,8,Credit Card,Annually,1,1.0,0.21250000000000002,0.14285714285714285,0.0,0.20000000000000018,0.11964285714285716,Low Value
1250,62,Male,Boots,Footwear,50,Oregon,M,Peach,Winter,4.5,No,Express,1,1,48,Venmo,Fortnightly,26,1.0,0.375,0.9591836734693877,0.49019607843137253,0.8,0.685732292917167,Medium Value
1251,52,Male,Jeans,Clothing,26,New Hampshire,XL,Purple,Winter,4.1,No,Free Shipping,1,1,24,Cash,Monthly,12,1.0,0.07500000000000001,0.4693877551020408,0.21568627450980393,0.6399999999999999,0.33146098439375754,Low Value
1252,56,Male,Shorts,Clothing,86,Indiana,XL,Orange,Spring,5.0,No,Next Day Air,1,1,43,Credit Card,Monthly,12,1.0,0.825,0.8571428571428571,0.21568627450980393,1.0,0.672563025210084,Medium Value
1253,28,Male,Sandals,Footwear,41,Massachusetts,L,Magenta,Fall,4.0,No,Standard,1,1,8,Cash,Quarterly,4,1.0,0.26250000000000007,0.14285714285714285,0.058823529411764705,0.6000000000000001,0.18728991596638656,Low Value
1254,39,Male,Sandals,Footwear,23,Montana,XL,Red,Winter,4.9,No,Express,1,1,49,PayPal,Annually,1,1.0,0.03750000000000003,0.9795918367346937,0.0,0.9600000000000002,0.49533673469387757,Medium Value
1255,54,Male,Sneakers,Footwear,56,California,XL,Black,Spring,3.3,No,2-Day Shipping,1,1,2,Credit Card,Bi-Weekly,26,1.0,0.45000000000000007,0.02040816326530612,0.49019607843137253,0.32000000000000006,0.27722208883553423,Low Value
1256,30,Male,Hat,Accessories,68,Indiana,M,Peach,Fall,4.1,No,Standard,1,1,38,Cash,Fortnightly,26,1.0,0.6000000000000001,0.7551020408163265,0.49019607843137253,0.6399999999999999,0.6330996398559423,Medium Value
1257,45,Male,Coat,Outerwear,48,West Virginia,S,Olive,Winter,3.6,No,Express,1,1,4,Cash,Fortnightly,26,1.0,0.3500000000000001,0.061224489795918366,0.49019607843137253,0.44000000000000017,0.28554861944777915,Low Value
1258,68,Male,Dress,Clothing,67,Minnesota,L,Gold,Spring,3.0,No,Free Shipping,1,1,31,Cash,Every 3 Months,4,1.0,0.5875,0.6122448979591836,0.058823529411764705,0.20000000000000018,0.4000450180072029,Low Value
1259,47,Male,Boots,Footwear,87,Ohio,XL,Gold,Spring,4.1,No,2-Day Shipping,1,1,34,Debit Card,Every 3 Months,4,1.0,0.8375000000000001,0.673469387755102,0.058823529411764705,0.6399999999999999,0.5185348139255702,Medium Value
1260,68,Male,Skirt,Clothing,64,Minnesota,M,Turquoise,Fall,3.9,No,Standard,1,1,45,Credit Card,Monthly,12,1.0,0.55,0.8979591836734693,0.21568627450980393,0.56,0.5898895558223289,Medium Value
1261,63,Male,Shirt,Clothing,93,Virginia,XL,Green,Spring,4.1,No,Store Pickup,1,1,30,Debit Card,Quarterly,4,1.0,0.9125000000000001,0.5918367346938774,0.058823529411764705,0.6399999999999999,0.5008817527010804,Medium Value
1262,20,Male,Shirt,Clothing,29,Connecticut,L,Maroon,Summer,2.8,No,Next Day Air,1,1,2,Credit Card,Fortnightly,26,1.0,0.11250000000000004,0.02040816326530612,0.49019607843137253,0.11999999999999988,0.18972208883553418,Low Value
1263,29,Male,Boots,Footwear,62,Tennessee,L,Brown,Winter,4.8,No,Store Pickup,1,1,44,Venmo,Monthly,12,1.0,0.525,0.8775510204081631,0.21568627450980393,0.9199999999999999,0.6127262905162064,Medium Value
1264,41,Male,Hoodie,Clothing,70,Delaware,L,Brown,Winter,4.6,No,2-Day Shipping,1,1,1,Credit Card,Bi-Weekly,26,1.0,0.625,0.0,0.49019607843137253,0.8399999999999999,0.35605882352941176,Low Value
1265,52,Male,Sweater,Clothing,92,Vermont,S,Blue,Winter,2.5,No,Next Day Air,1,1,1,Venmo,Bi-Weekly,26,1.0,0.9000000000000001,0.0,0.49019607843137253,0.0,0.3270588235294118,Low Value
1266,32,Male,Shirt,Clothing,79,Louisiana,M,Lavender,Spring,2.7,No,Next Day Air,1,1,27,Bank Transfer,Weekly,52,1.0,0.7375,0.5306122448979591,0.9999999999999999,0.08000000000000007,0.6677448979591836,Medium Value
1267,20,Male,Blouse,Clothing,31,North Dakota,M,Peach,Fall,4.0,No,Standard,1,1,14,Debit Card,Every 3 Months,4,1.0,0.1375,0.26530612244897955,0.058823529411764705,0.6000000000000001,0.21126950780312126,Low Value
1268,47,Male,T-shirt,Clothing,83,Oregon,S,Gray,Spring,2.7,No,Standard,1,1,41,Cash,Weekly,52,1.0,0.7875000000000001,0.8163265306122448,0.9999999999999999,0.08000000000000007,0.7920306122448979,High Value
1269,23,Male,Jacket,Outerwear,88,Idaho,XL,Charcoal,Winter,2.9,No,Next Day Air,1,1,25,Debit Card,Bi-Weekly,26,1.0,0.8500000000000001,0.4897959183673469,0.49019607843137253,0.15999999999999992,0.5289771908763505,Medium Value
1270,43,Male,Jewelry,Accessories,53,Vermont,M,Lavender,Spring,3.0,No,Standard,1,1,47,PayPal,Quarterly,4,1.0,0.4125000000000001,0.9387755102040816,0.058823529411764705,0.20000000000000018,0.4956572629051621,Medium Value
1271,67,Male,Hoodie,Clothing,98,West Virginia,M,Green,Fall,3.3,No,Standard,1,1,20,Cash,Annually,1,1.0,0.9750000000000001,0.38775510204081626,0.0,0.32000000000000006,0.3821020408163266,Low Value
1272,70,Male,Jewelry,Accessories,57,Kentucky,S,Gray,Spring,4.3,No,Store Pickup,1,1,42,PayPal,Annually,1,1.0,0.4625,0.836734693877551,0.0,0.72,0.49919387755102046,Medium Value
1273,35,Male,Sandals,Footwear,80,Wisconsin,M,Orange,Winter,4.4,No,Express,1,1,16,Bank Transfer,Monthly,12,1.0,0.75,0.3061224489795918,0.21568627450980393,0.7600000000000002,0.41315486194477796,Low Value
1274,41,Male,Jeans,Clothing,29,Mississippi,L,Silver,Spring,4.1,No,Next Day Air,1,1,32,Credit Card,Every 3 Months,4,1.0,0.11250000000000004,0.6326530612244897,0.058823529411764705,0.6399999999999999,0.3572082833133253,Low Value
1275,54,Male,Hat,Accessories,73,Missouri,M,Olive,Spring,3.1,No,2-Day Shipping,1,1,37,PayPal,Quarterly,4,1.0,0.6625000000000001,0.7346938775510203,0.058823529411764705,0.2400000000000002,0.46802460984393757,Medium Value
1276,55,Male,Sweater,Clothing,32,Arkansas,S,Turquoise,Fall,4.5,No,Standard,1,1,1,PayPal,Monthly,12,1.0,0.15000000000000002,0.0,0.21568627450980393,0.8,0.1747058823529412,Low Value
1277,51,Male,Boots,Footwear,68,Wyoming,L,Turquoise,Spring,4.8,No,Next Day Air,1,1,37,Bank Transfer,Weekly,52,1.0,0.6000000000000001,0.7346938775510203,0.9999999999999999,0.9199999999999999,0.805877551020408,High Value
1278,19,Male,Blouse,Clothing,97,Rhode Island,L,Green,Spring,5.0,No,Express,1,1,5,Venmo,Quarterly,4,1.0,0.9625000000000001,0.08163265306122448,0.058823529411764705,1.0,0.34280012004801924,Low Value
1279,28,Male,Shorts,Clothing,98,Utah,M,Violet,Fall,2.8,No,Next Day Air,1,1,31,Venmo,Fortnightly,26,1.0,0.9750000000000001,0.6122448979591836,0.49019607843137253,0.11999999999999988,0.5989567827130853,Medium Value
1280,63,Male,Hoodie,Clothing,56,Maryland,L,Charcoal,Fall,3.7,No,Express,1,1,18,Debit Card,Annually,1,1.0,0.45000000000000007,0.346938775510204,0.0,0.4800000000000002,0.27677551020408164,Low Value
1281,30,Male,Pants,Clothing,78,Georgia,L,White,Winter,4.4,No,2-Day Shipping,1,1,39,Venmo,Every 3 Months,4,1.0,0.7250000000000001,0.7755102040816325,0.058823529411764705,0.7600000000000002,0.5488511404561824,Medium Value
1282,29,Male,Belt,Accessories,81,New Jersey,M,Olive,Spring,4.5,No,Store Pickup,1,1,8,Venmo,Bi-Weekly,26,1.0,0.7625,0.14285714285714285,0.49019607843137253,0.8,0.4367016806722689,Low Value
1283,24,Male,Shirt,Clothing,68,New Hampshire,L,Violet,Winter,3.0,No,Free Shipping,1,1,20,Venmo,Monthly,12,1.0,0.6000000000000001,0.38775510204081626,0.21568627450980393,0.20000000000000018,0.3598079231692677,Low Value
1284,69,Male,Shirt,Clothing,94,Oregon,M,Violet,Winter,3.9,No,2-Day Shipping,1,1,23,Debit Card,Every 3 Months,4,1.0,0.925,0.44897959183673464,0.058823529411764705,0.56,0.4382388955582233,Low Value
1285,65,Male,Dress,Clothing,93,Arkansas,M,Black,Spring,3.9,No,Express,1,1,38,PayPal,Fortnightly,26,1.0,0.9125000000000001,0.7551020408163265,0.49019607843137253,0.56,0.6875996398559424,Medium Value
1286,64,Male,Gloves,Accessories,99,North Carolina,M,Charcoal,Fall,3.5,No,Next Day Air,1,1,45,Bank Transfer,Fortnightly,26,1.0,0.9875,0.8979591836734693,0.49019607843137253,0.40000000000000013,0.7437424969987996,Medium Value
1287,40,Male,Gloves,Accessories,49,West Virginia,L,Yellow,Winter,4.9,No,Next Day Air,1,1,44,Debit Card,Fortnightly,26,1.0,0.36250000000000004,0.8775510204081631,0.49019607843137253,0.9600000000000002,0.6665792316926771,Medium Value
1288,24,Male,Jeans,Clothing,28,Utah,XL,Blue,Winter,3.4,No,Standard,1,1,20,PayPal,Monthly,12,1.0,0.10000000000000003,0.38775510204081626,0.21568627450980393,0.3600000000000001,0.2758079231692677,Low Value
1289,66,Male,Belt,Accessories,93,South Dakota,XL,Charcoal,Winter,4.1,No,Standard,1,1,34,PayPal,Bi-Weekly,26,1.0,0.9125000000000001,0.673469387755102,0.49019607843137253,0.6399999999999999,0.6629465786314526,Medium Value
1290,35,Male,Jacket,Outerwear,24,New Hampshire,M,Red,Fall,2.9,No,Next Day Air,1,1,10,PayPal,Weekly,52,1.0,0.050000000000000044,0.18367346938775508,0.9999999999999999,0.15999999999999992,0.399469387755102,Low Value
1291,67,Male,Skirt,Clothing,35,Maryland,M,Indigo,Spring,3.4,No,Free Shipping,1,1,3,PayPal,Annually,1,1.0,0.1875,0.04081632653061225,0.0,0.3600000000000001,0.08982653061224491,Low Value
1292,69,Male,Sandals,Footwear,68,South Dakota,S,Beige,Spring,3.2,No,2-Day Shipping,1,1,23,Debit Card,Fortnightly,26,1.0,0.6000000000000001,0.44897959183673464,0.49019607843137253,0.28000000000000025,0.47465066026410563,Medium Value
1294,23,Male,Sweater,Clothing,74,Florida,XL,Yellow,Fall,4.1,No,Standard,1,1,30,Debit Card,Annually,1,1.0,0.675,0.5918367346938774,0.0,0.6399999999999999,0.435734693877551,Low Value
1295,27,Male,Shirt,Clothing,64,Texas,M,Silver,Summer,4.5,No,Standard,1,1,21,Cash,Every 3 Months,4,1.0,0.55,0.4081632653061224,0.058823529411764705,0.8,0.3709123649459784,Low Value
1296,30,Male,Sneakers,Footwear,60,New Mexico,M,Olive,Fall,2.8,No,Standard,1,1,50,PayPal,Weekly,52,1.0,0.5,1.0,0.9999999999999999,0.11999999999999988,0.8119999999999999,High Value
1297,48,Male,Jeans,Clothing,29,South Dakota,S,Teal,Spring,2.8,No,Express,1,1,16,Cash,Bi-Weekly,26,1.0,0.11250000000000004,0.3061224489795918,0.49019607843137253,0.11999999999999988,0.3040078031212485,Low Value
1298,44,Male,Sandals,Footwear,85,New Jersey,M,Silver,Summer,4.6,No,Standard,1,1,32,Venmo,Annually,1,1.0,0.8125,0.6326530612244897,0.0,0.8399999999999999,0.4995612244897959,Medium Value
1299,29,Male,Pants,Clothing,81,Indiana,S,Indigo,Summer,3.0,No,Free Shipping,1,1,14,Bank Transfer,Fortnightly,26,1.0,0.7625,0.26530612244897955,0.49019607843137253,0.20000000000000018,0.42568127250900356,Low Value
1300,29,Male,Belt,Accessories,23,Louisiana,L,Teal,Fall,3.6,No,2-Day Shipping,1,1,42,Venmo,Bi-Weekly,26,1.0,0.03750000000000003,0.836734693877551,0.49019607843137253,0.44000000000000017,0.5332527010804322,Medium Value
1301,67,Male,T-shirt,Clothing,100,West Virginia,M,Charcoal,Spring,4.5,No,Next Day Air,1,1,47,Credit Card,Every 3 Months,4,1.0,1.0,0.9387755102040816,0.058823529411764705,0.8,0.6731572629051621,Medium Value
1302,42,Male,Shirt,Clothing,54,Maine,M,Orange,Fall,5.0,No,Express,1,1,21,Debit Card,Weekly,52,1.0,0.42500000000000004,0.4081632653061224,0.9999999999999999,1.0,0.6482653061224489,Medium Value
1303,23,Male,Sneakers,Footwear,25,Idaho,M,Gold,Fall,2.9,No,Next Day Air,1,1,37,Credit Card,Monthly,12,1.0,0.0625,0.7346938775510203,0.21568627450980393,0.15999999999999992,0.38708343337334933,Low Value
1304,34,Male,Blouse,Clothing,32,New York,L,Silver,Summer,3.1,No,Next Day Air,1,1,10,Credit Card,Annually,1,1.0,0.15000000000000002,0.18367346938775508,0.0,0.2400000000000002,0.12746938775510205,Low Value
1305,64,Male,Backpack,Accessories,63,Montana,S,Orange,Spring,4.0,No,2-Day Shipping,1,1,18,PayPal,Every 3 Months,4,1.0,0.5375000000000001,0.346938775510204,0.058823529411764705,0.6000000000000001,0.323922569027611,Low Value
1306,31,Male,Pants,Clothing,56,Mississippi,XL,Peach,Spring,4.5,No,Express,1,1,2,PayPal,Every 3 Months,4,1.0,0.45000000000000007,0.02040816326530612,0.058823529411764705,0.8,0.1958103241296519,Low Value
1307,54,Male,Sweater,Clothing,33,Alaska,L,Brown,Winter,4.5,No,Next Day Air,1,1,40,PayPal,Annually,1,1.0,0.16250000000000003,0.7959183673469387,0.0,0.8,0.43086734693877554,Low Value
1308,23,Male,Coat,Outerwear,32,Missouri,L,Black,Summer,3.1,No,Express,1,1,43,PayPal,Annually,1,1.0,0.15000000000000002,0.8571428571428571,0.0,0.2400000000000002,0.3968571428571429,Low Value
1309,59,Male,Dress,Clothing,38,Rhode Island,L,Red,Summer,4.4,No,Next Day Air,1,1,14,Credit Card,Every 3 Months,4,1.0,0.22500000000000003,0.26530612244897955,0.058823529411764705,0.7600000000000002,0.2447695078031213,Low Value
1310,32,Male,Blouse,Clothing,21,Hawaii,L,Lavender,Summer,4.7,No,Store Pickup,1,1,41,Cash,Quarterly,4,1.0,0.012500000000000011,0.8163265306122448,0.058823529411764705,0.8800000000000001,0.43467767106842736,Low Value
1311,43,Male,Hoodie,Clothing,59,South Carolina,L,Brown,Winter,3.1,No,Store Pickup,1,1,38,Credit Card,Every 3 Months,4,1.0,0.48750000000000004,0.7551020408163265,0.058823529411764705,0.2400000000000002,0.4411878751500601,Low Value
1312,32,Male,Shoes,Footwear,87,Tennessee,M,Maroon,Fall,4.2,No,Express,1,1,12,Venmo,Annually,1,1.0,0.8375000000000001,0.22448979591836735,0.0,0.6800000000000002,0.325295918367347,Low Value
1313,66,Male,T-shirt,Clothing,79,Missouri,M,Violet,Winter,3.0,No,Store Pickup,1,1,19,Bank Transfer,Monthly,12,1.0,0.7375,0.36734693877551017,0.21568627450980393,0.20000000000000018,0.3791446578631453,Low Value
1315,42,Male,Boots,Footwear,67,Missouri,S,Magenta,Summer,3.4,No,Free Shipping,1,1,49,Debit Card,Annually,1,1.0,0.5875,0.9795918367346937,0.0,0.3600000000000001,0.5453367346938776,Medium Value
1316,56,Male,Shorts,Clothing,75,Mississippi,L,Green,Spring,4.2,No,2-Day Shipping,1,1,29,Debit Card,Quarterly,4,1.0,0.6875,0.5714285714285714,0.058823529411764705,0.6800000000000002,0.45171848739495796,Medium Value
1317,28,Male,Belt,Accessories,32,Arkansas,S,Lavender,Spring,4.6,No,Standard,1,1,14,Debit Card,Bi-Weekly,26,1.0,0.15000000000000002,0.26530612244897955,0.49019607843137253,0.8399999999999999,0.36718127250900356,Low Value
1318,28,Male,Pants,Clothing,43,Kentucky,M,Green,Spring,2.8,No,Free Shipping,1,1,19,Cash,Monthly,12,1.0,0.2875,0.36734693877551017,0.21568627450980393,0.11999999999999988,0.28114465786314524,Low Value
1319,52,Male,Shorts,Clothing,93,Connecticut,M,Maroon,Spring,2.7,No,Express,1,1,19,Credit Card,Bi-Weekly,26,1.0,0.9125000000000001,0.36734693877551017,0.49019607843137253,0.08000000000000007,0.48449759903961587,Medium Value
1320,65,Male,Sunglasses,Accessories,24,Oklahoma,M,Magenta,Spring,4.0,No,Standard,1,1,48,Bank Transfer,Weekly,52,1.0,0.050000000000000044,0.9591836734693877,0.9999999999999999,0.6000000000000001,0.7536734693877551,High Value
1321,56,Male,Hat,Accessories,31,California,XL,Teal,Fall,3.1,No,Free Shipping,1,1,19,Debit Card,Annually,1,1.0,0.1375,0.36734693877551017,0.0,0.2400000000000002,0.19843877551020409,Low Value
1322,59,Male,T-shirt,Clothing,84,Missouri,L,Orange,Winter,3.7,No,Express,1,1,45,Bank Transfer,Every 3 Months,4,1.0,0.8,0.8979591836734693,0.058823529411764705,0.4800000000000002,0.5848307322929172,Medium Value
1323,23,Male,Pants,Clothing,74,Washington,M,Violet,Winter,4.0,No,Next Day Air,1,1,17,Bank Transfer,Quarterly,4,1.0,0.675,0.32653061224489793,0.058823529411764705,0.6000000000000001,0.34325930372148855,Low Value
1324,58,Male,Shorts,Clothing,62,New York,M,Yellow,Spring,4.6,No,Standard,1,1,15,Debit Card,Every 3 Months,4,1.0,0.525,0.28571428571428564,0.058823529411764705,0.8399999999999999,0.3209327731092437,Low Value
1325,39,Male,Jewelry,Accessories,77,Indiana,S,Orange,Summer,3.8,No,Free Shipping,1,1,11,Credit Card,Fortnightly,26,1.0,0.7125,0.2040816326530612,0.49019607843137253,0.52,0.4231914765906362,Low Value
1326,28,Male,Backpack,Accessories,73,Oregon,L,Gold,Summer,3.5,No,Express,1,1,1,Cash,Monthly,12,1.0,0.6625000000000001,0.0,0.21568627450980393,0.40000000000000013,0.23720588235294124,Low Value
1328,52,Male,Coat,Outerwear,40,Florida,M,Turquoise,Winter,2.8,No,Standard,1,1,37,Cash,Weekly,52,1.0,0.25,0.7346938775510203,0.9999999999999999,0.11999999999999988,0.6558775510204081,Medium Value
1329,37,Male,Sweater,Clothing,97,Rhode Island,M,Orange,Winter,3.7,No,Standard,1,1,40,Bank Transfer,Weekly,52,1.0,0.9625000000000001,0.7959183673469387,0.9999999999999999,0.4800000000000002,0.8588673469387754,High Value
1330,70,Male,Gloves,Accessories,63,Texas,M,Indigo,Fall,3.3,No,Express,1,1,50,PayPal,Every 3 Months,4,1.0,0.5375000000000001,1.0,0.058823529411764705,0.32000000000000006,0.5571470588235294,Medium Value
1331,30,Male,Handbag,Accessories,65,Vermont,M,Charcoal,Fall,2.9,No,Standard,1,1,20,PayPal,Bi-Weekly,26,1.0,0.5625,0.38775510204081626,0.49019607843137253,0.15999999999999992,0.43066086434573825,Low Value
1332,38,Male,Socks,Clothing,91,Maryland,M,Lavender,Spring,3.2,No,Standard,1,1,8,PayPal,Bi-Weekly,26,1.0,0.8875,0.14285714285714285,0.49019607843137253,0.28000000000000025,0.40970168067226886,Low Value
1333,66,Male,Hoodie,Clothing,60,Alaska,S,Gold,Spring,4.3,No,Store Pickup,1,1,16,Bank Transfer,Quarterly,4,1.0,0.5,0.3061224489795918,0.058823529411764705,0.72,0.31209603841536615,Low Value
1334,29,Male,Pants,Clothing,69,Idaho,M,Lavender,Winter,2.7,No,Next Day Air,1,1,9,Bank Transfer,Quarterly,4,1.0,0.6125,0.16326530612244897,0.058823529411764705,0.08000000000000007,0.213453181272509,Low Value
1336,56,Male,Boots,Footwear,49,Nevada,M,Lavender,Fall,4.8,No,2-Day Shipping,1,1,26,Credit Card,Weekly,52,1.0,0.36250000000000004,0.510204081632653,0.9999999999999999,0.9199999999999999,0.6685816326530611,Medium Value
1337,23,Male,Sneakers,Footwear,85,Oregon,M,Charcoal,Spring,4.8,No,Store Pickup,1,1,44,Debit Card,Fortnightly,26,1.0,0.8125,0.8775510204081631,0.49019607843137253,0.9199999999999999,0.752579231692677,High Value
1338,37,Male,Sweater,Clothing,86,Tennessee,L,Silver,Spring,3.4,No,Express,1,1,19,Credit Card,Bi-Weekly,26,1.0,0.825,0.36734693877551017,0.49019607843137253,0.3600000000000001,0.4949975990396158,Medium Value
1339,56,Male,Handbag,Accessories,51,Alabama,S,Yellow,Winter,2.6,No,Standard,1,1,43,PayPal,Fortnightly,26,1.0,0.38750000000000007,0.8571428571428571,0.49019607843137253,0.040000000000000036,0.5714159663865546,Medium Value
1340,36,Male,Belt,Accessories,56,Indiana,L,Olive,Winter,5.0,No,Next Day Air,1,1,5,Bank Transfer,Every 3 Months,4,1.0,0.45000000000000007,0.08163265306122448,0.058823529411764705,1.0,0.24030012004801923,Low Value
1341,40,Male,Belt,Accessories,72,Idaho,M,Peach,Fall,4.4,No,Next Day Air,1,1,5,Debit Card,Every 3 Months,4,1.0,0.65,0.08163265306122448,0.058823529411764705,0.7600000000000002,0.2563001200480192,Low Value
1343,57,Male,Sunglasses,Accessories,43,Arizona,XL,Yellow,Summer,3.4,No,2-Day Shipping,1,1,11,Bank Transfer,Monthly,12,1.0,0.2875,0.2040816326530612,0.21568627450980393,0.3600000000000001,0.23983853541416567,Low Value
1344,68,Male,Sneakers,Footwear,56,Florida,M,Indigo,Spring,3.4,No,Standard,1,1,34,Bank Transfer,Monthly,12,1.0,0.45000000000000007,0.673469387755102,0.21568627450980393,0.3600000000000001,0.46009363745498205,Medium Value
1345,56,Male,T-shirt,Clothing,37,New York,S,Violet,Fall,4.9,No,Next Day Air,1,1,14,Cash,Annually,1,1.0,0.21250000000000002,0.26530612244897955,0.0,0.9600000000000002,0.24462244897959187,Low Value
1346,40,Male,Dress,Clothing,21,Nebraska,M,White,Fall,3.6,No,Standard,1,1,42,Venmo,Weekly,52,1.0,0.012500000000000011,0.836734693877551,0.9999999999999999,0.44000000000000017,0.6811938775510205,Medium Value
1347,44,Male,Hoodie,Clothing,91,Mississippi,L,White,Winter,3.0,No,Free Shipping,1,1,15,Venmo,Bi-Weekly,26,1.0,0.8875,0.28571428571428564,0.49019607843137253,0.20000000000000018,0.458844537815126,Medium Value
1348,44,Male,Sweater,Clothing,95,Vermont,M,Cyan,Summer,3.9,No,2-Day Shipping,1,1,47,Bank Transfer,Monthly,12,1.0,0.9375,0.9387755102040816,0.21568627450980393,0.56,0.6837160864345739,Medium Value
1349,19,Male,Belt,Accessories,54,Nebraska,XL,Purple,Spring,3.2,No,Standard,1,1,23,Credit Card,Fortnightly,26,1.0,0.42500000000000004,0.44897959183673464,0.49019607843137253,0.28000000000000025,0.43965066026410565,Low Value
1350,21,Male,Socks,Clothing,36,South Carolina,XL,Black,Spring,3.2,No,Next Day Air,1,1,23,Cash,Bi-Weekly,26,1.0,0.2,0.44897959183673464,0.49019607843137253,0.28000000000000025,0.39465066026410567,Low Value
1351,31,Male,Sunglasses,Accessories,71,Delaware,M,Orange,Fall,4.3,No,Next Day Air,1,1,1,Cash,Every 3 Months,4,1.0,0.6375000000000001,0.0,0.058823529411764705,0.72,0.21714705882352942,Low Value
1352,30,Male,Coat,Outerwear,31,Vermont,L,Maroon,Summer,2.8,No,2-Day Shipping,1,1,28,Bank Transfer,Quarterly,4,1.0,0.1375,0.5510204081632653,0.058823529411764705,0.11999999999999988,0.27755522208883554,Low Value
1353,65,Male,Hat,Accessories,89,Indiana,XL,Orange,Spring,4.5,No,Next Day Air,1,1,37,Credit Card,Bi-Weekly,26,1.0,0.8625,0.7346938775510203,0.49019607843137253,0.8,0.69343637454982,Medium Value
1354,39,Male,Pants,Clothing,83,Oregon,M,Teal,Winter,4.1,No,Next Day Air,1,1,4,Cash,Every 3 Months,4,1.0,0.7875000000000001,0.061224489795918366,0.058823529411764705,0.6399999999999999,0.2636368547418968,Low Value
1355,64,Male,Backpack,Accessories,42,Maryland,M,Gray,Spring,3.6,No,2-Day Shipping,1,1,21,Bank Transfer,Quarterly,4,1.0,0.275,0.4081632653061224,0.058823529411764705,0.44000000000000017,0.27991236494597843,Low Value
1356,59,Male,Shorts,Clothing,91,Florida,M,Blue,Summer,3.0,No,2-Day Shipping,1,1,50,PayPal,Bi-Weekly,26,1.0,0.8875,1.0,0.49019607843137253,0.20000000000000018,0.7445588235294118,Medium Value
1357,49,Male,Jacket,Outerwear,61,Indiana,M,Cyan,Spring,4.0,No,Free Shipping,1,1,34,Bank Transfer,Annually,1,1.0,0.5125000000000001,0.673469387755102,0.0,0.6000000000000001,0.43188775510204086,Low Value
1358,24,Male,Backpack,Accessories,66,Texas,S,Red,Summer,3.5,No,Next Day Air,1,1,20,Cash,Quarterly,4,1.0,0.5750000000000001,0.38775510204081626,0.058823529411764705,0.40000000000000013,0.327749099639856,Low Value
1359,19,Male,Scarf,Accessories,22,Nebraska,XL,Pink,Spring,2.5,No,Store Pickup,1,1,25,Venmo,Every 3 Months,4,1.0,0.025000000000000022,0.4897959183673469,0.058823529411764705,0.0,0.2185654261704682,Low Value
1360,27,Male,Hoodie,Clothing,68,North Carolina,S,Cyan,Winter,4.3,No,Store Pickup,1,1,26,Bank Transfer,Fortnightly,26,1.0,0.6000000000000001,0.510204081632653,0.49019607843137253,0.72,0.5431404561824729,Medium Value
1361,56,Male,Skirt,Clothing,43,Alabama,L,Black,Fall,2.8,No,Express,1,1,4,Bank Transfer,Annually,1,1.0,0.2875,0.061224489795918366,0.0,0.11999999999999988,0.09398979591836734,Low Value
1362,49,Male,Dress,Clothing,32,Alabama,M,Beige,Fall,3.7,No,Next Day Air,1,1,39,Debit Card,Monthly,12,1.0,0.15000000000000002,0.7755102040816325,0.21568627450980393,0.4800000000000002,0.45290996398559424,Medium Value
1363,41,Male,Coat,Outerwear,46,Colorado,M,Gray,Fall,4.3,No,Express,1,1,29,Cash,Weekly,52,1.0,0.32500000000000007,0.5714285714285714,0.9999999999999999,0.72,0.6655714285714285,Medium Value
1364,36,Male,Blouse,Clothing,90,Wisconsin,L,Red,Summer,4.0,No,Express,1,1,47,PayPal,Quarterly,4,1.0,0.875,0.9387755102040816,0.058823529411764705,0.6000000000000001,0.6281572629051622,Medium Value
1365,68,Male,Hat,Accessories,75,Delaware,L,Yellow,Fall,4.7,No,Express,1,1,5,Cash,Every 3 Months,4,1.0,0.6875,0.08163265306122448,0.058823529411764705,0.8800000000000001,0.27580012004801924,Low Value
1366,28,Male,Handbag,Accessories,69,Indiana,M,Magenta,Winter,4.5,No,Store Pickup,1,1,18,Bank Transfer,Fortnightly,26,1.0,0.6125,0.346938775510204,0.49019607843137253,0.8,0.48833433373349333,Medium Value
1367,45,Male,Belt,Accessories,40,Iowa,M,Magenta,Fall,3.1,No,Free Shipping,1,1,10,Credit Card,Fortnightly,26,1.0,0.25,0.18367346938775508,0.49019607843137253,0.2400000000000002,0.2945282112845138,Low Value
1368,60,Male,Belt,Accessories,63,Iowa,S,Black,Fall,3.8,No,Express,1,1,25,Cash,Quarterly,4,1.0,0.5375000000000001,0.4897959183673469,0.058823529411764705,0.52,0.37306542617046823,Low Value
1369,21,Male,Shirt,Clothing,36,Wisconsin,L,Orange,Summer,4.9,No,Express,1,1,2,Cash,Weekly,52,1.0,0.2,0.02040816326530612,0.9999999999999999,0.9600000000000002,0.44416326530612243,Low Value
1370,32,Male,Shoes,Footwear,75,Iowa,M,Green,Winter,3.2,No,Standard,1,1,48,Venmo,Fortnightly,26,1.0,0.6875,0.9591836734693877,0.49019607843137253,0.28000000000000025,0.6962322929171669,Medium Value
1372,40,Male,Pants,Clothing,64,Mississippi,M,Charcoal,Spring,2.8,No,Store Pickup,1,1,42,Credit Card,Monthly,12,1.0,0.55,0.836734693877551,0.21568627450980393,0.11999999999999988,0.5213997599039616,Medium Value
1373,64,Male,Blouse,Clothing,61,Michigan,M,Gray,Fall,4.0,No,2-Day Shipping,1,1,44,PayPal,Bi-Weekly,26,1.0,0.5125000000000001,0.8775510204081631,0.49019607843137253,0.6000000000000001,0.6605792316926771,Medium Value
1374,18,Male,Gloves,Accessories,40,Virginia,L,Turquoise,Winter,2.6,No,Store Pickup,1,1,6,Cash,Quarterly,4,1.0,0.25,0.10204081632653061,0.058823529411764705,0.040000000000000036,0.11246338535414166,Low Value
1375,22,Male,Handbag,Accessories,97,New York,M,Red,Fall,2.7,No,Free Shipping,1,1,5,Bank Transfer,Quarterly,4,1.0,0.9625000000000001,0.08163265306122448,0.058823529411764705,0.08000000000000007,0.2508001200480192,Low Value
1376,42,Male,Sneakers,Footwear,31,Maine,L,Brown,Spring,4.1,No,2-Day Shipping,1,1,8,Credit Card,Annually,1,1.0,0.1375,0.14285714285714285,0.0,0.6399999999999999,0.14864285714285713,Low Value
1377,57,Male,Sandals,Footwear,65,New Jersey,L,Pink,Spring,5.0,No,Free Shipping,1,1,24,PayPal,Annually,1,1.0,0.5625,0.4693877551020408,0.0,1.0,0.4002551020408164,Low Value
1378,33,Male,Sunglasses,Accessories,54,Maryland,L,Olive,Spring,3.0,No,Next Day Air,1,1,42,Venmo,Monthly,12,1.0,0.42500000000000004,0.836734693877551,0.21568627450980393,0.20000000000000018,0.5043997599039616,Medium Value
1379,37,Male,Jacket,Outerwear,49,Kentucky,XL,Lavender,Fall,3.6,No,Free Shipping,1,1,24,Venmo,Weekly,52,1.0,0.36250000000000004,0.4693877551020408,0.9999999999999999,0.44000000000000017,0.6042551020408163,Medium Value
1380,21,Male,T-shirt,Clothing,64,Minnesota,L,Purple,Fall,2.8,No,2-Day Shipping,1,1,38,Venmo,Bi-Weekly,26,1.0,0.55,0.7551020408163265,0.49019607843137253,0.11999999999999988,0.5710996398559424,Medium Value
1381,51,Male,Sneakers,Footwear,35,Massachusetts,S,Beige,Winter,4.6,No,Standard,1,1,41,Cash,Fortnightly,26,1.0,0.1875,0.8163265306122448,0.49019607843137253,0.8399999999999999,0.5950894357743096,Medium Value
1382,30,Male,Shoes,Footwear,86,Illinois,L,Green,Winter,2.9,No,Standard,1,1,48,Venmo,Quarterly,4,1.0,0.825,0.9591836734693877,0.058823529411764705,0.15999999999999992,0.5823205282112845,Medium Value
1383,68,Male,Jacket,Outerwear,55,Michigan,L,Brown,Winter,4.8,No,Express,1,1,16,Bank Transfer,Quarterly,4,1.0,0.4375,0.3061224489795918,0.058823529411764705,0.9199999999999999,0.3195960384153661,Low Value
1384,36,Male,Scarf,Accessories,58,Wisconsin,M,Beige,Spring,3.3,No,Express,1,1,4,Venmo,Monthly,12,1.0,0.4750000000000001,0.061224489795918366,0.21568627450980393,0.32000000000000006,0.21619567827130856,Low Value
1385,46,Male,Sneakers,Footwear,96,Alaska,M,Beige,Fall,4.6,No,Standard,1,1,8,Bank Transfer,Weekly,52,1.0,0.9500000000000002,0.14285714285714285,0.9999999999999999,0.8399999999999999,0.6311428571428571,Medium Value
1386,41,Male,Jewelry,Accessories,64,Mississippi,M,Indigo,Fall,2.6,No,Store Pickup,1,1,1,Bank Transfer,Bi-Weekly,26,1.0,0.55,0.0,0.49019607843137253,0.040000000000000036,0.2610588235294118,Low Value
1387,68,Male,Jacket,Outerwear,56,Oregon,M,Silver,Fall,4.0,No,Next Day Air,1,1,4,Debit Card,Quarterly,4,1.0,0.45000000000000007,0.061224489795918366,0.058823529411764705,0.6000000000000001,0.1921368547418968,Low Value
1388,21,Male,Blouse,Clothing,85,Maryland,M,Gold,Winter,3.8,No,Standard,1,1,20,Credit Card,Monthly,12,1.0,0.8125,0.38775510204081626,0.21568627450980393,0.52,0.43430792316926764,Low Value
1389,62,Male,Dress,Clothing,23,Arkansas,M,Lavender,Spring,3.9,No,Express,1,1,40,Cash,Quarterly,4,1.0,0.03750000000000003,0.7959183673469387,0.058823529411764705,0.56,0.3995144057623049,Low Value
1390,59,Male,Scarf,Accessories,72,Illinois,L,Orange,Fall,2.6,No,Store Pickup,1,1,8,Debit Card,Fortnightly,26,1.0,0.65,0.14285714285714285,0.49019607843137253,0.040000000000000036,0.33820168067226886,Low Value
1391,25,Male,Hat,Accessories,38,Arkansas,M,Maroon,Summer,4.3,No,Standard,1,1,42,Debit Card,Weekly,52,1.0,0.22500000000000003,0.836734693877551,0.9999999999999999,0.72,0.7516938775510204,High Value
1392,53,Male,Blouse,Clothing,29,Mississippi,S,White,Winter,3.6,No,Express,1,1,38,Credit Card,Annually,1,1.0,0.11250000000000004,0.7551020408163265,0.0,0.44000000000000017,0.3685408163265307,Low Value
1393,31,Male,Gloves,Accessories,46,Arkansas,M,Yellow,Spring,4.2,No,Express,1,1,34,Venmo,Every 3 Months,4,1.0,0.32500000000000007,0.673469387755102,0.058823529411764705,0.6800000000000002,0.42003481392557024,Low Value
1394,46,Male,Gloves,Accessories,58,Idaho,L,Yellow,Spring,3.9,No,Express,1,1,14,PayPal,Fortnightly,26,1.0,0.4750000000000001,0.26530612244897955,0.49019607843137253,0.56,0.4041812725090036,Low Value
1395,26,Male,Coat,Outerwear,43,Iowa,L,Magenta,Fall,4.7,No,Next Day Air,1,1,39,Cash,Weekly,52,1.0,0.2875,0.7755102040816325,0.9999999999999999,0.8800000000000001,0.755704081632653,High Value
1396,47,Male,Scarf,Accessories,32,West Virginia,L,Turquoise,Spring,2.8,No,Next Day Air,1,1,40,PayPal,Bi-Weekly,26,1.0,0.15000000000000002,0.7959183673469387,0.49019607843137253,0.11999999999999988,0.5074261704681873,Medium Value
1397,37,Male,Pants,Clothing,30,Wisconsin,XL,Lavender,Winter,3.0,No,Next Day Air,1,1,49,Debit Card,Monthly,12,1.0,0.125,0.9795918367346937,0.21568627450980393,0.20000000000000018,0.5015426170468187,Medium Value
1398,55,Male,Sunglasses,Accessories,67,Massachusetts,S,Magenta,Summer,4.7,No,Store Pickup,1,1,33,PayPal,Annually,1,1.0,0.5875,0.6530612244897959,0.0,0.8800000000000001,0.46672448979591835,Medium Value
1399,30,Male,Dress,Clothing,45,Texas,M,Cyan,Summer,2.5,No,Free Shipping,1,1,25,Credit Card,Weekly,52,1.0,0.3125,0.4897959183673469,0.9999999999999999,0.0,0.5584183673469387,Medium Value
1400,19,Male,Hat,Accessories,81,Nebraska,M,Olive,Winter,3.1,No,Store Pickup,1,1,48,Venmo,Annually,1,1.0,0.7625,0.9591836734693877,0.0,0.2400000000000002,0.5601734693877551,Medium Value
1401,36,Male,Backpack,Accessories,23,Nevada,M,Red,Fall,3.6,No,Next Day Air,1,1,22,Credit Card,Every 3 Months,4,1.0,0.03750000000000003,0.4285714285714285,0.058823529411764705,0.44000000000000017,0.24057563025210082,Low Value
1402,23,Male,Sandals,Footwear,59,Indiana,M,Blue,Fall,3.5,No,2-Day Shipping,1,1,1,PayPal,Weekly,52,1.0,0.48750000000000004,0.0,0.9999999999999999,0.40000000000000013,0.4375,Low Value
1403,62,Male,Sunglasses,Accessories,21,North Dakota,L,White,Summer,3.1,No,Express,1,1,47,PayPal,Monthly,12,1.0,0.012500000000000011,0.9387755102040816,0.21568627450980393,0.2400000000000002,0.46671608643457385,Medium Value
1404,26,Male,Backpack,Accessories,20,Georgia,M,Peach,Spring,3.6,No,Store Pickup,1,1,20,Credit Card,Bi-Weekly,26,1.0,0.0,0.38775510204081626,0.49019607843137253,0.44000000000000017,0.3461608643457383,Low Value
1405,36,Male,Jewelry,Accessories,28,New Mexico,M,Charcoal,Winter,3.5,No,Next Day Air,1,1,10,Debit Card,Weekly,52,1.0,0.10000000000000003,0.18367346938775508,0.9999999999999999,0.40000000000000013,0.433469387755102,Low Value
1406,33,Male,Socks,Clothing,100,New Hampshire,M,Peach,Winter,2.7,No,Store Pickup,1,1,39,Credit Card,Monthly,12,1.0,1.0,0.7755102040816325,0.21568627450980393,0.08000000000000007,0.5829099639855941,Medium Value
1407,32,Male,Shirt,Clothing,46,Washington,L,Turquoise,Spring,3.6,No,Express,1,1,15,Debit Card,Monthly,12,1.0,0.32500000000000007,0.28571428571428564,0.21568627450980393,0.44000000000000017,0.2879915966386555,Low Value
1408,56,Male,Handbag,Accessories,61,Nevada,XL,Charcoal,Spring,4.5,No,Express,1,1,11,Credit Card,Annually,1,1.0,0.5125000000000001,0.2040816326530612,0.0,0.8,0.2641326530612245,Low Value
1409,58,Male,Blouse,Clothing,58,Maine,M,Yellow,Winter,4.1,No,Free Shipping,1,1,38,Venmo,Weekly,52,1.0,0.4750000000000001,0.7551020408163265,0.9999999999999999,0.6399999999999999,0.7610408163265304,High Value
1410,34,Male,Backpack,Accessories,50,Idaho,M,Blue,Spring,4.2,No,Standard,1,1,41,Cash,Fortnightly,26,1.0,0.375,0.8163265306122448,0.49019607843137253,0.6800000000000002,0.6165894357743098,Medium Value
1411,61,Male,Hat,Accessories,93,Tennessee,M,Purple,Summer,4.0,No,Store Pickup,1,1,18,Debit Card,Annually,1,1.0,0.9125000000000001,0.346938775510204,0.0,0.6000000000000001,0.3812755102040816,Low Value
1412,48,Male,Skirt,Clothing,24,Louisiana,L,Green,Summer,2.8,No,Store Pickup,1,1,13,Venmo,Quarterly,4,1.0,0.050000000000000044,0.24489795918367344,0.058823529411764705,0.11999999999999988,0.1376062424969988,Low Value
1413,25,Male,Shorts,Clothing,100,Michigan,M,Charcoal,Summer,2.6,No,2-Day Shipping,1,1,43,Venmo,Annually,1,1.0,1.0,0.8571428571428571,0.0,0.040000000000000036,0.5468571428571429,Medium Value
1414,51,Male,Blouse,Clothing,79,New Hampshire,S,Indigo,Fall,2.7,No,Store Pickup,1,1,12,Bank Transfer,Quarterly,4,1.0,0.7375,0.22448979591836735,0.058823529411764705,0.08000000000000007,0.2629429771908764,Low Value
1415,29,Male,Socks,Clothing,51,Minnesota,M,Black,Summer,4.5,No,Store Pickup,1,1,3,Credit Card,Bi-Weekly,26,1.0,0.38750000000000007,0.04081632653061225,0.49019607843137253,0.8,0.32088535414165664,Low Value
1416,54,Male,Belt,Accessories,90,Illinois,M,Blue,Winter,3.7,No,Free Shipping,1,1,12,Credit Card,Every 3 Months,4,1.0,0.875,0.22448979591836735,0.058823529411764705,0.4800000000000002,0.33044297719087645,Low Value
1417,48,Male,Boots,Footwear,56,Idaho,L,Silver,Summer,3.4,No,Free Shipping,1,1,46,Cash,Quarterly,4,1.0,0.45000000000000007,0.9183673469387754,0.058823529411764705,0.3600000000000001,0.5109939975990396,Medium Value
1418,62,Male,Shorts,Clothing,25,Montana,S,Brown,Spring,4.6,No,Standard,1,1,21,Debit Card,Fortnightly,26,1.0,0.0625,0.4081632653061224,0.49019607843137253,0.8399999999999999,0.40682412965186077,Low Value
1419,18,Male,Shirt,Clothing,75,Alabama,M,Violet,Summer,4.1,No,2-Day Shipping,1,1,23,Venmo,Every 3 Months,4,1.0,0.6875,0.44897959183673464,0.058823529411764705,0.6399999999999999,0.3987388955582233,Low Value
1420,43,Male,Handbag,Accessories,75,Montana,M,Orange,Summer,2.6,No,Free Shipping,1,1,4,Debit Card,Quarterly,4,1.0,0.6875,0.061224489795918366,0.058823529411764705,0.040000000000000036,0.18363685474189678,Low Value
1421,22,Male,Jeans,Clothing,53,California,XL,Gray,Summer,4.6,No,Store Pickup,1,1,45,PayPal,Every 3 Months,4,1.0,0.4125000000000001,0.8979591836734693,0.058823529411764705,0.8399999999999999,0.5433307322929172,Medium Value
1422,68,Male,Dress,Clothing,100,Pennsylvania,S,Gold,Spring,3.0,No,Standard,1,1,24,Bank Transfer,Fortnightly,26,1.0,1.0,0.4693877551020408,0.49019607843137253,0.20000000000000018,0.554813925570228,Medium Value
1423,44,Male,Dress,Clothing,27,Texas,L,Charcoal,Fall,3.4,No,Free Shipping,1,1,3,PayPal,Bi-Weekly,26,1.0,0.08750000000000002,0.04081632653061225,0.49019607843137253,0.3600000000000001,0.21688535414165666,Low Value
1424,51,Male,Sandals,Footwear,60,Michigan,S,Black,Fall,3.5,No,Free Shipping,1,1,12,Venmo,Every 3 Months,4,1.0,0.5,0.22448979591836735,0.058823529411764705,0.40000000000000013,0.24744297719087638,Low Value
1425,66,Male,Jacket,Outerwear,23,Connecticut,S,Indigo,Fall,3.5,No,Standard,1,1,34,Bank Transfer,Every 3 Months,4,1.0,0.03750000000000003,0.673469387755102,0.058823529411764705,0.40000000000000013,0.3345348139255703,Low Value
1426,59,Male,Coat,Outerwear,40,Wyoming,S,White,Winter,3.7,No,Next Day Air,1,1,39,Credit Card,Annually,1,1.0,0.25,0.7755102040816325,0.0,0.4800000000000002,0.40820408163265304,Low Value
1427,60,Male,Pants,Clothing,38,Michigan,M,Yellow,Summer,4.8,No,Free Shipping,1,1,35,PayPal,Every 3 Months,4,1.0,0.22500000000000003,0.693877551020408,0.058823529411764705,0.9199999999999999,0.4321980792316926,Low Value
1428,31,Male,Backpack,Accessories,90,South Dakota,S,Orange,Summer,4.9,No,Store Pickup,1,1,8,Credit Card,Annually,1,1.0,0.875,0.14285714285714285,0.0,0.9600000000000002,0.3281428571428572,Low Value
1429,20,Male,Blouse,Clothing,97,North Dakota,S,Green,Summer,4.9,No,Express,1,1,42,PayPal,Quarterly,4,1.0,0.9625000000000001,0.836734693877551,0.058823529411764705,0.9600000000000002,0.64084093637455,Medium Value
1430,24,Male,Skirt,Clothing,38,Maryland,L,Gold,Fall,4.7,No,Standard,1,1,6,Credit Card,Every 3 Months,4,1.0,0.22500000000000003,0.10204081632653061,0.058823529411764705,0.8800000000000001,0.1914633853541417,Low Value
1431,48,Male,Sandals,Footwear,30,Michigan,S,Orange,Summer,4.9,No,Free Shipping,1,1,3,Credit Card,Fortnightly,26,1.0,0.125,0.04081632653061225,0.49019607843137253,0.9600000000000002,0.28438535414165667,Low Value
1432,39,Male,Pants,Clothing,88,South Dakota,M,Cyan,Fall,2.9,No,Express,1,1,29,Venmo,Quarterly,4,1.0,0.8500000000000001,0.5714285714285714,0.058823529411764705,0.15999999999999992,0.43221848739495805,Low Value
1433,34,Male,Hat,Accessories,33,Florida,L,Black,Winter,4.4,No,Express,1,1,32,Debit Card,Quarterly,4,1.0,0.16250000000000003,0.6326530612244897,0.058823529411764705,0.7600000000000002,0.37920828331332534,Low Value
1434,70,Male,Hoodie,Clothing,60,Minnesota,L,Yellow,Winter,3.2,No,Next Day Air,1,1,45,Debit Card,Weekly,52,1.0,0.5,0.8979591836734693,0.9999999999999999,0.28000000000000025,0.7871836734693877,High Value
1435,59,Male,Sweater,Clothing,64,New York,L,Maroon,Summer,4.6,No,Free Shipping,1,1,21,Debit Card,Bi-Weekly,26,1.0,0.55,0.4081632653061224,0.49019607843137253,0.8399999999999999,0.5043241296518607,Medium Value
1436,45,Male,Scarf,Accessories,95,Oregon,XL,Black,Fall,4.0,No,Standard,1,1,41,Cash,Weekly,52,1.0,0.9375,0.8163265306122448,0.9999999999999999,0.6000000000000001,0.874030612244898,High Value
1437,35,Male,Sneakers,Footwear,83,Minnesota,M,Gray,Winter,3.7,No,Free Shipping,1,1,23,PayPal,Fortnightly,26,1.0,0.7875000000000001,0.44897959183673464,0.49019607843137253,0.4800000000000002,0.5321506602641056,Medium Value
1438,69,Male,Boots,Footwear,97,Montana,XL,Orange,Winter,4.2,No,Free Shipping,1,1,14,Cash,Annually,1,1.0,0.9625000000000001,0.26530612244897955,0.0,0.6800000000000002,0.3666224489795919,Low Value
1439,58,Male,Coat,Outerwear,38,Washington,M,Cyan,Spring,2.9,No,Standard,1,1,24,Debit Card,Monthly,12,1.0,0.22500000000000003,0.4693877551020408,0.21568627450980393,0.15999999999999992,0.3134609843937576,Low Value
1440,25,Male,Boots,Footwear,48,New Mexico,M,Magenta,Summer,4.8,No,Next Day Air,1,1,25,Cash,Fortnightly,26,1.0,0.3500000000000001,0.4897959183673469,0.49019607843137253,0.9199999999999999,0.5049771908763505,Medium Value
1441,27,Male,Sandals,Footwear,76,Arizona,M,Pink,Spring,4.4,No,Standard,1,1,13,Venmo,Monthly,12,1.0,0.7000000000000001,0.24489795918367344,0.21568627450980393,0.7600000000000002,0.3786650660264106,Low Value
1442,34,Male,Pants,Clothing,25,Nebraska,S,Turquoise,Summer,3.4,No,Free Shipping,1,1,3,Venmo,Every 3 Months,4,1.0,0.0625,0.04081632653061225,0.058823529411764705,0.3600000000000001,0.08247358943577432,Low Value
1443,53,Male,Hoodie,Clothing,92,Idaho,S,Violet,Spring,2.8,No,2-Day Shipping,1,1,42,Credit Card,Annually,1,1.0,0.9000000000000001,0.836734693877551,0.0,0.11999999999999988,0.5266938775510205,Medium Value
1444,58,Male,Sandals,Footwear,47,Idaho,L,Teal,Fall,4.2,No,Next Day Air,1,1,2,Cash,Monthly,12,1.0,0.3375,0.02040816326530612,0.21568627450980393,0.6800000000000002,0.20836914765906367,Low Value
1445,32,Male,Sweater,Clothing,36,Vermont,L,Pink,Fall,3.8,No,Express,1,1,26,Cash,Quarterly,4,1.0,0.2,0.510204081632653,0.058823529411764705,0.52,0.3137286914765906,Low Value
1446,64,Male,Belt,Accessories,51,Arkansas,M,Gold,Fall,3.1,No,2-Day Shipping,1,1,24,Credit Card,Annually,1,1.0,0.38750000000000007,0.4693877551020408,0.0,0.2400000000000002,0.2892551020408164,Low Value
1447,63,Male,Jeans,Clothing,35,Wyoming,XL,Red,Summer,3.2,No,Express,1,1,6,Credit Card,Quarterly,4,1.0,0.1875,0.10204081632653061,0.058823529411764705,0.28000000000000025,0.1239633853541417,Low Value
1448,23,Male,Hoodie,Clothing,57,New Mexico,S,Beige,Summer,3.0,No,Next Day Air,1,1,25,PayPal,Monthly,12,1.0,0.4625,0.4897959183673469,0.21568627450980393,0.20000000000000018,0.37312424969988,Low Value
1449,64,Male,Boots,Footwear,95,West Virginia,M,Black,Summer,3.6,No,Free Shipping,1,1,11,Credit Card,Every 3 Months,4,1.0,0.9375,0.2040816326530612,0.058823529411764705,0.44000000000000017,0.33077971188475397,Low Value
1450,18,Male,Socks,Clothing,41,New York,L,Lavender,Winter,2.5,No,Store Pickup,1,1,20,Cash,Every 3 Months,4,1.0,0.26250000000000007,0.38775510204081626,0.058823529411764705,0.0,0.22524909963985593,Low Value
1451,25,Male,Dress,Clothing,44,Illinois,S,Teal,Winter,3.4,No,Free Shipping,1,1,25,Cash,Quarterly,4,1.0,0.30000000000000004,0.4897959183673469,0.058823529411764705,0.3600000000000001,0.3095654261704682,Low Value
1452,54,Male,Jacket,Outerwear,34,Utah,M,Maroon,Fall,2.5,No,Next Day Air,1,1,35,PayPal,Quarterly,4,1.0,0.17500000000000004,0.693877551020408,0.058823529411764705,0.0,0.33019807923169264,Low Value
1453,60,Male,Jacket,Outerwear,25,Colorado,L,Blue,Spring,4.7,No,2-Day Shipping,1,1,11,Bank Transfer,Quarterly,4,1.0,0.0625,0.2040816326530612,0.058823529411764705,0.8800000000000001,0.1997797118847539,Low Value
1454,36,Male,Boots,Footwear,93,Virginia,S,Teal,Winter,3.2,No,2-Day Shipping,1,1,41,Bank Transfer,Fortnightly,26,1.0,0.9125000000000001,0.8163265306122448,0.49019607843137253,0.28000000000000025,0.6840894357743097,Medium Value
1455,66,Male,Sneakers,Footwear,50,Georgia,L,Maroon,Winter,2.9,No,Free Shipping,1,1,17,Credit Card,Annually,1,1.0,0.375,0.32653061224489793,0.0,0.15999999999999992,0.22161224489795917,Low Value
1456,60,Male,Pants,Clothing,79,Alabama,L,Silver,Fall,4.9,No,Express,1,1,1,PayPal,Every 3 Months,4,1.0,0.7375,0.0,0.058823529411764705,0.9600000000000002,0.26114705882352945,Low Value
1457,59,Male,Coat,Outerwear,100,Montana,S,Olive,Spring,2.7,No,Store Pickup,1,1,30,PayPal,Every 3 Months,4,1.0,1.0,0.5918367346938774,0.058823529411764705,0.08000000000000007,0.4623817527010804,Medium Value
1458,58,Male,Shirt,Clothing,57,Pennsylvania,S,Gray,Spring,4.7,No,Express,1,1,47,Venmo,Fortnightly,26,1.0,0.4625,0.9387755102040816,0.49019607843137253,0.8800000000000001,0.7030690276110445,Medium Value
1459,35,Male,Sweater,Clothing,28,Missouri,M,Peach,Spring,2.9,No,2-Day Shipping,1,1,34,Venmo,Weekly,52,1.0,0.10000000000000003,0.673469387755102,0.9999999999999999,0.15999999999999992,0.6053877551020408,Medium Value
1460,20,Male,Shoes,Footwear,35,Maine,L,Yellow,Winter,4.8,No,Express,1,1,18,Venmo,Fortnightly,26,1.0,0.1875,0.346938775510204,0.49019607843137253,0.9199999999999999,0.41533433373349327,Low Value
1461,70,Male,Boots,Footwear,85,Pennsylvania,L,Violet,Fall,4.6,No,Standard,1,1,33,Venmo,Bi-Weekly,26,1.0,0.8125,0.6530612244897959,0.49019607843137253,0.8399999999999999,0.65478331332533,Medium Value
1462,54,Male,Sunglasses,Accessories,95,Oregon,S,Red,Summer,5.0,No,2-Day Shipping,1,1,42,Venmo,Quarterly,4,1.0,0.9375,0.836734693877551,0.058823529411764705,1.0,0.6398409363745498,Medium Value
1463,38,Male,Sneakers,Footwear,90,Utah,S,Charcoal,Summer,4.8,No,2-Day Shipping,1,1,2,Venmo,Quarterly,4,1.0,0.875,0.02040816326530612,0.058823529411764705,0.9199999999999999,0.2928103241296519,Low Value
1464,54,Male,Jewelry,Accessories,49,Oklahoma,M,Beige,Summer,4.9,No,Store Pickup,1,1,1,Bank Transfer,Monthly,12,1.0,0.36250000000000004,0.0,0.21568627450980393,0.9600000000000002,0.2332058823529412,Low Value
1465,33,Male,Belt,Accessories,92,Montana,M,Peach,Winter,4.6,No,2-Day Shipping,1,1,23,Bank Transfer,Quarterly,4,1.0,0.9000000000000001,0.44897959183673464,0.058823529411764705,0.8399999999999999,0.4612388955582233,Medium Value
1466,46,Male,Gloves,Accessories,72,Nebraska,XL,Violet,Winter,3.9,No,Store Pickup,1,1,42,Cash,Bi-Weekly,26,1.0,0.65,0.836734693877551,0.49019607843137253,0.56,0.6677527010804323,Medium Value
1467,58,Male,Shorts,Clothing,71,Alabama,M,Green,Summer,4.5,No,Store Pickup,1,1,3,PayPal,Annually,1,1.0,0.6375000000000001,0.04081632653061225,0.0,0.8,0.22382653061224494,Low Value
1468,30,Male,Jewelry,Accessories,27,Ohio,XL,Olive,Winter,4.7,No,Store Pickup,1,1,16,Debit Card,Fortnightly,26,1.0,0.08750000000000002,0.3061224489795918,0.49019607843137253,0.8800000000000001,0.3750078031212485,Low Value
1469,42,Male,Gloves,Accessories,39,Arkansas,S,Silver,Fall,3.9,No,Express,1,1,46,Cash,Fortnightly,26,1.0,0.23750000000000004,0.9183673469387754,0.49019607843137253,0.56,0.6179057623049219,Medium Value
1470,28,Male,Jewelry,Accessories,98,Mississippi,M,Purple,Winter,4.4,No,Standard,1,1,31,PayPal,Every 3 Months,4,1.0,0.9750000000000001,0.6122448979591836,0.058823529411764705,0.7600000000000002,0.533545018007203,Medium Value
1471,43,Male,Sandals,Footwear,27,California,M,Silver,Spring,3.9,No,Next Day Air,1,1,15,Cash,Every 3 Months,4,1.0,0.08750000000000002,0.28571428571428564,0.058823529411764705,0.56,0.20543277310924368,Low Value
1472,31,Male,Jewelry,Accessories,71,Alaska,S,Gray,Spring,2.8,No,2-Day Shipping,1,1,48,Venmo,Every 3 Months,4,1.0,0.6375000000000001,0.9591836734693877,0.058823529411764705,0.11999999999999988,0.5408205282112846,Medium Value
1473,39,Male,Hat,Accessories,24,Indiana,L,Turquoise,Spring,3.5,No,Store Pickup,1,1,11,Cash,Weekly,52,1.0,0.050000000000000044,0.2040816326530612,0.9999999999999999,0.40000000000000013,0.43163265306122445,Low Value
1474,69,Male,Shorts,Clothing,63,Wisconsin,M,Violet,Fall,4.3,No,Express,1,1,20,Credit Card,Every 3 Months,4,1.0,0.5375000000000001,0.38775510204081626,0.058823529411764705,0.72,0.35224909963985596,Low Value
1475,31,Male,Sweater,Clothing,72,New Jersey,S,Pink,Fall,3.9,No,Next Day Air,1,1,6,Credit Card,Monthly,12,1.0,0.65,0.10204081632653061,0.21568627450980393,0.56,0.29152220888355346,Low Value
1476,44,Male,Blouse,Clothing,61,Rhode Island,M,Teal,Spring,4.0,No,Express,1,1,24,Cash,Monthly,12,1.0,0.5125000000000001,0.4693877551020408,0.21568627450980393,0.6000000000000001,0.41496098439375756,Low Value
1477,39,Male,Hat,Accessories,56,Wyoming,M,Magenta,Fall,4.1,No,Next Day Air,1,1,18,Credit Card,Monthly,12,1.0,0.45000000000000007,0.346938775510204,0.21568627450980393,0.6399999999999999,0.3574813925570228,Low Value
1478,24,Male,Belt,Accessories,32,Oregon,XL,Silver,Summer,4.3,No,Standard,1,1,1,PayPal,Every 3 Months,4,1.0,0.15000000000000002,0.0,0.058823529411764705,0.72,0.11964705882352941,Low Value
1479,28,Male,Gloves,Accessories,23,Washington,M,Blue,Summer,4.2,No,Free Shipping,1,1,13,Venmo,Bi-Weekly,26,1.0,0.03750000000000003,0.24489795918367344,0.49019607843137253,0.6800000000000002,0.32051800720288115,Low Value
1480,48,Male,Coat,Outerwear,100,Washington,L,Black,Spring,4.0,No,Standard,1,1,2,Bank Transfer,Weekly,52,1.0,1.0,0.02040816326530612,0.9999999999999999,0.6000000000000001,0.5681632653061224,Medium Value
1481,39,Male,Jewelry,Accessories,74,New Hampshire,M,Gold,Fall,3.6,No,Express,1,1,26,Cash,Quarterly,4,1.0,0.675,0.510204081632653,0.058823529411764705,0.44000000000000017,0.4007286914765906,Low Value
1482,64,Male,Skirt,Clothing,33,Maryland,S,Gray,Spring,3.3,No,Standard,1,1,31,PayPal,Quarterly,4,1.0,0.16250000000000003,0.6122448979591836,0.058823529411764705,0.32000000000000006,0.3270450180072029,Low Value
1483,28,Male,Gloves,Accessories,67,Wisconsin,S,Magenta,Spring,4.1,No,2-Day Shipping,1,1,43,Bank Transfer,Weekly,52,1.0,0.5875,0.8571428571428571,0.9999999999999999,0.6399999999999999,0.8243571428571428,High Value
1484,39,Male,Jewelry,Accessories,61,Massachusetts,S,Yellow,Summer,4.7,No,Next Day Air,1,1,12,Debit Card,Bi-Weekly,26,1.0,0.5125000000000001,0.22448979591836735,0.49019607843137253,0.8800000000000001,0.42735474189675876,Low Value
1485,49,Male,Shorts,Clothing,46,Nebraska,M,Teal,Summer,4.4,No,Store Pickup,1,1,22,Venmo,Every 3 Months,4,1.0,0.32500000000000007,0.4285714285714285,0.058823529411764705,0.7600000000000002,0.33007563025210085,Low Value
1486,22,Male,Gloves,Accessories,56,Nebraska,L,Red,Spring,3.4,No,Standard,1,1,3,Cash,Fortnightly,26,1.0,0.45000000000000007,0.04081632653061225,0.49019607843137253,0.3600000000000001,0.28938535414165667,Low Value
1487,25,Male,Sneakers,Footwear,73,Idaho,S,Yellow,Spring,5.0,No,Free Shipping,1,1,23,Venmo,Every 3 Months,4,1.0,0.6625000000000001,0.44897959183673464,0.058823529411764705,1.0,0.4297388955582233,Low Value
1488,40,Male,Skirt,Clothing,44,Arizona,L,Black,Summer,4.6,No,Store Pickup,1,1,26,PayPal,Annually,1,1.0,0.30000000000000004,0.510204081632653,0.0,0.8399999999999999,0.34808163265306125,Low Value
1489,23,Male,Hat,Accessories,44,Hawaii,L,Pink,Winter,4.0,No,Standard,1,1,37,Credit Card,Weekly,52,1.0,0.30000000000000004,0.7346938775510203,0.9999999999999999,0.6000000000000001,0.7138775510204082,Medium Value
1490,24,Male,Jewelry,Accessories,26,Missouri,XL,Magenta,Summer,4.1,No,Next Day Air,1,1,42,Venmo,Quarterly,4,1.0,0.07500000000000001,0.836734693877551,0.058823529411764705,0.6399999999999999,0.43134093637454984,Low Value
1491,66,Male,Sneakers,Footwear,52,Louisiana,L,Olive,Spring,4.9,No,Express,1,1,15,Venmo,Bi-Weekly,26,1.0,0.4,0.28571428571428564,0.49019607843137253,0.9600000000000002,0.43734453781512606,Low Value
1492,27,Male,Shirt,Clothing,54,Arkansas,S,Black,Summer,2.7,No,Free Shipping,1,1,10,Bank Transfer,Quarterly,4,1.0,0.42500000000000004,0.18367346938775508,0.058823529411764705,0.08000000000000007,0.18411644657863147,Low Value
1493,62,Male,Jacket,Outerwear,38,North Carolina,M,Maroon,Summer,4.5,No,Free Shipping,1,1,3,Venmo,Quarterly,4,1.0,0.22500000000000003,0.04081632653061225,0.058823529411764705,0.8,0.15897358943577433,Low Value
1494,70,Male,Belt,Accessories,44,North Dakota,S,Gold,Fall,2.7,No,Standard,1,1,44,Credit Card,Quarterly,4,1.0,0.30000000000000004,0.8775510204081631,0.058823529411764705,0.08000000000000007,0.4366674669867947,Low Value
1495,43,Male,T-shirt,Clothing,76,Montana,M,Gray,Spring,3.0,No,Next Day Air,1,1,23,Bank Transfer,Fortnightly,26,1.0,0.7000000000000001,0.44897959183673464,0.49019607843137253,0.20000000000000018,0.48665066026410564,Medium Value
1496,45,Male,Jewelry,Accessories,23,Rhode Island,M,Brown,Winter,4.5,No,Next Day Air,1,1,6,PayPal,Weekly,52,1.0,0.03750000000000003,0.10204081632653061,0.9999999999999999,0.8,0.4283163265306122,Low Value
1497,63,Male,T-shirt,Clothing,98,Idaho,M,Purple,Winter,5.0,No,Standard,1,1,9,Venmo,Bi-Weekly,26,1.0,0.9750000000000001,0.16326530612244897,0.49019607843137253,1.0,0.5073649459783913,Medium Value
1498,69,Male,Jacket,Outerwear,33,Michigan,S,Magenta,Spring,3.8,No,2-Day Shipping,1,1,16,Debit Card,Every 3 Months,4,1.0,0.16250000000000003,0.3061224489795918,0.058823529411764705,0.52,0.22459603841536613,Low Value
1499,59,Male,Sweater,Clothing,32,Illinois,M,Teal,Summer,3.1,No,Standard,1,1,46,Venmo,Fortnightly,26,1.0,0.15000000000000002,0.9183673469387754,0.49019607843137253,0.2400000000000002,0.5684057623049219,Medium Value
1500,19,Male,Boots,Footwear,85,Georgia,S,Olive,Fall,3.4,No,Free Shipping,1,1,24,Credit Card,Every 3 Months,4,1.0,0.8125,0.4693877551020408,0.058823529411764705,0.3600000000000001,0.40390216086434577,Low Value
1501,63,Male,Jeans,Clothing,69,Alabama,L,Maroon,Summer,4.8,No,Next Day Air,1,1,22,Debit Card,Monthly,12,1.0,0.6125,0.4285714285714285,0.21568627450980393,0.9199999999999999,0.45063445378151257,Medium Value
1502,37,Male,Jeans,Clothing,55,Alaska,XL,Silver,Spring,2.7,No,Standard,1,1,13,Debit Card,Every 3 Months,4,1.0,0.4375,0.24489795918367344,0.058823529411764705,0.08000000000000007,0.21110624249699883,Low Value
1503,37,Male,Pants,Clothing,66,Massachusetts,M,Black,Summer,3.2,No,Store Pickup,1,1,20,Cash,Fortnightly,26,1.0,0.5750000000000001,0.38775510204081626,0.49019607843137253,0.28000000000000025,0.4451608643457383,Low Value
1504,50,Male,Jacket,Outerwear,30,Michigan,M,Maroon,Fall,3.9,No,2-Day Shipping,1,1,46,Cash,Quarterly,4,1.0,0.125,0.9183673469387754,0.058823529411764705,0.56,0.4659939975990396,Medium Value
1505,60,Male,Jacket,Outerwear,80,Alaska,M,Teal,Winter,4.2,No,Next Day Air,1,1,10,Bank Transfer,Monthly,12,1.0,0.75,0.18367346938775508,0.21568627450980393,0.6800000000000002,0.35617527010804323,Low Value
1506,46,Male,Belt,Accessories,20,North Dakota,M,Teal,Summer,3.0,No,Express,1,1,39,Cash,Monthly,12,1.0,0.0,0.7755102040816325,0.21568627450980393,0.20000000000000018,0.3949099639855942,Low Value
1507,35,Male,Shirt,Clothing,30,South Carolina,L,Beige,Fall,3.0,No,2-Day Shipping,1,1,44,PayPal,Quarterly,4,1.0,0.125,0.8775510204081631,0.058823529411764705,0.20000000000000018,0.41366746698679474,Low Value
1508,66,Male,Dress,Clothing,86,Pennsylvania,S,Maroon,Winter,3.7,No,2-Day Shipping,1,1,7,Venmo,Annually,1,1.0,0.825,0.12244897959183673,0.0,0.4800000000000002,0.26197959183673475,Low Value
1509,35,Male,Blouse,Clothing,84,Colorado,L,Beige,Spring,4.4,No,Store Pickup,1,1,3,Cash,Every 3 Months,4,1.0,0.8,0.04081632653061225,0.058823529411764705,0.7600000000000002,0.2699735894357744,Low Value
1510,20,Male,Dress,Clothing,54,New Hampshire,XL,White,Summer,4.6,No,Free Shipping,1,1,44,Debit Card,Annually,1,1.0,0.42500000000000004,0.8775510204081631,0.0,0.8399999999999999,0.5200204081632653,Medium Value
1511,55,Male,Blouse,Clothing,30,Maryland,XL,Gray,Fall,3.0,No,Free Shipping,1,1,31,Venmo,Annually,1,1.0,0.125,0.6122448979591836,0.0,0.20000000000000018,0.28989795918367345,Low Value
1512,34,Male,Dress,Clothing,91,Georgia,M,Violet,Winter,3.6,No,Express,1,1,48,Credit Card,Weekly,52,1.0,0.8875,0.9591836734693877,0.9999999999999999,0.44000000000000017,0.9051734693877551,High Value
1513,60,Male,Sneakers,Footwear,23,Wisconsin,L,Silver,Winter,3.9,No,Standard,1,1,18,PayPal,Bi-Weekly,26,1.0,0.03750000000000003,0.346938775510204,0.49019607843137253,0.56,0.3493343337334933,Low Value
1514,22,Male,Socks,Clothing,35,Texas,M,Red,Spring,4.1,No,Free Shipping,1,1,27,Cash,Monthly,12,1.0,0.1875,0.5306122448979591,0.21568627450980393,0.6399999999999999,0.3784507803121248,Low Value
1515,26,Male,Shoes,Footwear,90,Utah,L,Brown,Winter,3.9,No,2-Day Shipping,1,1,1,Venmo,Weekly,52,1.0,0.875,0.0,0.9999999999999999,0.56,0.531,Medium Value
1516,39,Male,Jeans,Clothing,93,Indiana,S,Turquoise,Fall,3.9,No,2-Day Shipping,1,1,34,Cash,Weekly,52,1.0,0.9125000000000001,0.673469387755102,0.9999999999999999,0.56,0.8078877551020408,High Value
1517,20,Male,Jeans,Clothing,68,Nevada,L,Indigo,Winter,4.5,No,Express,1,1,5,Bank Transfer,Bi-Weekly,26,1.0,0.6000000000000001,0.08163265306122448,0.49019607843137253,0.8,0.37971188475390155,Low Value
1518,57,Male,Gloves,Accessories,41,New Hampshire,M,Violet,Spring,3.4,No,Standard,1,1,12,Cash,Quarterly,4,1.0,0.26250000000000007,0.22448979591836735,0.058823529411764705,0.3600000000000001,0.1959429771908764,Low Value
1519,68,Male,Belt,Accessories,73,New York,M,Yellow,Winter,4.1,No,Next Day Air,1,1,14,Venmo,Fortnightly,26,1.0,0.6625000000000001,0.26530612244897955,0.49019607843137253,0.6399999999999999,0.44968127250900364,Low Value
1520,50,Male,Sunglasses,Accessories,73,Texas,L,Cyan,Fall,4.9,No,Next Day Air,1,1,40,PayPal,Weekly,52,1.0,0.6625000000000001,0.7959183673469387,0.9999999999999999,0.9600000000000002,0.8468673469387755,High Value
1521,21,Male,Hat,Accessories,66,Iowa,M,Brown,Summer,4.4,No,2-Day Shipping,1,1,39,Cash,Quarterly,4,1.0,0.5750000000000001,0.7755102040816325,0.058823529411764705,0.7600000000000002,0.5188511404561825,Medium Value
1522,29,Male,Backpack,Accessories,59,Washington,M,White,Summer,2.7,No,2-Day Shipping,1,1,50,Bank Transfer,Weekly,52,1.0,0.48750000000000004,1.0,0.9999999999999999,0.08000000000000007,0.8055,High Value
1523,38,Male,Shorts,Clothing,72,Tennessee,L,Yellow,Spring,4.8,No,Free Shipping,1,1,5,Debit Card,Monthly,12,1.0,0.65,0.08163265306122448,0.21568627450980393,0.9199999999999999,0.319358943577431,Low Value
1524,54,Male,Socks,Clothing,88,Georgia,M,White,Summer,3.3,No,2-Day Shipping,1,1,35,Debit Card,Annually,1,1.0,0.8500000000000001,0.693877551020408,0.0,0.32000000000000006,0.4795510204081633,Medium Value
1525,22,Male,Socks,Clothing,76,Massachusetts,L,Pink,Summer,4.4,No,Free Shipping,1,1,6,Cash,Bi-Weekly,26,1.0,0.7000000000000001,0.10204081632653061,0.49019607843137253,0.7600000000000002,0.403875150060024,Low Value
1526,29,Male,Belt,Accessories,31,Oregon,M,Indigo,Winter,4.6,No,2-Day Shipping,1,1,22,Cash,Fortnightly,26,1.0,0.1375,0.4285714285714285,0.49019607843137253,0.8399999999999999,0.4299873949579832,Low Value
1527,41,Male,Jacket,Outerwear,22,Oklahoma,L,White,Summer,3.1,No,Next Day Air,1,1,27,PayPal,Monthly,12,1.0,0.025000000000000022,0.5306122448979591,0.21568627450980393,0.2400000000000002,0.30595078031212486,Low Value
1528,26,Male,Hat,Accessories,75,Wisconsin,L,Red,Fall,4.5,No,2-Day Shipping,1,1,33,Debit Card,Fortnightly,26,1.0,0.6875,0.6530612244897959,0.49019607843137253,0.8,0.6257833133253301,Medium Value
1529,69,Male,T-shirt,Clothing,75,Oregon,S,Red,Spring,4.0,No,Store Pickup,1,1,47,Venmo,Bi-Weekly,26,1.0,0.6875,0.9387755102040816,0.49019607843137253,0.6000000000000001,0.7200690276110444,Medium Value
1530,20,Male,Backpack,Accessories,63,Georgia,M,Lavender,Winter,3.1,No,Free Shipping,1,1,48,Credit Card,Bi-Weekly,26,1.0,0.5375000000000001,0.9591836734693877,0.49019607843137253,0.2400000000000002,0.6622322929171669,Medium Value
1531,59,Male,Coat,Outerwear,21,New Mexico,M,Teal,Spring,3.9,No,Next Day Air,1,1,22,Bank Transfer,Quarterly,4,1.0,0.012500000000000011,0.4285714285714285,0.058823529411764705,0.56,0.24757563025210083,Low Value
1532,63,Male,Backpack,Accessories,83,Mississippi,S,Violet,Spring,4.5,No,Next Day Air,1,1,8,PayPal,Bi-Weekly,26,1.0,0.7875000000000001,0.14285714285714285,0.49019607843137253,0.8,0.44170168067226895,Low Value
1533,68,Male,Jacket,Outerwear,46,Wisconsin,S,Silver,Winter,4.4,No,Next Day Air,1,1,5,PayPal,Every 3 Months,4,1.0,0.32500000000000007,0.08163265306122448,0.058823529411764705,0.7600000000000002,0.19130012004801925,Low Value
1534,50,Male,Shoes,Footwear,59,New Hampshire,M,Gold,Summer,3.6,No,2-Day Shipping,1,1,16,Bank Transfer,Quarterly,4,1.0,0.48750000000000004,0.3061224489795918,0.058823529411764705,0.44000000000000017,0.2815960384153662,Low Value
1535,55,Male,Blouse,Clothing,66,Wyoming,M,Green,Summer,3.4,No,Free Shipping,1,1,26,Venmo,Fortnightly,26,1.0,0.5750000000000001,0.510204081632653,0.49019607843137253,0.3600000000000001,0.5021404561824729,Medium Value
1536,36,Male,Sandals,Footwear,74,West Virginia,S,Turquoise,Fall,4.0,No,2-Day Shipping,1,1,8,Venmo,Monthly,12,1.0,0.675,0.14285714285714285,0.21568627450980393,0.6000000000000001,0.31684873949579834,Low Value
1537,18,Male,Sunglasses,Accessories,82,Michigan,M,Indigo,Summer,2.6,No,Store Pickup,1,1,17,Cash,Quarterly,4,1.0,0.7750000000000001,0.32653061224489793,0.058823529411764705,0.040000000000000036,0.3072593037214886,Low Value
1538,68,Male,Shoes,Footwear,89,Alaska,L,Black,Spring,3.2,No,Next Day Air,1,1,50,Venmo,Annually,1,1.0,0.8625,1.0,0.0,0.28000000000000025,0.6005,Medium Value
1539,56,Male,Dress,Clothing,65,Illinois,L,Charcoal,Fall,3.2,No,Standard,1,1,22,Venmo,Bi-Weekly,26,1.0,0.5625,0.4285714285714285,0.49019607843137253,0.28000000000000025,0.4589873949579832,Medium Value
1540,32,Male,Belt,Accessories,55,Hawaii,M,Turquoise,Spring,5.0,No,2-Day Shipping,1,1,19,Cash,Every 3 Months,4,1.0,0.4375,0.36734693877551017,0.058823529411764705,1.0,0.3520858343337335,Low Value
1541,28,Male,Shorts,Clothing,95,Colorado,M,Red,Winter,2.9,No,Next Day Air,1,1,14,Bank Transfer,Monthly,12,1.0,0.9375,0.26530612244897955,0.21568627450980393,0.15999999999999992,0.374328331332533,Low Value
1542,24,Male,Handbag,Accessories,77,Illinois,S,Indigo,Winter,2.9,No,Store Pickup,1,1,35,Cash,Bi-Weekly,26,1.0,0.7125,0.693877551020408,0.49019607843137253,0.15999999999999992,0.583109843937575,Medium Value
1543,59,Male,Blouse,Clothing,44,Hawaii,M,Maroon,Winter,3.5,No,Next Day Air,1,1,43,PayPal,Weekly,52,1.0,0.30000000000000004,0.8571428571428571,0.9999999999999999,0.40000000000000013,0.7428571428571429,Medium Value
1544,56,Male,Jeans,Clothing,89,Wisconsin,M,Indigo,Fall,4.0,No,Standard,1,1,24,Venmo,Annually,1,1.0,0.8625,0.4693877551020408,0.0,0.6000000000000001,0.42025510204081634,Low Value
1545,30,Male,Jewelry,Accessories,24,Arkansas,M,Maroon,Spring,3.9,No,Standard,1,1,17,Debit Card,Bi-Weekly,26,1.0,0.050000000000000044,0.32653061224489793,0.49019607843137253,0.56,0.3436710684273709,Low Value
1546,48,Male,Belt,Accessories,43,Delaware,M,Black,Winter,4.9,No,Store Pickup,1,1,49,Bank Transfer,Annually,1,1.0,0.2875,0.9795918367346937,0.0,0.9600000000000002,0.5453367346938776,Medium Value
1547,60,Male,Sneakers,Footwear,51,Oregon,XL,Purple,Summer,3.8,No,Express,1,1,17,Bank Transfer,Annually,1,1.0,0.38750000000000007,0.32653061224489793,0.0,0.52,0.2601122448979592,Low Value
1548,46,Male,Hat,Accessories,46,South Carolina,L,Teal,Summer,3.5,No,Standard,1,1,40,Cash,Quarterly,4,1.0,0.32500000000000007,0.7959183673469387,0.058823529411764705,0.40000000000000013,0.44101440576230494,Low Value
1549,69,Male,Dress,Clothing,32,Maryland,M,Silver,Summer,3.7,No,Store Pickup,1,1,43,Bank Transfer,Weekly,52,1.0,0.15000000000000002,0.8571428571428571,0.9999999999999999,0.4800000000000002,0.7208571428571429,Medium Value
1550,19,Male,Sneakers,Footwear,55,Kansas,M,Black,Spring,2.9,No,2-Day Shipping,1,1,19,Debit Card,Every 3 Months,4,1.0,0.4375,0.36734693877551017,0.058823529411764705,0.15999999999999992,0.2680858343337335,Low Value
1551,66,Male,Sunglasses,Accessories,26,Arkansas,S,Black,Summer,2.8,No,Free Shipping,1,1,40,Bank Transfer,Quarterly,4,1.0,0.07500000000000001,0.7959183673469387,0.058823529411764705,0.11999999999999988,0.3630144057623049,Low Value
1552,64,Male,Handbag,Accessories,29,Minnesota,M,Olive,Summer,3.7,No,2-Day Shipping,1,1,13,Credit Card,Monthly,12,1.0,0.11250000000000004,0.24489795918367344,0.21568627450980393,0.4800000000000002,0.2331650660264106,Low Value
1553,54,Male,Blouse,Clothing,49,New Mexico,L,Purple,Spring,3.0,No,Express,1,1,20,Credit Card,Monthly,12,1.0,0.36250000000000004,0.38775510204081626,0.21568627450980393,0.20000000000000018,0.3123079231692677,Low Value
1554,27,Male,Blouse,Clothing,45,Delaware,M,Indigo,Spring,4.8,No,Free Shipping,1,1,21,Debit Card,Quarterly,4,1.0,0.3125,0.4081632653061224,0.058823529411764705,0.9199999999999999,0.33541236494597837,Low Value
1555,64,Male,Shorts,Clothing,48,Utah,S,Lavender,Winter,2.7,No,Standard,1,1,18,Cash,Bi-Weekly,26,1.0,0.3500000000000001,0.346938775510204,0.49019607843137253,0.08000000000000007,0.36383433373349333,Low Value
1556,43,Male,Shorts,Clothing,47,Ohio,S,Cyan,Winter,4.5,No,Free Shipping,1,1,44,Cash,Quarterly,4,1.0,0.3375,0.8775510204081631,0.058823529411764705,0.8,0.5161674669867947,Medium Value
1557,43,Male,Hoodie,Clothing,57,Alabama,M,Gold,Fall,2.7,No,Standard,1,1,26,Credit Card,Quarterly,4,1.0,0.4625,0.510204081632653,0.058823529411764705,0.08000000000000007,0.3222286914765906,Low Value
1558,27,Male,Backpack,Accessories,34,South Dakota,L,Magenta,Fall,3.5,No,Next Day Air,1,1,34,PayPal,Quarterly,4,1.0,0.17500000000000004,0.673469387755102,0.058823529411764705,0.40000000000000013,0.3620348139255703,Low Value
1559,35,Male,Sunglasses,Accessories,75,New Mexico,XL,Teal,Fall,3.5,No,Express,1,1,24,Credit Card,Every 3 Months,4,1.0,0.6875,0.4693877551020408,0.058823529411764705,0.40000000000000013,0.3829021608643458,Low Value
1560,43,Male,Scarf,Accessories,94,Oregon,L,Beige,Fall,4.5,No,Store Pickup,1,1,23,PayPal,Fortnightly,26,1.0,0.925,0.44897959183673464,0.49019607843137253,0.8,0.5916506602641056,Medium Value
1561,57,Male,Hat,Accessories,84,Oregon,M,Teal,Winter,3.8,No,Free Shipping,1,1,3,Debit Card,Weekly,52,1.0,0.8,0.04081632653061225,0.9999999999999999,0.52,0.5283265306122449,Medium Value
1562,50,Male,Scarf,Accessories,38,Mississippi,M,Indigo,Summer,3.8,No,Standard,1,1,2,Bank Transfer,Quarterly,4,1.0,0.22500000000000003,0.02040816326530612,0.058823529411764705,0.52,0.12281032412965188,Low Value
1563,37,Male,Scarf,Accessories,75,Alabama,M,Purple,Winter,3.2,No,Next Day Air,1,1,23,Venmo,Bi-Weekly,26,1.0,0.6875,0.44897959183673464,0.49019607843137253,0.28000000000000025,0.49215066026410564,Medium Value
1564,68,Male,Pants,Clothing,44,Kansas,M,Teal,Fall,4.3,No,Next Day Air,1,1,8,Cash,Weekly,52,1.0,0.30000000000000004,0.14285714285714285,0.9999999999999999,0.72,0.4891428571428571,Medium Value
1565,22,Male,Backpack,Accessories,33,California,XL,Turquoise,Summer,4.5,No,Next Day Air,1,1,30,Debit Card,Every 3 Months,4,1.0,0.16250000000000003,0.5918367346938774,0.058823529411764705,0.8,0.3668817527010804,Low Value
1566,58,Male,Sunglasses,Accessories,93,Idaho,L,Peach,Fall,4.2,No,Free Shipping,1,1,48,PayPal,Annually,1,1.0,0.9125000000000001,0.9591836734693877,0.0,0.6800000000000002,0.6341734693877552,Medium Value
1567,48,Male,Sneakers,Footwear,99,Wyoming,S,Green,Winter,3.0,No,Free Shipping,1,1,21,Cash,Bi-Weekly,26,1.0,0.9875,0.4081632653061224,0.49019607843137253,0.20000000000000018,0.5278241296518608,Medium Value
1568,30,Male,Backpack,Accessories,33,Minnesota,M,Turquoise,Spring,4.1,No,Standard,1,1,9,Cash,Monthly,12,1.0,0.16250000000000003,0.16326530612244897,0.21568627450980393,0.6399999999999999,0.22651200480192074,Low Value
1569,51,Male,Sneakers,Footwear,76,Washington,L,Yellow,Spring,4.6,No,Store Pickup,1,1,8,Debit Card,Monthly,12,1.0,0.7000000000000001,0.14285714285714285,0.21568627450980393,0.8399999999999999,0.3458487394957983,Low Value
1570,20,Male,Skirt,Clothing,63,Hawaii,M,Orange,Summer,2.9,No,Standard,1,1,29,Debit Card,Weekly,52,1.0,0.5375000000000001,0.5714285714285714,0.9999999999999999,0.15999999999999992,0.6520714285714285,Medium Value
1571,30,Male,Pants,Clothing,41,Missouri,L,Brown,Winter,4.8,No,Next Day Air,1,1,3,Bank Transfer,Every 3 Months,4,1.0,0.26250000000000007,0.04081632653061225,0.058823529411764705,0.9199999999999999,0.17847358943577432,Low Value
1572,28,Male,Jewelry,Accessories,88,Colorado,L,Silver,Winter,4.5,No,Next Day Air,1,1,11,Bank Transfer,Fortnightly,26,1.0,0.8500000000000001,0.2040816326530612,0.49019607843137253,0.8,0.47869147659063627,Medium Value
1573,37,Male,Skirt,Clothing,92,Washington,L,White,Summer,3.4,No,2-Day Shipping,1,1,16,Debit Card,Monthly,12,1.0,0.9000000000000001,0.3061224489795918,0.21568627450980393,0.3600000000000001,0.403154861944778,Low Value
1574,36,Male,T-shirt,Clothing,31,North Dakota,L,Indigo,Summer,4.3,No,2-Day Shipping,1,1,25,Debit Card,Weekly,52,1.0,0.1375,0.4897959183673469,0.9999999999999999,0.72,0.5954183673469386,Medium Value
1575,18,Male,Skirt,Clothing,25,Minnesota,S,Magenta,Spring,4.2,No,Free Shipping,1,1,32,PayPal,Bi-Weekly,26,1.0,0.0625,0.6326530612244897,0.49019607843137253,0.6800000000000002,0.48062004801920766,Medium Value
1576,52,Male,Shirt,Clothing,28,California,M,Turquoise,Spring,3.6,No,Next Day Air,1,1,28,Cash,Fortnightly,26,1.0,0.10000000000000003,0.5510204081632653,0.49019607843137253,0.44000000000000017,0.4314669867947179,Low Value
1577,56,Male,Dress,Clothing,75,Michigan,M,White,Spring,3.7,No,2-Day Shipping,1,1,36,PayPal,Monthly,12,1.0,0.6875,0.7142857142857142,0.21568627450980393,0.4800000000000002,0.5359201680672269,Medium Value
1578,68,Male,Boots,Footwear,34,Delaware,S,Olive,Spring,4.0,No,Standard,1,1,7,Venmo,Fortnightly,26,1.0,0.17500000000000004,0.12244897959183673,0.49019607843137253,0.6000000000000001,0.29103841536614644,Low Value
1579,62,Male,Pants,Clothing,97,California,S,Maroon,Winter,4.9,No,2-Day Shipping,1,1,2,PayPal,Quarterly,4,1.0,0.9625000000000001,0.02040816326530612,0.058823529411764705,0.9600000000000002,0.31431032412965193,Low Value
1580,35,Male,Jacket,Outerwear,80,Oklahoma,M,Violet,Summer,3.1,No,Free Shipping,1,1,6,Bank Transfer,Monthly,12,1.0,0.75,0.10204081632653061,0.21568627450980393,0.2400000000000002,0.2795222088835535,Low Value
1581,65,Male,Sneakers,Footwear,71,North Dakota,L,Cyan,Summer,3.7,No,Standard,1,1,30,Cash,Annually,1,1.0,0.6375000000000001,0.5918367346938774,0.0,0.4800000000000002,0.4122346938775511,Low Value
1582,69,Male,Jewelry,Accessories,77,Ohio,L,Teal,Fall,4.2,No,Free Shipping,1,1,46,Cash,Quarterly,4,1.0,0.7125,0.9183673469387754,0.058823529411764705,0.6800000000000002,0.5954939975990396,Medium Value
1583,28,Male,Belt,Accessories,41,Hawaii,L,Red,Spring,2.5,No,Next Day Air,1,1,39,Cash,Monthly,12,1.0,0.26250000000000007,0.7755102040816325,0.21568627450980393,0.0,0.42740996398559417,Low Value
1584,37,Male,Scarf,Accessories,92,Maryland,XL,Yellow,Summer,4.3,No,Next Day Air,1,1,8,Venmo,Annually,1,1.0,0.9000000000000001,0.14285714285714285,0.0,0.72,0.30914285714285716,Low Value
1585,41,Male,Blouse,Clothing,95,Hawaii,S,Silver,Spring,3.1,No,Store Pickup,1,1,46,Credit Card,Quarterly,4,1.0,0.9375,0.9183673469387754,0.058823529411764705,0.2400000000000002,0.5964939975990395,Medium Value
1586,37,Male,Sweater,Clothing,25,Alabama,M,Charcoal,Fall,3.0,No,Next Day Air,1,1,40,Debit Card,Fortnightly,26,1.0,0.0625,0.7959183673469387,0.49019607843137253,0.20000000000000018,0.49792617046818727,Medium Value
1587,25,Male,Boots,Footwear,77,Oklahoma,M,Purple,Fall,4.0,No,Express,1,1,21,Bank Transfer,Weekly,52,1.0,0.7125,0.4081632653061224,0.9999999999999999,0.6000000000000001,0.6657653061224489,Medium Value
1588,41,Male,Socks,Clothing,99,Alabama,M,Beige,Summer,3.5,No,Free Shipping,1,1,33,Credit Card,Fortnightly,26,1.0,0.9875,0.6530612244897959,0.49019607843137253,0.40000000000000013,0.6457833133253301,Medium Value
1589,48,Male,Belt,Accessories,24,Vermont,L,Cyan,Winter,3.2,No,Next Day Air,1,1,3,Venmo,Monthly,12,1.0,0.050000000000000044,0.04081632653061225,0.21568627450980393,0.28000000000000025,0.11903241296518612,Low Value
1590,42,Male,Sneakers,Footwear,72,Ohio,M,Silver,Summer,2.7,No,Store Pickup,1,1,48,Cash,Weekly,52,1.0,0.65,0.9591836734693877,0.9999999999999999,0.08000000000000007,0.8216734693877551,High Value
1591,54,Male,Jeans,Clothing,80,Wisconsin,S,Pink,Winter,3.0,No,Free Shipping,1,1,8,PayPal,Annually,1,1.0,0.75,0.14285714285714285,0.0,0.20000000000000018,0.22714285714285717,Low Value
1592,18,Male,Skirt,Clothing,100,South Dakota,L,Gold,Winter,2.9,No,Next Day Air,1,1,24,PayPal,Annually,1,1.0,1.0,0.4693877551020408,0.0,0.15999999999999992,0.4037551020408163,Low Value
1593,56,Male,Shoes,Footwear,83,Iowa,M,Cyan,Summer,3.3,No,Free Shipping,1,1,10,Bank Transfer,Every 3 Months,4,1.0,0.7875000000000001,0.18367346938775508,0.058823529411764705,0.32000000000000006,0.2806164465786315,Low Value
1594,61,Male,Dress,Clothing,95,Maryland,M,Black,Spring,4.9,No,2-Day Shipping,1,1,25,Bank Transfer,Monthly,12,1.0,0.9375,0.4897959183673469,0.21568627450980393,0.9600000000000002,0.5441242496998799,Medium Value
1595,40,Male,Handbag,Accessories,41,Colorado,XL,Charcoal,Summer,3.7,No,Store Pickup,1,1,3,Cash,Fortnightly,26,1.0,0.26250000000000007,0.04081632653061225,0.49019607843137253,0.4800000000000002,0.2638853541416567,Low Value
1596,34,Male,Backpack,Accessories,35,Wisconsin,S,Magenta,Spring,3.5,No,Standard,1,1,45,Debit Card,Fortnightly,26,1.0,0.1875,0.8979591836734693,0.49019607843137253,0.40000000000000013,0.5837424969987995,Medium Value
1597,42,Male,Jewelry,Accessories,30,Mississippi,S,Pink,Fall,4.7,No,Store Pickup,1,1,15,Debit Card,Monthly,12,1.0,0.125,0.28571428571428564,0.21568627450980393,0.8800000000000001,0.2919915966386555,Low Value
1598,43,Male,Hat,Accessories,21,Mississippi,XL,Maroon,Winter,2.6,No,Store Pickup,1,1,34,Bank Transfer,Quarterly,4,1.0,0.012500000000000011,0.673469387755102,0.058823529411764705,0.040000000000000036,0.29353481392557024,Low Value
1599,47,Male,Jewelry,Accessories,85,California,M,Teal,Fall,4.1,No,Express,1,1,21,Venmo,Bi-Weekly,26,1.0,0.8125,0.4081632653061224,0.49019607843137253,0.6399999999999999,0.5368241296518607,Medium Value
1600,48,Male,Shirt,Clothing,54,Delaware,M,Orange,Winter,2.8,No,2-Day Shipping,1,1,22,Debit Card,Bi-Weekly,26,1.0,0.42500000000000004,0.4285714285714285,0.49019607843137253,0.11999999999999988,0.4154873949579832,Low Value
1601,20,Male,Boots,Footwear,26,Montana,S,Yellow,Spring,4.7,No,Next Day Air,1,1,24,PayPal,Weekly,52,1.0,0.07500000000000001,0.4693877551020408,0.9999999999999999,0.8800000000000001,0.5907551020408164,Medium Value
1602,65,Male,Shirt,Clothing,59,Indiana,XL,Red,Spring,2.9,No,Store Pickup,1,1,33,Credit Card,Monthly,12,1.0,0.48750000000000004,0.6530612244897959,0.21568627450980393,0.15999999999999992,0.43943037214885955,Low Value
1603,54,Male,Sunglasses,Accessories,48,West Virginia,S,Charcoal,Winter,2.8,No,Free Shipping,1,1,13,Venmo,Fortnightly,26,1.0,0.3500000000000001,0.24489795918367344,0.49019607843137253,0.11999999999999988,0.32701800720288116,Low Value
1604,23,Male,Shorts,Clothing,98,Iowa,L,Black,Summer,4.3,No,Next Day Air,1,1,17,Debit Card,Bi-Weekly,26,1.0,0.9750000000000001,0.32653061224489793,0.49019607843137253,0.72,0.5446710684273709,Medium Value
1605,18,Male,Sweater,Clothing,92,Maine,M,White,Summer,4.8,No,2-Day Shipping,1,1,25,Credit Card,Every 3 Months,4,1.0,0.9000000000000001,0.4897959183673469,0.058823529411764705,0.9199999999999999,0.4855654261704683,Medium Value
1606,70,Male,Belt,Accessories,46,Connecticut,M,Lavender,Winter,3.4,No,Next Day Air,1,1,15,Credit Card,Bi-Weekly,26,1.0,0.32500000000000007,0.28571428571428564,0.49019607843137253,0.3600000000000001,0.36234453781512604,Low Value
1607,55,Male,T-shirt,Clothing,21,Kansas,S,White,Spring,4.3,No,Standard,1,1,4,PayPal,Fortnightly,26,1.0,0.012500000000000011,0.061224489795918366,0.49019607843137253,0.72,0.24604861944777912,Low Value
1608,49,Male,Shorts,Clothing,72,Vermont,S,Gray,Fall,2.7,No,Free Shipping,1,1,43,Debit Card,Quarterly,4,1.0,0.65,0.8571428571428571,0.058823529411764705,0.08000000000000007,0.4985042016806723,Medium Value
1609,26,Male,Sandals,Footwear,58,Nebraska,XL,Cyan,Fall,4.6,No,Next Day Air,1,1,12,Bank Transfer,Bi-Weekly,26,1.0,0.4750000000000001,0.22448979591836735,0.49019607843137253,0.8399999999999999,0.41585474189675875,Low Value
1610,33,Male,Shirt,Clothing,93,Nevada,S,Brown,Fall,4.1,No,Standard,1,1,3,Venmo,Monthly,12,1.0,0.9125000000000001,0.04081632653061225,0.21568627450980393,0.6399999999999999,0.3275324129651861,Low Value
1611,20,Male,Socks,Clothing,31,Tennessee,L,Purple,Spring,3.4,No,2-Day Shipping,1,1,1,PayPal,Annually,1,1.0,0.1375,0.0,0.0,0.3600000000000001,0.06350000000000001,Low Value
1612,41,Male,Pants,Clothing,26,Arkansas,L,Yellow,Winter,4.5,No,Next Day Air,1,1,6,Debit Card,Monthly,12,1.0,0.07500000000000001,0.10204081632653061,0.21568627450980393,0.8,0.20052220888355343,Low Value
1613,18,Male,Skirt,Clothing,68,Wisconsin,M,Indigo,Summer,4.4,No,Standard,1,1,26,Venmo,Monthly,12,1.0,0.6000000000000001,0.510204081632653,0.21568627450980393,0.7600000000000002,0.4647875150060024,Medium Value
1614,26,Male,Jewelry,Accessories,31,Illinois,S,Black,Summer,4.0,No,Next Day Air,1,1,6,Credit Card,Fortnightly,26,1.0,0.1375,0.10204081632653061,0.49019607843137253,0.6000000000000001,0.275375150060024,Low Value
1615,30,Male,T-shirt,Clothing,41,Kansas,S,Gray,Summer,3.4,No,Free Shipping,1,1,22,Cash,Bi-Weekly,26,1.0,0.26250000000000007,0.4285714285714285,0.49019607843137253,0.3600000000000001,0.4069873949579832,Low Value
1616,64,Male,Jewelry,Accessories,62,New York,M,Indigo,Fall,3.2,No,Standard,1,1,45,Cash,Bi-Weekly,26,1.0,0.525,0.8979591836734693,0.49019607843137253,0.28000000000000025,0.6392424969987995,Medium Value
1617,26,Male,Hat,Accessories,41,Colorado,M,Green,Spring,3.4,No,Standard,1,1,50,Cash,Quarterly,4,1.0,0.26250000000000007,1.0,0.058823529411764705,0.3600000000000001,0.5061470588235295,Medium Value
1618,43,Male,Blouse,Clothing,64,Wisconsin,M,Peach,Winter,4.3,No,Standard,1,1,50,Credit Card,Fortnightly,26,1.0,0.55,1.0,0.49019607843137253,0.72,0.7290588235294118,Medium Value
1619,63,Male,Sandals,Footwear,72,Michigan,L,Purple,Summer,5.0,No,Standard,1,1,39,Debit Card,Quarterly,4,1.0,0.65,0.7755102040816325,0.058823529411764705,1.0,0.5578511404561824,Medium Value
1620,57,Male,Handbag,Accessories,78,Hawaii,L,Beige,Winter,3.5,No,Store Pickup,1,1,50,Venmo,Bi-Weekly,26,1.0,0.7250000000000001,1.0,0.49019607843137253,0.40000000000000013,0.7320588235294119,Medium Value
1621,25,Male,Hat,Accessories,47,Virginia,M,Charcoal,Winter,3.1,No,2-Day Shipping,1,1,27,PayPal,Every 3 Months,4,1.0,0.3375,0.5306122448979591,0.058823529411764705,0.2400000000000002,0.3213919567827131,Low Value
1622,68,Male,Scarf,Accessories,46,Ohio,L,Gray,Summer,3.9,No,2-Day Shipping,1,1,38,Debit Card,Fortnightly,26,1.0,0.32500000000000007,0.7551020408163265,0.49019607843137253,0.56,0.5700996398559425,Medium Value
1623,31,Male,Shorts,Clothing,43,Missouri,S,Brown,Winter,4.0,No,Store Pickup,1,1,37,Bank Transfer,Every 3 Months,4,1.0,0.2875,0.7346938775510203,0.058823529411764705,0.6000000000000001,0.42902460984393753,Low Value
1624,64,Male,Backpack,Accessories,58,Indiana,M,Cyan,Summer,3.5,No,Next Day Air,1,1,50,Debit Card,Annually,1,1.0,0.4750000000000001,1.0,0.0,0.40000000000000013,0.535,Medium Value
1625,38,Male,Sweater,Clothing,32,Florida,M,White,Winter,3.6,No,Free Shipping,1,1,40,PayPal,Every 3 Months,4,1.0,0.15000000000000002,0.7959183673469387,0.058823529411764705,0.44000000000000017,0.41001440576230497,Low Value
1626,34,Male,Skirt,Clothing,45,Minnesota,L,Beige,Winter,3.0,No,Next Day Air,1,1,3,PayPal,Bi-Weekly,26,1.0,0.3125,0.04081632653061225,0.49019607843137253,0.20000000000000018,0.24588535414165666,Low Value
1627,32,Male,Sneakers,Footwear,35,Nevada,L,Orange,Summer,2.6,No,Next Day Air,1,1,45,Credit Card,Bi-Weekly,26,1.0,0.1875,0.8979591836734693,0.49019607843137253,0.040000000000000036,0.5477424969987995,Medium Value
1628,69,Male,Sunglasses,Accessories,21,Maine,M,Olive,Winter,2.9,No,Next Day Air,1,1,8,Credit Card,Annually,1,1.0,0.012500000000000011,0.14285714285714285,0.0,0.15999999999999992,0.07564285714285714,Low Value
1629,45,Male,Dress,Clothing,64,Massachusetts,S,Teal,Winter,3.1,No,Next Day Air,1,1,7,Cash,Monthly,12,1.0,0.55,0.12244897959183673,0.21568627450980393,0.2400000000000002,0.2476854741896759,Low Value
1630,35,Male,Blouse,Clothing,88,North Dakota,S,Silver,Spring,3.3,No,Next Day Air,1,1,13,Venmo,Quarterly,4,1.0,0.8500000000000001,0.24489795918367344,0.058823529411764705,0.32000000000000006,0.31760624249699887,Low Value
1631,63,Male,Shoes,Footwear,48,New Jersey,M,Gold,Summer,2.9,No,Store Pickup,1,1,29,Venmo,Every 3 Months,4,1.0,0.3500000000000001,0.5714285714285714,0.058823529411764705,0.15999999999999992,0.332218487394958,Low Value
1632,65,Male,Sweater,Clothing,36,Indiana,L,Violet,Summer,3.9,No,2-Day Shipping,1,1,7,Bank Transfer,Fortnightly,26,1.0,0.2,0.12244897959183673,0.49019607843137253,0.56,0.29203841536614644,Low Value
1633,35,Male,Gloves,Accessories,28,Oregon,S,White,Summer,4.7,No,2-Day Shipping,1,1,50,Debit Card,Every 3 Months,4,1.0,0.10000000000000003,1.0,0.058823529411764705,0.8800000000000001,0.5256470588235295,Medium Value
1634,54,Male,Socks,Clothing,80,North Dakota,M,Peach,Spring,4.4,No,2-Day Shipping,1,1,33,Debit Card,Bi-Weekly,26,1.0,0.75,0.6530612244897959,0.49019607843137253,0.7600000000000002,0.6342833133253302,Medium Value
1635,28,Male,Coat,Outerwear,23,South Carolina,S,Orange,Summer,3.6,No,Store Pickup,1,1,30,Cash,Every 3 Months,4,1.0,0.03750000000000003,0.5918367346938774,0.058823529411764705,0.44000000000000017,0.3058817527010804,Low Value
1636,68,Male,Sunglasses,Accessories,24,North Carolina,L,Violet,Summer,3.2,No,Standard,1,1,40,Cash,Annually,1,1.0,0.050000000000000044,0.7959183673469387,0.0,0.28000000000000025,0.35636734693877553,Low Value
1637,58,Male,Boots,Footwear,22,North Dakota,L,Green,Fall,4.0,No,Free Shipping,1,1,49,Cash,Fortnightly,26,1.0,0.025000000000000022,0.9795918367346937,0.49019607843137253,0.6000000000000001,0.6038955582232893,Medium Value
1638,35,Male,Dress,Clothing,21,Massachusetts,M,Peach,Spring,3.5,No,Next Day Air,1,1,32,Venmo,Fortnightly,26,1.0,0.012500000000000011,0.6326530612244897,0.49019607843137253,0.40000000000000013,0.4426200480192077,Low Value
1639,68,Male,Jacket,Outerwear,51,Tennessee,M,Black,Spring,4.6,No,Free Shipping,1,1,18,Venmo,Weekly,52,1.0,0.38750000000000007,0.346938775510204,0.9999999999999999,0.8399999999999999,0.6002755102040815,Medium Value
1640,41,Male,Gloves,Accessories,65,Missouri,L,Blue,Summer,3.3,No,Free Shipping,1,1,50,PayPal,Annually,1,1.0,0.5625,1.0,0.0,0.32000000000000006,0.5445000000000001,Medium Value
1641,65,Male,Scarf,Accessories,51,Tennessee,S,Magenta,Spring,4.0,No,2-Day Shipping,1,1,13,PayPal,Weekly,52,1.0,0.38750000000000007,0.24489795918367344,0.9999999999999999,0.6000000000000001,0.5354591836734693,Medium Value
1642,50,Male,Hoodie,Clothing,32,Colorado,L,Violet,Summer,3.4,No,Free Shipping,1,1,1,Bank Transfer,Every 3 Months,4,1.0,0.15000000000000002,0.0,0.058823529411764705,0.3600000000000001,0.08364705882352944,Low Value
1643,18,Male,Coat,Outerwear,70,Mississippi,M,Beige,Spring,4.2,No,Store Pickup,1,1,16,PayPal,Fortnightly,26,1.0,0.625,0.3061224489795918,0.49019607843137253,0.6800000000000002,0.46250780312124845,Medium Value
1644,38,Male,Scarf,Accessories,77,Ohio,L,Pink,Summer,3.9,No,2-Day Shipping,1,1,6,PayPal,Monthly,12,1.0,0.7125,0.10204081632653061,0.21568627450980393,0.56,0.30402220888355347,Low Value
1645,68,Male,Coat,Outerwear,90,North Carolina,S,Beige,Summer,3.9,No,Next Day Air,1,1,21,Debit Card,Monthly,12,1.0,0.875,0.4081632653061224,0.21568627450980393,0.56,0.45897118847539015,Medium Value
1646,53,Male,Scarf,Accessories,36,Ohio,L,Green,Summer,2.8,No,Standard,1,1,36,Venmo,Every 3 Months,4,1.0,0.2,0.7142857142857142,0.058823529411764705,0.11999999999999988,0.3553613445378151,Low Value
1647,58,Male,Handbag,Accessories,77,Nebraska,S,Silver,Summer,3.7,No,Standard,1,1,20,Bank Transfer,Every 3 Months,4,1.0,0.7125,0.38775510204081626,0.058823529411764705,0.4800000000000002,0.36324909963985597,Low Value
1648,34,Male,Boots,Footwear,78,Hawaii,M,Purple,Summer,4.9,No,Store Pickup,1,1,8,Debit Card,Quarterly,4,1.0,0.7250000000000001,0.14285714285714285,0.058823529411764705,0.9600000000000002,0.3157899159663866,Low Value
1649,36,Male,Pants,Clothing,69,Oklahoma,M,Gray,Summer,2.6,No,Express,1,1,22,Credit Card,Monthly,12,1.0,0.6125,0.4285714285714285,0.21568627450980393,0.040000000000000036,0.3626344537815126,Low Value
1650,58,Male,T-shirt,Clothing,63,Wisconsin,M,White,Summer,4.9,No,Free Shipping,1,1,3,Credit Card,Quarterly,4,1.0,0.5375000000000001,0.04081632653061225,0.058823529411764705,0.9600000000000002,0.23747358943577437,Low Value
1651,60,Male,Scarf,Accessories,36,Arkansas,M,Silver,Winter,3.4,No,Next Day Air,1,1,46,Credit Card,Fortnightly,26,1.0,0.2,0.9183673469387754,0.49019607843137253,0.3600000000000001,0.5904057623049219,Medium Value
1652,59,Male,Coat,Outerwear,80,Texas,M,Blue,Winter,3.9,No,Standard,1,1,42,Debit Card,Monthly,12,1.0,0.75,0.836734693877551,0.21568627450980393,0.56,0.6053997599039617,Medium Value
1653,65,Male,Sweater,Clothing,35,New Mexico,M,Orange,Summer,4.0,No,Next Day Air,1,1,1,Bank Transfer,Fortnightly,26,1.0,0.1875,0.0,0.49019607843137253,0.6000000000000001,0.24455882352941177,Low Value
1654,31,Male,Belt,Accessories,93,Colorado,L,Silver,Winter,3.0,No,2-Day Shipping,1,1,29,Debit Card,Bi-Weekly,26,1.0,0.9125000000000001,0.5714285714285714,0.49019607843137253,0.20000000000000018,0.5781302521008403,Medium Value
1655,43,Male,Belt,Accessories,25,Indiana,L,Gray,Spring,2.6,No,Store Pickup,1,1,14,Credit Card,Quarterly,4,1.0,0.0625,0.26530612244897955,0.058823529411764705,0.040000000000000036,0.14026950780312125,Low Value
1656,37,Male,Sweater,Clothing,81,Arizona,L,Gold,Spring,3.2,No,Next Day Air,1,1,4,PayPal,Monthly,12,1.0,0.7625,0.061224489795918366,0.21568627450980393,0.28000000000000025,0.2696956782713086,Low Value
1657,21,Male,Blouse,Clothing,42,Indiana,L,Brown,Spring,2.6,No,2-Day Shipping,1,1,41,PayPal,Every 3 Months,4,1.0,0.275,0.8163265306122448,0.058823529411764705,0.040000000000000036,0.40317767106842733,Low Value
1658,69,Male,Skirt,Clothing,36,Indiana,L,Turquoise,Spring,3.2,No,Store Pickup,1,1,4,Debit Card,Bi-Weekly,26,1.0,0.2,0.061224489795918366,0.49019607843137253,0.28000000000000025,0.23954861944777914,Low Value
1659,32,Male,Jewelry,Accessories,66,Alaska,S,Pink,Spring,4.1,No,Store Pickup,1,1,47,Cash,Weekly,52,1.0,0.5750000000000001,0.9387755102040816,0.9999999999999999,0.6399999999999999,0.8545102040816325,High Value
1660,53,Male,Gloves,Accessories,37,Utah,M,Black,Fall,3.9,No,Next Day Air,1,1,44,Venmo,Annually,1,1.0,0.21250000000000002,0.8775510204081631,0.0,0.56,0.4495204081632653,Low Value
1661,59,Male,T-shirt,Clothing,45,Louisiana,L,Yellow,Winter,4.1,No,Standard,1,1,37,Venmo,Monthly,12,1.0,0.3125,0.7346938775510203,0.21568627450980393,0.6399999999999999,0.4850834333733493,Medium Value
1662,64,Male,Gloves,Accessories,86,Iowa,S,Beige,Summer,2.7,No,2-Day Shipping,1,1,21,Debit Card,Quarterly,4,1.0,0.825,0.4081632653061224,0.058823529411764705,0.08000000000000007,0.3539123649459784,Low Value
1663,63,Male,Sunglasses,Accessories,24,New Mexico,M,Olive,Winter,4.6,No,Free Shipping,1,1,46,Debit Card,Fortnightly,26,1.0,0.050000000000000044,0.9183673469387754,0.49019607843137253,0.8399999999999999,0.6084057623049218,Medium Value
1664,43,Male,Shirt,Clothing,22,Maine,XL,Gold,Summer,3.5,No,Standard,1,1,1,Cash,Bi-Weekly,26,1.0,0.025000000000000022,0.0,0.49019607843137253,0.40000000000000013,0.19205882352941175,Low Value
1665,19,Male,Handbag,Accessories,53,Minnesota,M,Purple,Spring,5.0,No,Next Day Air,1,1,35,PayPal,Weekly,52,1.0,0.4125000000000001,0.693877551020408,0.9999999999999999,1.0,0.7600510204081631,High Value
1666,40,Male,Jacket,Outerwear,41,New Mexico,L,Pink,Fall,3.4,No,Next Day Air,1,1,49,Venmo,Monthly,12,1.0,0.26250000000000007,0.9795918367346937,0.21568627450980393,0.3600000000000001,0.5450426170468188,Medium Value
1667,51,Male,Skirt,Clothing,64,Arkansas,M,Blue,Summer,3.1,No,Store Pickup,1,1,47,PayPal,Annually,1,1.0,0.55,0.9387755102040816,0.0,0.2400000000000002,0.5095102040816327,Medium Value
1668,51,Male,Handbag,Accessories,40,Oklahoma,L,Brown,Winter,3.4,No,2-Day Shipping,1,1,24,Bank Transfer,Every 3 Months,4,1.0,0.25,0.4693877551020408,0.058823529411764705,0.3600000000000001,0.2914021608643458,Low Value
1669,66,Male,Blouse,Clothing,33,Utah,L,Charcoal,Summer,4.0,No,Standard,1,1,28,Debit Card,Fortnightly,26,1.0,0.16250000000000003,0.5510204081632653,0.49019607843137253,0.6000000000000001,0.45996698679471787,Medium Value
1670,42,Male,T-shirt,Clothing,59,Wisconsin,L,Maroon,Winter,2.7,No,Store Pickup,1,1,22,Bank Transfer,Quarterly,4,1.0,0.48750000000000004,0.4285714285714285,0.058823529411764705,0.08000000000000007,0.2945756302521008,Low Value
1671,22,Male,Pants,Clothing,73,Utah,L,Cyan,Fall,3.6,No,Free Shipping,1,1,20,Cash,Weekly,52,1.0,0.6625000000000001,0.38775510204081626,0.9999999999999999,0.44000000000000017,0.6316020408163265,Medium Value
1672,31,Male,Hoodie,Clothing,22,Utah,M,Olive,Winter,4.0,No,Free Shipping,1,1,25,Bank Transfer,Weekly,52,1.0,0.025000000000000022,0.4897959183673469,0.9999999999999999,0.6000000000000001,0.5609183673469388,Medium Value
1673,18,Male,Boots,Footwear,73,South Carolina,L,Gold,Fall,3.8,No,Free Shipping,1,1,15,Venmo,Quarterly,4,1.0,0.6625000000000001,0.28571428571428564,0.058823529411764705,0.52,0.3164327731092437,Low Value
1674,21,Male,Blouse,Clothing,62,Hawaii,M,Violet,Fall,3.4,No,Next Day Air,1,1,49,Venmo,Bi-Weekly,26,1.0,0.525,0.9795918367346937,0.49019607843137253,0.3600000000000001,0.6798955582232893,Medium Value
1675,35,Male,Coat,Outerwear,56,Alaska,M,Peach,Winter,3.2,No,Free Shipping,1,1,10,Debit Card,Fortnightly,26,1.0,0.45000000000000007,0.18367346938775508,0.49019607843137253,0.28000000000000025,0.3385282112845138,Low Value
1676,35,Male,Pants,Clothing,90,Colorado,M,Beige,Spring,4.7,No,Next Day Air,1,1,21,Credit Card,Annually,1,1.0,0.875,0.4081632653061224,0.0,0.8800000000000001,0.426265306122449,Low Value
1677,27,Male,Sunglasses,Accessories,44,West Virginia,M,Cyan,Winter,3.1,No,Next Day Air,1,1,34,Bank Transfer,Weekly,52,1.0,0.30000000000000004,0.673469387755102,0.9999999999999999,0.2400000000000002,0.6533877551020408,Medium Value
1678,65,Male,Jeans,Clothing,35,Oregon,L,Silver,Summer,3.3,No,Next Day Air,0,0,41,Debit Card,Weekly,52,0.0,0.1875,0.8163265306122448,0.9999999999999999,0.32000000000000006,0.6960306122448979,Medium Value
1679,41,Male,Pants,Clothing,71,Ohio,S,Magenta,Summer,4.8,No,2-Day Shipping,0,0,30,Venmo,Fortnightly,26,0.0,0.6375000000000001,0.5918367346938774,0.49019607843137253,0.9199999999999999,0.6032935174069627,Medium Value
1680,60,Male,Dress,Clothing,52,Massachusetts,S,Black,Fall,4.5,No,Next Day Air,0,0,24,Debit Card,Bi-Weekly,26,0.0,0.4,0.4693877551020408,0.49019607843137253,0.8,0.4948139255702281,Medium Value
1681,61,Male,Shoes,Footwear,37,Louisiana,M,Olive,Summer,3.4,No,Store Pickup,0,0,6,Credit Card,Annually,1,0.0,0.21250000000000002,0.10204081632653061,0.0,0.3600000000000001,0.11931632653061228,Low Value
1682,24,Male,Sneakers,Footwear,95,Virginia,L,Green,Winter,3.7,No,2-Day Shipping,0,0,14,Credit Card,Bi-Weekly,26,0.0,0.9375,0.26530612244897955,0.49019607843137253,0.4800000000000002,0.4886812725090036,Medium Value
1683,65,Male,Socks,Clothing,97,New York,M,Yellow,Fall,4.9,No,2-Day Shipping,0,0,37,Credit Card,Bi-Weekly,26,0.0,0.9625000000000001,0.7346938775510203,0.49019607843137253,0.9600000000000002,0.72943637454982,Medium Value
1684,23,Male,Coat,Outerwear,57,Arkansas,S,Lavender,Spring,3.5,No,Next Day Air,0,0,37,Venmo,Quarterly,4,0.0,0.4625,0.7346938775510203,0.058823529411764705,0.40000000000000013,0.4440246098439376,Low Value
1685,30,Male,Shirt,Clothing,93,New Mexico,M,Indigo,Spring,4.6,No,Standard,0,0,28,PayPal,Weekly,52,0.0,0.9125000000000001,0.5510204081632653,0.9999999999999999,0.8399999999999999,0.786908163265306,High Value
1686,33,Male,Blouse,Clothing,48,Minnesota,M,Pink,Winter,4.6,No,Standard,0,0,43,PayPal,Bi-Weekly,26,0.0,0.3500000000000001,0.8571428571428571,0.49019607843137253,0.8399999999999999,0.6439159663865546,Medium Value
1687,22,Male,Gloves,Accessories,75,Illinois,L,Red,Fall,4.2,No,Store Pickup,0,0,25,Cash,Annually,1,0.0,0.6875,0.4897959183673469,0.0,0.6800000000000002,0.4014183673469388,Low Value
1688,67,Male,Skirt,Clothing,70,Georgia,S,Magenta,Winter,3.7,No,Free Shipping,0,0,4,PayPal,Annually,1,0.0,0.625,0.061224489795918366,0.0,0.4800000000000002,0.19748979591836738,Low Value
1689,28,Male,Handbag,Accessories,26,Mississippi,S,Peach,Winter,3.0,No,Next Day Air,0,0,13,Venmo,Fortnightly,26,0.0,0.07500000000000001,0.24489795918367344,0.49019607843137253,0.20000000000000018,0.28001800720288117,Low Value
1690,32,Male,Shirt,Clothing,73,North Carolina,L,Turquoise,Winter,4.6,No,Store Pickup,0,0,32,Bank Transfer,Monthly,12,0.0,0.6625000000000001,0.6326530612244897,0.21568627450980393,0.8399999999999999,0.534267106842737,Medium Value
1691,40,Male,Coat,Outerwear,30,Nevada,M,Black,Summer,3.2,No,Free Shipping,0,0,1,Cash,Annually,1,0.0,0.125,0.0,0.0,0.28000000000000025,0.053000000000000026,Low Value
1692,64,Male,Shoes,Footwear,61,Connecticut,L,Blue,Summer,3.5,No,Next Day Air,0,0,4,Cash,Annually,1,0.0,0.5125000000000001,0.061224489795918366,0.0,0.40000000000000013,0.16698979591836738,Low Value
1693,56,Male,Handbag,Accessories,75,Utah,M,Beige,Winter,2.6,No,Standard,0,0,33,Cash,Bi-Weekly,26,0.0,0.6875,0.6530612244897959,0.49019607843137253,0.040000000000000036,0.54978331332533,Medium Value
1694,63,Male,Jacket,Outerwear,88,Tennessee,XL,Olive,Fall,4.9,No,Standard,0,0,45,Bank Transfer,Fortnightly,26,0.0,0.8500000000000001,0.8979591836734693,0.49019607843137253,0.9600000000000002,0.7722424969987995,High Value
1695,20,Male,Shirt,Clothing,67,Mississippi,M,Turquoise,Summer,2.7,No,Express,0,0,20,Debit Card,Fortnightly,26,0.0,0.5875,0.38775510204081626,0.49019607843137253,0.08000000000000007,0.42766086434573825,Low Value
1696,54,Male,Hat,Accessories,95,Nebraska,S,Yellow,Fall,4.7,No,2-Day Shipping,0,0,1,PayPal,Fortnightly,26,0.0,0.9375,0.0,0.49019607843137253,0.8800000000000001,0.42255882352941176,Low Value
1697,31,Male,Sunglasses,Accessories,69,West Virginia,S,Turquoise,Spring,4.0,No,Free Shipping,0,0,7,Credit Card,Bi-Weekly,26,0.0,0.6125,0.12244897959183673,0.49019607843137253,0.6000000000000001,0.37853841536614646,Low Value
1698,36,Male,Shirt,Clothing,87,South Carolina,L,Lavender,Fall,3.5,No,Next Day Air,0,0,48,Credit Card,Every 3 Months,4,0.0,0.8375000000000001,0.9591836734693877,0.058823529411764705,0.40000000000000013,0.6088205282112846,Medium Value
1699,25,Male,Belt,Accessories,41,Iowa,XL,Turquoise,Winter,4.8,No,Standard,0,0,46,Bank Transfer,Quarterly,4,0.0,0.26250000000000007,0.9183673469387754,0.058823529411764705,0.9199999999999999,0.5294939975990396,Medium Value
1700,20,Male,Sweater,Clothing,67,North Dakota,L,Teal,Spring,4.0,No,Free Shipping,0,0,34,Debit Card,Annually,1,0.0,0.5875,0.673469387755102,0.0,0.6000000000000001,0.4468877551020408,Low Value
1701,62,Male,Hoodie,Clothing,70,West Virginia,L,Black,Fall,4.1,No,Express,0,0,36,Bank Transfer,Monthly,12,0.0,0.625,0.7142857142857142,0.21568627450980393,0.6399999999999999,0.5394201680672268,Medium Value
1702,69,Male,Handbag,Accessories,41,Mississippi,XL,Blue,Winter,3.8,No,Next Day Air,0,0,44,Debit Card,Every 3 Months,4,0.0,0.26250000000000007,0.8775510204081631,0.058823529411764705,0.52,0.47316746698679474,Medium Value
1703,54,Male,Jeans,Clothing,83,Alabama,XL,Yellow,Summer,5.0,No,Express,0,0,48,Bank Transfer,Weekly,52,0.0,0.7875000000000001,0.9591836734693877,0.9999999999999999,1.0,0.941173469387755,High Value
1704,39,Male,Backpack,Accessories,22,California,M,Black,Spring,4.0,No,Next Day Air,0,0,12,Bank Transfer,Annually,1,0.0,0.025000000000000022,0.22448979591836735,0.0,0.6000000000000001,0.15479591836734696,Low Value
1705,56,Male,Sneakers,Footwear,20,Idaho,M,Lavender,Summer,3.9,No,Store Pickup,0,0,19,Cash,Every 3 Months,4,0.0,0.0,0.36734693877551017,0.058823529411764705,0.56,0.22058583433373347,Low Value
1706,39,Male,Jewelry,Accessories,29,South Dakota,L,Cyan,Summer,3.4,No,2-Day Shipping,0,0,49,Venmo,Bi-Weekly,26,0.0,0.11250000000000004,0.9795918367346937,0.49019607843137253,0.3600000000000001,0.5973955582232893,Medium Value
1707,37,Male,Sunglasses,Accessories,87,North Dakota,M,Brown,Spring,3.0,No,Standard,0,0,25,Venmo,Fortnightly,26,0.0,0.8375000000000001,0.4897959183673469,0.49019607843137253,0.20000000000000018,0.5304771908763506,Medium Value
1708,25,Male,Shorts,Clothing,81,Nevada,L,Maroon,Fall,4.9,No,2-Day Shipping,0,0,25,Cash,Bi-Weekly,26,0.0,0.7625,0.4897959183673469,0.49019607843137253,0.9600000000000002,0.5914771908763505,Medium Value
1709,35,Male,Boots,Footwear,58,Florida,L,Cyan,Spring,3.2,No,Express,0,0,1,Credit Card,Quarterly,4,0.0,0.4750000000000001,0.0,0.058823529411764705,0.28000000000000025,0.14064705882352946,Low Value
1710,45,Male,Skirt,Clothing,83,Indiana,M,Pink,Winter,3.8,No,Standard,0,0,19,Bank Transfer,Annually,1,0.0,0.7875000000000001,0.36734693877551017,0.0,0.52,0.3564387755102041,Low Value
1711,19,Male,Pants,Clothing,59,Arkansas,XL,Orange,Fall,3.8,No,Store Pickup,0,0,7,Credit Card,Quarterly,4,0.0,0.48750000000000004,0.12244897959183673,0.058823529411764705,0.52,0.2161266506602641,Low Value
1712,21,Male,T-shirt,Clothing,93,North Carolina,M,Lavender,Spring,4.7,No,Express,0,0,19,Credit Card,Monthly,12,0.0,0.9125000000000001,0.36734693877551017,0.21568627450980393,0.8800000000000001,0.48214465786314525,Medium Value
1713,65,Male,T-shirt,Clothing,87,Illinois,S,Beige,Fall,3.8,No,2-Day Shipping,0,0,9,Cash,Fortnightly,26,0.0,0.8375000000000001,0.16326530612244897,0.49019607843137253,0.52,0.43186494597839137,Low Value
1714,49,Male,Jacket,Outerwear,22,Missouri,M,Pink,Winter,4.6,No,Free Shipping,0,0,37,PayPal,Quarterly,4,0.0,0.025000000000000022,0.7346938775510203,0.058823529411764705,0.8399999999999999,0.40052460984393756,Low Value
1715,30,Male,Jeans,Clothing,71,South Dakota,S,Charcoal,Summer,4.4,No,Standard,0,0,15,Cash,Monthly,12,0.0,0.6375000000000001,0.28571428571428564,0.21568627450980393,0.7600000000000002,0.38249159663865545,Low Value
1716,23,Male,Dress,Clothing,69,Idaho,XL,Gray,Spring,3.4,No,2-Day Shipping,0,0,30,PayPal,Bi-Weekly,26,0.0,0.6125,0.5918367346938774,0.49019607843137253,0.3600000000000001,0.5422935174069627,Medium Value
1717,69,Male,Blouse,Clothing,47,Connecticut,M,Cyan,Winter,4.7,No,Standard,0,0,30,Cash,Every 3 Months,4,0.0,0.3375,0.5918367346938774,0.058823529411764705,0.8800000000000001,0.4098817527010804,Low Value
1718,29,Male,Hoodie,Clothing,50,Hawaii,L,Orange,Summer,2.9,No,Express,0,0,16,Debit Card,Bi-Weekly,26,0.0,0.375,0.3061224489795918,0.49019607843137253,0.15999999999999992,0.36050780312124847,Low Value
1719,54,Male,T-shirt,Clothing,96,Maryland,L,Pink,Winter,3.4,No,2-Day Shipping,0,0,14,PayPal,Every 3 Months,4,0.0,0.9500000000000002,0.26530612244897955,0.058823529411764705,0.3600000000000001,0.3497695078031213,Low Value
1720,45,Male,Sweater,Clothing,39,Maryland,M,White,Winter,3.2,No,Free Shipping,0,0,8,Venmo,Quarterly,4,0.0,0.23750000000000004,0.14285714285714285,0.058823529411764705,0.28000000000000025,0.15028991596638658,Low Value
1721,25,Male,Shorts,Clothing,84,Massachusetts,S,Beige,Winter,2.8,No,Express,0,0,40,Debit Card,Bi-Weekly,26,0.0,0.8,0.7959183673469387,0.49019607843137253,0.11999999999999988,0.6374261704681873,Medium Value
1722,34,Male,Jewelry,Accessories,28,Delaware,S,Magenta,Spring,4.3,No,Free Shipping,0,0,24,Credit Card,Monthly,12,0.0,0.10000000000000003,0.4693877551020408,0.21568627450980393,0.72,0.34446098439375755,Low Value
1723,46,Male,T-shirt,Clothing,51,Massachusetts,L,Violet,Summer,3.3,No,Standard,0,0,14,Cash,Fortnightly,26,0.0,0.38750000000000007,0.26530612244897955,0.49019607843137253,0.32000000000000006,0.3626812725090036,Low Value
1724,70,Male,Scarf,Accessories,20,New York,XL,Gold,Spring,3.3,No,Standard,0,0,39,PayPal,Annually,1,0.0,0.0,0.7755102040816325,0.0,0.32000000000000006,0.34220408163265303,Low Value
1725,42,Male,Shoes,Footwear,72,Delaware,S,Teal,Winter,3.3,No,Free Shipping,0,0,21,PayPal,Weekly,52,0.0,0.65,0.4081632653061224,0.9999999999999999,0.32000000000000006,0.6252653061224489,Medium Value
1726,45,Male,Sunglasses,Accessories,33,Massachusetts,M,Indigo,Spring,3.0,No,Next Day Air,0,0,32,Venmo,Quarterly,4,0.0,0.16250000000000003,0.6326530612244897,0.058823529411764705,0.20000000000000018,0.32320828331332535,Low Value
1727,57,Male,Coat,Outerwear,28,Indiana,S,Olive,Summer,2.8,No,Express,0,0,45,Debit Card,Weekly,52,0.0,0.10000000000000003,0.8979591836734693,0.9999999999999999,0.11999999999999988,0.6911836734693877,Medium Value
1728,49,Male,Blouse,Clothing,53,Virginia,S,Violet,Spring,4.0,No,Express,0,0,19,PayPal,Monthly,12,0.0,0.4125000000000001,0.36734693877551017,0.21568627450980393,0.6000000000000001,0.35414465786314525,Low Value
1729,23,Male,Jeans,Clothing,48,Wyoming,L,Black,Fall,4.3,No,Express,0,0,1,Debit Card,Every 3 Months,4,0.0,0.3500000000000001,0.0,0.058823529411764705,0.72,0.15964705882352942,Low Value
1730,47,Male,Shorts,Clothing,21,Illinois,M,Brown,Winter,3.8,No,Store Pickup,0,0,12,Venmo,Fortnightly,26,0.0,0.012500000000000011,0.22448979591836735,0.49019607843137253,0.52,0.2913547418967587,Low Value
1731,23,Male,Shirt,Clothing,22,Alabama,S,Silver,Fall,4.2,No,Free Shipping,0,0,26,Credit Card,Weekly,52,0.0,0.025000000000000022,0.510204081632653,0.9999999999999999,0.6800000000000002,0.5770816326530612,Medium Value
1732,21,Male,Backpack,Accessories,87,Idaho,M,Gray,Fall,3.1,No,Next Day Air,0,0,12,Cash,Monthly,12,0.0,0.8375000000000001,0.22448979591836735,0.21568627450980393,0.2400000000000002,0.3460018007202882,Low Value
1733,45,Male,Belt,Accessories,50,Rhode Island,S,Charcoal,Winter,2.6,No,Free Shipping,0,0,36,Cash,Every 3 Months,4,0.0,0.375,0.7142857142857142,0.058823529411764705,0.040000000000000036,0.3823613445378151,Low Value
1734,67,Male,Blouse,Clothing,85,New York,L,Black,Summer,3.4,No,Express,0,0,22,Credit Card,Annually,1,0.0,0.8125,0.4285714285714285,0.0,0.3600000000000001,0.36992857142857144,Low Value
1735,31,Male,Jeans,Clothing,98,Missouri,L,Brown,Spring,3.1,No,Next Day Air,0,0,16,PayPal,Quarterly,4,0.0,0.9750000000000001,0.3061224489795918,0.058823529411764705,0.2400000000000002,0.3590960384153662,Low Value
1736,58,Male,Dress,Clothing,34,Texas,M,Purple,Winter,3.6,No,Express,0,0,31,Venmo,Annually,1,0.0,0.17500000000000004,0.6122448979591836,0.0,0.44000000000000017,0.3238979591836735,Low Value
1737,57,Male,Shorts,Clothing,61,Tennessee,M,Purple,Summer,2.6,No,2-Day Shipping,0,0,43,Cash,Quarterly,4,0.0,0.5125000000000001,0.8571428571428571,0.058823529411764705,0.040000000000000036,0.4670042016806723,Medium Value
1738,42,Male,Jewelry,Accessories,98,Ohio,L,Gray,Summer,4.2,No,Store Pickup,0,0,50,Venmo,Bi-Weekly,26,0.0,0.9750000000000001,1.0,0.49019607843137253,0.6800000000000002,0.8100588235294119,High Value
1739,60,Male,Handbag,Accessories,61,Tennessee,M,Green,Spring,2.9,No,2-Day Shipping,0,0,37,Credit Card,Weekly,52,0.0,0.5125000000000001,0.7346938775510203,0.9999999999999999,0.15999999999999992,0.7123775510204081,Medium Value
1740,21,Male,Jewelry,Accessories,98,Minnesota,L,Silver,Winter,4.2,No,Express,0,0,23,Cash,Weekly,52,0.0,0.9750000000000001,0.44897959183673464,0.9999999999999999,0.6800000000000002,0.7425918367346939,Medium Value
1741,69,Male,Pants,Clothing,21,Wisconsin,L,Charcoal,Fall,3.3,No,Next Day Air,0,0,10,Bank Transfer,Every 3 Months,4,0.0,0.012500000000000011,0.18367346938775508,0.058823529411764705,0.32000000000000006,0.12561644657863144,Low Value
1742,41,Male,Pants,Clothing,51,Delaware,XL,Teal,Winter,3.6,No,Next Day Air,0,0,20,Bank Transfer,Monthly,12,0.0,0.38750000000000007,0.38775510204081626,0.21568627450980393,0.44000000000000017,0.3413079231692677,Low Value
1743,51,Male,Sandals,Footwear,80,Kansas,XL,White,Spring,4.3,No,Express,0,0,18,Venmo,Every 3 Months,4,0.0,0.75,0.346938775510204,0.058823529411764705,0.72,0.378422569027611,Low Value
1744,23,Male,Skirt,Clothing,72,Missouri,XL,Brown,Winter,3.3,No,Standard,0,0,3,Bank Transfer,Weekly,52,0.0,0.65,0.04081632653061225,0.9999999999999999,0.32000000000000006,0.47832653061224484,Medium Value
1745,57,Male,Sunglasses,Accessories,63,Michigan,L,Teal,Winter,3.0,No,Standard,0,0,23,PayPal,Weekly,52,0.0,0.5375000000000001,0.44897959183673464,0.9999999999999999,0.20000000000000018,0.6070918367346938,Medium Value
1746,40,Male,Skirt,Clothing,27,West Virginia,L,Red,Winter,3.6,No,Store Pickup,0,0,27,Cash,Weekly,52,0.0,0.08750000000000002,0.5306122448979591,0.9999999999999999,0.44000000000000017,0.5737448979591836,Medium Value
1747,65,Male,Handbag,Accessories,44,Alabama,L,Brown,Summer,3.1,No,Store Pickup,0,0,44,Bank Transfer,Fortnightly,26,0.0,0.30000000000000004,0.8775510204081631,0.49019607843137253,0.2400000000000002,0.5820792316926771,Medium Value
1748,61,Male,Coat,Outerwear,23,New Hampshire,M,Yellow,Winter,2.9,No,Express,0,0,41,Venmo,Quarterly,4,0.0,0.03750000000000003,0.8163265306122448,0.058823529411764705,0.15999999999999992,0.36767767106842736,Low Value
1749,34,Male,Skirt,Clothing,93,Montana,L,Teal,Winter,3.9,No,2-Day Shipping,0,0,41,Bank Transfer,Annually,1,0.0,0.9125000000000001,0.8163265306122448,0.0,0.56,0.565030612244898,Medium Value
1750,43,Male,Hoodie,Clothing,70,Wyoming,L,Pink,Fall,3.2,No,2-Day Shipping,0,0,36,Debit Card,Every 3 Months,4,0.0,0.625,0.7142857142857142,0.058823529411764705,0.28000000000000025,0.45636134453781513,Medium Value
1751,31,Male,Sunglasses,Accessories,85,Missouri,M,White,Fall,3.1,No,Express,0,0,38,Venmo,Every 3 Months,4,0.0,0.8125,0.7551020408163265,0.058823529411764705,0.2400000000000002,0.50618787515006,Medium Value
1752,57,Male,Sweater,Clothing,40,Ohio,M,Silver,Winter,3.2,No,2-Day Shipping,0,0,34,Cash,Annually,1,0.0,0.25,0.673469387755102,0.0,0.28000000000000025,0.34738775510204084,Low Value
1753,34,Male,Boots,Footwear,29,South Dakota,L,Blue,Winter,3.3,No,Store Pickup,0,0,14,Venmo,Quarterly,4,0.0,0.11250000000000004,0.26530612244897955,0.058823529411764705,0.32000000000000006,0.17826950780312126,Low Value
1754,25,Male,Skirt,Clothing,27,Colorado,L,Black,Fall,4.8,No,Next Day Air,0,0,23,Credit Card,Fortnightly,26,0.0,0.08750000000000002,0.44897959183673464,0.49019607843137253,0.9199999999999999,0.43615066026410565,Low Value
1755,66,Male,Dress,Clothing,93,Massachusetts,S,Beige,Fall,3.8,No,2-Day Shipping,0,0,18,Credit Card,Fortnightly,26,0.0,0.9125000000000001,0.346938775510204,0.49019607843137253,0.52,0.5203343337334934,Medium Value
1756,56,Male,Belt,Accessories,20,Delaware,XL,Charcoal,Spring,4.6,No,Next Day Air,0,0,45,Cash,Monthly,12,0.0,0.0,0.8979591836734693,0.21568627450980393,0.8399999999999999,0.5078895558223289,Medium Value
1757,49,Male,Jewelry,Accessories,55,New Hampshire,S,Cyan,Fall,2.8,No,Free Shipping,0,0,14,Bank Transfer,Weekly,52,0.0,0.4375,0.26530612244897955,0.9999999999999999,0.11999999999999988,0.5056224489795917,Medium Value
1758,19,Male,Dress,Clothing,94,Michigan,L,Yellow,Fall,3.6,No,Standard,0,0,48,Debit Card,Annually,1,0.0,0.925,0.9591836734693877,0.0,0.44000000000000017,0.6126734693877551,Medium Value
1759,27,Male,Hat,Accessories,56,Pennsylvania,M,Silver,Winter,4.3,No,Free Shipping,0,0,17,Venmo,Bi-Weekly,26,0.0,0.45000000000000007,0.32653061224489793,0.49019607843137253,0.72,0.4396710684273709,Low Value
1760,68,Male,Sweater,Clothing,58,Louisiana,L,Green,Spring,4.0,No,Next Day Air,0,0,1,PayPal,Weekly,52,0.0,0.4750000000000001,0.0,0.9999999999999999,0.6000000000000001,0.45499999999999996,Medium Value
1761,20,Male,Skirt,Clothing,44,Minnesota,XL,Peach,Spring,3.5,No,Standard,0,0,39,PayPal,Weekly,52,0.0,0.30000000000000004,0.7755102040816325,0.9999999999999999,0.40000000000000013,0.710204081632653,Medium Value
1762,21,Male,Hoodie,Clothing,95,Hawaii,S,Green,Fall,4.9,No,2-Day Shipping,0,0,24,Cash,Weekly,52,0.0,0.9375,0.4693877551020408,0.9999999999999999,0.9600000000000002,0.7712551020408163,High Value
1763,36,Male,Sandals,Footwear,42,Idaho,M,Brown,Summer,3.1,No,Express,0,0,41,Bank Transfer,Fortnightly,26,0.0,0.275,0.8163265306122448,0.49019607843137253,0.2400000000000002,0.5525894357743097,Medium Value
1764,37,Male,Jewelry,Accessories,93,Vermont,M,Lavender,Winter,3.9,No,Store Pickup,0,0,28,PayPal,Annually,1,0.0,0.9125000000000001,0.5510204081632653,0.0,0.56,0.4589081632653061,Medium Value
1765,61,Male,Dress,Clothing,56,Delaware,M,Charcoal,Summer,3.0,No,Store Pickup,0,0,34,Venmo,Quarterly,4,0.0,0.45000000000000007,0.673469387755102,0.058823529411764705,0.20000000000000018,0.3970348139255703,Low Value
1766,68,Male,Hoodie,Clothing,88,New Mexico,M,Orange,Spring,4.1,No,2-Day Shipping,0,0,41,Venmo,Quarterly,4,0.0,0.8500000000000001,0.8163265306122448,0.058823529411764705,0.6399999999999999,0.5781776710684273,Medium Value
1767,60,Male,Sweater,Clothing,54,Alaska,S,Cyan,Winter,4.3,No,2-Day Shipping,0,0,27,Cash,Bi-Weekly,26,0.0,0.42500000000000004,0.5306122448979591,0.49019607843137253,0.72,0.5163037214885954,Medium Value
1768,69,Male,Jewelry,Accessories,89,Minnesota,L,Lavender,Fall,3.8,No,2-Day Shipping,0,0,46,Debit Card,Fortnightly,26,0.0,0.8625,0.9183673469387754,0.49019607843137253,0.52,0.7389057623049219,Medium Value
1769,25,Male,Sandals,Footwear,45,Nebraska,M,Indigo,Summer,3.9,No,2-Day Shipping,0,0,2,PayPal,Every 3 Months,4,0.0,0.3125,0.02040816326530612,0.058823529411764705,0.56,0.1443103241296519,Low Value
1770,32,Male,Socks,Clothing,75,Alaska,L,Brown,Winter,4.3,No,Free Shipping,0,0,45,Cash,Monthly,12,0.0,0.6875,0.8979591836734693,0.21568627450980393,0.72,0.6333895558223289,Medium Value
1771,53,Male,Backpack,Accessories,22,Michigan,M,Pink,Fall,4.3,No,Express,0,0,34,Bank Transfer,Weekly,52,0.0,0.025000000000000022,0.673469387755102,0.9999999999999999,0.72,0.6463877551020407,Medium Value
1772,46,Male,Shirt,Clothing,82,Indiana,XL,Turquoise,Fall,4.7,No,Store Pickup,0,0,9,Credit Card,Annually,1,0.0,0.7750000000000001,0.16326530612244897,0.0,0.8800000000000001,0.30830612244897965,Low Value
1773,58,Male,Shoes,Footwear,34,Hawaii,M,Gold,Summer,3.1,No,2-Day Shipping,0,0,1,Bank Transfer,Annually,1,0.0,0.17500000000000004,0.0,0.0,0.2400000000000002,0.05900000000000003,Low Value
1774,21,Male,Coat,Outerwear,92,West Virginia,M,Blue,Summer,2.7,No,Free Shipping,0,0,17,PayPal,Annually,1,0.0,0.9000000000000001,0.32653061224489793,0.0,0.08000000000000007,0.31861224489795925,Low Value
1775,46,Male,Sweater,Clothing,78,New York,M,Lavender,Spring,3.7,No,Express,0,0,6,PayPal,Weekly,52,0.0,0.7250000000000001,0.10204081632653061,0.9999999999999999,0.4800000000000002,0.5338163265306122,Medium Value
1776,18,Male,Jacket,Outerwear,47,Iowa,M,Violet,Spring,3.3,No,2-Day Shipping,0,0,12,Cash,Bi-Weekly,26,0.0,0.3375,0.22448979591836735,0.49019607843137253,0.32000000000000006,0.33635474189675874,Low Value
1777,56,Male,Jacket,Outerwear,64,Arizona,L,Cyan,Summer,3.4,No,Free Shipping,0,0,10,Venmo,Every 3 Months,4,0.0,0.55,0.18367346938775508,0.058823529411764705,0.3600000000000001,0.23711644657863146,Low Value
1778,18,Male,Sneakers,Footwear,44,Minnesota,L,Purple,Winter,4.7,No,Free Shipping,0,0,4,Cash,Fortnightly,26,0.0,0.30000000000000004,0.061224489795918366,0.49019607843137253,0.8800000000000001,0.3195486194477791,Low Value
1779,49,Male,Belt,Accessories,94,Texas,M,Red,Winter,4.9,No,Store Pickup,0,0,8,Debit Card,Bi-Weekly,26,0.0,0.925,0.14285714285714285,0.49019607843137253,0.9600000000000002,0.48520168067226893,Medium Value
1780,29,Male,Scarf,Accessories,62,Virginia,M,Charcoal,Winter,4.3,No,Free Shipping,0,0,41,Venmo,Weekly,52,0.0,0.525,0.8163265306122448,0.9999999999999999,0.72,0.8035306122448979,High Value
1781,67,Male,Jewelry,Accessories,81,North Dakota,S,Gray,Summer,4.2,No,Next Day Air,0,0,49,Credit Card,Weekly,52,0.0,0.7625,0.9795918367346937,0.9999999999999999,0.6800000000000002,0.9123367346938774,High Value
1782,31,Male,T-shirt,Clothing,33,Iowa,M,Pink,Fall,3.7,No,Express,0,0,49,Bank Transfer,Quarterly,4,0.0,0.16250000000000003,0.9795918367346937,0.058823529411764705,0.4800000000000002,0.489983793517407,Medium Value
1783,52,Male,Pants,Clothing,88,Utah,M,Lavender,Fall,2.7,No,Next Day Air,0,0,40,Bank Transfer,Fortnightly,26,0.0,0.8500000000000001,0.7959183673469387,0.49019607843137253,0.08000000000000007,0.6434261704681873,Medium Value
1784,42,Male,Handbag,Accessories,49,Ohio,L,Lavender,Winter,3.3,No,Free Shipping,0,0,30,Credit Card,Monthly,12,0.0,0.36250000000000004,0.5918367346938774,0.21568627450980393,0.32000000000000006,0.4059405762304922,Low Value
1785,32,Male,Backpack,Accessories,31,Louisiana,L,Yellow,Summer,4.8,No,Standard,0,0,4,Debit Card,Quarterly,4,0.0,0.1375,0.061224489795918366,0.058823529411764705,0.9199999999999999,0.16163685474189676,Low Value
1786,47,Male,Gloves,Accessories,29,Iowa,S,Peach,Fall,4.1,No,Next Day Air,0,0,22,Venmo,Monthly,12,0.0,0.11250000000000004,0.4285714285714285,0.21568627450980393,0.6399999999999999,0.3226344537815126,Low Value
1787,45,Male,Jacket,Outerwear,34,Maryland,M,Brown,Spring,4.6,No,2-Day Shipping,0,0,22,Venmo,Monthly,12,0.0,0.17500000000000004,0.4285714285714285,0.21568627450980393,0.8399999999999999,0.35513445378151265,Low Value
1788,20,Male,Sweater,Clothing,38,Montana,L,Gold,Fall,4.9,No,2-Day Shipping,0,0,10,Bank Transfer,Quarterly,4,0.0,0.22500000000000003,0.18367346938775508,0.058823529411764705,0.9600000000000002,0.23211644657863148,Low Value
1789,66,Male,Blouse,Clothing,41,Illinois,L,Pink,Summer,3.1,No,Store Pickup,0,0,23,Cash,Bi-Weekly,26,0.0,0.26250000000000007,0.44897959183673464,0.49019607843137253,0.2400000000000002,0.4031506602641056,Low Value
1790,52,Male,Blouse,Clothing,34,Arizona,L,Peach,Spring,3.0,No,2-Day Shipping,0,0,43,Debit Card,Quarterly,4,0.0,0.17500000000000004,0.8571428571428571,0.058823529411764705,0.20000000000000018,0.4155042016806723,Low Value
1791,50,Male,Gloves,Accessories,26,North Carolina,S,Violet,Summer,3.7,No,Store Pickup,0,0,31,PayPal,Bi-Weekly,26,0.0,0.07500000000000001,0.6122448979591836,0.49019607843137253,0.4800000000000002,0.45495678271308526,Medium Value
1792,62,Male,Jeans,Clothing,98,Montana,S,Purple,Winter,4.0,No,Store Pickup,0,0,38,Cash,Annually,1,0.0,0.9750000000000001,0.7551020408163265,0.0,0.6000000000000001,0.5570408163265307,Medium Value
1793,38,Male,Sneakers,Footwear,59,Iowa,M,Peach,Fall,3.0,No,Express,0,0,22,Debit Card,Every 3 Months,4,0.0,0.48750000000000004,0.4285714285714285,0.058823529411764705,0.20000000000000018,0.30657563025210083,Low Value
1794,65,Male,Hat,Accessories,92,Iowa,S,White,Fall,3.8,No,Store Pickup,0,0,45,Cash,Every 3 Months,4,0.0,0.9000000000000001,0.8979591836734693,0.058823529411764705,0.52,0.6088307322929172,Medium Value
1795,60,Male,Backpack,Accessories,40,Ohio,L,Indigo,Spring,3.7,No,Express,0,0,21,Debit Card,Fortnightly,26,0.0,0.25,0.4081632653061224,0.49019607843137253,0.4800000000000002,0.40832412965186077,Low Value
1796,68,Male,Jeans,Clothing,20,Wisconsin,S,Violet,Fall,4.0,No,2-Day Shipping,0,0,9,Debit Card,Fortnightly,26,0.0,0.0,0.16326530612244897,0.49019607843137253,0.6000000000000001,0.27236494597839134,Low Value
1797,62,Male,Skirt,Clothing,35,South Carolina,S,Brown,Spring,3.1,No,Store Pickup,0,0,34,Venmo,Weekly,52,0.0,0.1875,0.673469387755102,0.9999999999999999,0.2400000000000002,0.6308877551020408,Medium Value
1798,62,Male,Belt,Accessories,35,Oregon,L,Maroon,Spring,3.9,No,2-Day Shipping,0,0,26,Venmo,Weekly,52,0.0,0.1875,0.510204081632653,0.9999999999999999,0.56,0.5975816326530612,Medium Value
1799,40,Male,Dress,Clothing,82,North Dakota,L,Magenta,Winter,3.7,No,Express,0,0,1,Cash,Weekly,52,0.0,0.7750000000000001,0.0,0.9999999999999999,0.4800000000000002,0.503,Medium Value
1800,32,Male,Hoodie,Clothing,48,California,M,Charcoal,Fall,3.9,No,Express,0,0,47,Venmo,Weekly,52,0.0,0.3500000000000001,0.9387755102040816,0.9999999999999999,0.56,0.8015102040816326,High Value
1801,22,Male,Coat,Outerwear,58,Mississippi,XL,Indigo,Winter,2.7,No,Express,0,0,30,Credit Card,Weekly,52,0.0,0.4750000000000001,0.5918367346938774,0.9999999999999999,0.08000000000000007,0.639734693877551,Medium Value
1802,33,Male,Sweater,Clothing,57,New Jersey,M,Turquoise,Spring,3.9,No,Express,0,0,48,Debit Card,Fortnightly,26,0.0,0.4625,0.9591836734693877,0.49019607843137253,0.56,0.6792322929171669,Medium Value
1803,57,Male,Shorts,Clothing,96,Rhode Island,L,Turquoise,Winter,2.6,No,Store Pickup,0,0,31,Venmo,Bi-Weekly,26,0.0,0.9500000000000002,0.6122448979591836,0.49019607843137253,0.040000000000000036,0.5859567827130853,Medium Value
1804,60,Male,Sneakers,Footwear,97,New Hampshire,S,Gray,Summer,3.5,No,Free Shipping,0,0,33,Venmo,Fortnightly,26,0.0,0.9625000000000001,0.6530612244897959,0.49019607843137253,0.40000000000000013,0.6407833133253301,Medium Value
1805,30,Male,Sweater,Clothing,42,Louisiana,L,Peach,Winter,4.4,No,Next Day Air,0,0,39,Credit Card,Weekly,52,0.0,0.275,0.7755102040816325,0.9999999999999999,0.7600000000000002,0.7412040816326531,Medium Value
1806,41,Male,T-shirt,Clothing,62,Arizona,L,Gold,Spring,4.9,No,Store Pickup,0,0,46,Debit Card,Weekly,52,0.0,0.525,0.9183673469387754,0.9999999999999999,0.9600000000000002,0.8683469387755101,High Value
1807,58,Male,Handbag,Accessories,67,Rhode Island,M,Green,Fall,3.9,No,Standard,0,0,24,Venmo,Annually,1,0.0,0.5875,0.4693877551020408,0.0,0.56,0.36125510204081634,Low Value
1808,34,Male,Sneakers,Footwear,46,Vermont,L,Gold,Summer,3.5,No,Standard,0,0,37,Venmo,Fortnightly,26,0.0,0.32500000000000007,0.7346938775510203,0.49019607843137253,0.40000000000000013,0.5459363745498199,Medium Value
1809,67,Male,Jacket,Outerwear,71,Tennessee,M,Lavender,Spring,4.3,No,Next Day Air,0,0,7,Debit Card,Monthly,12,0.0,0.6375000000000001,0.12244897959183673,0.21568627450980393,0.72,0.3131854741896759,Low Value
1810,58,Male,Backpack,Accessories,99,Alaska,S,Blue,Fall,3.4,No,Free Shipping,0,0,6,Debit Card,Fortnightly,26,0.0,0.9875,0.10204081632653061,0.49019607843137253,0.3600000000000001,0.421375150060024,Low Value
1811,41,Male,Jeans,Clothing,28,Maryland,M,Magenta,Fall,2.7,No,Standard,0,0,16,Cash,Bi-Weekly,26,0.0,0.10000000000000003,0.3061224489795918,0.49019607843137253,0.08000000000000007,0.29750780312124847,Low Value
1812,42,Male,Belt,Accessories,77,Wisconsin,L,Blue,Summer,3.6,No,Standard,0,0,33,Bank Transfer,Annually,1,0.0,0.7125,0.6530612244897959,0.0,0.44000000000000017,0.4477244897959184,Low Value
1813,50,Male,Boots,Footwear,63,Nevada,S,Blue,Summer,4.9,No,Express,0,0,18,PayPal,Bi-Weekly,26,0.0,0.5375000000000001,0.346938775510204,0.49019607843137253,0.9600000000000002,0.4893343337334934,Medium Value
1814,40,Male,Shorts,Clothing,62,Illinois,M,Olive,Spring,3.5,No,Free Shipping,0,0,24,PayPal,Weekly,52,0.0,0.525,0.4693877551020408,0.9999999999999999,0.40000000000000013,0.6327551020408163,Medium Value
1815,32,Male,Jeans,Clothing,92,Montana,M,White,Summer,3.8,No,Free Shipping,0,0,24,Cash,Quarterly,4,0.0,0.9000000000000001,0.4693877551020408,0.058823529411764705,0.52,0.43740216086434575,Low Value
1816,51,Male,Shoes,Footwear,72,New Mexico,L,White,Winter,4.5,No,2-Day Shipping,0,0,48,Credit Card,Every 3 Months,4,0.0,0.65,0.9591836734693877,0.058823529411764705,0.8,0.6113205282112846,Medium Value
1817,26,Male,Hat,Accessories,79,Virginia,M,Purple,Summer,4.0,No,Express,0,0,4,Cash,Weekly,52,0.0,0.7375,0.061224489795918366,0.9999999999999999,0.6000000000000001,0.5319897959183674,Medium Value
1818,32,Male,T-shirt,Clothing,27,Delaware,M,White,Summer,4.7,No,Free Shipping,0,0,20,Cash,Weekly,52,0.0,0.08750000000000002,0.38775510204081626,0.9999999999999999,0.8800000000000001,0.5606020408163265,Medium Value
1819,58,Male,Sunglasses,Accessories,39,North Carolina,M,White,Fall,3.8,No,Express,0,0,47,Debit Card,Every 3 Months,4,0.0,0.23750000000000004,0.9387755102040816,0.058823529411764705,0.52,0.49265726290516204,Medium Value
1820,51,Male,Socks,Clothing,86,Nevada,S,Peach,Spring,4.5,No,Next Day Air,0,0,50,Cash,Quarterly,4,0.0,0.825,1.0,0.058823529411764705,0.8,0.6626470588235294,Medium Value
1821,19,Male,Shirt,Clothing,94,Washington,XL,Gold,Fall,5.0,No,Express,0,0,31,PayPal,Monthly,12,0.0,0.925,0.6122448979591836,0.21568627450980393,1.0,0.5946038415366146,Medium Value
1822,57,Male,Shorts,Clothing,53,Maine,M,Teal,Spring,2.8,No,Express,0,0,29,PayPal,Quarterly,4,0.0,0.4125000000000001,0.5714285714285714,0.058823529411764705,0.11999999999999988,0.340718487394958,Low Value
1823,66,Male,Shirt,Clothing,85,Connecticut,S,Cyan,Summer,4.4,No,Standard,0,0,4,Cash,Annually,1,0.0,0.8125,0.061224489795918366,0.0,0.7600000000000002,0.26298979591836735,Low Value
1824,62,Male,Socks,Clothing,50,Louisiana,L,Pink,Fall,4.7,No,Free Shipping,0,0,40,Bank Transfer,Bi-Weekly,26,0.0,0.375,0.7959183673469387,0.49019607843137253,0.8800000000000001,0.6284261704681873,Medium Value
1825,58,Male,Pants,Clothing,47,Illinois,XL,Magenta,Winter,3.8,No,Express,0,0,31,Cash,Monthly,12,0.0,0.3375,0.6122448979591836,0.21568627450980393,0.52,0.4291038415366146,Low Value
1826,23,Male,Boots,Footwear,75,South Dakota,M,Pink,Winter,4.9,No,Next Day Air,0,0,41,Credit Card,Weekly,52,0.0,0.6875,0.8163265306122448,0.9999999999999999,0.9600000000000002,0.860030612244898,High Value
1827,45,Male,T-shirt,Clothing,60,Indiana,M,Turquoise,Winter,4.2,No,Express,0,0,44,Debit Card,Annually,1,0.0,0.5,0.8775510204081631,0.0,0.6800000000000002,0.5190204081632653,Medium Value
1828,20,Male,T-shirt,Clothing,36,Vermont,S,Pink,Spring,4.9,No,2-Day Shipping,0,0,31,Bank Transfer,Weekly,52,0.0,0.2,0.6122448979591836,0.9999999999999999,0.9600000000000002,0.6808979591836735,Medium Value
1829,33,Male,Coat,Outerwear,80,New Hampshire,L,Gray,Spring,3.9,No,Express,0,0,45,Cash,Every 3 Months,4,0.0,0.75,0.8979591836734693,0.058823529411764705,0.56,0.5828307322929172,Medium Value
1830,30,Male,Hat,Accessories,96,Oregon,M,White,Spring,4.9,No,2-Day Shipping,0,0,50,Credit Card,Quarterly,4,0.0,0.9500000000000002,1.0,0.058823529411764705,0.9600000000000002,0.7036470588235295,Medium Value
1831,50,Male,Sunglasses,Accessories,80,Kansas,M,Blue,Winter,4.8,No,Express,0,0,7,Venmo,Annually,1,0.0,0.75,0.12244897959183673,0.0,0.9199999999999999,0.2909795918367347,Low Value
1832,62,Male,Blouse,Clothing,71,Maine,M,Cyan,Summer,3.3,No,Free Shipping,0,0,5,Bank Transfer,Every 3 Months,4,0.0,0.6375000000000001,0.08163265306122448,0.058823529411764705,0.32000000000000006,0.20980012004801923,Low Value
1833,69,Male,Jewelry,Accessories,29,Louisiana,M,Blue,Fall,4.6,No,Free Shipping,0,0,48,Cash,Monthly,12,0.0,0.11250000000000004,0.9591836734693877,0.21568627450980393,0.8399999999999999,0.5548793517406962,Medium Value
1834,34,Male,Jewelry,Accessories,53,Louisiana,M,Yellow,Spring,4.5,No,2-Day Shipping,0,0,19,PayPal,Fortnightly,26,0.0,0.4125000000000001,0.36734693877551017,0.49019607843137253,0.8,0.45649759903961584,Medium Value
1835,49,Male,Skirt,Clothing,35,Indiana,M,Charcoal,Summer,4.1,No,2-Day Shipping,0,0,39,Venmo,Fortnightly,26,0.0,0.1875,0.7755102040816325,0.49019607843137253,0.6399999999999999,0.5587629051620647,Medium Value
1836,65,Male,Scarf,Accessories,75,Kentucky,M,Lavender,Fall,3.2,No,2-Day Shipping,0,0,45,Credit Card,Quarterly,4,0.0,0.6875,0.8979591836734693,0.058823529411764705,0.28000000000000025,0.5423307322929172,Medium Value
1837,66,Male,Pants,Clothing,52,South Carolina,M,Teal,Fall,4.2,No,2-Day Shipping,0,0,35,Credit Card,Monthly,12,0.0,0.4,0.693877551020408,0.21568627450980393,0.6800000000000002,0.4902569027611044,Medium Value
1838,41,Male,Hat,Accessories,77,Montana,M,Beige,Winter,4.8,No,Free Shipping,0,0,8,Venmo,Monthly,12,0.0,0.7125,0.14285714285714285,0.21568627450980393,0.9199999999999999,0.3563487394957984,Low Value
1839,37,Male,Gloves,Accessories,24,Vermont,L,Blue,Fall,4.1,No,Next Day Air,0,0,11,Credit Card,Quarterly,4,0.0,0.050000000000000044,0.2040816326530612,0.058823529411764705,0.6399999999999999,0.17327971188475388,Low Value
1840,32,Male,Shirt,Clothing,78,Mississippi,XL,Purple,Winter,3.7,No,Store Pickup,0,0,32,Cash,Annually,1,0.0,0.7250000000000001,0.6326530612244897,0.0,0.4800000000000002,0.44606122448979596,Low Value
1841,42,Male,Sandals,Footwear,98,Wyoming,M,Gold,Winter,2.6,No,Store Pickup,0,0,46,Bank Transfer,Every 3 Months,4,0.0,0.9750000000000001,0.9183673469387754,0.058823529411764705,0.040000000000000036,0.5839939975990396,Medium Value
1842,31,Male,Socks,Clothing,57,Vermont,L,Blue,Winter,3.0,No,Standard,0,0,7,PayPal,Every 3 Months,4,0.0,0.4625,0.12244897959183673,0.058823529411764705,0.20000000000000018,0.17912665066026412,Low Value
1843,61,Male,Handbag,Accessories,78,Alabama,M,Black,Summer,4.4,No,Express,0,0,1,Debit Card,Annually,1,0.0,0.7250000000000001,0.0,0.0,0.7600000000000002,0.22100000000000003,Low Value
1844,36,Male,Jacket,Outerwear,76,Kentucky,M,Charcoal,Fall,4.7,No,Next Day Air,0,0,32,Credit Card,Monthly,12,0.0,0.7000000000000001,0.6326530612244897,0.21568627450980393,0.8800000000000001,0.5457671068427371,Medium Value
1845,60,Male,Shorts,Clothing,26,South Dakota,M,Purple,Spring,2.7,No,2-Day Shipping,0,0,31,Credit Card,Annually,1,0.0,0.07500000000000001,0.6122448979591836,0.0,0.08000000000000007,0.26789795918367343,Low Value
1846,51,Male,Sandals,Footwear,78,Delaware,M,Orange,Winter,2.8,No,2-Day Shipping,0,0,39,Bank Transfer,Quarterly,4,0.0,0.7250000000000001,0.7755102040816325,0.058823529411764705,0.11999999999999988,0.48485114045618244,Medium Value
1847,68,Male,Scarf,Accessories,53,Wisconsin,M,Yellow,Summer,2.9,No,Standard,0,0,9,Venmo,Quarterly,4,0.0,0.4125000000000001,0.16326530612244897,0.058823529411764705,0.15999999999999992,0.181453181272509,Low Value
1848,46,Male,Sandals,Footwear,100,Arizona,XL,Cyan,Summer,4.4,No,Free Shipping,0,0,49,Credit Card,Weekly,52,0.0,1.0,0.9795918367346937,0.9999999999999999,0.7600000000000002,0.9678367346938774,High Value
1849,19,Male,Jeans,Clothing,73,Maine,XL,Yellow,Winter,2.7,No,Express,0,0,34,Cash,Every 3 Months,4,0.0,0.6625000000000001,0.673469387755102,0.058823529411764705,0.08000000000000007,0.42753481392557025,Low Value
1850,30,Male,Skirt,Clothing,40,New Mexico,M,Maroon,Winter,4.5,No,Store Pickup,0,0,35,Bank Transfer,Monthly,12,0.0,0.25,0.693877551020408,0.21568627450980393,0.8,0.4722569027611044,Medium Value
1851,51,Male,Gloves,Accessories,76,Wyoming,S,Black,Winter,2.8,No,Store Pickup,0,0,50,Debit Card,Weekly,52,0.0,0.7000000000000001,1.0,0.9999999999999999,0.11999999999999988,0.852,High Value
1852,28,Male,Skirt,Clothing,80,Delaware,S,Lavender,Fall,3.1,No,Free Shipping,0,0,4,Bank Transfer,Fortnightly,26,0.0,0.75,0.061224489795918366,0.49019607843137253,0.2400000000000002,0.34554861944777915,Low Value
1853,41,Male,Sweater,Clothing,80,Pennsylvania,XL,Violet,Winter,3.8,No,Store Pickup,0,0,32,Cash,Weekly,52,0.0,0.75,0.6326530612244897,0.9999999999999999,0.52,0.755061224489796,High Value
1854,29,Male,Blouse,Clothing,67,North Dakota,XL,Olive,Spring,2.9,No,Express,0,0,11,PayPal,Fortnightly,26,0.0,0.5875,0.2040816326530612,0.49019607843137253,0.15999999999999992,0.3621914765906362,Low Value
1855,25,Male,Sweater,Clothing,61,Kentucky,M,Teal,Spring,3.8,No,Express,0,0,49,Credit Card,Annually,1,0.0,0.5125000000000001,0.9795918367346937,0.0,0.52,0.5463367346938776,Medium Value
1856,60,Male,Shirt,Clothing,76,Rhode Island,XL,Teal,Spring,4.7,No,Standard,0,0,9,Cash,Annually,1,0.0,0.7000000000000001,0.16326530612244897,0.0,0.8800000000000001,0.29330612244897963,Low Value
1857,63,Male,Jewelry,Accessories,55,Arizona,XL,Beige,Summer,3.2,No,Free Shipping,0,0,30,PayPal,Bi-Weekly,26,0.0,0.4375,0.5918367346938774,0.49019607843137253,0.28000000000000025,0.49929351740696276,Medium Value
1858,51,Male,T-shirt,Clothing,85,Colorado,L,Maroon,Summer,4.0,No,Next Day Air,0,0,33,Cash,Monthly,12,0.0,0.8125,0.6530612244897959,0.21568627450980393,0.6000000000000001,0.5484303721488596,Medium Value
1859,22,Male,Scarf,Accessories,69,Maine,S,Peach,Spring,4.9,No,2-Day Shipping,0,0,8,Debit Card,Annually,1,0.0,0.6125,0.14285714285714285,0.0,0.9600000000000002,0.2756428571428572,Low Value
1860,54,Male,Belt,Accessories,26,New Jersey,L,Beige,Summer,3.7,No,Store Pickup,0,0,29,Debit Card,Fortnightly,26,0.0,0.07500000000000001,0.5714285714285714,0.49019607843137253,0.4800000000000002,0.4386302521008404,Low Value
1861,18,Male,T-shirt,Clothing,64,Kansas,M,Silver,Summer,4.8,No,Next Day Air,0,0,4,Credit Card,Monthly,12,0.0,0.55,0.061224489795918366,0.21568627450980393,0.9199999999999999,0.29119567827130854,Low Value
1862,29,Male,Sneakers,Footwear,60,South Dakota,S,Peach,Fall,3.6,No,Standard,0,0,19,Debit Card,Monthly,12,0.0,0.5,0.36734693877551017,0.21568627450980393,0.44000000000000017,0.35564465786314525,Low Value
1863,59,Male,Gloves,Accessories,36,New Hampshire,M,Turquoise,Winter,4.6,No,Express,0,0,10,PayPal,Fortnightly,26,0.0,0.2,0.18367346938775508,0.49019607843137253,0.8399999999999999,0.3445282112845137,Low Value
1864,25,Male,Sandals,Footwear,21,Connecticut,L,Orange,Spring,4.3,No,2-Day Shipping,0,0,39,Debit Card,Monthly,12,0.0,0.012500000000000011,0.7755102040816325,0.21568627450980393,0.72,0.4494099639855942,Low Value
1865,19,Male,Backpack,Accessories,72,Wyoming,S,Cyan,Fall,3.2,No,2-Day Shipping,0,0,21,Venmo,Quarterly,4,0.0,0.65,0.4081632653061224,0.058823529411764705,0.28000000000000025,0.33891236494597843,Low Value
1866,56,Male,Pants,Clothing,62,Missouri,S,Silver,Summer,3.8,No,Store Pickup,0,0,12,Bank Transfer,Monthly,12,0.0,0.525,0.22448979591836735,0.21568627450980393,0.52,0.31150180072028816,Low Value
1867,31,Male,T-shirt,Clothing,44,Alaska,XL,Gold,Winter,4.2,No,Standard,0,0,9,Credit Card,Fortnightly,26,0.0,0.30000000000000004,0.16326530612244897,0.49019607843137253,0.6800000000000002,0.34036494597839134,Low Value
1868,45,Male,Skirt,Clothing,52,Delaware,M,Brown,Fall,3.4,No,2-Day Shipping,0,0,20,Venmo,Quarterly,4,0.0,0.4,0.38775510204081626,0.058823529411764705,0.3600000000000001,0.28874909963985596,Low Value
1869,23,Male,Gloves,Accessories,58,Indiana,M,Silver,Spring,4.7,No,Next Day Air,0,0,44,Cash,Fortnightly,26,0.0,0.4750000000000001,0.8775510204081631,0.49019607843137253,0.8800000000000001,0.681079231692677,Medium Value
1870,18,Male,Blouse,Clothing,77,West Virginia,S,Beige,Spring,3.9,No,2-Day Shipping,0,0,16,Debit Card,Every 3 Months,4,0.0,0.7125,0.3061224489795918,0.058823529411764705,0.56,0.3385960384153662,Low Value
1871,43,Male,Blouse,Clothing,99,Wyoming,L,Violet,Spring,4.3,No,Store Pickup,0,0,27,Debit Card,Fortnightly,26,0.0,0.9875,0.5306122448979591,0.49019607843137253,0.72,0.6288037214885954,Medium Value
1872,56,Male,Jeans,Clothing,96,Illinois,XL,Violet,Fall,2.7,No,Standard,0,0,14,Cash,Every 3 Months,4,0.0,0.9500000000000002,0.26530612244897955,0.058823529411764705,0.08000000000000007,0.3217695078031213,Low Value
1873,43,Male,T-shirt,Clothing,64,Alaska,M,Lavender,Summer,4.6,No,Standard,0,0,24,Credit Card,Monthly,12,0.0,0.55,0.4693877551020408,0.21568627450980393,0.8399999999999999,0.4464609843937575,Low Value
1874,64,Male,Sweater,Clothing,44,Wisconsin,XL,Red,Fall,2.9,No,Express,0,0,49,Bank Transfer,Weekly,52,0.0,0.30000000000000004,0.9795918367346937,0.9999999999999999,0.15999999999999992,0.7678367346938775,High Value
1875,67,Male,Pants,Clothing,33,Indiana,L,Purple,Fall,3.6,No,Free Shipping,0,0,14,Cash,Weekly,52,0.0,0.16250000000000003,0.26530612244897955,0.9999999999999999,0.44000000000000017,0.48262244897959183,Medium Value
1876,63,Male,Boots,Footwear,71,Tennessee,M,Brown,Winter,3.9,No,Next Day Air,0,0,6,Credit Card,Quarterly,4,0.0,0.6375000000000001,0.10204081632653061,0.058823529411764705,0.56,0.2419633853541417,Low Value
1877,54,Male,Skirt,Clothing,36,Illinois,M,Gray,Fall,2.6,No,Standard,0,0,20,Venmo,Quarterly,4,0.0,0.2,0.38775510204081626,0.058823529411764705,0.040000000000000036,0.21674909963985592,Low Value
1878,69,Male,Gloves,Accessories,62,Pennsylvania,L,Pink,Fall,3.6,No,Express,0,0,3,Credit Card,Annually,1,0.0,0.525,0.04081632653061225,0.0,0.44000000000000017,0.16532653061224492,Low Value
1879,34,Male,Socks,Clothing,29,Oklahoma,L,Magenta,Summer,3.4,No,Store Pickup,0,0,5,Credit Card,Monthly,12,0.0,0.11250000000000004,0.08163265306122448,0.21568627450980393,0.3600000000000001,0.155858943577431,Low Value
1880,56,Male,T-shirt,Clothing,33,Tennessee,L,Charcoal,Spring,3.5,No,Express,0,0,46,Cash,Bi-Weekly,26,0.0,0.16250000000000003,0.9183673469387754,0.49019607843137253,0.40000000000000013,0.5869057623049219,Medium Value
1881,34,Male,Blouse,Clothing,33,New Jersey,L,Yellow,Fall,3.1,No,2-Day Shipping,0,0,8,Debit Card,Monthly,12,0.0,0.16250000000000003,0.14285714285714285,0.21568627450980393,0.2400000000000002,0.17834873949579835,Low Value
1882,58,Male,Blouse,Clothing,41,New Jersey,M,Red,Winter,4.3,No,Standard,0,0,13,Cash,Bi-Weekly,26,0.0,0.26250000000000007,0.24489795918367344,0.49019607843137253,0.72,0.36951800720288114,Low Value
1883,44,Male,Scarf,Accessories,54,Tennessee,L,Blue,Winter,5.0,No,Store Pickup,0,0,25,Bank Transfer,Quarterly,4,0.0,0.42500000000000004,0.4897959183673469,0.058823529411764705,1.0,0.3985654261704682,Low Value
1884,25,Male,Backpack,Accessories,58,Georgia,M,Cyan,Spring,4.9,No,Store Pickup,0,0,39,Debit Card,Fortnightly,26,0.0,0.4750000000000001,0.7755102040816325,0.49019607843137253,0.9600000000000002,0.6482629051620648,Medium Value
1885,27,Male,Shorts,Clothing,30,Arizona,S,Pink,Summer,4.3,No,Next Day Air,0,0,15,Bank Transfer,Bi-Weekly,26,0.0,0.125,0.28571428571428564,0.49019607843137253,0.72,0.35834453781512604,Low Value
1886,26,Male,Jewelry,Accessories,53,Nevada,S,Maroon,Winter,4.4,No,Standard,0,0,35,Cash,Monthly,12,0.0,0.4125000000000001,0.693877551020408,0.21568627450980393,0.7600000000000002,0.5007569027611044,Medium Value
1887,18,Male,Gloves,Accessories,91,Arkansas,L,Beige,Spring,4.4,No,Next Day Air,0,0,46,Cash,Bi-Weekly,26,0.0,0.8875,0.9183673469387754,0.49019607843137253,0.7600000000000002,0.7679057623049219,High Value
1888,64,Male,Hoodie,Clothing,44,North Dakota,XL,Gold,Fall,3.5,No,Express,0,0,3,PayPal,Monthly,12,0.0,0.30000000000000004,0.04081632653061225,0.21568627450980393,0.40000000000000013,0.1810324129651861,Low Value
1889,62,Male,Hoodie,Clothing,89,South Dakota,XL,Turquoise,Winter,3.4,No,Free Shipping,0,0,48,Credit Card,Weekly,52,0.0,0.8625,0.9591836734693877,0.9999999999999999,0.3600000000000001,0.8921734693877551,High Value
1890,59,Male,Skirt,Clothing,57,North Carolina,L,Peach,Spring,2.5,No,Next Day Air,0,0,27,Bank Transfer,Weekly,52,0.0,0.4625,0.5306122448979591,0.9999999999999999,0.0,0.6047448979591836,Medium Value
1891,36,Male,Sunglasses,Accessories,57,Hawaii,M,Lavender,Spring,3.4,No,Store Pickup,0,0,5,Credit Card,Weekly,52,0.0,0.4625,0.08163265306122448,0.9999999999999999,0.3600000000000001,0.4611530612244898,Medium Value
1892,69,Male,Jewelry,Accessories,74,New Hampshire,M,Gray,Summer,2.6,No,Next Day Air,0,0,48,Debit Card,Quarterly,4,0.0,0.675,0.9591836734693877,0.058823529411764705,0.040000000000000036,0.5403205282112845,Medium Value
1893,39,Male,Jacket,Outerwear,30,California,M,Blue,Fall,4.6,No,2-Day Shipping,0,0,12,Venmo,Weekly,52,0.0,0.125,0.22448979591836735,0.9999999999999999,0.8399999999999999,0.49879591836734694,Medium Value
1894,28,Male,Dress,Clothing,20,Delaware,L,Red,Summer,3.7,No,Express,0,0,10,PayPal,Fortnightly,26,0.0,0.0,0.18367346938775508,0.49019607843137253,0.4800000000000002,0.2685282112845138,Low Value
1895,42,Male,Hoodie,Clothing,90,Arizona,M,Purple,Fall,2.5,No,Free Shipping,0,0,48,Debit Card,Bi-Weekly,26,0.0,0.875,0.9591836734693877,0.49019607843137253,0.0,0.7057322929171669,Medium Value
1896,31,Male,Jeans,Clothing,61,Washington,L,Indigo,Fall,4.5,No,Express,0,0,3,Debit Card,Monthly,12,0.0,0.5125000000000001,0.04081632653061225,0.21568627450980393,0.8,0.26353241296518615,Low Value
1897,57,Male,Sandals,Footwear,51,Nevada,M,Gold,Fall,2.9,No,Standard,0,0,19,Venmo,Monthly,12,0.0,0.38750000000000007,0.36734693877551017,0.21568627450980393,0.15999999999999992,0.30514465786314526,Low Value
1898,53,Male,Sunglasses,Accessories,97,Alaska,L,Teal,Winter,2.9,No,Free Shipping,0,0,11,Debit Card,Fortnightly,26,0.0,0.9625000000000001,0.2040816326530612,0.49019607843137253,0.15999999999999992,0.4371914765906363,Low Value
1899,59,Male,Pants,Clothing,97,Texas,L,Magenta,Fall,3.5,No,Next Day Air,0,0,25,Venmo,Monthly,12,0.0,0.9625000000000001,0.4897959183673469,0.21568627450980393,0.40000000000000013,0.49312424969988,Medium Value
1900,32,Male,Shorts,Clothing,40,New York,L,Maroon,Winter,4.2,No,Store Pickup,0,0,42,PayPal,Weekly,52,0.0,0.25,0.836734693877551,0.9999999999999999,0.6800000000000002,0.7526938775510205,High Value
1901,65,Male,Jewelry,Accessories,85,Iowa,S,Blue,Summer,3.3,No,Free Shipping,0,0,34,Cash,Quarterly,4,0.0,0.8125,0.673469387755102,0.058823529411764705,0.32000000000000006,0.4815348139255703,Medium Value
1902,56,Male,Socks,Clothing,76,Arizona,S,Beige,Winter,3.9,No,Store Pickup,0,0,50,Cash,Quarterly,4,0.0,0.7000000000000001,1.0,0.058823529411764705,0.56,0.6136470588235294,Medium Value
1903,31,Male,Sandals,Footwear,22,New Mexico,S,Olive,Spring,5.0,No,Store Pickup,0,0,21,Venmo,Monthly,12,0.0,0.025000000000000022,0.4081632653061224,0.21568627450980393,1.0,0.3329711884753902,Low Value
1904,59,Male,Pants,Clothing,63,North Carolina,M,Gold,Summer,3.3,No,Standard,0,0,37,Bank Transfer,Weekly,52,0.0,0.5375000000000001,0.7346938775510203,0.9999999999999999,0.32000000000000006,0.7333775510204081,Medium Value
1905,22,Male,T-shirt,Clothing,71,Nevada,S,Silver,Spring,4.2,No,Free Shipping,0,0,46,Cash,Monthly,12,0.0,0.6375000000000001,0.9183673469387754,0.21568627450980393,0.6800000000000002,0.6275528211284515,Medium Value
1906,47,Male,Boots,Footwear,35,Idaho,M,Teal,Summer,4.9,No,2-Day Shipping,0,0,14,Bank Transfer,Fortnightly,26,0.0,0.1875,0.26530612244897955,0.49019607843137253,0.9600000000000002,0.3866812725090036,Low Value
1907,23,Male,Backpack,Accessories,30,Vermont,M,Green,Spring,4.6,No,2-Day Shipping,0,0,24,PayPal,Fortnightly,26,0.0,0.125,0.4693877551020408,0.49019607843137253,0.8399999999999999,0.44381392557022803,Low Value
1908,69,Male,Skirt,Clothing,74,New Mexico,L,Orange,Fall,4.8,No,Store Pickup,0,0,36,Credit Card,Every 3 Months,4,0.0,0.675,0.7142857142857142,0.058823529411764705,0.9199999999999999,0.5303613445378151,Medium Value
1909,18,Male,Scarf,Accessories,71,Georgia,XL,Charcoal,Winter,2.7,No,Next Day Air,0,0,19,Debit Card,Bi-Weekly,26,0.0,0.6375000000000001,0.36734693877551017,0.49019607843137253,0.08000000000000007,0.4294975990396158,Low Value
1910,50,Male,Sweater,Clothing,84,Kentucky,S,Black,Spring,4.3,No,Store Pickup,0,0,12,Credit Card,Monthly,12,0.0,0.8,0.22448979591836735,0.21568627450980393,0.72,0.38650180072028817,Low Value
1911,29,Male,Sandals,Footwear,38,New York,S,Yellow,Fall,3.8,No,Express,0,0,13,Debit Card,Quarterly,4,0.0,0.22500000000000003,0.24489795918367344,0.058823529411764705,0.52,0.21260624249699883,Low Value
1912,65,Male,Jewelry,Accessories,81,Arizona,M,Gray,Spring,4.9,No,Express,0,0,32,Debit Card,Bi-Weekly,26,0.0,0.7625,0.6326530612244897,0.49019607843137253,0.9600000000000002,0.6486200480192077,Medium Value
1913,29,Male,Sweater,Clothing,56,Colorado,S,Charcoal,Winter,3.4,No,2-Day Shipping,0,0,5,Credit Card,Bi-Weekly,26,0.0,0.45000000000000007,0.08163265306122448,0.49019607843137253,0.3600000000000001,0.3057118847539016,Low Value
1914,49,Male,Skirt,Clothing,48,Kentucky,M,Peach,Winter,3.6,No,Express,0,0,29,Cash,Annually,1,0.0,0.3500000000000001,0.5714285714285714,0.0,0.44000000000000017,0.34257142857142864,Low Value
1915,28,Male,Shorts,Clothing,97,Alaska,L,Green,Fall,3.4,No,Standard,0,0,40,Credit Card,Fortnightly,26,0.0,0.9625000000000001,0.7959183673469387,0.49019607843137253,0.3600000000000001,0.6939261704681873,Medium Value
1916,51,Male,Backpack,Accessories,74,Alabama,M,Magenta,Fall,4.7,No,2-Day Shipping,0,0,44,Cash,Weekly,52,0.0,0.675,0.8775510204081631,0.9999999999999999,0.8800000000000001,0.8740204081632652,High Value
1917,26,Male,Hoodie,Clothing,50,Connecticut,S,Beige,Winter,3.0,No,Next Day Air,0,0,3,Debit Card,Bi-Weekly,26,0.0,0.375,0.04081632653061225,0.49019607843137253,0.20000000000000018,0.25838535414165664,Low Value
1918,38,Male,Skirt,Clothing,71,Hawaii,L,Black,Winter,3.4,No,Free Shipping,0,0,35,PayPal,Bi-Weekly,26,0.0,0.6375000000000001,0.693877551020408,0.49019607843137253,0.3600000000000001,0.588109843937575,Medium Value
1919,35,Male,Skirt,Clothing,33,Idaho,S,Purple,Summer,4.6,No,Standard,0,0,33,Debit Card,Monthly,12,0.0,0.16250000000000003,0.6530612244897959,0.21568627450980393,0.8399999999999999,0.4424303721488595,Low Value
1920,34,Male,Backpack,Accessories,56,Virginia,M,Olive,Summer,3.1,No,Express,0,0,20,PayPal,Bi-Weekly,26,0.0,0.45000000000000007,0.38775510204081626,0.49019607843137253,0.2400000000000002,0.4161608643457383,Low Value
1921,51,Male,Blouse,Clothing,84,Connecticut,M,Purple,Spring,2.8,No,Standard,0,0,40,Cash,Every 3 Months,4,0.0,0.8,0.7959183673469387,0.058823529411764705,0.11999999999999988,0.5080144057623049,Medium Value
1922,47,Male,Shirt,Clothing,36,Michigan,M,Green,Fall,3.5,No,Store Pickup,0,0,13,Venmo,Annually,1,0.0,0.2,0.24489795918367344,0.0,0.40000000000000013,0.17795918367346938,Low Value
1923,18,Male,Gloves,Accessories,63,Kentucky,S,Peach,Summer,4.6,No,Standard,0,0,9,PayPal,Monthly,12,0.0,0.5375000000000001,0.16326530612244897,0.21568627450980393,0.8399999999999999,0.32151200480192077,Low Value
1924,64,Male,Sandals,Footwear,36,Nebraska,XL,Blue,Summer,4.3,No,Standard,0,0,7,Cash,Annually,1,0.0,0.2,0.12244897959183673,0.0,0.72,0.16097959183673471,Low Value
1925,30,Male,Jacket,Outerwear,63,Michigan,M,Gray,Fall,4.8,No,Free Shipping,0,0,42,PayPal,Quarterly,4,0.0,0.5375000000000001,0.836734693877551,0.058823529411764705,0.9199999999999999,0.5518409363745499,Medium Value
1926,59,Male,Sneakers,Footwear,32,Utah,L,Black,Winter,2.9,No,Express,0,0,44,Credit Card,Fortnightly,26,0.0,0.15000000000000002,0.8775510204081631,0.49019607843137253,0.15999999999999992,0.544079231692677,Medium Value
1927,66,Male,Backpack,Accessories,93,New Mexico,M,Silver,Spring,3.0,No,Express,0,0,6,PayPal,Annually,1,0.0,0.9125000000000001,0.10204081632653061,0.0,0.20000000000000018,0.2433163265306123,Low Value
1928,40,Male,Pants,Clothing,29,Florida,M,Pink,Summer,2.9,No,Standard,0,0,8,Cash,Every 3 Months,4,0.0,0.11250000000000004,0.14285714285714285,0.058823529411764705,0.15999999999999992,0.11328991596638655,Low Value
1929,25,Male,Sunglasses,Accessories,92,Mississippi,S,Lavender,Summer,3.7,No,Standard,0,0,10,PayPal,Weekly,52,0.0,0.9000000000000001,0.18367346938775508,0.9999999999999999,0.4800000000000002,0.6014693877551021,Medium Value
1930,59,Male,Jeans,Clothing,33,Hawaii,L,Brown,Fall,4.7,No,Standard,0,0,46,Venmo,Quarterly,4,0.0,0.16250000000000003,0.9183673469387754,0.058823529411764705,0.8800000000000001,0.5054939975990396,Medium Value
1931,66,Male,Pants,Clothing,52,North Carolina,L,Turquoise,Spring,3.5,No,Store Pickup,0,0,26,Cash,Weekly,52,0.0,0.4,0.510204081632653,0.9999999999999999,0.40000000000000013,0.6240816326530612,Medium Value
1932,54,Male,Jewelry,Accessories,42,Illinois,S,Olive,Spring,2.7,No,Store Pickup,0,0,6,Debit Card,Every 3 Months,4,0.0,0.275,0.10204081632653061,0.058823529411764705,0.08000000000000007,0.12146338535414167,Low Value
1933,42,Male,Hoodie,Clothing,36,Maryland,M,White,Spring,5.0,No,Free Shipping,0,0,47,Credit Card,Every 3 Months,4,0.0,0.2,0.9387755102040816,0.058823529411764705,1.0,0.5331572629051621,Medium Value
1934,48,Male,Sandals,Footwear,67,Montana,L,Violet,Summer,4.1,No,Next Day Air,0,0,28,Venmo,Annually,1,0.0,0.5875,0.5510204081632653,0.0,0.6399999999999999,0.4019081632653061,Low Value
1935,34,Male,Jacket,Outerwear,43,Michigan,L,Gold,Winter,2.7,No,Free Shipping,0,0,23,Bank Transfer,Annually,1,0.0,0.2875,0.44897959183673464,0.0,0.08000000000000007,0.24509183673469387,Low Value
1936,19,Male,Blouse,Clothing,68,North Carolina,XL,Violet,Spring,4.8,No,Free Shipping,0,0,45,Cash,Fortnightly,26,0.0,0.6000000000000001,0.8979591836734693,0.49019607843137253,0.9199999999999999,0.7182424969987995,Medium Value
1937,70,Male,Jewelry,Accessories,60,Minnesota,S,Teal,Summer,4.3,No,2-Day Shipping,0,0,44,PayPal,Every 3 Months,4,0.0,0.5,0.8775510204081631,0.058823529411764705,0.72,0.5406674669867947,Medium Value
1938,43,Male,Socks,Clothing,53,Delaware,M,Olive,Summer,4.5,No,2-Day Shipping,0,0,11,Bank Transfer,Monthly,12,0.0,0.4125000000000001,0.2040816326530612,0.21568627450980393,0.8,0.3088385354141657,Low Value
1939,46,Male,Jeans,Clothing,23,Kentucky,L,Blue,Spring,3.8,No,Standard,0,0,39,Debit Card,Bi-Weekly,26,0.0,0.03750000000000003,0.7755102040816325,0.49019607843137253,0.52,0.5167629051620648,Medium Value
1940,66,Male,Gloves,Accessories,57,Ohio,L,Magenta,Winter,3.7,No,Store Pickup,0,0,20,PayPal,Every 3 Months,4,0.0,0.4625,0.38775510204081626,0.058823529411764705,0.4800000000000002,0.313249099639856,Low Value
1941,50,Male,Hat,Accessories,89,Alaska,L,Gray,Fall,3.9,No,2-Day Shipping,0,0,48,PayPal,Fortnightly,26,0.0,0.8625,0.9591836734693877,0.49019607843137253,0.56,0.7592322929171669,High Value
1942,55,Male,Shoes,Footwear,99,Vermont,XL,Peach,Winter,3.3,No,Standard,0,0,46,Credit Card,Quarterly,4,0.0,0.9875,0.9183673469387754,0.058823529411764705,0.32000000000000006,0.6144939975990396,Medium Value
1943,63,Male,Pants,Clothing,28,Alabama,M,Cyan,Fall,3.4,No,Express,0,0,22,PayPal,Monthly,12,0.0,0.10000000000000003,0.4285714285714285,0.21568627450980393,0.3600000000000001,0.29213445378151265,Low Value
1944,32,Male,Socks,Clothing,53,Wisconsin,L,Violet,Summer,3.8,No,Next Day Air,0,0,45,Cash,Annually,1,0.0,0.4125000000000001,0.8979591836734693,0.0,0.52,0.49368367346938774,Medium Value
1945,30,Male,Hoodie,Clothing,45,Arkansas,M,Gold,Winter,2.7,No,Free Shipping,0,0,49,Cash,Every 3 Months,4,0.0,0.3125,0.9795918367346937,0.058823529411764705,0.08000000000000007,0.47998379351740694,Medium Value
1946,35,Male,Hoodie,Clothing,38,Georgia,M,Gold,Winter,2.9,No,2-Day Shipping,0,0,9,Credit Card,Every 3 Months,4,0.0,0.22500000000000003,0.16326530612244897,0.058823529411764705,0.15999999999999992,0.143953181272509,Low Value
1947,59,Male,Pants,Clothing,49,Louisiana,M,White,Summer,4.5,No,Standard,0,0,41,Credit Card,Quarterly,4,0.0,0.36250000000000004,0.8163265306122448,0.058823529411764705,0.8,0.49667767106842736,Medium Value
1948,59,Male,Shirt,Clothing,32,New York,M,Gray,Summer,2.6,No,Store Pickup,0,0,2,PayPal,Monthly,12,0.0,0.15000000000000002,0.02040816326530612,0.21568627450980393,0.040000000000000036,0.10686914765906363,Low Value
1949,54,Male,T-shirt,Clothing,37,Connecticut,L,Brown,Winter,3.1,No,Next Day Air,0,0,39,PayPal,Bi-Weekly,26,0.0,0.21250000000000002,0.7755102040816325,0.49019607843137253,0.2400000000000002,0.5237629051620648,Medium Value
1950,63,Male,Dress,Clothing,80,Nebraska,L,Gray,Winter,4.7,No,Store Pickup,0,0,12,PayPal,Quarterly,4,0.0,0.75,0.22448979591836735,0.058823529411764705,0.8800000000000001,0.3454429771908764,Low Value
1951,43,Male,Backpack,Accessories,78,Arkansas,L,Blue,Summer,4.6,No,Free Shipping,0,0,26,PayPal,Every 3 Months,4,0.0,0.7250000000000001,0.510204081632653,0.058823529411764705,0.8399999999999999,0.45072869147659056,Medium Value
1952,33,Male,Gloves,Accessories,53,Connecticut,L,Gold,Summer,2.7,No,Next Day Air,0,0,32,Bank Transfer,Bi-Weekly,26,0.0,0.4125000000000001,0.6326530612244897,0.49019607843137253,0.08000000000000007,0.49062004801920767,Medium Value
1953,57,Male,Shoes,Footwear,82,Maryland,L,Yellow,Summer,4.6,No,2-Day Shipping,0,0,50,Cash,Bi-Weekly,26,0.0,0.7750000000000001,1.0,0.49019607843137253,0.8399999999999999,0.7860588235294118,High Value
1954,25,Male,Skirt,Clothing,33,Colorado,XL,Green,Spring,4.8,No,Standard,0,0,3,PayPal,Fortnightly,26,0.0,0.16250000000000003,0.04081632653061225,0.49019607843137253,0.9199999999999999,0.2878853541416566,Low Value
1955,26,Male,Gloves,Accessories,77,Colorado,M,Pink,Winter,4.2,No,Free Shipping,0,0,3,Venmo,Quarterly,4,0.0,0.7125,0.04081632653061225,0.058823529411764705,0.6800000000000002,0.24447358943577435,Low Value
1956,50,Male,Hoodie,Clothing,56,Maine,M,Pink,Winter,4.9,No,Express,0,0,37,Cash,Monthly,12,0.0,0.45000000000000007,0.7346938775510203,0.21568627450980393,0.9600000000000002,0.5445834333733494,Medium Value
1957,70,Male,Socks,Clothing,37,Oklahoma,M,Pink,Winter,4.9,No,Express,0,0,20,Credit Card,Fortnightly,26,0.0,0.21250000000000002,0.38775510204081626,0.49019607843137253,0.9600000000000002,0.4406608643457383,Low Value
1958,68,Male,Gloves,Accessories,54,South Carolina,M,Cyan,Spring,4.5,No,Store Pickup,0,0,26,Cash,Bi-Weekly,26,0.0,0.42500000000000004,0.510204081632653,0.49019607843137253,0.8,0.516140456182473,Medium Value
1959,39,Male,Shorts,Clothing,67,Nevada,M,Gray,Winter,2.7,No,Store Pickup,0,0,47,Cash,Quarterly,4,0.0,0.5875,0.9387755102040816,0.058823529411764705,0.08000000000000007,0.5186572629051621,Medium Value
1960,46,Male,Shoes,Footwear,90,Colorado,M,White,Fall,3.1,No,Store Pickup,0,0,7,Credit Card,Every 3 Months,4,0.0,0.875,0.12244897959183673,0.058823529411764705,0.2400000000000002,0.26562665066026414,Low Value
1961,57,Male,Jeans,Clothing,72,Massachusetts,L,Red,Summer,3.3,No,2-Day Shipping,0,0,40,Credit Card,Annually,1,0.0,0.65,0.7959183673469387,0.0,0.32000000000000006,0.48036734693877553,Medium Value
1962,47,Male,Boots,Footwear,59,Nevada,L,Black,Summer,2.6,No,Free Shipping,0,0,45,Debit Card,Quarterly,4,0.0,0.48750000000000004,0.8979591836734693,0.058823529411764705,0.040000000000000036,0.47833073229291717,Medium Value
1963,40,Male,Hat,Accessories,45,Iowa,M,Silver,Fall,4.4,No,Standard,0,0,20,PayPal,Fortnightly,26,0.0,0.3125,0.38775510204081626,0.49019607843137253,0.7600000000000002,0.44066086434573826,Low Value
1964,52,Male,Shorts,Clothing,30,Michigan,L,Pink,Spring,3.9,No,Standard,0,0,11,Credit Card,Weekly,52,0.0,0.125,0.2040816326530612,0.9999999999999999,0.56,0.4626326530612244,Medium Value
1965,40,Male,Pants,Clothing,51,West Virginia,S,Cyan,Summer,4.6,No,Express,0,0,50,Debit Card,Monthly,12,0.0,0.38750000000000007,1.0,0.21568627450980393,0.8399999999999999,0.6262058823529412,Medium Value
1966,67,Male,Sweater,Clothing,90,Indiana,M,White,Fall,4.9,No,Express,0,0,25,Debit Card,Quarterly,4,0.0,0.875,0.4897959183673469,0.058823529411764705,0.9600000000000002,0.4845654261704682,Medium Value
1967,67,Male,Jacket,Outerwear,95,Indiana,XL,Purple,Winter,3.7,No,Express,0,0,5,Credit Card,Fortnightly,26,0.0,0.9375,0.08163265306122448,0.49019607843137253,0.4800000000000002,0.4152118847539016,Low Value
1968,37,Male,Dress,Clothing,81,Georgia,L,Yellow,Fall,3.7,No,Standard,0,0,4,Venmo,Annually,1,0.0,0.7625,0.061224489795918366,0.0,0.4800000000000002,0.22498979591836735,Low Value
1969,67,Male,Shirt,Clothing,70,Minnesota,S,Blue,Spring,4.2,No,Standard,0,0,25,Credit Card,Weekly,52,0.0,0.625,0.4897959183673469,0.9999999999999999,0.6800000000000002,0.6889183673469388,Medium Value
1970,64,Male,Dress,Clothing,32,Louisiana,S,Cyan,Winter,3.5,No,Next Day Air,0,0,11,Bank Transfer,Fortnightly,26,0.0,0.15000000000000002,0.2040816326530612,0.49019607843137253,0.40000000000000013,0.2986914765906363,Low Value
1971,28,Male,Belt,Accessories,94,Maryland,M,Indigo,Spring,2.9,No,Next Day Air,0,0,4,Credit Card,Bi-Weekly,26,0.0,0.925,0.061224489795918366,0.49019607843137253,0.15999999999999992,0.3725486194477792,Low Value
1972,54,Male,Hat,Accessories,29,Pennsylvania,XL,Indigo,Spring,3.4,No,Next Day Air,0,0,1,Venmo,Monthly,12,0.0,0.11250000000000004,0.0,0.21568627450980393,0.3600000000000001,0.12320588235294119,Low Value
1973,54,Male,Backpack,Accessories,31,Louisiana,M,Silver,Summer,3.3,No,Express,0,0,48,PayPal,Every 3 Months,4,0.0,0.1375,0.9591836734693877,0.058823529411764705,0.32000000000000006,0.46082052821128455,Medium Value
1974,24,Male,Skirt,Clothing,20,Maryland,XL,Red,Fall,4.5,No,Standard,0,0,9,Venmo,Every 3 Months,4,0.0,0.0,0.16326530612244897,0.058823529411764705,0.8,0.16295318127250902,Low Value
1975,27,Male,Gloves,Accessories,44,Tennessee,M,Peach,Winter,4.6,No,2-Day Shipping,0,0,2,PayPal,Fortnightly,26,0.0,0.30000000000000004,0.02040816326530612,0.49019607843137253,0.8399999999999999,0.29922208883553414,Low Value
1976,53,Male,Jacket,Outerwear,77,Illinois,L,Turquoise,Fall,2.9,No,Express,0,0,4,Cash,Quarterly,4,0.0,0.7125,0.061224489795918366,0.058823529411764705,0.15999999999999992,0.20063685474189677,Low Value
1977,32,Male,Handbag,Accessories,51,Wyoming,M,Pink,Spring,3.2,No,Next Day Air,0,0,43,PayPal,Fortnightly,26,0.0,0.38750000000000007,0.8571428571428571,0.49019607843137253,0.28000000000000025,0.5954159663865546,Medium Value
1978,24,Male,Sandals,Footwear,49,Florida,M,Teal,Summer,2.6,No,Free Shipping,0,0,32,Bank Transfer,Annually,1,0.0,0.36250000000000004,0.6326530612244897,0.0,0.040000000000000036,0.3295612244897959,Low Value
1979,45,Male,Sunglasses,Accessories,78,Massachusetts,L,Magenta,Spring,3.8,No,Store Pickup,0,0,1,Cash,Quarterly,4,0.0,0.7250000000000001,0.0,0.058823529411764705,0.52,0.2146470588235294,Low Value
1980,49,Male,Jeans,Clothing,98,Tennessee,L,Blue,Spring,2.8,No,Store Pickup,0,0,38,Debit Card,Fortnightly,26,0.0,0.9750000000000001,0.7551020408163265,0.49019607843137253,0.11999999999999988,0.6560996398559424,Medium Value
1981,51,Male,Sandals,Footwear,94,Iowa,M,Green,Winter,4.4,No,Store Pickup,0,0,25,PayPal,Fortnightly,26,0.0,0.925,0.4897959183673469,0.49019607843137253,0.7600000000000002,0.6039771908763506,Medium Value
1982,69,Male,Shoes,Footwear,91,Michigan,L,Violet,Summer,4.7,No,Express,0,0,42,PayPal,Quarterly,4,0.0,0.8875,0.836734693877551,0.058823529411764705,0.8800000000000001,0.6178409363745498,Medium Value
1983,41,Male,Sunglasses,Accessories,77,Kansas,M,Turquoise,Summer,2.7,No,2-Day Shipping,0,0,32,PayPal,Monthly,12,0.0,0.7125,0.6326530612244897,0.21568627450980393,0.08000000000000007,0.4682671068427371,Medium Value
1984,59,Male,Scarf,Accessories,97,Georgia,M,Pink,Summer,2.6,No,Next Day Air,0,0,21,Debit Card,Quarterly,4,0.0,0.9625000000000001,0.4081632653061224,0.058823529411764705,0.040000000000000036,0.3774123649459784,Low Value
1985,26,Male,Skirt,Clothing,58,West Virginia,M,Black,Summer,3.4,No,2-Day Shipping,0,0,26,PayPal,Fortnightly,26,0.0,0.4750000000000001,0.510204081632653,0.49019607843137253,0.3600000000000001,0.482140456182473,Medium Value
1986,23,Male,Gloves,Accessories,97,Tennessee,M,Gold,Spring,3.9,No,2-Day Shipping,0,0,6,Credit Card,Fortnightly,26,0.0,0.9625000000000001,0.10204081632653061,0.49019607843137253,0.56,0.436375150060024,Low Value
1987,62,Male,Coat,Outerwear,48,Arkansas,L,Green,Summer,3.4,No,2-Day Shipping,0,0,14,Venmo,Quarterly,4,0.0,0.3500000000000001,0.26530612244897955,0.058823529411764705,0.3600000000000001,0.22976950780312125,Low Value
1988,69,Male,Belt,Accessories,23,Vermont,XL,White,Summer,3.4,No,Express,0,0,4,Cash,Quarterly,4,0.0,0.03750000000000003,0.061224489795918366,0.058823529411764705,0.3600000000000001,0.08563685474189678,Low Value
1989,46,Male,Pants,Clothing,79,Virginia,M,Gold,Winter,3.9,No,Free Shipping,0,0,26,Bank Transfer,Weekly,52,0.0,0.7375,0.510204081632653,0.9999999999999999,0.56,0.7075816326530613,Medium Value
1990,35,Male,Jewelry,Accessories,42,Maryland,S,Charcoal,Spring,4.0,No,Express,0,0,39,PayPal,Bi-Weekly,26,0.0,0.275,0.7755102040816325,0.49019607843137253,0.6000000000000001,0.5722629051620648,Medium Value
1991,32,Male,Backpack,Accessories,95,Connecticut,L,White,Spring,3.4,No,2-Day Shipping,0,0,15,PayPal,Annually,1,0.0,0.9375,0.28571428571428564,0.0,0.3600000000000001,0.3377857142857143,Low Value
1992,46,Male,Sneakers,Footwear,29,Missouri,M,Brown,Summer,3.7,No,Next Day Air,0,0,1,Venmo,Every 3 Months,4,0.0,0.11250000000000004,0.0,0.058823529411764705,0.4800000000000002,0.08814705882352944,Low Value
1993,33,Male,Hoodie,Clothing,98,New Jersey,L,Gold,Winter,4.9,No,2-Day Shipping,0,0,28,Venmo,Monthly,12,0.0,0.9750000000000001,0.5510204081632653,0.21568627450980393,0.9600000000000002,0.5761140456182474,Medium Value
1994,32,Male,Blouse,Clothing,96,Arkansas,S,Purple,Spring,5.0,No,Express,0,0,17,Cash,Weekly,52,0.0,0.9500000000000002,0.32653061224489793,0.9999999999999999,1.0,0.7206122448979592,Medium Value
1995,33,Male,Sunglasses,Accessories,66,Nevada,M,Brown,Fall,2.9,No,Next Day Air,0,0,24,Credit Card,Weekly,52,0.0,0.5750000000000001,0.4693877551020408,0.9999999999999999,0.15999999999999992,0.6187551020408163,Medium Value
1996,67,Male,Boots,Footwear,80,Missouri,S,Teal,Spring,3.0,No,Standard,0,0,29,Debit Card,Quarterly,4,0.0,0.75,0.5714285714285714,0.058823529411764705,0.20000000000000018,0.41621848739495804,Low Value
1997,67,Male,Sneakers,Footwear,27,South Dakota,L,Indigo,Summer,3.3,No,Next Day Air,0,0,18,Cash,Every 3 Months,4,0.0,0.08750000000000002,0.346938775510204,0.058823529411764705,0.32000000000000006,0.20592256902761102,Low Value
1998,42,Male,Backpack,Accessories,25,Connecticut,M,Purple,Fall,4.7,No,Express,0,0,10,Debit Card,Bi-Weekly,26,0.0,0.0625,0.18367346938775508,0.49019607843137253,0.8800000000000001,0.3210282112845138,Low Value
1999,20,Male,Pants,Clothing,45,Vermont,M,Orange,Fall,3.4,No,2-Day Shipping,0,0,19,Cash,Quarterly,4,0.0,0.3125,0.36734693877551017,0.058823529411764705,0.3600000000000001,0.2630858343337335,Low Value
2000,39,Male,Socks,Clothing,89,Tennessee,L,Indigo,Winter,4.6,No,2-Day Shipping,0,0,26,Debit Card,Monthly,12,0.0,0.8625,0.510204081632653,0.21568627450980393,0.8399999999999999,0.5252875150060023,Medium Value
2001,26,Male,Belt,Accessories,27,California,M,Lavender,Winter,3.6,No,2-Day Shipping,0,0,25,Cash,Bi-Weekly,26,0.0,0.08750000000000002,0.4897959183673469,0.49019607843137253,0.44000000000000017,0.4044771908763506,Low Value
2002,51,Male,Sunglasses,Accessories,90,Wyoming,S,Purple,Winter,2.6,No,Free Shipping,0,0,2,Debit Card,Fortnightly,26,0.0,0.875,0.02040816326530612,0.49019607843137253,0.040000000000000036,0.33422208883553417,Low Value
2003,31,Male,Shirt,Clothing,65,New York,M,Red,Summer,2.7,No,Express,0,0,19,PayPal,Every 3 Months,4,0.0,0.5625,0.36734693877551017,0.058823529411764705,0.08000000000000007,0.28508583433373347,Low Value
2004,68,Male,Sneakers,Footwear,72,Maine,S,Blue,Spring,3.1,No,Express,0,0,32,Cash,Quarterly,4,0.0,0.65,0.6326530612244897,0.058823529411764705,0.2400000000000002,0.42470828331332533,Low Value
2005,44,Male,Shoes,Footwear,70,Georgia,L,Blue,Fall,3.2,No,2-Day Shipping,0,0,13,Cash,Bi-Weekly,26,0.0,0.625,0.24489795918367344,0.49019607843137253,0.28000000000000025,0.39801800720288116,Low Value
2006,18,Male,Sandals,Footwear,82,Tennessee,M,Cyan,Winter,3.4,No,Store Pickup,0,0,30,PayPal,Fortnightly,26,0.0,0.7750000000000001,0.5918367346938774,0.49019607843137253,0.3600000000000001,0.5747935174069627,Medium Value
2007,58,Male,Scarf,Accessories,97,New Mexico,S,Pink,Fall,4.4,No,Express,0,0,2,Credit Card,Annually,1,0.0,0.9625000000000001,0.02040816326530612,0.0,0.7600000000000002,0.2766632653061225,Low Value
2008,26,Male,Shirt,Clothing,25,Virginia,M,Silver,Summer,3.2,No,2-Day Shipping,0,0,8,PayPal,Quarterly,4,0.0,0.0625,0.14285714285714285,0.058823529411764705,0.28000000000000025,0.11528991596638657,Low Value
2009,57,Male,Skirt,Clothing,48,Florida,M,Gray,Spring,2.5,No,Free Shipping,0,0,27,PayPal,Every 3 Months,4,0.0,0.3500000000000001,0.5306122448979591,0.058823529411764705,0.0,0.2998919567827131,Low Value
2010,37,Male,Boots,Footwear,99,Alabama,M,Indigo,Summer,3.8,No,Next Day Air,0,0,26,Venmo,Bi-Weekly,26,0.0,0.9875,0.510204081632653,0.49019607843137253,0.52,0.600640456182473,Medium Value
2011,24,Male,Sweater,Clothing,21,Texas,M,Maroon,Summer,4.4,No,2-Day Shipping,0,0,3,Debit Card,Bi-Weekly,26,0.0,0.012500000000000011,0.04081632653061225,0.49019607843137253,0.7600000000000002,0.24188535414165668,Low Value
2012,57,Male,Sandals,Footwear,94,West Virginia,M,Beige,Spring,3.7,No,Express,0,0,4,Bank Transfer,Monthly,12,0.0,0.925,0.061224489795918366,0.21568627450980393,0.4800000000000002,0.32219567827130857,Low Value
2013,48,Male,Jeans,Clothing,53,Nevada,L,Green,Fall,3.2,No,Store Pickup,0,0,5,Cash,Fortnightly,26,0.0,0.4125000000000001,0.08163265306122448,0.49019607843137253,0.28000000000000025,0.2902118847539016,Low Value
2014,39,Male,Backpack,Accessories,70,Virginia,M,Peach,Winter,4.9,No,Standard,0,0,25,Debit Card,Quarterly,4,0.0,0.625,0.4897959183673469,0.058823529411764705,0.9600000000000002,0.4345654261704682,Low Value
2015,51,Male,Skirt,Clothing,26,Wisconsin,L,Black,Summer,3.9,No,Standard,0,0,47,PayPal,Bi-Weekly,26,0.0,0.07500000000000001,0.9387755102040816,0.49019607843137253,0.56,0.5935690276110445,Medium Value
2016,57,Male,Belt,Accessories,82,Virginia,S,Pink,Summer,4.5,No,Next Day Air,0,0,8,Credit Card,Fortnightly,26,0.0,0.7750000000000001,0.14285714285714285,0.49019607843137253,0.8,0.4392016806722689,Low Value
2017,53,Male,Shoes,Footwear,47,Maine,S,Violet,Winter,3.4,No,Standard,0,0,20,Debit Card,Fortnightly,26,0.0,0.3375,0.38775510204081626,0.49019607843137253,0.3600000000000001,0.4056608643457383,Low Value
2018,70,Male,Socks,Clothing,32,Massachusetts,S,Green,Winter,4.1,No,Next Day Air,0,0,42,Bank Transfer,Every 3 Months,4,0.0,0.15000000000000002,0.836734693877551,0.058823529411764705,0.6399999999999999,0.44634093637454986,Low Value
2019,60,Male,Backpack,Accessories,97,Arkansas,S,Gold,Fall,4.5,No,Store Pickup,0,0,20,Bank Transfer,Weekly,52,0.0,0.9625000000000001,0.38775510204081626,0.9999999999999999,0.8,0.7276020408163264,Medium Value
2020,31,Male,Shirt,Clothing,68,Idaho,S,Red,Winter,4.7,No,Store Pickup,0,0,23,Cash,Fortnightly,26,0.0,0.6000000000000001,0.44897959183673464,0.49019607843137253,0.8800000000000001,0.5346506602641057,Medium Value
2021,41,Male,Sweater,Clothing,23,Pennsylvania,M,Beige,Winter,4.8,No,Next Day Air,0,0,26,Cash,Quarterly,4,0.0,0.03750000000000003,0.510204081632653,0.058823529411764705,0.9199999999999999,0.3212286914765906,Low Value
2022,62,Male,Handbag,Accessories,33,Maine,M,Green,Winter,4.4,No,Standard,0,0,48,Venmo,Quarterly,4,0.0,0.16250000000000003,0.9591836734693877,0.058823529411764705,0.7600000000000002,0.5098205282112845,Medium Value
2023,59,Male,Jewelry,Accessories,38,Alabama,S,Black,Winter,4.0,No,Store Pickup,0,0,16,Cash,Bi-Weekly,26,0.0,0.22500000000000003,0.3061224489795918,0.49019607843137253,0.6000000000000001,0.3745078031212485,Low Value
2024,46,Male,Socks,Clothing,68,Idaho,S,Teal,Winter,4.1,No,Store Pickup,0,0,28,Cash,Bi-Weekly,26,0.0,0.6000000000000001,0.5510204081632653,0.49019607843137253,0.6399999999999999,0.5514669867947178,Medium Value
2025,62,Male,Socks,Clothing,23,Arkansas,L,Silver,Fall,3.7,No,Express,0,0,39,PayPal,Weekly,52,0.0,0.03750000000000003,0.7755102040816325,0.9999999999999999,0.4800000000000002,0.6657040816326529,Medium Value
2026,42,Male,Shirt,Clothing,29,Delaware,M,Turquoise,Summer,3.0,No,Express,0,0,43,Debit Card,Fortnightly,26,0.0,0.11250000000000004,0.8571428571428571,0.49019607843137253,0.20000000000000018,0.5324159663865546,Medium Value
2027,37,Male,Scarf,Accessories,35,Maine,M,Orange,Winter,3.6,No,Express,0,0,45,Bank Transfer,Every 3 Months,4,0.0,0.1875,0.8979591836734693,0.058823529411764705,0.44000000000000017,0.4583307322929172,Medium Value
2028,50,Male,Shoes,Footwear,73,Nebraska,S,Gold,Fall,4.8,No,Standard,0,0,50,Credit Card,Every 3 Months,4,0.0,0.6625000000000001,1.0,0.058823529411764705,0.9199999999999999,0.6421470588235294,Medium Value
2029,29,Male,Shoes,Footwear,84,Ohio,XL,Purple,Fall,3.7,No,2-Day Shipping,0,0,10,Venmo,Bi-Weekly,26,0.0,0.8,0.18367346938775508,0.49019607843137253,0.4800000000000002,0.42852821128451385,Low Value
2030,25,Male,Scarf,Accessories,23,Montana,M,Pink,Spring,4.6,No,Next Day Air,0,0,40,PayPal,Quarterly,4,0.0,0.03750000000000003,0.7959183673469387,0.058823529411764705,0.8399999999999999,0.4275144057623049,Low Value
2031,66,Male,Sunglasses,Accessories,67,New Mexico,S,Green,Summer,2.8,No,Standard,0,0,38,Credit Card,Monthly,12,0.0,0.5875,0.7551020408163265,0.21568627450980393,0.11999999999999988,0.4962466986794718,Medium Value
2032,21,Male,Socks,Clothing,51,North Carolina,L,Charcoal,Spring,4.0,No,Standard,0,0,2,Credit Card,Monthly,12,0.0,0.38750000000000007,0.02040816326530612,0.21568627450980393,0.6000000000000001,0.21036914765906367,Low Value
2033,46,Male,Blouse,Clothing,36,South Carolina,M,Maroon,Winter,4.2,No,Next Day Air,0,0,13,Cash,Annually,1,0.0,0.2,0.24489795918367344,0.0,0.6800000000000002,0.20595918367346938,Low Value
2034,57,Male,Jeans,Clothing,55,Illinois,L,Olive,Summer,3.6,No,Express,0,0,33,Venmo,Annually,1,0.0,0.4375,0.6530612244897959,0.0,0.44000000000000017,0.3927244897959184,Low Value
2035,61,Male,Shorts,Clothing,30,Alabama,M,Peach,Spring,2.9,No,Store Pickup,0,0,27,PayPal,Monthly,12,0.0,0.125,0.5306122448979591,0.21568627450980393,0.15999999999999992,0.31795078031212487,Low Value
2036,53,Male,T-shirt,Clothing,70,Oklahoma,S,Yellow,Summer,4.1,No,Express,0,0,43,Bank Transfer,Weekly,52,0.0,0.625,0.8571428571428571,0.9999999999999999,0.6399999999999999,0.8318571428571427,High Value
2037,37,Male,Blouse,Clothing,63,Minnesota,S,Lavender,Winter,3.1,No,Next Day Air,0,0,46,Cash,Weekly,52,0.0,0.5375000000000001,0.9183673469387754,0.9999999999999999,0.2400000000000002,0.7988469387755102,High Value
2038,39,Male,Belt,Accessories,87,Illinois,S,Green,Summer,4.3,No,Express,0,0,7,Venmo,Bi-Weekly,26,0.0,0.8375000000000001,0.12244897959183673,0.49019607843137253,0.72,0.4355384153661465,Low Value
2039,53,Male,Blouse,Clothing,70,Arkansas,L,Orange,Spring,4.4,No,Next Day Air,0,0,35,Credit Card,Fortnightly,26,0.0,0.625,0.693877551020408,0.49019607843137253,0.7600000000000002,0.625609843937575,Medium Value
2040,35,Male,T-shirt,Clothing,51,Minnesota,M,Olive,Spring,3.1,No,Next Day Air,0,0,31,Debit Card,Bi-Weekly,26,0.0,0.38750000000000007,0.6122448979591836,0.49019607843137253,0.2400000000000002,0.49345678271308524,Medium Value
2041,69,Male,Jewelry,Accessories,25,South Carolina,XL,Gray,Spring,2.9,No,Free Shipping,0,0,42,Venmo,Quarterly,4,0.0,0.0625,0.836734693877551,0.058823529411764705,0.15999999999999992,0.38084093637454985,Low Value
2042,66,Male,Jacket,Outerwear,32,New York,S,Lavender,Winter,3.2,No,Next Day Air,0,0,14,PayPal,Bi-Weekly,26,0.0,0.15000000000000002,0.26530612244897955,0.49019607843137253,0.28000000000000025,0.3111812725090036,Low Value
2043,19,Male,Shoes,Footwear,52,Alabama,M,Red,Spring,4.0,No,2-Day Shipping,0,0,35,Venmo,Monthly,12,0.0,0.4,0.693877551020408,0.21568627450980393,0.6000000000000001,0.4822569027611044,Medium Value
2044,47,Male,Gloves,Accessories,33,New York,M,Charcoal,Summer,2.7,No,Standard,0,0,49,PayPal,Weekly,52,0.0,0.16250000000000003,0.9795918367346937,0.9999999999999999,0.08000000000000007,0.7323367346938774,Medium Value
2045,49,Male,Jeans,Clothing,68,Missouri,L,Orange,Spring,3.0,No,Free Shipping,0,0,17,PayPal,Fortnightly,26,0.0,0.6000000000000001,0.32653061224489793,0.49019607843137253,0.20000000000000018,0.4176710684273709,Low Value
2046,31,Male,Jewelry,Accessories,20,Georgia,M,Red,Fall,4.4,No,Express,0,0,26,PayPal,Quarterly,4,0.0,0.0,0.510204081632653,0.058823529411764705,0.7600000000000002,0.29772869147659065,Low Value
2047,39,Male,Pants,Clothing,32,Oklahoma,M,Maroon,Winter,2.8,No,Free Shipping,0,0,30,Cash,Every 3 Months,4,0.0,0.15000000000000002,0.5918367346938774,0.058823529411764705,0.11999999999999988,0.2963817527010804,Low Value
2048,58,Male,Jewelry,Accessories,82,Connecticut,M,Silver,Summer,3.1,No,Store Pickup,0,0,32,Cash,Annually,1,0.0,0.7750000000000001,0.6326530612244897,0.0,0.2400000000000002,0.43206122448979595,Low Value
2049,45,Male,Sneakers,Footwear,64,Michigan,XL,Pink,Winter,3.9,No,Express,0,0,35,Bank Transfer,Quarterly,4,0.0,0.55,0.693877551020408,0.058823529411764705,0.56,0.4611980792316926,Medium Value
2050,68,Male,Boots,Footwear,24,Rhode Island,L,Blue,Fall,2.7,No,Standard,0,0,15,Venmo,Annually,1,0.0,0.050000000000000044,0.28571428571428564,0.0,0.08000000000000007,0.13228571428571428,Low Value
2051,35,Male,Hat,Accessories,96,Mississippi,M,Teal,Summer,3.4,No,Store Pickup,0,0,10,Debit Card,Annually,1,0.0,0.9500000000000002,0.18367346938775508,0.0,0.3600000000000001,0.2994693877551021,Low Value
2052,65,Male,T-shirt,Clothing,94,Massachusetts,L,Black,Spring,3.8,No,Free Shipping,0,0,14,Credit Card,Monthly,12,0.0,0.925,0.26530612244897955,0.21568627450980393,0.52,0.407828331332533,Low Value
2053,45,Male,Backpack,Accessories,48,New Hampshire,M,Gray,Winter,3.7,No,2-Day Shipping,0,0,30,Bank Transfer,Annually,1,0.0,0.3500000000000001,0.5918367346938774,0.0,0.4800000000000002,0.354734693877551,Low Value
2054,19,Male,Sunglasses,Accessories,60,Wyoming,S,Purple,Spring,4.5,No,2-Day Shipping,0,0,16,Credit Card,Fortnightly,26,0.0,0.5,0.3061224489795918,0.49019607843137253,0.8,0.44950780312124844,Low Value
2055,65,Male,Sweater,Clothing,56,New Jersey,XL,Gold,Spring,2.9,No,Express,0,0,14,PayPal,Annually,1,0.0,0.45000000000000007,0.26530612244897955,0.0,0.15999999999999992,0.21212244897959184,Low Value
2056,28,Male,Handbag,Accessories,33,Texas,M,Silver,Fall,3.4,No,2-Day Shipping,0,0,28,Bank Transfer,Weekly,52,0.0,0.16250000000000003,0.5510204081632653,0.9999999999999999,0.3600000000000001,0.588908163265306,Medium Value
2057,55,Male,Backpack,Accessories,46,Minnesota,L,Blue,Spring,4.4,No,2-Day Shipping,0,0,29,PayPal,Monthly,12,0.0,0.32500000000000007,0.5714285714285714,0.21568627450980393,0.7600000000000002,0.4342773109243698,Low Value
2058,66,Male,Socks,Clothing,37,South Dakota,L,Yellow,Spring,4.2,No,Standard,0,0,5,PayPal,Every 3 Months,4,0.0,0.21250000000000002,0.08163265306122448,0.058823529411764705,0.6800000000000002,0.16080012004801925,Low Value
2059,29,Male,Shirt,Clothing,98,Washington,M,Brown,Winter,3.3,No,Store Pickup,0,0,17,Bank Transfer,Quarterly,4,0.0,0.9750000000000001,0.32653061224489793,0.058823529411764705,0.32000000000000006,0.37525930372148864,Low Value
2060,56,Male,Shorts,Clothing,50,California,XL,Beige,Spring,3.7,No,Express,0,0,50,PayPal,Weekly,52,0.0,0.375,1.0,0.9999999999999999,0.4800000000000002,0.823,High Value
2061,21,Male,Belt,Accessories,63,Wisconsin,M,Blue,Fall,3.2,No,Next Day Air,0,0,23,Bank Transfer,Quarterly,4,0.0,0.5375000000000001,0.44897959183673464,0.058823529411764705,0.28000000000000025,0.33273889555822334,Low Value
2062,32,Male,Sweater,Clothing,70,Michigan,S,Magenta,Summer,2.6,No,Store Pickup,0,0,22,Debit Card,Annually,1,0.0,0.625,0.4285714285714285,0.0,0.040000000000000036,0.3004285714285714,Low Value
2063,54,Male,Coat,Outerwear,63,South Carolina,L,Silver,Fall,2.8,No,Standard,0,0,15,Cash,Quarterly,4,0.0,0.5375000000000001,0.28571428571428564,0.058823529411764705,0.11999999999999988,0.2514327731092437,Low Value
2064,61,Male,Shorts,Clothing,86,Indiana,M,Cyan,Fall,2.9,No,Standard,0,0,32,Cash,Monthly,12,0.0,0.825,0.6326530612244897,0.21568627450980393,0.15999999999999992,0.49876710684273706,Medium Value
2065,31,Male,Shoes,Footwear,99,Arkansas,M,Green,Summer,4.0,No,2-Day Shipping,0,0,5,Bank Transfer,Monthly,12,0.0,0.9875,0.08163265306122448,0.21568627450980393,0.6000000000000001,0.354858943577431,Low Value
2066,27,Male,Sneakers,Footwear,40,Oregon,M,Blue,Spring,2.9,No,Free Shipping,0,0,6,Bank Transfer,Bi-Weekly,26,0.0,0.25,0.10204081632653061,0.49019607843137253,0.15999999999999992,0.253875150060024,Low Value
2067,64,Male,Sneakers,Footwear,92,Illinois,M,Olive,Fall,4.7,No,Store Pickup,0,0,44,Debit Card,Fortnightly,26,0.0,0.9000000000000001,0.8775510204081631,0.49019607843137253,0.8800000000000001,0.7660792316926772,High Value
2068,60,Male,Pants,Clothing,21,Maryland,XL,Beige,Fall,3.1,No,2-Day Shipping,0,0,23,Cash,Fortnightly,26,0.0,0.012500000000000011,0.44897959183673464,0.49019607843137253,0.2400000000000002,0.35315066026410563,Low Value
2069,70,Male,Jewelry,Accessories,81,Vermont,XL,Black,Summer,3.9,No,Store Pickup,0,0,44,Venmo,Monthly,12,0.0,0.7625,0.8775510204081631,0.21568627450980393,0.56,0.6242262905162065,Medium Value
2070,36,Male,T-shirt,Clothing,82,Texas,M,Indigo,Fall,3.4,No,Free Shipping,0,0,3,Debit Card,Quarterly,4,0.0,0.7750000000000001,0.04081632653061225,0.058823529411764705,0.3600000000000001,0.22497358943577433,Low Value
2071,56,Male,Jewelry,Accessories,88,Nebraska,XL,Red,Spring,3.1,No,Express,0,0,14,Cash,Monthly,12,0.0,0.8500000000000001,0.26530612244897955,0.21568627450980393,0.2400000000000002,0.36482833133253306,Low Value
2072,69,Male,Jacket,Outerwear,100,South Carolina,S,Yellow,Fall,4.8,No,Store Pickup,0,0,37,PayPal,Quarterly,4,0.0,1.0,0.7346938775510203,0.058823529411764705,0.9199999999999999,0.6035246098439375,Medium Value
2073,39,Male,Backpack,Accessories,66,Massachusetts,M,Beige,Winter,3.9,No,Next Day Air,0,0,22,Bank Transfer,Weekly,52,0.0,0.5750000000000001,0.4285714285714285,0.9999999999999999,0.56,0.6424285714285713,Medium Value
2074,38,Male,Belt,Accessories,25,Texas,S,Green,Winter,3.5,No,Next Day Air,0,0,2,PayPal,Every 3 Months,4,0.0,0.0625,0.02040816326530612,0.058823529411764705,0.40000000000000013,0.07831032412965189,Low Value
2075,36,Male,Scarf,Accessories,53,Florida,M,White,Summer,3.1,No,Free Shipping,0,0,44,Debit Card,Fortnightly,26,0.0,0.4125000000000001,0.8775510204081631,0.49019607843137253,0.2400000000000002,0.604579231692677,Medium Value
2076,46,Male,Sweater,Clothing,28,South Carolina,S,Turquoise,Fall,4.7,No,Express,0,0,49,Debit Card,Monthly,12,0.0,0.10000000000000003,0.9795918367346937,0.21568627450980393,0.8800000000000001,0.5645426170468187,Medium Value
2077,59,Male,Gloves,Accessories,23,Florida,S,Indigo,Fall,4.6,No,Free Shipping,0,0,22,Debit Card,Bi-Weekly,26,0.0,0.03750000000000003,0.4285714285714285,0.49019607843137253,0.8399999999999999,0.4099873949579832,Low Value
2078,64,Male,Scarf,Accessories,34,Nebraska,L,Orange,Fall,3.3,No,Free Shipping,0,0,26,Bank Transfer,Annually,1,0.0,0.17500000000000004,0.510204081632653,0.0,0.32000000000000006,0.27108163265306123,Low Value
2079,49,Male,Dress,Clothing,42,Hawaii,M,Blue,Spring,3.2,No,Next Day Air,0,0,40,Debit Card,Weekly,52,0.0,0.275,0.7959183673469387,0.9999999999999999,0.28000000000000025,0.7013673469387754,Medium Value
2080,32,Male,Jeans,Clothing,24,Montana,L,Violet,Summer,3.1,No,Next Day Air,0,0,16,PayPal,Quarterly,4,0.0,0.050000000000000044,0.3061224489795918,0.058823529411764705,0.2400000000000002,0.17409603841536617,Low Value
2081,29,Male,Sunglasses,Accessories,47,South Dakota,S,Gray,Fall,3.5,No,Free Shipping,0,0,17,Debit Card,Bi-Weekly,26,0.0,0.3375,0.32653061224489793,0.49019607843137253,0.40000000000000013,0.3851710684273709,Low Value
2082,24,Male,Coat,Outerwear,78,Alabama,S,Cyan,Spring,4.3,No,Standard,0,0,48,Bank Transfer,Bi-Weekly,26,0.0,0.7250000000000001,0.9591836734693877,0.49019607843137253,0.72,0.7477322929171668,Medium Value
2083,41,Male,Jeans,Clothing,89,Arkansas,M,Yellow,Summer,2.9,No,Free Shipping,0,0,28,Venmo,Every 3 Months,4,0.0,0.8625,0.5510204081632653,0.058823529411764705,0.15999999999999992,0.42655522208883556,Low Value
2084,41,Male,Scarf,Accessories,59,Mississippi,L,Orange,Fall,2.7,No,Store Pickup,0,0,26,Credit Card,Fortnightly,26,0.0,0.48750000000000004,0.510204081632653,0.49019607843137253,0.08000000000000007,0.45664045618247295,Medium Value
2085,32,Male,Blouse,Clothing,94,Vermont,S,Brown,Summer,4.0,No,Standard,0,0,43,Bank Transfer,Quarterly,4,0.0,0.925,0.8571428571428571,0.058823529411764705,0.6000000000000001,0.6055042016806723,Medium Value
2086,69,Male,Jeans,Clothing,49,New York,M,Teal,Fall,4.6,No,Free Shipping,0,0,38,Debit Card,Weekly,52,0.0,0.36250000000000004,0.7551020408163265,0.9999999999999999,0.8399999999999999,0.7585408163265305,High Value
2087,65,Male,Dress,Clothing,89,North Dakota,L,Beige,Summer,4.7,No,2-Day Shipping,0,0,36,Cash,Every 3 Months,4,0.0,0.8625,0.7142857142857142,0.058823529411764705,0.8800000000000001,0.5638613445378151,Medium Value
2088,54,Male,Hat,Accessories,91,Wisconsin,M,Blue,Summer,4.7,No,Standard,0,0,1,Credit Card,Weekly,52,0.0,0.8875,0.0,0.9999999999999999,0.8800000000000001,0.5654999999999999,Medium Value
2089,39,Male,Sandals,Footwear,89,California,L,Orange,Spring,4.0,No,Standard,0,0,49,Debit Card,Annually,1,0.0,0.8625,0.9795918367346937,0.0,0.6000000000000001,0.6243367346938776,Medium Value
2090,37,Male,Jacket,Outerwear,57,Maryland,L,Gold,Spring,3.6,No,Free Shipping,0,0,41,Credit Card,Every 3 Months,4,0.0,0.4625,0.8163265306122448,0.058823529411764705,0.44000000000000017,0.4806776710684274,Medium Value
2091,51,Male,Socks,Clothing,71,Massachusetts,S,Teal,Winter,3.4,No,Free Shipping,0,0,21,Debit Card,Monthly,12,0.0,0.6375000000000001,0.4081632653061224,0.21568627450980393,0.3600000000000001,0.3914711884753902,Low Value
2092,26,Male,Jeans,Clothing,97,Washington,XL,Beige,Fall,3.0,No,Next Day Air,0,0,24,Bank Transfer,Quarterly,4,0.0,0.9625000000000001,0.4693877551020408,0.058823529411764705,0.20000000000000018,0.4179021608643458,Low Value
2093,42,Male,Sandals,Footwear,45,Minnesota,M,Silver,Fall,2.6,No,Next Day Air,0,0,27,Bank Transfer,Weekly,52,0.0,0.3125,0.5306122448979591,0.9999999999999999,0.040000000000000036,0.5787448979591836,Medium Value
2094,21,Male,Dress,Clothing,91,Washington,M,Maroon,Spring,4.2,No,Store Pickup,0,0,4,Debit Card,Annually,1,0.0,0.8875,0.061224489795918366,0.0,0.6800000000000002,0.26998979591836736,Low Value
2095,53,Male,Socks,Clothing,25,South Carolina,M,Indigo,Spring,3.4,No,Standard,0,0,19,Venmo,Annually,1,0.0,0.0625,0.36734693877551017,0.0,0.3600000000000001,0.19543877551020408,Low Value
2096,36,Male,Hoodie,Clothing,63,New Mexico,M,Gray,Fall,4.0,No,Store Pickup,0,0,1,Bank Transfer,Fortnightly,26,0.0,0.5375000000000001,0.0,0.49019607843137253,0.6000000000000001,0.3145588235294118,Low Value
2097,21,Male,Dress,Clothing,52,North Carolina,L,Blue,Summer,4.7,No,Free Shipping,0,0,27,Debit Card,Annually,1,0.0,0.4,0.5306122448979591,0.0,0.8800000000000001,0.3802448979591837,Low Value
2098,33,Male,Sneakers,Footwear,43,Iowa,S,Cyan,Winter,3.9,No,Next Day Air,0,0,5,Credit Card,Weekly,52,0.0,0.2875,0.08163265306122448,0.9999999999999999,0.56,0.4461530612244897,Low Value
2099,49,Male,T-shirt,Clothing,28,Louisiana,M,White,Summer,3.3,No,2-Day Shipping,0,0,20,Venmo,Quarterly,4,0.0,0.10000000000000003,0.38775510204081626,0.058823529411764705,0.32000000000000006,0.22474909963985593,Low Value
2100,31,Male,T-shirt,Clothing,78,Oklahoma,L,Green,Summer,2.9,No,Express,0,0,50,PayPal,Annually,1,0.0,0.7250000000000001,1.0,0.0,0.15999999999999992,0.561,Medium Value
2101,68,Male,Sweater,Clothing,31,Michigan,M,Silver,Spring,4.4,No,Free Shipping,0,0,36,Cash,Fortnightly,26,0.0,0.1375,0.7142857142857142,0.49019607843137253,0.7600000000000002,0.5362731092436975,Medium Value
2102,49,Male,Shirt,Clothing,23,Oregon,M,Blue,Winter,3.6,No,Next Day Air,0,0,12,Bank Transfer,Bi-Weekly,26,0.0,0.03750000000000003,0.22448979591836735,0.49019607843137253,0.44000000000000017,0.28835474189675875,Low Value
2103,23,Male,Hat,Accessories,25,Idaho,M,Brown,Spring,4.5,No,Store Pickup,0,0,23,Cash,Monthly,12,0.0,0.0625,0.44897959183673464,0.21568627450980393,0.8,0.33679771908763506,Low Value
2104,30,Male,Pants,Clothing,86,Indiana,S,Red,Summer,3.7,No,Store Pickup,0,0,21,Venmo,Weekly,52,0.0,0.825,0.4081632653061224,0.9999999999999999,0.4800000000000002,0.676265306122449,Medium Value
2105,53,Male,Shoes,Footwear,88,New Mexico,M,Gold,Spring,2.8,No,Free Shipping,0,0,47,Venmo,Weekly,52,0.0,0.8500000000000001,0.9387755102040816,0.9999999999999999,0.11999999999999988,0.8575102040816326,High Value
2106,65,Male,Gloves,Accessories,35,South Carolina,M,Silver,Spring,4.5,No,Free Shipping,0,0,38,Venmo,Bi-Weekly,26,0.0,0.1875,0.7551020408163265,0.49019607843137253,0.8,0.5665996398559423,Medium Value
2107,60,Male,Jewelry,Accessories,34,Vermont,M,Gray,Fall,4.4,No,Standard,0,0,40,Credit Card,Every 3 Months,4,0.0,0.17500000000000004,0.7959183673469387,0.058823529411764705,0.7600000000000002,0.44701440576230494,Low Value
2108,46,Male,Pants,Clothing,75,Delaware,M,Black,Winter,3.3,No,Standard,0,0,35,PayPal,Quarterly,4,0.0,0.6875,0.693877551020408,0.058823529411764705,0.32000000000000006,0.46469807923169265,Medium Value
2109,54,Male,Hoodie,Clothing,46,North Dakota,XL,Beige,Winter,4.2,No,Express,0,0,4,Credit Card,Quarterly,4,0.0,0.32500000000000007,0.061224489795918366,0.058823529411764705,0.6800000000000002,0.17513685474189677,Low Value
2110,59,Male,Jewelry,Accessories,31,California,L,Peach,Fall,2.7,No,Free Shipping,0,0,28,Venmo,Every 3 Months,4,0.0,0.1375,0.5510204081632653,0.058823529411764705,0.08000000000000007,0.27355522208883554,Low Value
2111,52,Male,Socks,Clothing,93,Montana,L,Cyan,Spring,3.9,No,Store Pickup,0,0,36,Debit Card,Every 3 Months,4,0.0,0.9125000000000001,0.7142857142857142,0.058823529411764705,0.56,0.5418613445378152,Medium Value
2112,41,Male,Sunglasses,Accessories,85,Missouri,XL,Pink,Spring,2.6,No,Free Shipping,0,0,15,Bank Transfer,Annually,1,0.0,0.8125,0.28571428571428564,0.0,0.040000000000000036,0.2807857142857143,Low Value
2113,43,Male,Belt,Accessories,68,Tennessee,M,Lavender,Fall,4.5,No,2-Day Shipping,0,0,7,Cash,Fortnightly,26,0.0,0.6000000000000001,0.12244897959183673,0.49019607843137253,0.8,0.3960384153661465,Low Value
2114,63,Male,Dress,Clothing,40,Virginia,M,Brown,Spring,2.7,No,Store Pickup,0,0,29,PayPal,Every 3 Months,4,0.0,0.25,0.5714285714285714,0.058823529411764705,0.08000000000000007,0.304218487394958,Low Value
2115,37,Male,Shirt,Clothing,51,Vermont,M,Magenta,Winter,2.9,No,Standard,0,0,12,Debit Card,Annually,1,0.0,0.38750000000000007,0.22448979591836735,0.0,0.15999999999999992,0.18329591836734696,Low Value
2116,44,Male,Scarf,Accessories,85,Rhode Island,M,Violet,Winter,3.4,No,Store Pickup,0,0,16,Bank Transfer,Bi-Weekly,26,0.0,0.8125,0.3061224489795918,0.49019607843137253,0.3600000000000001,0.46800780312124846,Medium Value
2117,67,Male,Jacket,Outerwear,23,Kansas,M,Teal,Summer,2.9,No,Express,0,0,50,Debit Card,Bi-Weekly,26,0.0,0.03750000000000003,1.0,0.49019607843137253,0.15999999999999992,0.5705588235294119,Medium Value
2118,27,Male,Dress,Clothing,28,Colorado,L,Brown,Summer,3.8,No,Free Shipping,0,0,11,Debit Card,Annually,1,0.0,0.10000000000000003,0.2040816326530612,0.0,0.52,0.15363265306122448,Low Value
2119,60,Male,Socks,Clothing,44,Georgia,M,Olive,Fall,4.2,No,2-Day Shipping,0,0,28,Debit Card,Quarterly,4,0.0,0.30000000000000004,0.5510204081632653,0.058823529411764705,0.6800000000000002,0.3660552220888355,Low Value
2120,58,Male,Jewelry,Accessories,57,Nebraska,M,Indigo,Spring,3.5,No,Store Pickup,0,0,36,Venmo,Bi-Weekly,26,0.0,0.4625,0.7142857142857142,0.49019607843137253,0.40000000000000013,0.5652731092436974,Medium Value
2121,53,Male,Scarf,Accessories,98,Missouri,S,Red,Fall,3.1,No,Next Day Air,0,0,38,PayPal,Quarterly,4,0.0,0.9750000000000001,0.7551020408163265,0.058823529411764705,0.2400000000000002,0.5386878751500601,Medium Value
2122,43,Male,Backpack,Accessories,68,Alaska,M,Olive,Winter,3.5,No,2-Day Shipping,0,0,32,Bank Transfer,Monthly,12,0.0,0.6000000000000001,0.6326530612244897,0.21568627450980393,0.40000000000000013,0.47776710684273715,Medium Value
2123,32,Male,Jacket,Outerwear,36,Virginia,L,Teal,Fall,4.0,No,Express,0,0,42,Debit Card,Weekly,52,0.0,0.2,0.836734693877551,0.9999999999999999,0.6000000000000001,0.7346938775510204,Medium Value
2124,54,Male,Coat,Outerwear,71,Nebraska,L,Cyan,Spring,3.7,No,Express,0,0,22,Debit Card,Bi-Weekly,26,0.0,0.6375000000000001,0.4285714285714285,0.49019607843137253,0.4800000000000002,0.4939873949579833,Medium Value
2125,47,Male,Skirt,Clothing,60,Rhode Island,M,Teal,Fall,4.2,No,Next Day Air,0,0,22,Venmo,Quarterly,4,0.0,0.5,0.4285714285714285,0.058823529411764705,0.6800000000000002,0.3570756302521008,Low Value
2126,57,Male,Coat,Outerwear,87,New Hampshire,M,Beige,Fall,4.8,No,Store Pickup,0,0,31,PayPal,Quarterly,4,0.0,0.8375000000000001,0.6122448979591836,0.058823529411764705,0.9199999999999999,0.5220450180072029,Medium Value
2127,63,Male,Shoes,Footwear,38,Alabama,XL,Magenta,Winter,4.1,No,Express,0,0,28,Credit Card,Monthly,12,0.0,0.22500000000000003,0.5510204081632653,0.21568627450980393,0.6399999999999999,0.3941140456182473,Low Value
2128,70,Male,Boots,Footwear,45,North Carolina,M,Indigo,Spring,4.5,No,2-Day Shipping,0,0,40,Debit Card,Weekly,52,0.0,0.3125,0.7959183673469387,0.9999999999999999,0.8,0.7608673469387754,High Value
2129,62,Male,Coat,Outerwear,47,New Mexico,L,Cyan,Fall,2.7,No,2-Day Shipping,0,0,21,PayPal,Weekly,52,0.0,0.3375,0.4081632653061224,0.9999999999999999,0.08000000000000007,0.5387653061224489,Medium Value
2130,40,Male,Skirt,Clothing,57,Minnesota,L,Orange,Fall,2.8,No,Store Pickup,0,0,12,PayPal,Every 3 Months,4,0.0,0.4625,0.22448979591836735,0.058823529411764705,0.11999999999999988,0.21194297719087637,Low Value
2131,25,Male,Backpack,Accessories,68,Arizona,L,Violet,Summer,3.7,No,Free Shipping,0,0,33,Credit Card,Annually,1,0.0,0.6000000000000001,0.6530612244897959,0.0,0.4800000000000002,0.42922448979591843,Low Value
2132,19,Male,Shorts,Clothing,52,Montana,M,Red,Fall,3.6,No,Express,0,0,9,Bank Transfer,Fortnightly,26,0.0,0.4,0.16326530612244897,0.49019607843137253,0.44000000000000017,0.3363649459783914,Low Value
2133,25,Male,Skirt,Clothing,87,Vermont,M,Magenta,Fall,4.7,No,2-Day Shipping,0,0,15,Debit Card,Weekly,52,0.0,0.8375000000000001,0.28571428571428564,0.9999999999999999,0.8800000000000001,0.6697857142857142,Medium Value
2134,21,Male,Hat,Accessories,34,Maine,M,Olive,Summer,3.8,No,Standard,0,0,13,Bank Transfer,Annually,1,0.0,0.17500000000000004,0.24489795918367344,0.0,0.52,0.18495918367346942,Low Value
2135,55,Male,Sandals,Footwear,41,Virginia,XL,Maroon,Winter,2.9,No,Standard,0,0,35,Credit Card,Fortnightly,26,0.0,0.26250000000000007,0.693877551020408,0.49019607843137253,0.15999999999999992,0.49310984393757495,Medium Value
2136,34,Male,Sunglasses,Accessories,94,California,S,Yellow,Winter,4.6,No,Next Day Air,0,0,1,Debit Card,Every 3 Months,4,0.0,0.925,0.0,0.058823529411764705,0.8399999999999999,0.2866470588235294,Low Value
2137,47,Male,Sunglasses,Accessories,93,New York,M,Red,Summer,2.8,No,Standard,0,0,25,Bank Transfer,Fortnightly,26,0.0,0.9125000000000001,0.4897959183673469,0.49019607843137253,0.11999999999999988,0.5374771908763506,Medium Value
2138,27,Male,Socks,Clothing,51,Indiana,XL,Purple,Winter,4.6,No,2-Day Shipping,0,0,20,Credit Card,Every 3 Months,4,0.0,0.38750000000000007,0.38775510204081626,0.058823529411764705,0.8399999999999999,0.33424909963985594,Low Value
2139,67,Male,Sweater,Clothing,42,Mississippi,M,Teal,Fall,2.8,No,Next Day Air,0,0,36,Venmo,Quarterly,4,0.0,0.275,0.7142857142857142,0.058823529411764705,0.11999999999999988,0.3703613445378151,Low Value
2140,40,Male,Boots,Footwear,95,New York,M,Red,Winter,3.0,No,Free Shipping,0,0,33,Cash,Weekly,52,0.0,0.9375,0.6530612244897959,0.9999999999999999,0.20000000000000018,0.7687244897959182,High Value
2141,53,Male,Handbag,Accessories,90,New Mexico,M,Brown,Fall,3.7,No,Standard,0,0,36,Cash,Fortnightly,26,0.0,0.875,0.7142857142857142,0.49019607843137253,0.4800000000000002,0.6557731092436975,Medium Value
2142,24,Male,Dress,Clothing,98,Kentucky,M,Peach,Winter,4.1,No,2-Day Shipping,0,0,32,PayPal,Annually,1,0.0,0.9750000000000001,0.6326530612244897,0.0,0.6399999999999999,0.5120612244897959,Medium Value
2143,47,Male,Hat,Accessories,39,North Dakota,M,Maroon,Winter,4.3,No,Next Day Air,0,0,21,Venmo,Quarterly,4,0.0,0.23750000000000004,0.4081632653061224,0.058823529411764705,0.72,0.3004123649459784,Low Value
2144,53,Male,Sandals,Footwear,66,Arkansas,L,Red,Fall,3.8,No,Next Day Air,0,0,48,Venmo,Bi-Weekly,26,0.0,0.5750000000000001,0.9591836734693877,0.49019607843137253,0.52,0.6977322929171669,Medium Value
2145,47,Male,Shoes,Footwear,23,Maryland,L,Orange,Winter,3.7,No,Free Shipping,0,0,25,PayPal,Quarterly,4,0.0,0.03750000000000003,0.4897959183673469,0.058823529411764705,0.4800000000000002,0.26906542617046825,Low Value
2146,38,Male,Skirt,Clothing,73,Connecticut,S,White,Winter,4.8,No,Standard,0,0,32,PayPal,Annually,1,0.0,0.6625000000000001,0.6326530612244897,0.0,0.9199999999999999,0.4775612244897959,Medium Value
2147,48,Male,Sunglasses,Accessories,23,Utah,XL,White,Summer,4.6,No,Standard,0,0,45,PayPal,Every 3 Months,4,0.0,0.03750000000000003,0.8979591836734693,0.058823529411764705,0.8399999999999999,0.4683307322929171,Medium Value
2148,47,Male,Skirt,Clothing,43,Missouri,S,Charcoal,Fall,4.8,No,Standard,0,0,4,Cash,Fortnightly,26,0.0,0.2875,0.061224489795918366,0.49019607843137253,0.9199999999999999,0.32104861944777907,Low Value
2149,19,Male,T-shirt,Clothing,45,Nebraska,XL,Turquoise,Winter,4.6,No,2-Day Shipping,0,0,19,PayPal,Bi-Weekly,26,0.0,0.3125,0.36734693877551017,0.49019607843137253,0.8399999999999999,0.44049759903961583,Low Value
2150,38,Male,Sandals,Footwear,21,Hawaii,L,Orange,Winter,4.0,No,Standard,0,0,1,Bank Transfer,Weekly,52,0.0,0.012500000000000011,0.0,0.9999999999999999,0.6000000000000001,0.36249999999999993,Low Value
2151,57,Male,Shirt,Clothing,40,Illinois,M,Orange,Spring,2.6,No,2-Day Shipping,0,0,12,Cash,Weekly,52,0.0,0.25,0.22448979591836735,0.9999999999999999,0.040000000000000036,0.4437959183673469,Low Value
2152,70,Male,Jeans,Clothing,58,Vermont,L,Brown,Fall,2.6,No,2-Day Shipping,0,0,18,Venmo,Monthly,12,0.0,0.4750000000000001,0.346938775510204,0.21568627450980393,0.040000000000000036,0.30248139255702283,Low Value
2153,38,Male,Shorts,Clothing,48,New Jersey,L,Magenta,Summer,4.5,No,Next Day Air,0,0,43,Bank Transfer,Bi-Weekly,26,0.0,0.3500000000000001,0.8571428571428571,0.49019607843137253,0.8,0.6399159663865546,Medium Value
2154,35,Male,Shirt,Clothing,94,Kentucky,M,Violet,Fall,4.2,No,Free Shipping,0,0,31,PayPal,Annually,1,0.0,0.925,0.6122448979591836,0.0,0.6800000000000002,0.49789795918367347,Medium Value
2155,46,Male,Scarf,Accessories,74,Wyoming,M,Violet,Spring,3.4,No,Store Pickup,0,0,33,Cash,Every 3 Months,4,0.0,0.675,0.6530612244897959,0.058823529411764705,0.3600000000000001,0.4498715486194478,Low Value
2156,32,Male,Handbag,Accessories,51,Hawaii,L,Yellow,Fall,3.7,No,Store Pickup,0,0,46,PayPal,Monthly,12,0.0,0.38750000000000007,0.9183673469387754,0.21568627450980393,0.4800000000000002,0.5575528211284514,Medium Value
2157,38,Male,Skirt,Clothing,83,Missouri,M,Maroon,Winter,3.6,No,Next Day Air,0,0,41,Debit Card,Bi-Weekly,26,0.0,0.7875000000000001,0.8163265306122448,0.49019607843137253,0.44000000000000017,0.6750894357743098,Medium Value
2158,41,Male,Handbag,Accessories,68,Mississippi,L,Turquoise,Winter,4.0,No,Next Day Air,0,0,41,Venmo,Fortnightly,26,0.0,0.6000000000000001,0.8163265306122448,0.49019607843137253,0.6000000000000001,0.6535894357743097,Medium Value
2159,19,Male,Gloves,Accessories,84,Massachusetts,XL,Olive,Spring,4.6,No,Standard,0,0,9,Bank Transfer,Fortnightly,26,0.0,0.8,0.16326530612244897,0.49019607843137253,0.8399999999999999,0.4563649459783914,Medium Value
2160,18,Male,Shirt,Clothing,58,Louisiana,M,Peach,Fall,3.0,No,Free Shipping,0,0,34,Cash,Annually,1,0.0,0.4750000000000001,0.673469387755102,0.0,0.20000000000000018,0.3843877551020409,Low Value
2161,45,Male,Blouse,Clothing,92,West Virginia,L,Charcoal,Winter,3.3,No,Express,0,0,21,PayPal,Annually,1,0.0,0.9000000000000001,0.4081632653061224,0.0,0.32000000000000006,0.375265306122449,Low Value
2162,23,Male,Dress,Clothing,69,Washington,S,Peach,Summer,3.8,No,Express,0,0,5,Debit Card,Fortnightly,26,0.0,0.6125,0.08163265306122448,0.49019607843137253,0.52,0.35421188475390153,Low Value
2163,60,Male,Shorts,Clothing,48,Oregon,S,Black,Summer,2.7,No,Free Shipping,0,0,32,PayPal,Weekly,52,0.0,0.3500000000000001,0.6326530612244897,0.9999999999999999,0.08000000000000007,0.631061224489796,Medium Value
2164,52,Male,Shoes,Footwear,60,New York,L,Gray,Spring,4.5,No,Express,0,0,44,Bank Transfer,Monthly,12,0.0,0.5,0.8775510204081631,0.21568627450980393,0.8,0.5957262905162064,Medium Value
2165,42,Male,Sandals,Footwear,20,Iowa,S,Olive,Winter,4.8,No,Next Day Air,0,0,46,PayPal,Bi-Weekly,26,0.0,0.0,0.9183673469387754,0.49019607843137253,0.9199999999999999,0.6064057623049218,Medium Value
2166,29,Male,Pants,Clothing,55,Idaho,M,Turquoise,Summer,4.2,No,Express,0,0,42,Credit Card,Every 3 Months,4,0.0,0.4375,0.836734693877551,0.058823529411764705,0.6800000000000002,0.5078409363745499,Medium Value
2167,31,Male,Jacket,Outerwear,88,New Jersey,S,Purple,Spring,3.5,No,Express,0,0,50,Credit Card,Bi-Weekly,26,0.0,0.8500000000000001,1.0,0.49019607843137253,0.40000000000000013,0.7570588235294119,High Value
2168,30,Male,Skirt,Clothing,48,Ohio,L,Green,Winter,4.9,No,Standard,0,0,33,Venmo,Fortnightly,26,0.0,0.3500000000000001,0.6530612244897959,0.49019607843137253,0.9600000000000002,0.5742833133253301,Medium Value
2169,23,Male,Handbag,Accessories,74,Connecticut,M,Beige,Spring,4.1,No,Next Day Air,0,0,32,Cash,Quarterly,4,0.0,0.675,0.6326530612244897,0.058823529411764705,0.6399999999999999,0.4697082833133253,Medium Value
2170,31,Male,Coat,Outerwear,42,Florida,M,Brown,Fall,2.9,No,Next Day Air,0,0,32,Bank Transfer,Bi-Weekly,26,0.0,0.275,0.6326530612244897,0.49019607843137253,0.15999999999999992,0.47112004801920765,Medium Value
2171,40,Male,Sweater,Clothing,32,South Carolina,M,Turquoise,Fall,4.0,No,Next Day Air,0,0,37,Venmo,Every 3 Months,4,0.0,0.15000000000000002,0.7346938775510203,0.058823529411764705,0.6000000000000001,0.40152460984393756,Low Value
2172,39,Male,Shorts,Clothing,98,Missouri,M,Yellow,Summer,4.6,No,Store Pickup,0,0,9,Cash,Fortnightly,26,0.0,0.9750000000000001,0.16326530612244897,0.49019607843137253,0.8399999999999999,0.4913649459783913,Medium Value
2173,28,Male,Skirt,Clothing,89,Rhode Island,S,Lavender,Fall,2.8,No,Store Pickup,0,0,6,PayPal,Fortnightly,26,0.0,0.8625,0.10204081632653061,0.49019607843137253,0.11999999999999988,0.372375150060024,Low Value
2174,23,Male,Gloves,Accessories,97,Delaware,S,Cyan,Summer,5.0,No,2-Day Shipping,0,0,36,Venmo,Quarterly,4,0.0,0.9625000000000001,0.7142857142857142,0.058823529411764705,1.0,0.5958613445378151,Medium Value
2175,42,Male,Backpack,Accessories,49,Colorado,S,Olive,Spring,2.9,No,Store Pickup,0,0,1,Cash,Annually,1,0.0,0.36250000000000004,0.0,0.0,0.15999999999999992,0.0885,Low Value
2176,68,Male,Dress,Clothing,50,Nebraska,M,Silver,Spring,3.3,No,Free Shipping,0,0,48,Credit Card,Fortnightly,26,0.0,0.375,0.9591836734693877,0.49019607843137253,0.32000000000000006,0.6377322929171669,Medium Value
2177,24,Male,Belt,Accessories,91,Vermont,S,Red,Winter,3.4,No,2-Day Shipping,0,0,44,Debit Card,Quarterly,4,0.0,0.8875,0.8775510204081631,0.058823529411764705,0.3600000000000001,0.5821674669867947,Medium Value
2178,24,Male,Gloves,Accessories,93,Montana,XL,Green,Winter,3.0,No,Express,0,0,9,PayPal,Bi-Weekly,26,0.0,0.9125000000000001,0.16326530612244897,0.49019607843137253,0.20000000000000018,0.4148649459783914,Low Value
2179,21,Male,Jewelry,Accessories,98,Florida,M,Gold,Summer,4.7,No,Standard,0,0,32,Venmo,Annually,1,0.0,0.9750000000000001,0.6326530612244897,0.0,0.8800000000000001,0.536061224489796,Medium Value
2180,49,Male,Socks,Clothing,82,Delaware,L,Lavender,Fall,2.9,No,Next Day Air,0,0,14,PayPal,Monthly,12,0.0,0.7750000000000001,0.26530612244897955,0.21568627450980393,0.15999999999999992,0.34182833133253304,Low Value
2181,41,Male,Coat,Outerwear,37,Connecticut,M,Yellow,Summer,4.1,No,Store Pickup,0,0,43,Cash,Quarterly,4,0.0,0.21250000000000002,0.8571428571428571,0.058823529411764705,0.6399999999999999,0.4670042016806723,Medium Value
2182,22,Male,Handbag,Accessories,63,Hawaii,M,Black,Fall,3.2,No,Free Shipping,0,0,32,Bank Transfer,Bi-Weekly,26,0.0,0.5375000000000001,0.6326530612244897,0.49019607843137253,0.28000000000000025,0.5356200480192077,Medium Value
2183,42,Male,Blouse,Clothing,99,New Mexico,M,Maroon,Winter,2.7,No,Store Pickup,0,0,26,Venmo,Bi-Weekly,26,0.0,0.9875,0.510204081632653,0.49019607843137253,0.08000000000000007,0.5566404561824729,Medium Value
2184,30,Male,Shorts,Clothing,37,Kansas,M,Maroon,Spring,4.7,No,Store Pickup,0,0,2,Cash,Monthly,12,0.0,0.21250000000000002,0.02040816326530612,0.21568627450980393,0.8800000000000001,0.20336914765906366,Low Value
2185,38,Male,Shoes,Footwear,34,Nevada,S,Gold,Spring,3.2,No,Free Shipping,0,0,16,PayPal,Every 3 Months,4,0.0,0.17500000000000004,0.3061224489795918,0.058823529411764705,0.28000000000000025,0.20309603841536616,Low Value
2186,40,Male,Shorts,Clothing,32,North Carolina,M,Violet,Winter,2.5,No,Express,0,0,50,Debit Card,Every 3 Months,4,0.0,0.15000000000000002,1.0,0.058823529411764705,0.0,0.44764705882352945,Low Value
2187,55,Male,Sandals,Footwear,23,New Mexico,XL,Teal,Winter,4.3,No,Next Day Air,0,0,6,PayPal,Every 3 Months,4,0.0,0.03750000000000003,0.10204081632653061,0.058823529411764705,0.72,0.13796338535414165,Low Value
2188,37,Male,Blouse,Clothing,78,Idaho,M,Violet,Spring,4.4,No,Free Shipping,0,0,20,PayPal,Annually,1,0.0,0.7250000000000001,0.38775510204081626,0.0,0.7600000000000002,0.37610204081632653,Low Value
2189,41,Male,Coat,Outerwear,54,California,M,Brown,Winter,4.7,No,Next Day Air,0,0,9,Credit Card,Weekly,52,0.0,0.42500000000000004,0.16326530612244897,0.9999999999999999,0.8800000000000001,0.5383061224489796,Medium Value
2190,38,Male,Blouse,Clothing,94,Wisconsin,XL,Brown,Fall,4.0,No,Express,0,0,47,Credit Card,Bi-Weekly,26,0.0,0.925,0.9387755102040816,0.49019607843137253,0.6000000000000001,0.7675690276110445,High Value
2191,42,Male,Belt,Accessories,75,Alaska,S,Maroon,Spring,4.6,No,Express,0,0,33,Credit Card,Annually,1,0.0,0.6875,0.6530612244897959,0.0,0.8399999999999999,0.4827244897959183,Medium Value
2192,26,Male,Blouse,Clothing,69,Pennsylvania,S,Maroon,Summer,3.8,No,Next Day Air,0,0,46,Cash,Bi-Weekly,26,0.0,0.6125,0.9183673469387754,0.49019607843137253,0.52,0.688905762304922,Medium Value
2193,41,Male,Scarf,Accessories,35,Virginia,L,Yellow,Winter,3.2,No,Next Day Air,0,0,9,Credit Card,Monthly,12,0.0,0.1875,0.16326530612244897,0.21568627450980393,0.28000000000000025,0.1955120048019208,Low Value
2194,27,Male,Shirt,Clothing,78,California,L,Turquoise,Spring,5.0,No,Express,0,0,8,PayPal,Monthly,12,0.0,0.7250000000000001,0.14285714285714285,0.21568627450980393,1.0,0.3668487394957983,Low Value
2195,61,Male,Socks,Clothing,29,Kentucky,M,Silver,Summer,3.5,No,Standard,0,0,48,Bank Transfer,Quarterly,4,0.0,0.11250000000000004,0.9591836734693877,0.058823529411764705,0.40000000000000013,0.46382052821128456,Medium Value
2196,58,Male,Jeans,Clothing,62,New York,M,Brown,Fall,3.7,No,Next Day Air,0,0,2,Cash,Monthly,12,0.0,0.525,0.02040816326530612,0.21568627450980393,0.4800000000000002,0.22586914765906366,Low Value
2197,25,Male,Dress,Clothing,58,Vermont,M,Gray,Spring,4.8,No,Next Day Air,0,0,31,PayPal,Weekly,52,0.0,0.4750000000000001,0.6122448979591836,0.9999999999999999,0.9199999999999999,0.7318979591836733,Medium Value
2198,33,Male,Boots,Footwear,88,Pennsylvania,M,Indigo,Summer,3.7,No,2-Day Shipping,0,0,40,Venmo,Monthly,12,0.0,0.8500000000000001,0.7959183673469387,0.21568627450980393,0.4800000000000002,0.6010732292917167,Medium Value
2199,57,Male,Scarf,Accessories,80,New York,L,Turquoise,Summer,3.5,No,Free Shipping,0,0,35,Venmo,Monthly,12,0.0,0.75,0.693877551020408,0.21568627450980393,0.40000000000000013,0.5322569027611044,Medium Value
2200,39,Male,Scarf,Accessories,47,North Carolina,M,Maroon,Summer,4.9,No,Store Pickup,0,0,40,Debit Card,Monthly,12,0.0,0.3375,0.7959183673469387,0.21568627450980393,0.9600000000000002,0.5465732292917167,Medium Value
2201,60,Male,Gloves,Accessories,51,Wyoming,L,Charcoal,Summer,4.7,No,Next Day Air,0,0,27,Debit Card,Every 3 Months,4,0.0,0.38750000000000007,0.5306122448979591,0.058823529411764705,0.8800000000000001,0.3953919567827131,Low Value
2202,39,Male,Pants,Clothing,25,Ohio,L,Peach,Spring,4.9,No,2-Day Shipping,0,0,10,Venmo,Annually,1,0.0,0.0625,0.18367346938775508,0.0,0.9600000000000002,0.18196938775510207,Low Value
2203,42,Male,Dress,Clothing,36,Alabama,M,Red,Summer,4.3,No,Next Day Air,0,0,23,Credit Card,Weekly,52,0.0,0.2,0.44897959183673464,0.9999999999999999,0.72,0.5915918367346937,Medium Value
2204,53,Male,Dress,Clothing,79,Rhode Island,M,Indigo,Winter,3.1,No,Free Shipping,0,0,32,Cash,Quarterly,4,0.0,0.7375,0.6326530612244897,0.058823529411764705,0.2400000000000002,0.44220828331332535,Low Value
2205,20,Male,Jeans,Clothing,41,Oregon,S,Lavender,Winter,3.4,No,2-Day Shipping,0,0,6,Debit Card,Monthly,12,0.0,0.26250000000000007,0.10204081632653061,0.21568627450980393,0.3600000000000001,0.19402220888355345,Low Value
2206,46,Male,Sweater,Clothing,68,North Dakota,XL,Red,Fall,2.7,No,Express,0,0,27,PayPal,Weekly,52,0.0,0.6000000000000001,0.5306122448979591,0.9999999999999999,0.08000000000000007,0.6402448979591836,Medium Value
2207,46,Male,Sandals,Footwear,51,Illinois,L,Green,Spring,2.6,No,Store Pickup,0,0,25,Bank Transfer,Fortnightly,26,0.0,0.38750000000000007,0.4897959183673469,0.49019607843137253,0.040000000000000036,0.42447719087635055,Low Value
2208,69,Male,Handbag,Accessories,38,New Mexico,M,Gray,Fall,2.9,No,Next Day Air,0,0,11,Credit Card,Annually,1,0.0,0.22500000000000003,0.2040816326530612,0.0,0.15999999999999992,0.1426326530612245,Low Value
2209,28,Male,Scarf,Accessories,46,Colorado,XL,Violet,Summer,2.7,No,2-Day Shipping,0,0,23,PayPal,Monthly,12,0.0,0.32500000000000007,0.44897959183673464,0.21568627450980393,0.08000000000000007,0.31729771908763504,Low Value
2210,42,Male,Sandals,Footwear,20,Utah,XL,Beige,Summer,4.5,No,2-Day Shipping,0,0,44,Bank Transfer,Quarterly,4,0.0,0.0,0.8775510204081631,0.058823529411764705,0.8,0.4486674669867947,Low Value
2211,30,Male,Sunglasses,Accessories,25,Virginia,M,Orange,Summer,3.1,No,Store Pickup,0,0,35,PayPal,Fortnightly,26,0.0,0.0625,0.693877551020408,0.49019607843137253,0.2400000000000002,0.461109843937575,Medium Value
2212,50,Male,Sweater,Clothing,89,Maine,L,Purple,Winter,3.2,No,Free Shipping,0,0,45,Debit Card,Every 3 Months,4,0.0,0.8625,0.8979591836734693,0.058823529411764705,0.28000000000000025,0.5773307322929172,Medium Value
2213,59,Male,Pants,Clothing,77,Nebraska,M,Brown,Winter,3.3,No,Next Day Air,0,0,22,Bank Transfer,Quarterly,4,0.0,0.7125,0.4285714285714285,0.058823529411764705,0.32000000000000006,0.3635756302521008,Low Value
2214,54,Male,Hat,Accessories,94,Hawaii,M,Maroon,Fall,2.9,No,Express,0,0,18,Debit Card,Quarterly,4,0.0,0.925,0.346938775510204,0.058823529411764705,0.15999999999999992,0.35742256902761105,Low Value
2215,50,Male,Belt,Accessories,100,Idaho,L,Gold,Fall,4.1,No,Standard,0,0,20,Debit Card,Weekly,52,0.0,1.0,0.38775510204081626,0.9999999999999999,0.6399999999999999,0.7191020408163263,Medium Value
2216,25,Male,Sandals,Footwear,96,West Virginia,M,Indigo,Winter,2.7,No,Express,0,0,28,Credit Card,Fortnightly,26,0.0,0.9500000000000002,0.5510204081632653,0.49019607843137253,0.08000000000000007,0.565466986794718,Medium Value
2217,41,Male,Pants,Clothing,36,Vermont,XL,Silver,Winter,4.0,No,Store Pickup,0,0,15,Venmo,Bi-Weekly,26,0.0,0.2,0.28571428571428564,0.49019607843137253,0.6000000000000001,0.36134453781512604,Low Value
2218,35,Male,Jewelry,Accessories,27,Indiana,XL,Red,Fall,2.6,No,Store Pickup,0,0,42,Bank Transfer,Fortnightly,26,0.0,0.08750000000000002,0.836734693877551,0.49019607843137253,0.040000000000000036,0.5032527010804322,Medium Value
2219,67,Male,Sunglasses,Accessories,67,Idaho,M,Magenta,Winter,3.5,No,Store Pickup,0,0,20,Debit Card,Quarterly,4,0.0,0.5875,0.38775510204081626,0.058823529411764705,0.40000000000000013,0.33024909963985594,Low Value
2220,33,Male,Blouse,Clothing,91,Minnesota,S,Purple,Fall,2.8,No,Store Pickup,0,0,16,Bank Transfer,Fortnightly,26,0.0,0.8875,0.3061224489795918,0.49019607843137253,0.11999999999999988,0.45900780312124845,Medium Value
2221,19,Male,Belt,Accessories,62,Wyoming,XL,Beige,Fall,4.5,No,Store Pickup,0,0,47,Cash,Annually,1,0.0,0.525,0.9387755102040816,0.0,0.8,0.5605102040816328,Medium Value
2222,25,Male,Shorts,Clothing,88,Kansas,XL,White,Fall,3.0,No,Free Shipping,0,0,34,Credit Card,Annually,1,0.0,0.8500000000000001,0.673469387755102,0.0,0.20000000000000018,0.4593877551020409,Medium Value
2223,32,Male,Pants,Clothing,66,Georgia,M,Teal,Summer,4.4,No,Store Pickup,0,0,30,Credit Card,Weekly,52,0.0,0.5750000000000001,0.5918367346938774,0.9999999999999999,0.7600000000000002,0.727734693877551,Medium Value
2224,30,Male,Sandals,Footwear,65,Kansas,M,Gray,Fall,4.7,No,Next Day Air,0,0,5,PayPal,Quarterly,4,0.0,0.5625,0.08163265306122448,0.058823529411764705,0.8800000000000001,0.2508001200480192,Low Value
2225,18,Male,Gloves,Accessories,25,Nebraska,L,Charcoal,Winter,4.3,No,Standard,0,0,38,Cash,Quarterly,4,0.0,0.0625,0.7551020408163265,0.058823529411764705,0.72,0.40418787515006005,Low Value
2226,38,Male,Belt,Accessories,64,Washington,S,Olive,Spring,4.8,No,Free Shipping,0,0,18,Credit Card,Annually,1,0.0,0.55,0.346938775510204,0.0,0.9199999999999999,0.3407755102040816,Low Value
2227,22,Male,Shirt,Clothing,72,Missouri,L,Blue,Spring,4.8,No,Store Pickup,0,0,28,Cash,Annually,1,0.0,0.65,0.5510204081632653,0.0,0.9199999999999999,0.4424081632653061,Low Value
2228,40,Male,Scarf,Accessories,74,Washington,S,Gray,Summer,4.4,No,Next Day Air,0,0,42,Credit Card,Fortnightly,26,0.0,0.675,0.836734693877551,0.49019607843137253,0.7600000000000002,0.6927527010804322,Medium Value
2229,54,Male,Gloves,Accessories,50,Kansas,M,Green,Fall,3.7,No,Free Shipping,0,0,5,Credit Card,Weekly,52,0.0,0.375,0.08163265306122448,0.9999999999999999,0.4800000000000002,0.4556530612244898,Medium Value
2230,70,Male,Pants,Clothing,97,Minnesota,M,Silver,Fall,3.9,No,Express,0,0,50,Venmo,Monthly,12,0.0,0.9625000000000001,1.0,0.21568627450980393,0.56,0.7132058823529412,Medium Value
2231,52,Male,Sneakers,Footwear,36,Colorado,S,Teal,Spring,3.8,No,Express,0,0,33,Venmo,Fortnightly,26,0.0,0.2,0.6530612244897959,0.49019607843137253,0.52,0.5002833133253302,Medium Value
2232,34,Male,Jacket,Outerwear,49,Utah,M,Beige,Fall,4.1,No,Store Pickup,0,0,1,Credit Card,Weekly,52,0.0,0.36250000000000004,0.0,0.9999999999999999,0.6399999999999999,0.43649999999999994,Low Value
2233,65,Male,Shoes,Footwear,64,North Carolina,L,Lavender,Spring,4.0,No,Store Pickup,0,0,14,Cash,Fortnightly,26,0.0,0.55,0.26530612244897955,0.49019607843137253,0.6000000000000001,0.42318127250900356,Low Value
2234,38,Male,Blouse,Clothing,31,Florida,XL,Gray,Summer,4.5,No,Express,0,0,48,Credit Card,Monthly,12,0.0,0.1375,0.9591836734693877,0.21568627450980393,0.8,0.5558793517406964,Medium Value
2235,35,Male,Boots,Footwear,66,New Hampshire,S,Yellow,Winter,4.0,No,Express,0,0,26,Cash,Weekly,52,0.0,0.5750000000000001,0.510204081632653,0.9999999999999999,0.6000000000000001,0.6790816326530612,Medium Value
2236,40,Male,Socks,Clothing,82,Illinois,M,Gray,Spring,4.5,No,2-Day Shipping,0,0,44,Credit Card,Annually,1,0.0,0.7750000000000001,0.8775510204081631,0.0,0.8,0.5860204081632654,Medium Value
2237,23,Male,T-shirt,Clothing,88,Louisiana,M,Yellow,Winter,2.7,No,Standard,0,0,18,Debit Card,Fortnightly,26,0.0,0.8500000000000001,0.346938775510204,0.49019607843137253,0.08000000000000007,0.46383433373349336,Medium Value
2238,45,Male,Sandals,Footwear,34,Alabama,S,Black,Summer,3.8,No,Next Day Air,0,0,31,Venmo,Every 3 Months,4,0.0,0.17500000000000004,0.6122448979591836,0.058823529411764705,0.52,0.3495450180072029,Low Value
2239,40,Male,Sneakers,Footwear,84,Florida,L,Beige,Winter,3.8,No,Standard,0,0,18,Debit Card,Weekly,52,0.0,0.8,0.346938775510204,0.9999999999999999,0.52,0.6507755102040816,Medium Value
2240,42,Male,Jewelry,Accessories,96,Alabama,L,Indigo,Summer,3.8,No,2-Day Shipping,0,0,41,Credit Card,Every 3 Months,4,0.0,0.9500000000000002,0.8163265306122448,0.058823529411764705,0.52,0.5861776710684274,Medium Value
2241,57,Male,Sandals,Footwear,71,California,L,Green,Winter,4.3,No,Next Day Air,0,0,18,Debit Card,Every 3 Months,4,0.0,0.6375000000000001,0.346938775510204,0.058823529411764705,0.72,0.35592256902761105,Low Value
2242,18,Male,Jacket,Outerwear,77,Maryland,M,Purple,Summer,3.5,No,Free Shipping,0,0,3,Bank Transfer,Bi-Weekly,26,0.0,0.7125,0.04081632653061225,0.49019607843137253,0.40000000000000013,0.34588535414165666,Low Value
2243,18,Male,Skirt,Clothing,66,Nevada,M,Orange,Spring,3.8,No,Next Day Air,0,0,5,Credit Card,Bi-Weekly,26,0.0,0.5750000000000001,0.08163265306122448,0.49019607843137253,0.52,0.3467118847539015,Low Value
2244,56,Male,Shirt,Clothing,21,Massachusetts,M,Teal,Winter,3.7,No,2-Day Shipping,0,0,13,Debit Card,Annually,1,0.0,0.012500000000000011,0.24489795918367344,0.0,0.4800000000000002,0.1484591836734694,Low Value
2245,35,Male,Shorts,Clothing,37,South Carolina,M,Gold,Summer,4.8,No,2-Day Shipping,0,0,22,PayPal,Annually,1,0.0,0.21250000000000002,0.4285714285714285,0.0,0.9199999999999999,0.30592857142857144,Low Value
2246,49,Male,Socks,Clothing,90,Delaware,L,Gray,Fall,4.9,No,Free Shipping,0,0,45,PayPal,Fortnightly,26,0.0,0.875,0.8979591836734693,0.49019607843137253,0.9600000000000002,0.7772424969987997,High Value
2247,49,Male,Jacket,Outerwear,96,Hawaii,M,Cyan,Fall,4.3,No,Store Pickup,0,0,39,PayPal,Every 3 Months,4,0.0,0.9500000000000002,0.7755102040816325,0.058823529411764705,0.72,0.5898511404561825,Medium Value
2248,34,Male,Jewelry,Accessories,37,Florida,L,Teal,Summer,4.4,No,Next Day Air,0,0,18,Venmo,Annually,1,0.0,0.21250000000000002,0.346938775510204,0.0,0.7600000000000002,0.2572755102040816,Low Value
2249,63,Male,T-shirt,Clothing,66,Rhode Island,M,Violet,Winter,3.4,No,Free Shipping,0,0,19,PayPal,Fortnightly,26,0.0,0.5750000000000001,0.36734693877551017,0.49019607843137253,0.3600000000000001,0.4449975990396159,Low Value
2250,42,Male,Gloves,Accessories,45,Wyoming,XL,Indigo,Spring,4.3,No,Next Day Air,0,0,29,Debit Card,Weekly,52,0.0,0.3125,0.5714285714285714,0.9999999999999999,0.72,0.6630714285714284,Medium Value
2251,41,Male,Shoes,Footwear,89,Colorado,L,Pink,Summer,4.6,No,Store Pickup,0,0,19,Credit Card,Weekly,52,0.0,0.8625,0.36734693877551017,0.9999999999999999,0.8399999999999999,0.703438775510204,Medium Value
2252,26,Male,Shoes,Footwear,94,Virginia,L,Gold,Fall,3.8,No,Free Shipping,0,0,22,Debit Card,Monthly,12,0.0,0.925,0.4285714285714285,0.21568627450980393,0.52,0.4731344537815126,Medium Value
2253,48,Male,Shoes,Footwear,96,Nebraska,S,Maroon,Summer,3.9,No,Express,0,0,21,Bank Transfer,Annually,1,0.0,0.9500000000000002,0.4081632653061224,0.0,0.56,0.409265306122449,Low Value
2254,62,Male,Hoodie,Clothing,31,Oklahoma,M,Brown,Spring,2.6,No,Store Pickup,0,0,22,PayPal,Monthly,12,0.0,0.1375,0.4285714285714285,0.21568627450980393,0.040000000000000036,0.2676344537815126,Low Value
2255,24,Male,Belt,Accessories,79,North Dakota,M,Gold,Winter,4.2,No,Store Pickup,0,0,44,PayPal,Every 3 Months,4,0.0,0.7375,0.8775510204081631,0.058823529411764705,0.6800000000000002,0.5841674669867948,Medium Value
2256,48,Male,Coat,Outerwear,39,Michigan,L,Teal,Spring,4.6,No,Store Pickup,0,0,42,Bank Transfer,Quarterly,4,0.0,0.23750000000000004,0.836734693877551,0.058823529411764705,0.8399999999999999,0.48384093637454983,Medium Value
2257,31,Male,Blouse,Clothing,22,California,M,Turquoise,Fall,5.0,No,Standard,0,0,33,Credit Card,Quarterly,4,0.0,0.025000000000000022,0.6530612244897959,0.058823529411764705,1.0,0.3838715486194477,Low Value
2258,41,Male,Skirt,Clothing,32,Tennessee,L,Olive,Fall,4.2,No,Standard,0,0,6,Bank Transfer,Annually,1,0.0,0.15000000000000002,0.10204081632653061,0.0,0.6800000000000002,0.13881632653061227,Low Value
2259,24,Male,T-shirt,Clothing,71,Ohio,L,Cyan,Winter,4.3,No,Store Pickup,0,0,44,Credit Card,Every 3 Months,4,0.0,0.6375000000000001,0.8775510204081631,0.058823529411764705,0.72,0.5681674669867947,Medium Value
2260,60,Male,Jeans,Clothing,96,Florida,XL,Beige,Spring,3.3,No,Free Shipping,0,0,24,Cash,Annually,1,0.0,0.9500000000000002,0.4693877551020408,0.0,0.32000000000000006,0.40975510204081644,Low Value
2261,38,Male,Scarf,Accessories,82,Missouri,M,Blue,Fall,4.9,No,Express,0,0,16,PayPal,Quarterly,4,0.0,0.7750000000000001,0.3061224489795918,0.058823529411764705,0.9600000000000002,0.39109603841536617,Low Value
2262,58,Male,Backpack,Accessories,76,South Carolina,L,Gold,Spring,4.4,No,Standard,0,0,12,Bank Transfer,Fortnightly,26,0.0,0.7000000000000001,0.22448979591836735,0.49019607843137253,0.7600000000000002,0.45285474189675873,Medium Value
2263,53,Male,Backpack,Accessories,22,Arizona,M,Green,Winter,3.1,No,2-Day Shipping,0,0,50,PayPal,Monthly,12,0.0,0.025000000000000022,1.0,0.21568627450980393,0.2400000000000002,0.4937058823529412,Medium Value
2264,44,Male,Scarf,Accessories,40,Indiana,XL,Green,Winter,3.5,No,Store Pickup,0,0,42,Cash,Quarterly,4,0.0,0.25,0.836734693877551,0.058823529411764705,0.40000000000000013,0.44234093637454985,Low Value
2265,51,Male,Hat,Accessories,92,North Dakota,M,Turquoise,Summer,3.9,No,2-Day Shipping,0,0,50,PayPal,Monthly,12,0.0,0.9000000000000001,1.0,0.21568627450980393,0.56,0.7007058823529413,Medium Value
2266,36,Male,Coat,Outerwear,94,Montana,XL,Yellow,Fall,3.9,No,Store Pickup,0,0,10,PayPal,Quarterly,4,0.0,0.925,0.18367346938775508,0.058823529411764705,0.56,0.33211644657863143,Low Value
2267,20,Male,Dress,Clothing,44,Missouri,M,Yellow,Fall,4.3,No,Store Pickup,0,0,32,Debit Card,Weekly,52,0.0,0.30000000000000004,0.6326530612244897,0.9999999999999999,0.72,0.6850612244897959,Medium Value
2268,32,Male,Gloves,Accessories,49,Kentucky,S,Blue,Spring,3.8,No,Express,0,0,37,Venmo,Weekly,52,0.0,0.36250000000000004,0.7346938775510203,0.9999999999999999,0.52,0.7183775510204081,Medium Value
2269,66,Male,Sweater,Clothing,26,Georgia,L,Charcoal,Spring,2.7,No,2-Day Shipping,0,0,15,Bank Transfer,Monthly,12,0.0,0.07500000000000001,0.28571428571428564,0.21568627450980393,0.08000000000000007,0.20199159663865546,Low Value
2270,49,Male,Skirt,Clothing,38,Kentucky,M,Yellow,Fall,4.4,No,Store Pickup,0,0,27,Credit Card,Annually,1,0.0,0.22500000000000003,0.5306122448979591,0.0,0.7600000000000002,0.3332448979591837,Low Value
2271,27,Male,Blouse,Clothing,72,Georgia,L,Purple,Spring,3.5,No,Express,0,0,7,Venmo,Weekly,52,0.0,0.65,0.12244897959183673,0.9999999999999999,0.40000000000000013,0.5189795918367347,Medium Value
2272,29,Male,Dress,Clothing,99,Alaska,M,Green,Summer,3.4,No,Free Shipping,0,0,49,PayPal,Quarterly,4,0.0,0.9875,0.9795918367346937,0.058823529411764705,0.3600000000000001,0.642983793517407,Medium Value
2273,29,Male,Jacket,Outerwear,38,Maine,L,Charcoal,Spring,4.0,No,Standard,0,0,44,PayPal,Monthly,12,0.0,0.22500000000000003,0.8775510204081631,0.21568627450980393,0.6000000000000001,0.5207262905162066,Medium Value
2274,55,Male,Coat,Outerwear,96,New Mexico,L,Silver,Winter,4.8,No,Express,0,0,13,PayPal,Bi-Weekly,26,0.0,0.9500000000000002,0.24489795918367344,0.49019607843137253,0.9199999999999999,0.5270180072028812,Medium Value
2275,57,Male,Dress,Clothing,27,New York,L,Turquoise,Spring,4.5,No,Next Day Air,0,0,38,PayPal,Fortnightly,26,0.0,0.08750000000000002,0.7551020408163265,0.49019607843137253,0.8,0.5465996398559424,Medium Value
2276,29,Male,Shorts,Clothing,24,Oklahoma,M,Gray,Winter,4.4,No,Standard,0,0,10,Debit Card,Weekly,52,0.0,0.050000000000000044,0.18367346938775508,0.9999999999999999,0.7600000000000002,0.459469387755102,Medium Value
2277,31,Male,Jeans,Clothing,82,Wyoming,L,Red,Summer,4.1,No,2-Day Shipping,0,0,25,Debit Card,Weekly,52,0.0,0.7750000000000001,0.4897959183673469,0.9999999999999999,0.6399999999999999,0.7149183673469387,Medium Value
2278,25,Male,Hat,Accessories,56,Alabama,M,Beige,Summer,4.6,No,Next Day Air,0,0,18,Credit Card,Quarterly,4,0.0,0.45000000000000007,0.346938775510204,0.058823529411764705,0.8399999999999999,0.330422569027611,Low Value
2279,61,Male,Gloves,Accessories,25,Maryland,M,Maroon,Fall,3.8,No,Store Pickup,0,0,6,Cash,Every 3 Months,4,0.0,0.0625,0.10204081632653061,0.058823529411764705,0.52,0.12296338535414167,Low Value
2280,53,Male,Sneakers,Footwear,67,West Virginia,L,Indigo,Spring,2.9,No,Free Shipping,0,0,35,Bank Transfer,Quarterly,4,0.0,0.5875,0.693877551020408,0.058823529411764705,0.15999999999999992,0.4286980792316926,Low Value
2281,22,Male,Shoes,Footwear,21,Kentucky,M,Red,Summer,2.8,No,Standard,0,0,31,Credit Card,Fortnightly,26,0.0,0.012500000000000011,0.6122448979591836,0.49019607843137253,0.11999999999999988,0.4064567827130852,Low Value
2282,28,Male,Hoodie,Clothing,27,Kansas,XL,Maroon,Summer,3.0,No,Store Pickup,0,0,41,Bank Transfer,Annually,1,0.0,0.08750000000000002,0.8163265306122448,0.0,0.20000000000000018,0.36403061224489797,Low Value
2283,18,Male,Sneakers,Footwear,97,Idaho,S,Red,Fall,4.2,No,2-Day Shipping,0,0,8,Credit Card,Annually,1,0.0,0.9625000000000001,0.14285714285714285,0.0,0.6800000000000002,0.31764285714285717,Low Value
2284,44,Male,Handbag,Accessories,45,Ohio,S,Black,Winter,4.1,No,Free Shipping,0,0,34,Credit Card,Fortnightly,26,0.0,0.3125,0.673469387755102,0.49019607843137253,0.6399999999999999,0.5429465786314526,Medium Value
2285,32,Male,Blouse,Clothing,63,Iowa,XL,Black,Fall,4.1,No,Express,0,0,20,Venmo,Annually,1,0.0,0.5375000000000001,0.38775510204081626,0.0,0.6399999999999999,0.32660204081632654,Low Value
2286,34,Male,Belt,Accessories,100,Michigan,L,Pink,Summer,4.6,No,2-Day Shipping,0,0,38,PayPal,Every 3 Months,4,0.0,1.0,0.7551020408163265,0.058823529411764705,0.8399999999999999,0.60368787515006,Medium Value
2287,67,Male,Socks,Clothing,38,South Dakota,L,Blue,Spring,2.5,No,Store Pickup,0,0,35,Venmo,Quarterly,4,0.0,0.22500000000000003,0.693877551020408,0.058823529411764705,0.0,0.34019807923169265,Low Value
2288,66,Male,Blouse,Clothing,45,Nebraska,L,Green,Summer,3.0,No,Store Pickup,0,0,6,Debit Card,Annually,1,0.0,0.3125,0.10204081632653061,0.0,0.20000000000000018,0.12331632653061227,Low Value
2289,28,Male,Jewelry,Accessories,91,California,M,Orange,Fall,3.8,No,Next Day Air,0,0,50,PayPal,Weekly,52,0.0,0.8875,1.0,0.9999999999999999,0.52,0.9295,High Value
2290,70,Male,Shorts,Clothing,82,Nevada,M,Orange,Fall,4.1,No,Free Shipping,0,0,47,Venmo,Weekly,52,0.0,0.7750000000000001,0.9387755102040816,0.9999999999999999,0.6399999999999999,0.8945102040816325,High Value
2291,37,Male,Boots,Footwear,48,Kansas,L,Magenta,Winter,3.3,No,Standard,0,0,23,PayPal,Quarterly,4,0.0,0.3500000000000001,0.44897959183673464,0.058823529411764705,0.32000000000000006,0.2992388955582233,Low Value
2292,28,Male,Coat,Outerwear,30,Ohio,M,Indigo,Spring,5.0,No,2-Day Shipping,0,0,13,Credit Card,Quarterly,4,0.0,0.125,0.24489795918367344,0.058823529411764705,1.0,0.2406062424969988,Low Value
2293,43,Male,T-shirt,Clothing,34,Vermont,S,Beige,Spring,3.8,No,Next Day Air,0,0,31,Debit Card,Monthly,12,0.0,0.17500000000000004,0.6122448979591836,0.21568627450980393,0.52,0.39660384153661465,Low Value
2294,37,Male,Sweater,Clothing,68,Georgia,L,Green,Fall,3.3,No,Express,0,0,16,Debit Card,Every 3 Months,4,0.0,0.6000000000000001,0.3061224489795918,0.058823529411764705,0.32000000000000006,0.2920960384153662,Low Value
2295,54,Male,Sunglasses,Accessories,95,Maryland,M,Red,Winter,5.0,No,Express,0,0,40,Debit Card,Annually,1,0.0,0.9375,0.7959183673469387,0.0,1.0,0.6058673469387755,Medium Value
2296,50,Male,Hat,Accessories,22,Connecticut,L,Beige,Spring,2.9,No,2-Day Shipping,0,0,45,PayPal,Quarterly,4,0.0,0.025000000000000022,0.8979591836734693,0.058823529411764705,0.15999999999999992,0.39783073229291716,Low Value
2297,46,Male,Gloves,Accessories,88,Washington,M,Green,Fall,2.5,No,Next Day Air,0,0,50,Venmo,Every 3 Months,4,0.0,0.8500000000000001,1.0,0.058823529411764705,0.0,0.5876470588235294,Medium Value
2298,60,Male,Socks,Clothing,83,California,M,Orange,Summer,4.7,No,Standard,0,0,1,Bank Transfer,Quarterly,4,0.0,0.7875000000000001,0.0,0.058823529411764705,0.8800000000000001,0.26314705882352946,Low Value
2299,40,Male,Handbag,Accessories,87,Montana,L,Cyan,Spring,2.9,No,2-Day Shipping,0,0,10,Cash,Every 3 Months,4,0.0,0.8375000000000001,0.18367346938775508,0.058823529411764705,0.15999999999999992,0.2746164465786315,Low Value
2300,64,Male,Coat,Outerwear,57,Idaho,M,Violet,Summer,3.7,No,Store Pickup,0,0,48,Credit Card,Every 3 Months,4,0.0,0.4625,0.9591836734693877,0.058823529411764705,0.4800000000000002,0.5418205282112846,Medium Value
2301,18,Male,Coat,Outerwear,88,Pennsylvania,XL,Lavender,Summer,4.4,No,2-Day Shipping,0,0,38,Credit Card,Monthly,12,0.0,0.8500000000000001,0.7551020408163265,0.21568627450980393,0.7600000000000002,0.6127466986794718,Medium Value
2302,37,Male,Pants,Clothing,20,Maine,L,Turquoise,Winter,2.9,No,Next Day Air,0,0,21,Debit Card,Annually,1,0.0,0.0,0.4081632653061224,0.0,0.15999999999999992,0.17926530612244895,Low Value
2303,36,Male,Belt,Accessories,39,Montana,L,Pink,Summer,3.6,No,Store Pickup,0,0,38,Venmo,Monthly,12,0.0,0.23750000000000004,0.7551020408163265,0.21568627450980393,0.44000000000000017,0.4582466986794719,Medium Value
2304,51,Male,Sunglasses,Accessories,71,New Jersey,S,Beige,Spring,4.8,No,2-Day Shipping,0,0,31,Credit Card,Fortnightly,26,0.0,0.6375000000000001,0.6122448979591836,0.49019607843137253,0.9199999999999999,0.6114567827130852,Medium Value
2305,26,Male,Hoodie,Clothing,73,Louisiana,L,Silver,Winter,4.7,No,Free Shipping,0,0,9,Debit Card,Fortnightly,26,0.0,0.6625000000000001,0.16326530612244897,0.49019607843137253,0.8800000000000001,0.43286494597839137,Low Value
2306,68,Male,Handbag,Accessories,63,Maine,M,Gold,Summer,2.6,No,Free Shipping,0,0,47,Cash,Weekly,52,0.0,0.5375000000000001,0.9387755102040816,0.9999999999999999,0.040000000000000036,0.7870102040816326,High Value
2307,27,Male,Gloves,Accessories,78,Florida,L,Silver,Winter,3.4,No,Standard,0,0,8,Cash,Bi-Weekly,26,0.0,0.7250000000000001,0.14285714285714285,0.49019607843137253,0.3600000000000001,0.3852016806722689,Low Value
2308,28,Male,Skirt,Clothing,96,Missouri,L,Green,Fall,3.5,No,Next Day Air,0,0,30,Debit Card,Annually,1,0.0,0.9500000000000002,0.5918367346938774,0.0,0.40000000000000013,0.46673469387755107,Medium Value
2309,49,Male,Sunglasses,Accessories,81,North Dakota,M,Teal,Winter,3.4,No,2-Day Shipping,0,0,22,Bank Transfer,Quarterly,4,0.0,0.7625,0.4285714285714285,0.058823529411764705,0.3600000000000001,0.37757563025210084,Low Value
2310,70,Male,Dress,Clothing,95,Connecticut,S,Gold,Fall,5.0,No,2-Day Shipping,0,0,3,Bank Transfer,Quarterly,4,0.0,0.9375,0.04081632653061225,0.058823529411764705,1.0,0.3214735894357743,Low Value
2311,30,Male,Gloves,Accessories,68,Virginia,M,Cyan,Spring,4.6,No,Standard,0,0,15,PayPal,Monthly,12,0.0,0.6000000000000001,0.28571428571428564,0.21568627450980393,0.8399999999999999,0.38299159663865545,Low Value
2312,27,Male,Sneakers,Footwear,28,Montana,L,Gold,Spring,4.8,No,2-Day Shipping,0,0,10,Bank Transfer,Every 3 Months,4,0.0,0.10000000000000003,0.18367346938775508,0.058823529411764705,0.9199999999999999,0.20311644657863143,Low Value
2313,19,Male,T-shirt,Clothing,30,Vermont,L,Violet,Summer,3.7,No,Free Shipping,0,0,19,Cash,Every 3 Months,4,0.0,0.125,0.36734693877551017,0.058823529411764705,0.4800000000000002,0.23758583433373348,Low Value
2314,64,Male,Dress,Clothing,31,Georgia,M,Black,Summer,4.7,No,Next Day Air,0,0,36,Bank Transfer,Fortnightly,26,0.0,0.1375,0.7142857142857142,0.49019607843137253,0.8800000000000001,0.5482731092436974,Medium Value
2315,42,Male,Handbag,Accessories,95,Virginia,XL,Brown,Winter,4.4,No,Express,0,0,12,Bank Transfer,Every 3 Months,4,0.0,0.9375,0.22448979591836735,0.058823529411764705,0.7600000000000002,0.3709429771908764,Low Value
2316,69,Male,Socks,Clothing,79,Vermont,M,Indigo,Winter,3.5,No,2-Day Shipping,0,0,49,Debit Card,Quarterly,4,0.0,0.7375,0.9795918367346937,0.058823529411764705,0.40000000000000013,0.5969837935174069,Medium Value
2317,28,Male,Sneakers,Footwear,39,Montana,L,Yellow,Winter,3.8,No,Standard,0,0,7,Debit Card,Annually,1,0.0,0.23750000000000004,0.12244897959183673,0.0,0.52,0.1484795918367347,Low Value
2318,47,Male,Jacket,Outerwear,34,New Jersey,M,Purple,Summer,4.7,No,Next Day Air,0,0,28,Bank Transfer,Monthly,12,0.0,0.17500000000000004,0.5510204081632653,0.21568627450980393,0.8800000000000001,0.4081140456182473,Low Value
2319,69,Male,Hoodie,Clothing,28,Wyoming,L,White,Spring,3.1,No,Store Pickup,0,0,30,Credit Card,Annually,1,0.0,0.10000000000000003,0.5918367346938774,0.0,0.2400000000000002,0.280734693877551,Low Value
2320,56,Male,Sandals,Footwear,38,Maine,XL,Turquoise,Winter,5.0,No,Free Shipping,0,0,29,PayPal,Monthly,12,0.0,0.22500000000000003,0.5714285714285714,0.21568627450980393,1.0,0.4382773109243697,Low Value
2321,28,Male,Shoes,Footwear,55,New Mexico,M,Olive,Spring,3.7,No,Free Shipping,0,0,9,Debit Card,Every 3 Months,4,0.0,0.4375,0.16326530612244897,0.058823529411764705,0.4800000000000002,0.21845318127250904,Low Value
2322,50,Male,Sandals,Footwear,31,Colorado,M,Beige,Winter,3.0,No,Next Day Air,0,0,27,Debit Card,Fortnightly,26,0.0,0.1375,0.5306122448979591,0.49019607843137253,0.20000000000000018,0.40680372148859545,Low Value
2323,39,Male,Coat,Outerwear,84,Connecticut,S,Lavender,Spring,4.5,No,Store Pickup,0,0,21,Venmo,Fortnightly,26,0.0,0.8,0.4081632653061224,0.49019607843137253,0.8,0.5503241296518608,Medium Value
2324,35,Male,Gloves,Accessories,93,Maryland,L,White,Winter,4.7,No,Express,0,0,36,Credit Card,Monthly,12,0.0,0.9125000000000001,0.7142857142857142,0.21568627450980393,0.8800000000000001,0.6209201680672269,Medium Value
2325,59,Male,Coat,Outerwear,28,Oregon,L,Brown,Winter,3.5,No,Free Shipping,0,0,19,Debit Card,Annually,1,0.0,0.10000000000000003,0.36734693877551017,0.0,0.40000000000000013,0.2069387755102041,Low Value
2326,44,Male,Boots,Footwear,55,New York,M,Charcoal,Summer,4.4,No,2-Day Shipping,0,0,47,Cash,Weekly,52,0.0,0.4375,0.9387755102040816,0.9999999999999999,0.7600000000000002,0.8390102040816326,High Value
2327,66,Male,Skirt,Clothing,63,Oklahoma,L,Maroon,Winter,2.6,No,Standard,0,0,38,Bank Transfer,Annually,1,0.0,0.5375000000000001,0.7551020408163265,0.0,0.040000000000000036,0.41354081632653067,Low Value
2328,20,Male,Skirt,Clothing,94,Alabama,M,Red,Winter,4.2,No,2-Day Shipping,0,0,22,Venmo,Bi-Weekly,26,0.0,0.925,0.4285714285714285,0.49019607843137253,0.6800000000000002,0.5714873949579833,Medium Value
2329,45,Male,Pants,Clothing,36,North Dakota,M,Maroon,Fall,2.6,No,Express,0,0,29,Venmo,Bi-Weekly,26,0.0,0.2,0.5714285714285714,0.49019607843137253,0.040000000000000036,0.4196302521008404,Low Value
2330,49,Male,Hat,Accessories,97,Nebraska,S,Teal,Spring,4.8,No,Free Shipping,0,0,42,Bank Transfer,Annually,1,0.0,0.9625000000000001,0.836734693877551,0.0,0.9199999999999999,0.6191938775510204,Medium Value
2331,60,Male,Backpack,Accessories,63,Arizona,L,Orange,Summer,2.9,No,Store Pickup,0,0,47,PayPal,Every 3 Months,4,0.0,0.5375000000000001,0.9387755102040816,0.058823529411764705,0.15999999999999992,0.5166572629051621,Medium Value
2332,61,Male,Scarf,Accessories,77,Illinois,S,Olive,Spring,4.3,No,2-Day Shipping,0,0,10,Credit Card,Bi-Weekly,26,0.0,0.7125,0.18367346938775508,0.49019607843137253,0.72,0.4350282112845138,Low Value
2333,36,Male,Scarf,Accessories,53,South Carolina,XL,Olive,Fall,2.6,No,Store Pickup,0,0,10,Venmo,Monthly,12,0.0,0.4125000000000001,0.18367346938775508,0.21568627450980393,0.040000000000000036,0.22467527010804322,Low Value
2334,33,Male,Shirt,Clothing,77,Kansas,M,Beige,Spring,3.8,No,Next Day Air,0,0,1,PayPal,Every 3 Months,4,0.0,0.7125,0.0,0.058823529411764705,0.52,0.2121470588235294,Low Value
2335,49,Male,Boots,Footwear,79,Kansas,L,Green,Summer,4.2,No,Standard,0,0,7,Credit Card,Monthly,12,0.0,0.7375,0.12244897959183673,0.21568627450980393,0.6800000000000002,0.3291854741896759,Low Value
2336,31,Male,Coat,Outerwear,37,Idaho,M,Black,Summer,3.9,No,Store Pickup,0,0,10,Venmo,Fortnightly,26,0.0,0.21250000000000002,0.18367346938775508,0.49019607843137253,0.56,0.3190282112845138,Low Value
2337,19,Male,Belt,Accessories,94,California,M,Green,Winter,3.1,No,Free Shipping,0,0,11,Credit Card,Weekly,52,0.0,0.925,0.2040816326530612,0.9999999999999999,0.2400000000000002,0.5906326530612245,Medium Value
2338,39,Male,Boots,Footwear,76,North Dakota,S,Violet,Fall,3.6,No,Store Pickup,0,0,5,Cash,Annually,1,0.0,0.7000000000000001,0.08163265306122448,0.0,0.44000000000000017,0.21665306122448982,Low Value
2339,66,Male,Sneakers,Footwear,68,Georgia,S,Silver,Fall,4.0,No,Express,0,0,21,PayPal,Quarterly,4,0.0,0.6000000000000001,0.4081632653061224,0.058823529411764705,0.6000000000000001,0.3609123649459784,Low Value
2340,25,Male,Shirt,Clothing,65,Illinois,L,Maroon,Spring,3.4,No,Next Day Air,0,0,24,Bank Transfer,Quarterly,4,0.0,0.5625,0.4693877551020408,0.058823529411764705,0.3600000000000001,0.3539021608643458,Low Value
2341,63,Male,Blouse,Clothing,24,Delaware,M,Cyan,Summer,2.6,No,Standard,0,0,37,Credit Card,Fortnightly,26,0.0,0.050000000000000044,0.7346938775510203,0.49019607843137253,0.040000000000000036,0.4549363745498199,Medium Value
2342,56,Male,Jacket,Outerwear,31,Connecticut,L,Teal,Summer,4.5,No,Express,0,0,22,Venmo,Every 3 Months,4,0.0,0.1375,0.4285714285714285,0.058823529411764705,0.8,0.2965756302521008,Low Value
2343,20,Male,Skirt,Clothing,89,Tennessee,M,Olive,Fall,4.9,No,Standard,0,0,16,Debit Card,Fortnightly,26,0.0,0.8625,0.3061224489795918,0.49019607843137253,0.9600000000000002,0.5380078031212485,Medium Value
2344,58,Male,Socks,Clothing,49,Maryland,M,Red,Summer,4.4,No,2-Day Shipping,0,0,44,PayPal,Monthly,12,0.0,0.36250000000000004,0.8775510204081631,0.21568627450980393,0.7600000000000002,0.5642262905162065,Medium Value
2345,34,Male,Sandals,Footwear,92,Rhode Island,XL,Lavender,Fall,3.5,No,Express,0,0,14,Venmo,Bi-Weekly,26,0.0,0.9000000000000001,0.26530612244897955,0.49019607843137253,0.40000000000000013,0.47318127250900366,Medium Value
2346,28,Male,T-shirt,Clothing,32,New York,S,Orange,Winter,3.3,No,Express,0,0,23,Bank Transfer,Every 3 Months,4,0.0,0.15000000000000002,0.44897959183673464,0.058823529411764705,0.32000000000000006,0.25923889555822327,Low Value
2347,22,Male,Jacket,Outerwear,67,New Mexico,L,Brown,Winter,3.1,No,Standard,0,0,46,Debit Card,Fortnightly,26,0.0,0.5875,0.9183673469387754,0.49019607843137253,0.2400000000000002,0.6559057623049219,Medium Value
2348,37,Male,Belt,Accessories,64,California,S,Gray,Fall,4.2,No,Express,0,0,46,Cash,Every 3 Months,4,0.0,0.55,0.9183673469387754,0.058823529411764705,0.6800000000000002,0.5629939975990397,Medium Value
2349,54,Male,Shoes,Footwear,84,Maine,M,Orange,Spring,4.9,No,Next Day Air,0,0,16,PayPal,Every 3 Months,4,0.0,0.8,0.3061224489795918,0.058823529411764705,0.9600000000000002,0.39609603841536617,Low Value
2350,65,Male,Blouse,Clothing,34,New York,M,Orange,Fall,3.9,No,Standard,0,0,40,Credit Card,Every 3 Months,4,0.0,0.17500000000000004,0.7959183673469387,0.058823529411764705,0.56,0.4270144057623049,Low Value
2351,57,Male,Shoes,Footwear,26,Hawaii,M,Turquoise,Winter,4.2,No,Free Shipping,0,0,21,Cash,Annually,1,0.0,0.07500000000000001,0.4081632653061224,0.0,0.6800000000000002,0.246265306122449,Low Value
2352,38,Male,Sweater,Clothing,50,New Hampshire,S,Cyan,Fall,4.9,No,Store Pickup,0,0,25,PayPal,Bi-Weekly,26,0.0,0.375,0.4897959183673469,0.49019607843137253,0.9600000000000002,0.5139771908763506,Medium Value
2353,70,Male,Boots,Footwear,46,Nebraska,M,Yellow,Fall,2.8,No,Store Pickup,0,0,25,Bank Transfer,Quarterly,4,0.0,0.32500000000000007,0.4897959183673469,0.058823529411764705,0.11999999999999988,0.2905654261704682,Low Value
2354,56,Male,Handbag,Accessories,71,Montana,M,White,Fall,4.1,No,Standard,0,0,25,Debit Card,Every 3 Months,4,0.0,0.6375000000000001,0.4897959183673469,0.058823529411764705,0.6399999999999999,0.4050654261704682,Low Value
2355,56,Male,Blouse,Clothing,78,Wisconsin,M,Blue,Summer,4.8,No,Next Day Air,0,0,27,Venmo,Monthly,12,0.0,0.7250000000000001,0.5306122448979591,0.21568627450980393,0.9199999999999999,0.5139507803121248,Medium Value
2356,22,Male,Skirt,Clothing,35,Tennessee,S,Purple,Winter,4.1,No,Next Day Air,0,0,12,Cash,Monthly,12,0.0,0.1875,0.22448979591836735,0.21568627450980393,0.6399999999999999,0.2560018007202881,Low Value
2357,57,Male,Backpack,Accessories,58,Montana,M,Gray,Summer,3.0,No,Free Shipping,0,0,27,Debit Card,Quarterly,4,0.0,0.4750000000000001,0.5306122448979591,0.058823529411764705,0.20000000000000018,0.3448919567827131,Low Value
2358,53,Male,Shirt,Clothing,67,Michigan,L,Cyan,Fall,4.2,No,2-Day Shipping,0,0,40,Credit Card,Bi-Weekly,26,0.0,0.5875,0.7959183673469387,0.49019607843137253,0.6800000000000002,0.6509261704681873,Medium Value
2359,53,Male,Sweater,Clothing,93,Texas,L,Pink,Spring,3.8,No,Standard,0,0,38,Credit Card,Quarterly,4,0.0,0.9125000000000001,0.7551020408163265,0.058823529411764705,0.52,0.5541878751500601,Medium Value
2360,19,Male,Scarf,Accessories,81,Pennsylvania,S,Gold,Spring,3.3,No,2-Day Shipping,0,0,44,Bank Transfer,Every 3 Months,4,0.0,0.7625,0.8775510204081631,0.058823529411764705,0.32000000000000006,0.5531674669867948,Medium Value
2361,49,Male,Handbag,Accessories,80,New York,L,Silver,Fall,4.7,No,2-Day Shipping,0,0,27,Venmo,Every 3 Months,4,0.0,0.75,0.5306122448979591,0.058823529411764705,0.8800000000000001,0.4678919567827131,Medium Value
2362,44,Male,Scarf,Accessories,64,Alabama,M,Gray,Spring,4.3,No,2-Day Shipping,0,0,30,Credit Card,Every 3 Months,4,0.0,0.55,0.5918367346938774,0.058823529411764705,0.72,0.4363817527010804,Low Value
2363,27,Male,Jeans,Clothing,41,Virginia,M,Brown,Fall,2.7,No,Standard,0,0,24,Credit Card,Monthly,12,0.0,0.26250000000000007,0.4693877551020408,0.21568627450980393,0.08000000000000007,0.3129609843937575,Low Value
2364,60,Male,Socks,Clothing,79,Pennsylvania,XL,Pink,Winter,4.2,No,Express,0,0,38,Cash,Bi-Weekly,26,0.0,0.7375,0.7551020408163265,0.49019607843137253,0.6800000000000002,0.6645996398559424,Medium Value
2365,62,Male,Sunglasses,Accessories,60,Mississippi,L,Maroon,Winter,4.2,No,Free Shipping,0,0,4,PayPal,Quarterly,4,0.0,0.5,0.061224489795918366,0.058823529411764705,0.6800000000000002,0.2101368547418968,Low Value
2366,52,Male,Sneakers,Footwear,91,Wyoming,S,Peach,Winter,2.5,No,Next Day Air,0,0,32,Venmo,Monthly,12,0.0,0.8875,0.6326530612244897,0.21568627450980393,0.0,0.49526710684273706,Medium Value
2367,30,Male,Shoes,Footwear,66,New Mexico,L,Brown,Winter,3.6,No,Express,0,0,32,Credit Card,Fortnightly,26,0.0,0.5750000000000001,0.6326530612244897,0.49019607843137253,0.44000000000000017,0.5591200480192077,Medium Value
2368,66,Male,Socks,Clothing,85,North Dakota,L,Green,Winter,3.4,No,Standard,0,0,28,Bank Transfer,Bi-Weekly,26,0.0,0.8125,0.5510204081632653,0.49019607843137253,0.3600000000000001,0.5659669867947179,Medium Value
2369,29,Male,Sunglasses,Accessories,38,New Jersey,M,Lavender,Summer,3.3,No,Standard,0,0,6,Debit Card,Every 3 Months,4,0.0,0.22500000000000003,0.10204081632653061,0.058823529411764705,0.32000000000000006,0.13546338535414168,Low Value
2370,24,Male,Sweater,Clothing,23,Vermont,M,Cyan,Winter,4.6,No,Standard,0,0,24,PayPal,Monthly,12,0.0,0.03750000000000003,0.4693877551020408,0.21568627450980393,0.8399999999999999,0.34396098439375755,Low Value
2371,51,Male,Shoes,Footwear,71,Alaska,M,Black,Spring,3.9,No,Store Pickup,0,0,38,Venmo,Weekly,52,0.0,0.6375000000000001,0.7551020408163265,0.9999999999999999,0.56,0.7855408163265306,High Value
2372,67,Male,Socks,Clothing,25,Indiana,M,Charcoal,Winter,3.7,No,Next Day Air,0,0,28,Debit Card,Annually,1,0.0,0.0625,0.5510204081632653,0.0,0.4800000000000002,0.28090816326530615,Low Value
2373,50,Male,Boots,Footwear,39,Alabama,XL,Silver,Spring,3.1,No,Express,0,0,9,PayPal,Fortnightly,26,0.0,0.23750000000000004,0.16326530612244897,0.49019607843137253,0.2400000000000002,0.2838649459783914,Low Value
2374,37,Male,Hoodie,Clothing,20,Michigan,M,Gray,Spring,4.9,No,Express,0,0,21,Debit Card,Every 3 Months,4,0.0,0.0,0.4081632653061224,0.058823529411764705,0.9600000000000002,0.2769123649459784,Low Value
2375,69,Male,Gloves,Accessories,73,Washington,L,Peach,Winter,4.7,No,Standard,0,0,31,Debit Card,Monthly,12,0.0,0.6625000000000001,0.6122448979591836,0.21568627450980393,0.8800000000000001,0.5301038415366146,Medium Value
2376,60,Male,Backpack,Accessories,63,Virginia,L,Peach,Fall,2.9,No,Next Day Air,0,0,18,Credit Card,Quarterly,4,0.0,0.5375000000000001,0.346938775510204,0.058823529411764705,0.15999999999999992,0.27992256902761103,Low Value
2377,21,Male,Gloves,Accessories,94,Tennessee,XL,Cyan,Spring,4.1,No,Express,0,0,5,Cash,Weekly,52,0.0,0.925,0.08163265306122448,0.9999999999999999,0.6399999999999999,0.5816530612244897,Medium Value
2378,44,Male,Blouse,Clothing,94,South Dakota,L,Magenta,Fall,4.0,No,Next Day Air,0,0,22,Cash,Annually,1,0.0,0.925,0.4285714285714285,0.0,0.6000000000000001,0.4164285714285714,Low Value
2379,26,Male,Scarf,Accessories,71,New Hampshire,L,Teal,Summer,2.7,No,Store Pickup,0,0,37,PayPal,Bi-Weekly,26,0.0,0.6375000000000001,0.7346938775510203,0.49019607843137253,0.08000000000000007,0.5764363745498199,Medium Value
2380,40,Male,Hat,Accessories,77,South Dakota,M,Peach,Spring,4.0,No,2-Day Shipping,0,0,22,Debit Card,Monthly,12,0.0,0.7125,0.4285714285714285,0.21568627450980393,0.6000000000000001,0.4386344537815126,Low Value
2381,41,Male,Scarf,Accessories,66,Pennsylvania,M,Black,Fall,2.5,No,Next Day Air,0,0,36,PayPal,Fortnightly,26,0.0,0.5750000000000001,0.7142857142857142,0.49019607843137253,0.0,0.5477731092436975,Medium Value
2382,62,Male,Sandals,Footwear,23,Wisconsin,M,Teal,Summer,4.5,No,Free Shipping,0,0,23,PayPal,Annually,1,0.0,0.03750000000000003,0.44897959183673464,0.0,0.8,0.2670918367346939,Low Value
2383,39,Male,Sweater,Clothing,60,California,M,Turquoise,Spring,3.9,No,Express,0,0,44,Debit Card,Weekly,52,0.0,0.5,0.8775510204081631,0.9999999999999999,0.56,0.8070204081632653,High Value
2384,53,Male,Backpack,Accessories,72,Rhode Island,L,Gold,Spring,4.9,No,2-Day Shipping,0,0,25,Bank Transfer,Annually,1,0.0,0.65,0.4897959183673469,0.0,0.9600000000000002,0.4219183673469388,Low Value
2385,24,Male,Blouse,Clothing,35,Alabama,L,Green,Winter,3.3,No,2-Day Shipping,0,0,40,PayPal,Quarterly,4,0.0,0.1875,0.7959183673469387,0.058823529411764705,0.32000000000000006,0.4055144057623049,Low Value
2386,41,Male,Scarf,Accessories,31,Oklahoma,M,Brown,Fall,3.8,No,Express,0,0,12,PayPal,Weekly,52,0.0,0.1375,0.22448979591836735,0.9999999999999999,0.52,0.4692959183673469,Medium Value
2387,19,Male,Socks,Clothing,33,Illinois,L,Blue,Summer,2.9,No,Standard,0,0,14,Venmo,Monthly,12,0.0,0.16250000000000003,0.26530612244897955,0.21568627450980393,0.15999999999999992,0.219328331332533,Low Value
2388,36,Male,Hat,Accessories,95,Tennessee,M,Gold,Summer,4.0,No,2-Day Shipping,0,0,14,Debit Card,Monthly,12,0.0,0.9375,0.26530612244897955,0.21568627450980393,0.6000000000000001,0.418328331332533,Low Value
2389,21,Male,Dress,Clothing,68,Alabama,M,Peach,Fall,4.1,No,Store Pickup,0,0,10,Debit Card,Annually,1,0.0,0.6000000000000001,0.18367346938775508,0.0,0.6399999999999999,0.25746938775510203,Low Value
2390,25,Male,Coat,Outerwear,87,Kansas,M,Violet,Spring,3.1,No,Store Pickup,0,0,17,Bank Transfer,Every 3 Months,4,0.0,0.8375000000000001,0.32653061224489793,0.058823529411764705,0.2400000000000002,0.33975930372148866,Low Value
2391,65,Male,Shirt,Clothing,64,Arizona,XL,Yellow,Winter,4.6,No,Express,0,0,24,Debit Card,Fortnightly,26,0.0,0.55,0.4693877551020408,0.49019607843137253,0.8399999999999999,0.528813925570228,Medium Value
2392,42,Male,Shirt,Clothing,74,Michigan,M,Black,Winter,4.6,No,Next Day Air,0,0,31,Bank Transfer,Quarterly,4,0.0,0.675,0.6122448979591836,0.058823529411764705,0.8399999999999999,0.48154501800720284,Medium Value
2393,40,Male,Jeans,Clothing,62,Missouri,L,Silver,Spring,2.6,No,2-Day Shipping,0,0,36,Cash,Annually,1,0.0,0.525,0.7142857142857142,0.0,0.040000000000000036,0.3947142857142857,Low Value
2394,58,Male,Socks,Clothing,97,Louisiana,M,Brown,Winter,5.0,No,2-Day Shipping,0,0,38,PayPal,Every 3 Months,4,0.0,0.9625000000000001,0.7551020408163265,0.058823529411764705,1.0,0.61218787515006,Medium Value
2395,40,Male,Sandals,Footwear,47,Connecticut,L,Peach,Fall,2.9,No,2-Day Shipping,0,0,23,Debit Card,Fortnightly,26,0.0,0.3375,0.44897959183673464,0.49019607843137253,0.15999999999999992,0.4101506602641056,Low Value
2396,62,Male,Blouse,Clothing,83,Connecticut,M,Cyan,Winter,3.5,No,2-Day Shipping,0,0,47,PayPal,Bi-Weekly,26,0.0,0.7875000000000001,0.9387755102040816,0.49019607843137253,0.40000000000000013,0.7200690276110444,Medium Value
2397,38,Male,Shirt,Clothing,82,Oregon,M,Olive,Spring,3.7,No,2-Day Shipping,0,0,20,Venmo,Weekly,52,0.0,0.7750000000000001,0.38775510204081626,0.9999999999999999,0.4800000000000002,0.6581020408163265,Medium Value
2398,37,Male,Sunglasses,Accessories,26,West Virginia,L,Black,Fall,2.9,No,Store Pickup,0,0,41,Venmo,Monthly,12,0.0,0.07500000000000001,0.8163265306122448,0.21568627450980393,0.15999999999999992,0.42223649459783913,Low Value
2399,65,Male,Jacket,Outerwear,81,Florida,M,Orange,Winter,4.3,No,Free Shipping,0,0,44,Bank Transfer,Fortnightly,26,0.0,0.7625,0.8775510204081631,0.49019607843137253,0.72,0.722579231692677,Medium Value
2400,55,Male,Dress,Clothing,44,New Hampshire,L,Beige,Spring,3.2,No,Store Pickup,0,0,31,Cash,Monthly,12,0.0,0.30000000000000004,0.6122448979591836,0.21568627450980393,0.28000000000000025,0.39760384153661466,Low Value
2401,43,Male,Sunglasses,Accessories,88,Oregon,M,Peach,Winter,4.2,No,Next Day Air,0,0,11,Credit Card,Bi-Weekly,26,0.0,0.8500000000000001,0.2040816326530612,0.49019607843137253,0.6800000000000002,0.46669147659063626,Medium Value
2402,43,Male,Boots,Footwear,76,Oregon,M,Pink,Winter,4.2,No,Standard,0,0,25,PayPal,Bi-Weekly,26,0.0,0.7000000000000001,0.4897959183673469,0.49019607843137253,0.6800000000000002,0.5509771908763506,Medium Value
2403,45,Male,Scarf,Accessories,89,Utah,M,Brown,Winter,3.8,No,Free Shipping,0,0,31,Cash,Weekly,52,0.0,0.8625,0.6122448979591836,0.9999999999999999,0.52,0.7693979591836734,High Value
2404,64,Male,Shorts,Clothing,22,Missouri,M,Magenta,Fall,4.4,No,Standard,0,0,40,Debit Card,Weekly,52,0.0,0.025000000000000022,0.7959183673469387,0.9999999999999999,0.7600000000000002,0.6993673469387754,Medium Value
2405,28,Male,Shorts,Clothing,33,West Virginia,L,Cyan,Winter,3.1,No,2-Day Shipping,0,0,23,Credit Card,Bi-Weekly,26,0.0,0.16250000000000003,0.44897959183673464,0.49019607843137253,0.2400000000000002,0.38315066026410566,Low Value
2406,69,Male,Jeans,Clothing,97,California,XL,Silver,Fall,5.0,No,Standard,0,0,5,Debit Card,Quarterly,4,0.0,0.9625000000000001,0.08163265306122448,0.058823529411764705,1.0,0.34280012004801924,Low Value
2407,54,Male,Scarf,Accessories,57,California,M,Indigo,Winter,4.7,No,Standard,0,0,26,PayPal,Weekly,52,0.0,0.4625,0.510204081632653,0.9999999999999999,0.8800000000000001,0.6845816326530612,Medium Value
2408,52,Male,Shorts,Clothing,38,Illinois,M,Beige,Summer,3.0,No,Express,0,0,11,Credit Card,Bi-Weekly,26,0.0,0.22500000000000003,0.2040816326530612,0.49019607843137253,0.20000000000000018,0.2936914765906362,Low Value
2409,23,Male,Sneakers,Footwear,55,Hawaii,XL,Black,Fall,4.2,No,Next Day Air,0,0,44,Debit Card,Every 3 Months,4,0.0,0.4375,0.8775510204081631,0.058823529411764705,0.6800000000000002,0.5241674669867947,Medium Value
2410,26,Male,Jewelry,Accessories,37,Washington,L,Yellow,Spring,3.0,No,Store Pickup,0,0,47,Cash,Every 3 Months,4,0.0,0.21250000000000002,0.9387755102040816,0.058823529411764705,0.20000000000000018,0.45565726290516206,Medium Value
2411,48,Male,Shoes,Footwear,43,Wisconsin,M,Maroon,Summer,3.7,No,Free Shipping,0,0,46,PayPal,Monthly,12,0.0,0.2875,0.9183673469387754,0.21568627450980393,0.4800000000000002,0.5375528211284514,Medium Value
2412,49,Male,Hoodie,Clothing,96,Virginia,M,Cyan,Summer,2.7,No,Free Shipping,0,0,35,Cash,Every 3 Months,4,0.0,0.9500000000000002,0.693877551020408,0.058823529411764705,0.08000000000000007,0.4931980792316927,Medium Value
2413,53,Male,Jacket,Outerwear,51,Oregon,M,Pink,Winter,4.3,No,2-Day Shipping,0,0,8,Bank Transfer,Bi-Weekly,26,0.0,0.38750000000000007,0.14285714285714285,0.49019607843137253,0.72,0.35370168067226887,Low Value
2414,69,Male,Shorts,Clothing,95,Pennsylvania,XL,Violet,Fall,2.7,No,2-Day Shipping,0,0,30,Bank Transfer,Weekly,52,0.0,0.9375,0.5918367346938774,0.9999999999999999,0.08000000000000007,0.7322346938775509,Medium Value
2415,26,Male,Socks,Clothing,26,Virginia,M,Lavender,Summer,3.7,No,Next Day Air,0,0,14,Credit Card,Bi-Weekly,26,0.0,0.07500000000000001,0.26530612244897955,0.49019607843137253,0.4800000000000002,0.31618127250900363,Low Value
2416,21,Male,Coat,Outerwear,34,Hawaii,XL,Lavender,Fall,4.3,No,Standard,0,0,30,Bank Transfer,Weekly,52,0.0,0.17500000000000004,0.5918367346938774,0.9999999999999999,0.72,0.6437346938775509,Medium Value
2417,59,Male,Sandals,Footwear,83,Nebraska,S,Black,Summer,4.0,No,Next Day Air,0,0,26,Credit Card,Every 3 Months,4,0.0,0.7875000000000001,0.510204081632653,0.058823529411764705,0.6000000000000001,0.43922869147659066,Low Value
2418,21,Male,Backpack,Accessories,24,Alaska,M,Olive,Fall,3.3,No,Standard,0,0,32,Venmo,Fortnightly,26,0.0,0.050000000000000044,0.6326530612244897,0.49019607843137253,0.32000000000000006,0.4421200480192077,Low Value
2419,22,Male,Pants,Clothing,69,Michigan,S,Indigo,Fall,4.0,No,Next Day Air,0,0,47,Cash,Every 3 Months,4,0.0,0.6125,0.9387755102040816,0.058823529411764705,0.6000000000000001,0.5756572629051622,Medium Value
2420,26,Male,Sweater,Clothing,40,North Carolina,M,Blue,Fall,2.7,No,Next Day Air,0,0,11,Credit Card,Every 3 Months,4,0.0,0.25,0.2040816326530612,0.058823529411764705,0.08000000000000007,0.15727971188475393,Low Value
2421,41,Male,Jacket,Outerwear,87,North Carolina,S,Green,Winter,4.2,No,Free Shipping,0,0,28,PayPal,Annually,1,0.0,0.8375000000000001,0.5510204081632653,0.0,0.6800000000000002,0.45590816326530614,Medium Value
2422,37,Male,Sneakers,Footwear,46,Minnesota,L,Pink,Spring,4.6,No,Standard,0,0,2,Debit Card,Every 3 Months,4,0.0,0.32500000000000007,0.02040816326530612,0.058823529411764705,0.8399999999999999,0.17481032412965186,Low Value
2423,30,Male,Jewelry,Accessories,82,Georgia,M,Peach,Winter,4.8,No,Store Pickup,0,0,45,Credit Card,Weekly,52,0.0,0.7750000000000001,0.8979591836734693,0.9999999999999999,0.9199999999999999,0.9061836734693877,High Value
2424,49,Male,Backpack,Accessories,81,West Virginia,M,Purple,Summer,2.8,No,Free Shipping,0,0,7,Credit Card,Every 3 Months,4,0.0,0.7625,0.12244897959183673,0.058823529411764705,0.11999999999999988,0.23112665066026408,Low Value
2425,49,Male,Jewelry,Accessories,57,Delaware,M,Peach,Winter,4.5,No,Next Day Air,0,0,28,Bank Transfer,Bi-Weekly,26,0.0,0.4625,0.5510204081632653,0.49019607843137253,0.8,0.5399669867947179,Medium Value
2426,58,Male,Shoes,Footwear,49,North Dakota,S,Olive,Summer,3.0,No,2-Day Shipping,0,0,34,Bank Transfer,Quarterly,4,0.0,0.36250000000000004,0.673469387755102,0.058823529411764705,0.20000000000000018,0.37953481392557026,Low Value
2427,70,Male,Jacket,Outerwear,42,Florida,M,Olive,Fall,4.6,No,Free Shipping,0,0,26,Debit Card,Every 3 Months,4,0.0,0.275,0.510204081632653,0.058823529411764705,0.8399999999999999,0.3607286914765906,Low Value
2428,27,Male,Jacket,Outerwear,26,Oregon,M,Purple,Spring,3.3,No,Standard,0,0,45,Cash,Quarterly,4,0.0,0.07500000000000001,0.8979591836734693,0.058823529411764705,0.32000000000000006,0.4238307322929172,Low Value
2429,65,Male,T-shirt,Clothing,38,Idaho,M,Violet,Spring,4.4,No,Next Day Air,0,0,34,Debit Card,Annually,1,0.0,0.22500000000000003,0.673469387755102,0.0,0.7600000000000002,0.3903877551020409,Low Value
2430,57,Male,Sneakers,Footwear,57,Virginia,XL,Maroon,Summer,4.4,No,Standard,0,0,47,Credit Card,Fortnightly,26,0.0,0.4625,0.9387755102040816,0.49019607843137253,0.7600000000000002,0.6910690276110445,Medium Value
2431,20,Male,Jacket,Outerwear,100,North Dakota,XL,White,Summer,4.3,No,Express,0,0,42,Cash,Quarterly,4,0.0,1.0,0.836734693877551,0.058823529411764705,0.72,0.6243409363745498,Medium Value
2432,34,Male,Hoodie,Clothing,73,Alabama,S,Olive,Fall,3.4,No,Express,0,0,27,Bank Transfer,Every 3 Months,4,0.0,0.6625000000000001,0.5306122448979591,0.058823529411764705,0.3600000000000001,0.3983919567827131,Low Value
2433,59,Male,Jacket,Outerwear,66,Hawaii,M,Peach,Winter,2.8,No,Store Pickup,0,0,43,Venmo,Monthly,12,0.0,0.5750000000000001,0.8571428571428571,0.21568627450980393,0.11999999999999988,0.534563025210084,Medium Value
2434,54,Male,T-shirt,Clothing,73,Oregon,M,Blue,Spring,3.4,No,Standard,0,0,16,Cash,Bi-Weekly,26,0.0,0.6625000000000001,0.3061224489795918,0.49019607843137253,0.3600000000000001,0.43800780312124854,Low Value
2435,36,Male,Gloves,Accessories,45,Utah,M,Brown,Spring,5.0,No,Store Pickup,0,0,40,Credit Card,Monthly,12,0.0,0.3125,0.7959183673469387,0.21568627450980393,1.0,0.5455732292917167,Medium Value
2436,21,Male,Sneakers,Footwear,27,Hawaii,S,Black,Fall,4.5,No,Free Shipping,0,0,29,Cash,Bi-Weekly,26,0.0,0.08750000000000002,0.5714285714285714,0.49019607843137253,0.8,0.47313025210084036,Medium Value
2437,52,Male,T-shirt,Clothing,24,Connecticut,M,Yellow,Fall,2.7,No,Store Pickup,0,0,38,Credit Card,Quarterly,4,0.0,0.050000000000000044,0.7551020408163265,0.058823529411764705,0.08000000000000007,0.33768787515006005,Low Value
2438,43,Male,Sneakers,Footwear,59,Wyoming,XL,Magenta,Winter,3.4,No,Store Pickup,0,0,34,Credit Card,Weekly,52,0.0,0.48750000000000004,0.673469387755102,0.9999999999999999,0.3600000000000001,0.7028877551020408,Medium Value
2439,32,Male,Jeans,Clothing,20,Delaware,S,Cyan,Winter,3.4,No,Express,0,0,30,Venmo,Weekly,52,0.0,0.0,0.5918367346938774,0.9999999999999999,0.3600000000000001,0.5727346938775509,Medium Value
2440,55,Male,Handbag,Accessories,44,Arkansas,M,Maroon,Summer,2.8,No,Standard,0,0,45,Bank Transfer,Annually,1,0.0,0.30000000000000004,0.8979591836734693,0.0,0.11999999999999988,0.43118367346938774,Low Value
2441,31,Male,Socks,Clothing,90,Indiana,M,Red,Spring,4.7,No,Standard,0,0,47,Bank Transfer,Annually,1,0.0,0.875,0.9387755102040816,0.0,0.8800000000000001,0.6385102040816326,Medium Value
2442,45,Male,Jewelry,Accessories,36,California,M,Black,Fall,4.7,No,Free Shipping,0,0,5,Credit Card,Monthly,12,0.0,0.2,0.08163265306122448,0.21568627450980393,0.8800000000000001,0.225358943577431,Low Value
2443,53,Male,Blouse,Clothing,95,Wyoming,L,Violet,Winter,4.7,No,Free Shipping,0,0,50,Debit Card,Bi-Weekly,26,0.0,0.9375,1.0,0.49019607843137253,0.8800000000000001,0.8225588235294119,High Value
2444,24,Male,Backpack,Accessories,30,South Dakota,M,Green,Spring,3.4,No,2-Day Shipping,0,0,24,Bank Transfer,Bi-Weekly,26,0.0,0.125,0.4693877551020408,0.49019607843137253,0.3600000000000001,0.3958139255702281,Low Value
2445,47,Male,Scarf,Accessories,65,West Virginia,S,Gold,Fall,3.7,No,Express,0,0,15,Debit Card,Bi-Weekly,26,0.0,0.5625,0.28571428571428564,0.49019607843137253,0.4800000000000002,0.42184453781512604,Low Value
2446,63,Male,Scarf,Accessories,96,Tennessee,M,Brown,Summer,4.1,No,Store Pickup,0,0,50,Cash,Weekly,52,0.0,0.9500000000000002,1.0,0.9999999999999999,0.6399999999999999,0.954,High Value
2447,38,Male,Shirt,Clothing,65,Alaska,L,Peach,Spring,2.9,No,2-Day Shipping,0,0,7,Credit Card,Monthly,12,0.0,0.5625,0.12244897959183673,0.21568627450980393,0.15999999999999992,0.24218547418967587,Low Value
2448,59,Male,Pants,Clothing,47,South Dakota,L,Peach,Fall,3.2,No,Store Pickup,0,0,10,Venmo,Fortnightly,26,0.0,0.3375,0.18367346938775508,0.49019607843137253,0.28000000000000025,0.3160282112845138,Low Value
2449,54,Male,Hat,Accessories,25,Tennessee,S,Violet,Fall,3.0,No,Free Shipping,0,0,38,PayPal,Bi-Weekly,26,0.0,0.0625,0.7551020408163265,0.49019607843137253,0.20000000000000018,0.4815996398559424,Medium Value
2450,26,Male,Coat,Outerwear,56,Alabama,S,Violet,Fall,4.1,No,Express,0,0,31,Venmo,Fortnightly,26,0.0,0.45000000000000007,0.6122448979591836,0.49019607843137253,0.6399999999999999,0.5459567827130852,Medium Value
2451,68,Male,T-shirt,Clothing,76,North Carolina,M,Magenta,Fall,4.5,No,Standard,0,0,7,Venmo,Quarterly,4,0.0,0.7000000000000001,0.12244897959183673,0.058823529411764705,0.8,0.28662665066026416,Low Value
2452,41,Male,Socks,Clothing,60,Oklahoma,M,Purple,Fall,3.4,No,Store Pickup,0,0,27,Venmo,Monthly,12,0.0,0.5,0.5306122448979591,0.21568627450980393,0.3600000000000001,0.41295078031212484,Low Value
2453,68,Male,Shirt,Clothing,67,New York,L,Purple,Winter,4.1,No,Express,0,0,45,Bank Transfer,Every 3 Months,4,0.0,0.5875,0.8979591836734693,0.058823529411764705,0.6399999999999999,0.5583307322929171,Medium Value
2454,21,Male,Sweater,Clothing,95,Iowa,XL,Cyan,Spring,4.6,No,Store Pickup,0,0,13,Cash,Annually,1,0.0,0.9375,0.24489795918367344,0.0,0.8399999999999999,0.3694591836734694,Low Value
2455,32,Male,Gloves,Accessories,72,Alaska,M,Magenta,Winter,4.6,No,Express,0,0,33,Venmo,Annually,1,0.0,0.65,0.6530612244897959,0.0,0.8399999999999999,0.47522448979591836,Medium Value
2456,20,Male,Belt,Accessories,98,Alaska,L,Lavender,Spring,3.4,No,Express,0,0,25,Cash,Every 3 Months,4,0.0,0.9750000000000001,0.4897959183673469,0.058823529411764705,0.3600000000000001,0.44456542617046824,Low Value
2457,59,Male,Jeans,Clothing,83,Nebraska,M,Green,Winter,3.3,No,2-Day Shipping,0,0,5,PayPal,Monthly,12,0.0,0.7875000000000001,0.08163265306122448,0.21568627450980393,0.32000000000000006,0.286858943577431,Low Value
2458,53,Male,Handbag,Accessories,37,Delaware,M,Maroon,Fall,3.6,No,2-Day Shipping,0,0,23,Cash,Quarterly,4,0.0,0.21250000000000002,0.44897959183673464,0.058823529411764705,0.44000000000000017,0.2837388955582233,Low Value
2459,66,Male,T-shirt,Clothing,85,Texas,L,Turquoise,Fall,4.6,No,Free Shipping,0,0,17,Bank Transfer,Weekly,52,0.0,0.8125,0.32653061224489793,0.9999999999999999,0.8399999999999999,0.6771122448979591,Medium Value
2460,47,Male,Socks,Clothing,36,Missouri,L,Violet,Fall,4.3,No,2-Day Shipping,0,0,14,Cash,Weekly,52,0.0,0.2,0.26530612244897955,0.9999999999999999,0.72,0.5181224489795917,Medium Value
2461,58,Male,Jeans,Clothing,36,Maine,S,Lavender,Winter,4.0,No,Store Pickup,0,0,28,Credit Card,Annually,1,0.0,0.2,0.5510204081632653,0.0,0.6000000000000001,0.32040816326530613,Low Value
2462,28,Male,Scarf,Accessories,86,Pennsylvania,L,Red,Summer,4.8,No,Next Day Air,0,0,19,Credit Card,Weekly,52,0.0,0.825,0.36734693877551017,0.9999999999999999,0.9199999999999999,0.703938775510204,Medium Value
2463,68,Male,Pants,Clothing,99,Missouri,XL,Orange,Spring,4.3,No,Standard,0,0,31,Bank Transfer,Bi-Weekly,26,0.0,0.9875,0.6122448979591836,0.49019607843137253,0.72,0.6614567827130852,Medium Value
2464,60,Male,Blouse,Clothing,21,Mississippi,XL,Indigo,Summer,3.3,No,Standard,0,0,25,Cash,Bi-Weekly,26,0.0,0.012500000000000011,0.4897959183673469,0.49019607843137253,0.32000000000000006,0.37747719087635057,Low Value
2465,47,Male,Jacket,Outerwear,84,Hawaii,L,Teal,Winter,2.8,No,Express,0,0,4,Cash,Bi-Weekly,26,0.0,0.8,0.061224489795918366,0.49019607843137253,0.11999999999999988,0.34354861944777915,Low Value
2466,18,Male,Sandals,Footwear,63,Texas,M,Brown,Spring,4.4,No,Free Shipping,0,0,20,Bank Transfer,Weekly,52,0.0,0.5375000000000001,0.38775510204081626,0.9999999999999999,0.7600000000000002,0.6386020408163265,Medium Value
2467,32,Male,Shorts,Clothing,84,South Dakota,S,Pink,Summer,3.7,No,Express,0,0,37,Cash,Annually,1,0.0,0.8,0.7346938775510203,0.0,0.4800000000000002,0.5018775510204082,Medium Value
2468,27,Male,Shorts,Clothing,72,New Jersey,M,Lavender,Spring,3.6,No,Express,0,0,28,Credit Card,Annually,1,0.0,0.65,0.5510204081632653,0.0,0.44000000000000017,0.39440816326530614,Low Value
2469,65,Male,Skirt,Clothing,21,Connecticut,L,Cyan,Winter,3.7,No,2-Day Shipping,0,0,6,Venmo,Weekly,52,0.0,0.012500000000000011,0.10204081632653061,0.9999999999999999,0.4800000000000002,0.3913163265306122,Low Value
2470,68,Male,Sandals,Footwear,92,Maryland,M,Yellow,Fall,5.0,No,Standard,0,0,27,PayPal,Annually,1,0.0,0.9000000000000001,0.5306122448979591,0.0,1.0,0.4922448979591837,Medium Value
2471,55,Male,Blouse,Clothing,72,Arizona,XL,Pink,Fall,2.7,No,Next Day Air,0,0,29,Credit Card,Fortnightly,26,0.0,0.65,0.5714285714285714,0.49019607843137253,0.08000000000000007,0.5136302521008403,Medium Value
2472,30,Male,Sandals,Footwear,83,Oklahoma,M,Gray,Spring,4.3,No,Store Pickup,0,0,1,Cash,Annually,1,0.0,0.7875000000000001,0.0,0.0,0.72,0.22950000000000004,Low Value
2473,24,Male,Shirt,Clothing,73,Utah,M,Peach,Summer,4.1,No,Standard,0,0,31,Credit Card,Annually,1,0.0,0.6625000000000001,0.6122448979591836,0.0,0.6399999999999999,0.44139795918367347,Low Value
2474,57,Male,Socks,Clothing,98,Arkansas,M,Red,Winter,2.6,No,Next Day Air,0,0,28,Cash,Quarterly,4,0.0,0.9750000000000001,0.5510204081632653,0.058823529411764705,0.040000000000000036,0.4370552220888355,Low Value
2475,23,Male,T-shirt,Clothing,76,North Carolina,M,Olive,Fall,3.2,No,Store Pickup,0,0,19,Bank Transfer,Quarterly,4,0.0,0.7000000000000001,0.36734693877551017,0.058823529411764705,0.28000000000000025,0.3325858343337335,Low Value
2476,69,Male,Dress,Clothing,43,California,S,Lavender,Summer,3.5,No,Next Day Air,0,0,36,Venmo,Monthly,12,0.0,0.2875,0.7142857142857142,0.21568627450980393,0.40000000000000013,0.4479201680672269,Low Value
2477,60,Male,Hat,Accessories,60,Colorado,M,Turquoise,Summer,3.7,No,Next Day Air,0,0,28,Cash,Monthly,12,0.0,0.5,0.5510204081632653,0.21568627450980393,0.4800000000000002,0.4331140456182473,Low Value
2478,25,Male,Gloves,Accessories,40,California,L,Turquoise,Spring,3.8,No,2-Day Shipping,0,0,29,PayPal,Weekly,52,0.0,0.25,0.5714285714285714,0.9999999999999999,0.52,0.6305714285714286,Medium Value
2479,18,Male,Socks,Clothing,93,Vermont,S,Maroon,Winter,4.8,No,2-Day Shipping,0,0,9,Bank Transfer,Every 3 Months,4,0.0,0.9125000000000001,0.16326530612244897,0.058823529411764705,0.9199999999999999,0.357453181272509,Low Value
2480,37,Male,Dress,Clothing,98,Kansas,S,Olive,Fall,4.2,No,Standard,0,0,26,Credit Card,Every 3 Months,4,0.0,0.9750000000000001,0.510204081632653,0.058823529411764705,0.6800000000000002,0.48472869147659065,Medium Value
2481,61,Male,Socks,Clothing,91,Ohio,XL,Maroon,Summer,2.9,No,Next Day Air,0,0,7,Credit Card,Fortnightly,26,0.0,0.8875,0.12244897959183673,0.49019607843137253,0.15999999999999992,0.3895384153661464,Low Value
2482,41,Male,Belt,Accessories,92,New Jersey,XL,Cyan,Fall,2.9,No,Free Shipping,0,0,35,Debit Card,Weekly,52,0.0,0.9000000000000001,0.693877551020408,0.9999999999999999,0.15999999999999992,0.7735510204081631,High Value
2483,69,Male,Handbag,Accessories,87,Arizona,S,Peach,Winter,4.8,No,Next Day Air,0,0,46,Credit Card,Every 3 Months,4,0.0,0.8375000000000001,0.9183673469387754,0.058823529411764705,0.9199999999999999,0.6444939975990396,Medium Value
2484,32,Male,Skirt,Clothing,96,Arizona,S,Teal,Fall,2.9,No,Standard,0,0,8,Debit Card,Monthly,12,0.0,0.9500000000000002,0.14285714285714285,0.21568627450980393,0.15999999999999992,0.3278487394957984,Low Value
2485,60,Male,Hoodie,Clothing,97,New Hampshire,M,Green,Summer,4.8,No,2-Day Shipping,0,0,50,Cash,Every 3 Months,4,0.0,0.9625000000000001,1.0,0.058823529411764705,0.9199999999999999,0.7021470588235295,Medium Value
2486,43,Male,Blouse,Clothing,55,Louisiana,M,Beige,Spring,4.6,No,2-Day Shipping,0,0,37,Bank Transfer,Annually,1,0.0,0.4375,0.7346938775510203,0.0,0.8399999999999999,0.4653775510204081,Medium Value
2487,61,Male,Jeans,Clothing,58,Texas,L,Magenta,Spring,4.4,No,Store Pickup,0,0,6,Credit Card,Fortnightly,26,0.0,0.4750000000000001,0.10204081632653061,0.49019607843137253,0.7600000000000002,0.358875150060024,Low Value
2488,57,Male,Boots,Footwear,21,Montana,L,Violet,Spring,3.0,No,Next Day Air,0,0,16,PayPal,Bi-Weekly,26,0.0,0.012500000000000011,0.3061224489795918,0.49019607843137253,0.20000000000000018,0.29200780312124847,Low Value
2489,56,Male,Handbag,Accessories,82,New Hampshire,XL,Charcoal,Summer,4.4,No,Express,0,0,30,PayPal,Monthly,12,0.0,0.7750000000000001,0.5918367346938774,0.21568627450980393,0.7600000000000002,0.5324405762304922,Medium Value
2490,66,Male,Coat,Outerwear,34,South Dakota,M,Green,Winter,3.9,No,Express,0,0,50,Venmo,Quarterly,4,0.0,0.17500000000000004,1.0,0.058823529411764705,0.56,0.5086470588235295,Medium Value
2491,52,Male,Blouse,Clothing,78,Montana,M,Gray,Spring,4.0,No,Free Shipping,0,0,5,Cash,Every 3 Months,4,0.0,0.7250000000000001,0.08163265306122448,0.058823529411764705,0.6000000000000001,0.2553001200480192,Low Value
2492,63,Male,Handbag,Accessories,47,North Carolina,M,Magenta,Spring,2.5,No,Express,0,0,15,Bank Transfer,Monthly,12,0.0,0.3375,0.28571428571428564,0.21568627450980393,0.0,0.24649159663865544,Low Value
2493,50,Male,Sunglasses,Accessories,96,South Dakota,S,Silver,Summer,4.1,No,Next Day Air,0,0,34,Bank Transfer,Bi-Weekly,26,0.0,0.9500000000000002,0.673469387755102,0.49019607843137253,0.6399999999999999,0.6704465786314525,Medium Value
2494,21,Male,Socks,Clothing,23,Maine,S,Beige,Fall,4.8,No,2-Day Shipping,0,0,6,Venmo,Every 3 Months,4,0.0,0.03750000000000003,0.10204081632653061,0.058823529411764705,0.9199999999999999,0.15796338535414167,Low Value
2495,42,Male,Shoes,Footwear,27,Oklahoma,S,Peach,Winter,2.6,No,Store Pickup,0,0,26,Debit Card,Annually,1,0.0,0.08750000000000002,0.510204081632653,0.0,0.040000000000000036,0.22558163265306122,Low Value
2496,40,Male,Backpack,Accessories,37,Nebraska,XL,Orange,Spring,3.1,No,Free Shipping,0,0,34,Credit Card,Every 3 Months,4,0.0,0.21250000000000002,0.673469387755102,0.058823529411764705,0.2400000000000002,0.3535348139255703,Low Value
2497,67,Male,Scarf,Accessories,79,Illinois,S,Yellow,Summer,3.2,No,Store Pickup,0,0,37,Credit Card,Weekly,52,0.0,0.7375,0.7346938775510203,0.9999999999999999,0.28000000000000025,0.7693775510204082,High Value
2498,35,Male,Backpack,Accessories,40,Colorado,M,Violet,Summer,4.2,No,Standard,0,0,28,Bank Transfer,Annually,1,0.0,0.25,0.5510204081632653,0.0,0.6800000000000002,0.3384081632653061,Low Value
2499,18,Male,Coat,Outerwear,39,Massachusetts,S,Green,Fall,2.6,No,Next Day Air,0,0,38,Cash,Fortnightly,26,0.0,0.23750000000000004,0.7551020408163265,0.49019607843137253,0.040000000000000036,0.5005996398559424,Medium Value
2500,52,Male,Hoodie,Clothing,73,Louisiana,L,Pink,Summer,3.1,No,Next Day Air,0,0,2,Cash,Quarterly,4,0.0,0.6625000000000001,0.02040816326530612,0.058823529411764705,0.2400000000000002,0.18231032412965192,Low Value
2501,59,Male,Gloves,Accessories,84,Massachusetts,M,Violet,Fall,2.9,No,Store Pickup,0,0,32,Cash,Bi-Weekly,26,0.0,0.8,0.6326530612244897,0.49019607843137253,0.15999999999999992,0.5761200480192077,Medium Value
2502,49,Male,Shorts,Clothing,94,West Virginia,M,Violet,Fall,4.6,No,Free Shipping,0,0,30,Venmo,Bi-Weekly,26,0.0,0.925,0.5918367346938774,0.49019607843137253,0.8399999999999999,0.6527935174069627,Medium Value
2503,46,Male,Skirt,Clothing,47,Idaho,L,Pink,Spring,4.1,No,Standard,0,0,17,PayPal,Every 3 Months,4,0.0,0.3375,0.32653061224489793,0.058823529411764705,0.6399999999999999,0.27975930372148855,Low Value
2504,69,Male,Boots,Footwear,77,Ohio,M,Violet,Summer,2.5,No,Store Pickup,0,0,5,Debit Card,Bi-Weekly,26,0.0,0.7125,0.08163265306122448,0.49019607843137253,0.0,0.32221188475390156,Low Value
2505,56,Male,Shorts,Clothing,94,Rhode Island,M,Turquoise,Winter,4.0,No,Store Pickup,0,0,31,Cash,Bi-Weekly,26,0.0,0.925,0.6122448979591836,0.49019607843137253,0.6000000000000001,0.6369567827130853,Medium Value
2506,27,Male,Handbag,Accessories,75,Illinois,M,Cyan,Summer,3.5,No,Express,0,0,43,PayPal,Quarterly,4,0.0,0.6875,0.8571428571428571,0.058823529411764705,0.40000000000000013,0.5380042016806723,Medium Value
2507,57,Male,Dress,Clothing,82,New York,XL,Orange,Spring,4.4,No,Free Shipping,0,0,19,Venmo,Annually,1,0.0,0.7750000000000001,0.36734693877551017,0.0,0.7600000000000002,0.3779387755102041,Low Value
2508,58,Male,Shoes,Footwear,36,Louisiana,M,Cyan,Fall,2.9,No,Store Pickup,0,0,32,Credit Card,Every 3 Months,4,0.0,0.2,0.6326530612244897,0.058823529411764705,0.15999999999999992,0.32670828331332535,Low Value
2509,23,Male,Sneakers,Footwear,90,California,XL,Indigo,Spring,3.1,No,2-Day Shipping,0,0,5,Debit Card,Bi-Weekly,26,0.0,0.875,0.08163265306122448,0.49019607843137253,0.2400000000000002,0.3787118847539016,Low Value
2510,19,Male,Socks,Clothing,48,Washington,M,Black,Spring,4.4,No,Free Shipping,0,0,9,Bank Transfer,Quarterly,4,0.0,0.3500000000000001,0.16326530612244897,0.058823529411764705,0.7600000000000002,0.22895318127250902,Low Value
2511,40,Male,Jacket,Outerwear,42,South Dakota,L,Purple,Winter,4.4,No,Standard,0,0,48,Credit Card,Weekly,52,0.0,0.275,0.9591836734693877,0.9999999999999999,0.7600000000000002,0.8146734693877552,High Value
2512,54,Male,Backpack,Accessories,33,Idaho,M,Cyan,Summer,2.7,No,Store Pickup,0,0,1,PayPal,Quarterly,4,0.0,0.16250000000000003,0.0,0.058823529411764705,0.08000000000000007,0.05814705882352943,Low Value
2513,50,Male,Socks,Clothing,63,North Dakota,M,Green,Summer,4.9,No,Free Shipping,0,0,20,Credit Card,Monthly,12,0.0,0.5375000000000001,0.38775510204081626,0.21568627450980393,0.9600000000000002,0.42330792316926774,Low Value
2514,69,Male,Handbag,Accessories,53,Washington,L,Teal,Winter,3.5,No,2-Day Shipping,0,0,42,Cash,Annually,1,0.0,0.4125000000000001,0.836734693877551,0.0,0.40000000000000013,0.4571938775510205,Medium Value
2515,42,Male,Hat,Accessories,37,Alaska,L,Teal,Spring,4.8,No,Free Shipping,0,0,45,PayPal,Bi-Weekly,26,0.0,0.21250000000000002,0.8979591836734693,0.49019607843137253,0.9199999999999999,0.6407424969987995,Medium Value
2516,37,Male,Blouse,Clothing,92,Kansas,M,Magenta,Summer,4.2,No,2-Day Shipping,0,0,41,Cash,Monthly,12,0.0,0.9000000000000001,0.8163265306122448,0.21568627450980393,0.6800000000000002,0.6392364945978393,Medium Value
2517,46,Male,Shorts,Clothing,73,Utah,XL,Brown,Spring,4.6,No,Standard,0,0,36,Debit Card,Quarterly,4,0.0,0.6625000000000001,0.7142857142857142,0.058823529411764705,0.8399999999999999,0.5198613445378151,Medium Value
2518,64,Male,Shirt,Clothing,38,Wyoming,L,Orange,Spring,2.9,No,Standard,0,0,10,Venmo,Annually,1,0.0,0.22500000000000003,0.18367346938775508,0.0,0.15999999999999992,0.13446938775510203,Low Value
2519,20,Male,Boots,Footwear,51,Maine,XL,Blue,Fall,4.0,No,Store Pickup,0,0,31,Venmo,Annually,1,0.0,0.38750000000000007,0.6122448979591836,0.0,0.6000000000000001,0.3823979591836734,Low Value
2520,40,Male,Jacket,Outerwear,90,Michigan,L,Magenta,Spring,4.9,No,Standard,0,0,21,Credit Card,Quarterly,4,0.0,0.875,0.4081632653061224,0.058823529411764705,0.9600000000000002,0.4519123649459784,Medium Value
2521,64,Male,Jacket,Outerwear,56,Illinois,L,Magenta,Summer,3.1,No,Next Day Air,0,0,16,Cash,Every 3 Months,4,0.0,0.45000000000000007,0.3061224489795918,0.058823529411764705,0.2400000000000002,0.2540960384153662,Low Value
2522,29,Male,Handbag,Accessories,33,Minnesota,M,Magenta,Fall,4.4,No,Standard,0,0,18,PayPal,Every 3 Months,4,0.0,0.16250000000000003,0.346938775510204,0.058823529411764705,0.7600000000000002,0.264922569027611,Low Value
2523,20,Male,Belt,Accessories,53,Massachusetts,S,Olive,Winter,2.5,No,2-Day Shipping,0,0,20,Debit Card,Weekly,52,0.0,0.4125000000000001,0.38775510204081626,0.9999999999999999,0.0,0.5376020408163265,Medium Value
2524,43,Male,Handbag,Accessories,24,New Jersey,S,Cyan,Spring,3.4,No,Express,0,0,21,Bank Transfer,Annually,1,0.0,0.050000000000000044,0.4081632653061224,0.0,0.3600000000000001,0.20926530612244898,Low Value
2525,60,Male,Coat,Outerwear,59,Kansas,M,Purple,Spring,3.7,No,Express,0,0,23,Credit Card,Quarterly,4,0.0,0.48750000000000004,0.44897959183673464,0.058823529411764705,0.4800000000000002,0.34273889555822334,Low Value
2526,39,Male,Sweater,Clothing,72,Kentucky,M,Purple,Winter,4.2,No,Standard,0,0,20,PayPal,Weekly,52,0.0,0.65,0.38775510204081626,0.9999999999999999,0.6800000000000002,0.6531020408163265,Medium Value
2527,47,Male,Shorts,Clothing,28,Rhode Island,S,Peach,Spring,3.4,No,Express,0,0,30,PayPal,Bi-Weekly,26,0.0,0.10000000000000003,0.5918367346938774,0.49019607843137253,0.3600000000000001,0.43979351740696276,Low Value
2528,19,Male,Pants,Clothing,36,Illinois,M,Gold,Fall,3.6,No,Express,0,0,33,Bank Transfer,Every 3 Months,4,0.0,0.2,0.6530612244897959,0.058823529411764705,0.44000000000000017,0.3628715486194478,Low Value
2529,52,Male,Jewelry,Accessories,47,Alabama,S,Peach,Fall,4.7,No,2-Day Shipping,0,0,31,Debit Card,Monthly,12,0.0,0.3375,0.6122448979591836,0.21568627450980393,0.8800000000000001,0.46510384153661466,Medium Value
2530,34,Male,Gloves,Accessories,62,Tennessee,M,Magenta,Spring,4.7,No,Next Day Air,0,0,48,Bank Transfer,Monthly,12,0.0,0.525,0.9591836734693877,0.21568627450980393,0.8800000000000001,0.6413793517406963,Medium Value
2531,25,Male,Skirt,Clothing,98,Massachusetts,S,Cyan,Spring,3.6,No,Free Shipping,0,0,28,Debit Card,Weekly,52,0.0,0.9750000000000001,0.5510204081632653,0.9999999999999999,0.44000000000000017,0.7594081632653061,High Value
2532,43,Male,Sandals,Footwear,28,Texas,M,Violet,Summer,4.6,No,Free Shipping,0,0,7,Cash,Every 3 Months,4,0.0,0.10000000000000003,0.12244897959183673,0.058823529411764705,0.8399999999999999,0.1706266506602641,Low Value
2533,55,Male,Socks,Clothing,86,Nebraska,S,Charcoal,Summer,2.6,No,Next Day Air,0,0,4,Debit Card,Weekly,52,0.0,0.825,0.061224489795918366,0.9999999999999999,0.040000000000000036,0.4934897959183673,Medium Value
2534,66,Male,Jewelry,Accessories,46,Pennsylvania,S,Blue,Summer,3.1,No,Standard,0,0,49,Cash,Bi-Weekly,26,0.0,0.32500000000000007,0.9795918367346937,0.49019607843137253,0.2400000000000002,0.6278955582232894,Medium Value
2535,41,Male,Sunglasses,Accessories,42,Virginia,XL,Red,Fall,3.2,No,Free Shipping,0,0,22,Cash,Weekly,52,0.0,0.275,0.4285714285714285,0.9999999999999999,0.28000000000000025,0.5544285714285714,Medium Value
2536,47,Male,Coat,Outerwear,80,Vermont,S,Purple,Winter,3.9,No,Express,0,0,39,Bank Transfer,Fortnightly,26,0.0,0.75,0.7755102040816325,0.49019607843137253,0.56,0.6632629051620649,Medium Value
2537,51,Male,Belt,Accessories,39,Oklahoma,L,Gray,Spring,4.9,No,Express,0,0,45,PayPal,Every 3 Months,4,0.0,0.23750000000000004,0.8979591836734693,0.058823529411764705,0.9600000000000002,0.5203307322929172,Medium Value
2538,44,Male,Coat,Outerwear,49,Maine,M,Purple,Summer,4.1,No,2-Day Shipping,0,0,30,PayPal,Fortnightly,26,0.0,0.36250000000000004,0.5918367346938774,0.49019607843137253,0.6399999999999999,0.5202935174069627,Medium Value
2539,18,Male,Scarf,Accessories,32,New Jersey,M,Silver,Summer,4.2,No,Next Day Air,0,0,33,Credit Card,Bi-Weekly,26,0.0,0.15000000000000002,0.6530612244897959,0.49019607843137253,0.6800000000000002,0.5062833133253302,Medium Value
2540,33,Male,Sandals,Footwear,73,Massachusetts,M,Purple,Fall,4.1,No,Next Day Air,0,0,24,Cash,Bi-Weekly,26,0.0,0.6625000000000001,0.4693877551020408,0.49019607843137253,0.6399999999999999,0.531313925570228,Medium Value
2541,24,Male,Belt,Accessories,42,New Jersey,M,Charcoal,Summer,3.9,No,Free Shipping,0,0,11,Debit Card,Quarterly,4,0.0,0.275,0.2040816326530612,0.058823529411764705,0.56,0.21027971188475392,Low Value
2542,33,Male,Scarf,Accessories,58,Washington,M,Silver,Spring,2.7,No,Next Day Air,0,0,13,Venmo,Every 3 Months,4,0.0,0.4750000000000001,0.24489795918367344,0.058823529411764705,0.08000000000000007,0.21860624249699884,Low Value
2543,61,Male,Jewelry,Accessories,22,Arkansas,M,White,Winter,3.7,No,Express,0,0,27,PayPal,Annually,1,0.0,0.025000000000000022,0.5306122448979591,0.0,0.4800000000000002,0.2652448979591837,Low Value
2544,27,Male,Scarf,Accessories,56,West Virginia,L,Peach,Spring,2.7,No,Next Day Air,0,0,30,PayPal,Bi-Weekly,26,0.0,0.45000000000000007,0.5918367346938774,0.49019607843137253,0.08000000000000007,0.48179351740696275,Medium Value
2545,46,Male,Pants,Clothing,70,Delaware,M,Red,Spring,2.5,No,Next Day Air,0,0,39,Venmo,Quarterly,4,0.0,0.625,0.7755102040816325,0.058823529411764705,0.0,0.4528511404561824,Medium Value
2546,38,Male,Shoes,Footwear,50,Texas,L,Olive,Spring,3.9,No,Free Shipping,0,0,10,Debit Card,Annually,1,0.0,0.375,0.18367346938775508,0.0,0.56,0.20446938775510204,Low Value
2547,63,Male,Boots,Footwear,21,Texas,L,Gray,Summer,3.0,No,Express,0,0,4,Credit Card,Quarterly,4,0.0,0.012500000000000011,0.061224489795918366,0.058823529411764705,0.20000000000000018,0.06463685474189679,Low Value
2548,47,Male,Jacket,Outerwear,97,Mississippi,M,Beige,Summer,3.2,No,2-Day Shipping,0,0,16,Cash,Weekly,52,0.0,0.9625000000000001,0.3061224489795918,0.9999999999999999,0.28000000000000025,0.6429489795918367,Medium Value
2549,42,Male,Backpack,Accessories,63,Texas,L,Pink,Winter,3.8,No,Standard,0,0,34,Credit Card,Monthly,12,0.0,0.5375000000000001,0.673469387755102,0.21568627450980393,0.52,0.493593637454982,Medium Value
2550,41,Male,Jacket,Outerwear,60,Virginia,M,Red,Fall,2.7,No,Standard,0,0,11,Debit Card,Every 3 Months,4,0.0,0.5,0.2040816326530612,0.058823529411764705,0.08000000000000007,0.20727971188475391,Low Value
2551,53,Male,Boots,Footwear,52,New Hampshire,XL,Peach,Fall,3.0,No,Store Pickup,0,0,30,Debit Card,Fortnightly,26,0.0,0.4,0.5918367346938774,0.49019607843137253,0.20000000000000018,0.48379351740696275,Medium Value
2552,29,Male,Shoes,Footwear,32,Minnesota,M,Maroon,Winter,4.1,No,Next Day Air,0,0,40,Debit Card,Annually,1,0.0,0.15000000000000002,0.7959183673469387,0.0,0.6399999999999999,0.4123673469387755,Low Value
2553,61,Male,Belt,Accessories,48,Maryland,XL,Purple,Spring,3.2,No,2-Day Shipping,0,0,13,Credit Card,Annually,1,0.0,0.3500000000000001,0.24489795918367344,0.0,0.28000000000000025,0.19595918367346943,Low Value
2554,69,Male,Jewelry,Accessories,25,Vermont,M,Maroon,Summer,4.5,No,Store Pickup,0,0,28,Venmo,Every 3 Months,4,0.0,0.0625,0.5510204081632653,0.058823529411764705,0.8,0.33055522208883553,Low Value
2555,51,Male,Jewelry,Accessories,68,Kansas,M,Gray,Summer,4.3,No,Store Pickup,0,0,49,Debit Card,Bi-Weekly,26,0.0,0.6000000000000001,0.9795918367346937,0.49019607843137253,0.72,0.7308955582232892,Medium Value
2556,24,Male,Pants,Clothing,74,Idaho,M,Gray,Fall,3.5,No,Standard,0,0,23,Credit Card,Weekly,52,0.0,0.675,0.44897959183673464,0.9999999999999999,0.40000000000000013,0.6545918367346939,Medium Value
2557,24,Male,T-shirt,Clothing,88,Montana,XL,Magenta,Fall,3.1,No,Standard,0,0,4,Bank Transfer,Quarterly,4,0.0,0.8500000000000001,0.061224489795918366,0.058823529411764705,0.2400000000000002,0.23613685474189683,Low Value
2558,70,Male,Shorts,Clothing,23,Oklahoma,L,Cyan,Spring,3.9,No,Standard,0,0,17,PayPal,Fortnightly,26,0.0,0.03750000000000003,0.32653061224489793,0.49019607843137253,0.56,0.3411710684273709,Low Value
2559,49,Male,Hoodie,Clothing,32,California,M,Silver,Fall,2.7,No,Express,0,0,24,PayPal,Fortnightly,26,0.0,0.15000000000000002,0.4693877551020408,0.49019607843137253,0.08000000000000007,0.3728139255702281,Low Value
2560,48,Male,Belt,Accessories,71,Mississippi,S,Green,Winter,4.0,No,Free Shipping,0,0,21,Debit Card,Every 3 Months,4,0.0,0.6375000000000001,0.4081632653061224,0.058823529411764705,0.6000000000000001,0.3684123649459784,Low Value
2561,58,Male,Boots,Footwear,62,California,M,Violet,Spring,2.7,No,Next Day Air,0,0,17,Debit Card,Bi-Weekly,26,0.0,0.525,0.32653061224489793,0.49019607843137253,0.08000000000000007,0.39067106842737087,Low Value
2562,32,Male,Hoodie,Clothing,20,New York,L,Magenta,Spring,2.7,No,Free Shipping,0,0,22,Debit Card,Quarterly,4,0.0,0.0,0.4285714285714285,0.058823529411764705,0.08000000000000007,0.19707563025210081,Low Value
2563,57,Male,Shorts,Clothing,62,Arizona,XL,Yellow,Spring,4.7,No,Standard,0,0,27,Cash,Fortnightly,26,0.0,0.525,0.5306122448979591,0.49019607843137253,0.8800000000000001,0.5523037214885955,Medium Value
2564,69,Male,Backpack,Accessories,81,Massachusetts,XL,Gray,Winter,4.5,No,Standard,0,0,1,Venmo,Every 3 Months,4,0.0,0.7625,0.0,0.058823529411764705,0.8,0.2501470588235294,Low Value
2565,42,Male,Scarf,Accessories,90,Kentucky,L,Indigo,Winter,3.0,No,2-Day Shipping,0,0,27,Bank Transfer,Weekly,52,0.0,0.875,0.5306122448979591,0.9999999999999999,0.20000000000000018,0.7072448979591837,Medium Value
2566,30,Male,Socks,Clothing,43,Vermont,S,Indigo,Fall,3.6,No,Store Pickup,0,0,8,Venmo,Quarterly,4,0.0,0.2875,0.14285714285714285,0.058823529411764705,0.44000000000000017,0.17628991596638657,Low Value
2567,35,Male,Handbag,Accessories,38,Missouri,S,Yellow,Fall,3.3,No,Standard,0,0,43,PayPal,Quarterly,4,0.0,0.22500000000000003,0.8571428571428571,0.058823529411764705,0.32000000000000006,0.4375042016806723,Low Value
2568,19,Male,Sunglasses,Accessories,25,Michigan,XL,Gold,Spring,4.3,No,Store Pickup,0,0,24,Cash,Fortnightly,26,0.0,0.0625,0.4693877551020408,0.49019607843137253,0.72,0.41931392557022806,Low Value
2569,52,Male,T-shirt,Clothing,98,Texas,XL,Green,Winter,4.3,No,Express,0,0,29,PayPal,Fortnightly,26,0.0,0.9750000000000001,0.5714285714285714,0.49019607843137253,0.72,0.6426302521008403,Medium Value
2570,42,Male,Dress,Clothing,75,New York,M,Charcoal,Spring,4.8,No,Free Shipping,0,0,10,Bank Transfer,Bi-Weekly,26,0.0,0.6875,0.18367346938775508,0.49019607843137253,0.9199999999999999,0.45002821128451376,Medium Value
2571,36,Male,Sneakers,Footwear,27,New Mexico,XL,Olive,Spring,4.0,No,Store Pickup,0,0,12,PayPal,Fortnightly,26,0.0,0.08750000000000002,0.22448979591836735,0.49019607843137253,0.6000000000000001,0.3143547418967587,Low Value
2572,45,Male,Sunglasses,Accessories,27,Mississippi,L,Black,Winter,3.5,No,Standard,0,0,48,Cash,Fortnightly,26,0.0,0.08750000000000002,0.9591836734693877,0.49019607843137253,0.40000000000000013,0.5882322929171668,Medium Value
2573,54,Male,Blouse,Clothing,42,Washington,M,Silver,Fall,3.9,No,Next Day Air,0,0,40,Bank Transfer,Quarterly,4,0.0,0.275,0.7959183673469387,0.058823529411764705,0.56,0.4470144057623049,Low Value
2574,54,Male,T-shirt,Clothing,90,New Mexico,M,Red,Summer,4.4,No,Store Pickup,0,0,1,Bank Transfer,Annually,1,0.0,0.875,0.0,0.0,0.7600000000000002,0.25100000000000006,Low Value
2575,27,Male,Hat,Accessories,63,Florida,M,Brown,Summer,4.6,No,2-Day Shipping,0,0,26,Credit Card,Fortnightly,26,0.0,0.5375000000000001,0.510204081632653,0.49019607843137253,0.8399999999999999,0.5426404561824729,Medium Value
2576,53,Male,Shorts,Clothing,96,Minnesota,M,Silver,Fall,4.0,No,Express,0,0,9,PayPal,Annually,1,0.0,0.9500000000000002,0.16326530612244897,0.0,0.6000000000000001,0.31530612244897965,Low Value
2577,20,Male,Hoodie,Clothing,40,New Hampshire,M,Silver,Winter,4.2,No,Free Shipping,0,0,19,Debit Card,Quarterly,4,0.0,0.25,0.36734693877551017,0.058823529411764705,0.6800000000000002,0.28258583433373347,Low Value
2578,52,Male,Socks,Clothing,39,Minnesota,L,Black,Fall,4.5,No,Next Day Air,0,0,37,Bank Transfer,Monthly,12,0.0,0.23750000000000004,0.7346938775510203,0.21568627450980393,0.8,0.4860834333733493,Medium Value
2579,54,Male,Sunglasses,Accessories,48,Vermont,M,Purple,Fall,3.9,No,Free Shipping,0,0,3,Cash,Quarterly,4,0.0,0.3500000000000001,0.04081632653061225,0.058823529411764705,0.56,0.15997358943577433,Low Value
2580,65,Male,Blouse,Clothing,20,Minnesota,M,Purple,Summer,3.7,No,Express,0,0,40,Venmo,Weekly,52,0.0,0.0,0.7959183673469387,0.9999999999999999,0.4800000000000002,0.6663673469387754,Medium Value
2581,43,Male,Jeans,Clothing,29,Massachusetts,S,Turquoise,Summer,3.6,No,Store Pickup,0,0,13,Bank Transfer,Quarterly,4,0.0,0.11250000000000004,0.24489795918367344,0.058823529411764705,0.44000000000000017,0.18210624249699883,Low Value
2582,57,Male,Dress,Clothing,81,Wyoming,M,Gold,Winter,4.7,No,Express,0,0,48,Credit Card,Monthly,12,0.0,0.7625,0.9591836734693877,0.21568627450980393,0.8800000000000001,0.6888793517406964,Medium Value
2583,19,Male,Dress,Clothing,98,South Dakota,S,Indigo,Fall,3.6,No,2-Day Shipping,0,0,4,Venmo,Every 3 Months,4,0.0,0.9750000000000001,0.061224489795918366,0.058823529411764705,0.44000000000000017,0.2811368547418968,Low Value
2584,69,Male,Jeans,Clothing,93,Oklahoma,M,Lavender,Fall,2.5,No,Next Day Air,0,0,9,Cash,Weekly,52,0.0,0.9125000000000001,0.16326530612244897,0.9999999999999999,0.0,0.5478061224489795,Medium Value
2585,26,Male,Socks,Clothing,30,Florida,L,Blue,Summer,2.9,No,Store Pickup,0,0,26,Bank Transfer,Bi-Weekly,26,0.0,0.125,0.510204081632653,0.49019607843137253,0.15999999999999992,0.39214045618247295,Low Value
2586,57,Male,Sunglasses,Accessories,37,Wisconsin,L,Maroon,Fall,4.4,No,Free Shipping,0,0,19,Debit Card,Weekly,52,0.0,0.21250000000000002,0.36734693877551017,0.9999999999999999,0.7600000000000002,0.565438775510204,Medium Value
2587,20,Male,Coat,Outerwear,28,Maine,L,Yellow,Winter,4.6,No,Express,0,0,1,Credit Card,Every 3 Months,4,0.0,0.10000000000000003,0.0,0.058823529411764705,0.8399999999999999,0.12164705882352941,Low Value
2588,55,Male,Scarf,Accessories,29,Connecticut,M,Purple,Winter,3.7,No,Express,0,0,29,PayPal,Every 3 Months,4,0.0,0.11250000000000004,0.5714285714285714,0.058823529411764705,0.4800000000000002,0.316718487394958,Low Value
2589,44,Male,Backpack,Accessories,49,Delaware,M,Peach,Summer,3.2,No,Free Shipping,0,0,38,Venmo,Bi-Weekly,26,0.0,0.36250000000000004,0.7551020408163265,0.49019607843137253,0.28000000000000025,0.5495996398559424,Medium Value
2590,52,Male,Pants,Clothing,53,North Dakota,M,Silver,Winter,4.9,No,2-Day Shipping,0,0,31,PayPal,Annually,1,0.0,0.4125000000000001,0.6122448979591836,0.0,0.9600000000000002,0.42339795918367346,Low Value
2591,57,Male,Gloves,Accessories,66,California,M,Turquoise,Summer,5.0,No,Free Shipping,0,0,35,Venmo,Annually,1,0.0,0.5750000000000001,0.693877551020408,0.0,1.0,0.49255102040816323,Medium Value
2592,40,Male,Jacket,Outerwear,61,New Mexico,S,Olive,Spring,3.3,No,Express,0,0,40,Cash,Quarterly,4,0.0,0.5125000000000001,0.7959183673469387,0.058823529411764705,0.32000000000000006,0.47051440576230497,Medium Value
2593,23,Male,Shorts,Clothing,23,Iowa,XL,Peach,Summer,4.4,No,Store Pickup,0,0,13,Venmo,Quarterly,4,0.0,0.03750000000000003,0.24489795918367344,0.058823529411764705,0.7600000000000002,0.19910624249699882,Low Value
2594,36,Male,Pants,Clothing,36,Colorado,S,Indigo,Fall,4.7,No,Store Pickup,0,0,9,Bank Transfer,Every 3 Months,4,0.0,0.2,0.16326530612244897,0.058823529411764705,0.8800000000000001,0.21095318127250903,Low Value
2595,59,Male,Skirt,Clothing,81,Montana,L,Indigo,Fall,3.6,No,Free Shipping,0,0,25,Cash,Every 3 Months,4,0.0,0.7625,0.4897959183673469,0.058823529411764705,0.44000000000000017,0.41006542617046826,Low Value
2596,29,Male,Blouse,Clothing,56,Iowa,XL,Maroon,Summer,3.2,No,Free Shipping,0,0,3,Bank Transfer,Bi-Weekly,26,0.0,0.45000000000000007,0.04081632653061225,0.49019607843137253,0.28000000000000025,0.28138535414165666,Low Value
2597,63,Male,Shirt,Clothing,78,Louisiana,L,Black,Spring,3.0,No,Next Day Air,0,0,35,Credit Card,Monthly,12,0.0,0.7250000000000001,0.693877551020408,0.21568627450980393,0.20000000000000018,0.5072569027611045,Medium Value
2598,60,Male,Jewelry,Accessories,25,Alabama,XL,Teal,Summer,4.4,No,Store Pickup,0,0,13,Venmo,Bi-Weekly,26,0.0,0.0625,0.24489795918367344,0.49019607843137253,0.7600000000000002,0.33351800720288116,Low Value
2599,64,Male,Backpack,Accessories,86,Nevada,XL,Olive,Fall,3.3,No,Express,0,0,31,Debit Card,Annually,1,0.0,0.825,0.6122448979591836,0.0,0.32000000000000006,0.44189795918367347,Low Value
2600,63,Male,Jewelry,Accessories,99,Vermont,M,Gold,Winter,3.4,No,Express,0,0,48,Credit Card,Monthly,12,0.0,0.9875,0.9591836734693877,0.21568627450980393,0.3600000000000001,0.6818793517406962,Medium Value
2601,21,Male,Belt,Accessories,83,New York,M,Gray,Fall,3.9,No,Express,0,0,6,Bank Transfer,Bi-Weekly,26,0.0,0.7875000000000001,0.10204081632653061,0.49019607843137253,0.56,0.401375150060024,Low Value
2602,61,Male,Dress,Clothing,33,Mississippi,L,Orange,Winter,2.9,No,Store Pickup,0,0,43,Cash,Monthly,12,0.0,0.16250000000000003,0.8571428571428571,0.21568627450980393,0.15999999999999992,0.45606302521008407,Medium Value
2603,65,Male,Coat,Outerwear,44,South Carolina,M,Black,Fall,2.9,No,Free Shipping,0,0,1,Venmo,Quarterly,4,0.0,0.30000000000000004,0.0,0.058823529411764705,0.15999999999999992,0.09364705882352942,Low Value
2604,69,Male,Dress,Clothing,58,Washington,M,Teal,Spring,2.7,No,2-Day Shipping,0,0,8,Cash,Annually,1,0.0,0.4750000000000001,0.14285714285714285,0.0,0.08000000000000007,0.16014285714285717,Low Value
2605,47,Male,Sweater,Clothing,54,Colorado,M,Beige,Spring,3.4,No,Store Pickup,0,0,6,Debit Card,Weekly,52,0.0,0.42500000000000004,0.10204081632653061,0.9999999999999999,0.3600000000000001,0.4618163265306122,Medium Value
2606,41,Male,Hoodie,Clothing,93,Nevada,M,White,Spring,3.7,No,2-Day Shipping,0,0,32,Venmo,Fortnightly,26,0.0,0.9125000000000001,0.6326530612244897,0.49019607843137253,0.4800000000000002,0.6306200480192077,Medium Value
2607,68,Male,Shoes,Footwear,98,Nevada,L,Turquoise,Spring,4.7,No,Standard,0,0,46,Bank Transfer,Bi-Weekly,26,0.0,0.9750000000000001,0.9183673469387754,0.49019607843137253,0.8800000000000001,0.797405762304922,High Value
2608,41,Male,Shoes,Footwear,36,Oklahoma,XL,Teal,Spring,3.1,No,Express,0,0,38,PayPal,Every 3 Months,4,0.0,0.2,0.7551020408163265,0.058823529411764705,0.2400000000000002,0.3836878751500601,Low Value
2609,42,Male,Jacket,Outerwear,68,Mississippi,L,Orange,Fall,4.2,No,2-Day Shipping,0,0,48,Credit Card,Fortnightly,26,0.0,0.6000000000000001,0.9591836734693877,0.49019607843137253,0.6800000000000002,0.7187322929171669,Medium Value
2610,66,Male,Backpack,Accessories,95,Arkansas,M,Black,Summer,3.0,No,Store Pickup,0,0,18,Debit Card,Bi-Weekly,26,0.0,0.9375,0.346938775510204,0.49019607843137253,0.20000000000000018,0.49333433373349334,Medium Value
2611,66,Male,Jeans,Clothing,93,West Virginia,M,Violet,Spring,3.1,No,Express,0,0,25,Cash,Quarterly,4,0.0,0.9125000000000001,0.4897959183673469,0.058823529411764705,0.2400000000000002,0.42006542617046827,Low Value
2612,33,Male,Jacket,Outerwear,99,Michigan,L,Maroon,Fall,4.2,No,2-Day Shipping,0,0,4,Cash,Fortnightly,26,0.0,0.9875,0.061224489795918366,0.49019607843137253,0.6800000000000002,0.4370486194477791,Low Value
2613,55,Male,Sunglasses,Accessories,22,Louisiana,M,Turquoise,Winter,3.8,No,Next Day Air,0,0,27,Venmo,Quarterly,4,0.0,0.025000000000000022,0.5306122448979591,0.058823529411764705,0.52,0.28689195678271306,Low Value
2614,58,Male,Gloves,Accessories,88,South Dakota,M,Gold,Fall,2.9,No,Express,0,0,14,Bank Transfer,Monthly,12,0.0,0.8500000000000001,0.26530612244897955,0.21568627450980393,0.15999999999999992,0.35682833133253306,Low Value
2615,18,Male,Jacket,Outerwear,65,North Dakota,M,Turquoise,Spring,4.2,No,Express,0,0,36,Bank Transfer,Fortnightly,26,0.0,0.5625,0.7142857142857142,0.49019607843137253,0.6800000000000002,0.6132731092436975,Medium Value
2616,49,Male,T-shirt,Clothing,62,Arizona,M,Maroon,Fall,3.1,No,2-Day Shipping,0,0,6,Debit Card,Quarterly,4,0.0,0.525,0.10204081632653061,0.058823529411764705,0.2400000000000002,0.1874633853541417,Low Value
2617,61,Male,Sandals,Footwear,55,Georgia,XL,Purple,Spring,3.6,No,Express,0,0,46,Cash,Annually,1,0.0,0.4375,0.9183673469387754,0.0,0.44000000000000017,0.49884693877551023,Medium Value
2618,31,Male,Shorts,Clothing,97,Idaho,S,Maroon,Spring,4.8,No,Standard,0,0,29,Bank Transfer,Annually,1,0.0,0.9625000000000001,0.5714285714285714,0.0,0.9199999999999999,0.5130714285714286,Medium Value
2619,70,Male,Handbag,Accessories,77,Louisiana,L,Brown,Fall,4.1,No,Express,0,0,12,Venmo,Monthly,12,0.0,0.7125,0.22448979591836735,0.21568627450980393,0.6399999999999999,0.36100180072028815,Low Value
2620,68,Male,Pants,Clothing,40,Connecticut,L,Indigo,Winter,3.9,No,Free Shipping,0,0,47,Credit Card,Weekly,52,0.0,0.25,0.9387755102040816,0.9999999999999999,0.56,0.7815102040816326,High Value
2621,27,Male,Blouse,Clothing,23,Ohio,S,Lavender,Winter,3.0,No,Standard,0,0,28,Debit Card,Annually,1,0.0,0.03750000000000003,0.5510204081632653,0.0,0.20000000000000018,0.24790816326530613,Low Value
2622,48,Male,Shoes,Footwear,46,Maine,M,Beige,Winter,3.0,No,Express,0,0,21,Bank Transfer,Annually,1,0.0,0.32500000000000007,0.4081632653061224,0.0,0.20000000000000018,0.24826530612244901,Low Value
2623,63,Male,Backpack,Accessories,75,New Hampshire,M,Yellow,Spring,4.9,No,2-Day Shipping,0,0,15,Credit Card,Annually,1,0.0,0.6875,0.28571428571428564,0.0,0.9600000000000002,0.3477857142857143,Low Value
2624,49,Male,Shoes,Footwear,76,Massachusetts,M,Gold,Fall,4.8,No,Next Day Air,0,0,38,Cash,Annually,1,0.0,0.7000000000000001,0.7551020408163265,0.0,0.9199999999999999,0.5340408163265307,Medium Value
2625,19,Male,Dress,Clothing,59,South Dakota,M,Indigo,Summer,3.3,No,Standard,0,0,19,Credit Card,Annually,1,0.0,0.48750000000000004,0.36734693877551017,0.0,0.32000000000000006,0.2764387755102041,Low Value
2626,30,Male,Skirt,Clothing,51,Colorado,L,Cyan,Summer,2.7,No,Standard,0,0,31,Credit Card,Weekly,52,0.0,0.38750000000000007,0.6122448979591836,0.9999999999999999,0.08000000000000007,0.6303979591836734,Medium Value
2627,50,Male,Jacket,Outerwear,46,Rhode Island,XL,Silver,Fall,4.2,No,Express,0,0,30,Credit Card,Every 3 Months,4,0.0,0.32500000000000007,0.5918367346938774,0.058823529411764705,0.6800000000000002,0.3873817527010804,Low Value
2628,66,Male,Shirt,Clothing,26,Missouri,L,Silver,Fall,3.6,No,Next Day Air,0,0,40,Bank Transfer,Quarterly,4,0.0,0.07500000000000001,0.7959183673469387,0.058823529411764705,0.44000000000000017,0.39501440576230495,Low Value
2629,25,Male,Hoodie,Clothing,51,Wyoming,M,Silver,Summer,3.8,No,Next Day Air,0,0,42,Credit Card,Bi-Weekly,26,0.0,0.38750000000000007,0.836734693877551,0.49019607843137253,0.52,0.6112527010804323,Medium Value
2630,61,Male,Scarf,Accessories,44,New Hampshire,M,Peach,Winter,3.8,No,Free Shipping,0,0,25,Venmo,Annually,1,0.0,0.30000000000000004,0.4897959183673469,0.0,0.52,0.3079183673469388,Low Value
2631,29,Male,Skirt,Clothing,82,Maine,S,Pink,Spring,4.2,No,Free Shipping,0,0,20,Cash,Quarterly,4,0.0,0.7750000000000001,0.38775510204081626,0.058823529411764705,0.6800000000000002,0.39574909963985594,Low Value
2632,53,Male,Skirt,Clothing,44,Connecticut,S,Violet,Summer,2.7,No,Express,0,0,3,Cash,Weekly,52,0.0,0.30000000000000004,0.04081632653061225,0.9999999999999999,0.08000000000000007,0.3843265306122448,Low Value
2633,24,Male,Scarf,Accessories,27,Alaska,M,Black,Fall,5.0,No,Next Day Air,0,0,14,Cash,Annually,1,0.0,0.08750000000000002,0.26530612244897955,0.0,1.0,0.22362244897959183,Low Value
2634,51,Male,Sunglasses,Accessories,90,Alaska,M,Purple,Fall,4.7,No,Next Day Air,0,0,32,Credit Card,Fortnightly,26,0.0,0.875,0.6326530612244897,0.49019607843137253,0.8800000000000001,0.6631200480192077,Medium Value
2635,26,Male,Sandals,Footwear,58,North Carolina,S,Black,Summer,3.2,No,Store Pickup,0,0,20,PayPal,Every 3 Months,4,0.0,0.4750000000000001,0.38775510204081626,0.058823529411764705,0.28000000000000025,0.29574909963985596,Low Value
2636,59,Male,Hoodie,Clothing,80,Colorado,XL,Peach,Spring,2.9,No,2-Day Shipping,0,0,34,PayPal,Fortnightly,26,0.0,0.75,0.673469387755102,0.49019607843137253,0.15999999999999992,0.5824465786314525,Medium Value
2637,41,Male,Jacket,Outerwear,40,Utah,S,Magenta,Winter,4.2,No,Store Pickup,0,0,6,Venmo,Annually,1,0.0,0.25,0.10204081632653061,0.0,0.6800000000000002,0.15881632653061228,Low Value
2638,20,Male,Pants,Clothing,23,Alabama,M,Magenta,Spring,3.7,No,Store Pickup,0,0,2,PayPal,Annually,1,0.0,0.03750000000000003,0.02040816326530612,0.0,0.4800000000000002,0.06366326530612249,Low Value
2639,22,Male,Shirt,Clothing,34,Hawaii,S,Black,Spring,4.2,No,Store Pickup,0,0,35,Credit Card,Annually,1,0.0,0.17500000000000004,0.693877551020408,0.0,0.6800000000000002,0.38055102040816324,Low Value
2640,18,Male,Blouse,Clothing,35,New Hampshire,XL,Pink,Winter,2.6,No,Free Shipping,0,0,33,Debit Card,Quarterly,4,0.0,0.1875,0.6530612244897959,0.058823529411764705,0.040000000000000036,0.3203715486194477,Low Value
2641,30,Male,Skirt,Clothing,75,Indiana,L,Olive,Summer,4.0,No,Store Pickup,0,0,45,Venmo,Bi-Weekly,26,0.0,0.6875,0.8979591836734693,0.49019607843137253,0.6000000000000001,0.7037424969987995,Medium Value
2642,25,Male,Sunglasses,Accessories,60,Vermont,XL,Olive,Winter,2.7,No,Next Day Air,0,0,20,Bank Transfer,Every 3 Months,4,0.0,0.5,0.38775510204081626,0.058823529411764705,0.08000000000000007,0.28074909963985595,Low Value
2643,39,Male,Belt,Accessories,87,Iowa,L,Peach,Summer,4.0,No,Store Pickup,0,0,48,Bank Transfer,Annually,1,0.0,0.8375000000000001,0.9591836734693877,0.0,0.6000000000000001,0.6111734693877552,Medium Value
2644,49,Male,Gloves,Accessories,41,Maryland,S,Silver,Spring,2.9,No,Next Day Air,0,0,37,Cash,Monthly,12,0.0,0.26250000000000007,0.7346938775510203,0.21568627450980393,0.15999999999999992,0.4270834333733493,Low Value
2645,25,Male,Pants,Clothing,83,New Mexico,M,Turquoise,Spring,3.3,No,Standard,0,0,4,Bank Transfer,Every 3 Months,4,0.0,0.7875000000000001,0.061224489795918366,0.058823529411764705,0.32000000000000006,0.2316368547418968,Low Value
2646,23,Male,Scarf,Accessories,81,Louisiana,L,Olive,Spring,4.0,No,Store Pickup,0,0,24,Bank Transfer,Bi-Weekly,26,0.0,0.7625,0.4693877551020408,0.49019607843137253,0.6000000000000001,0.5473139255702281,Medium Value
2647,33,Male,T-shirt,Clothing,56,New Mexico,S,Lavender,Summer,3.9,No,Next Day Air,0,0,4,Debit Card,Every 3 Months,4,0.0,0.45000000000000007,0.061224489795918366,0.058823529411764705,0.56,0.1881368547418968,Low Value
2648,60,Male,Shoes,Footwear,58,South Carolina,M,Red,Summer,3.3,No,2-Day Shipping,0,0,25,Debit Card,Annually,1,0.0,0.4750000000000001,0.4897959183673469,0.0,0.32000000000000006,0.32291836734693885,Low Value
2649,51,Male,Pants,Clothing,84,Illinois,M,Gray,Spring,3.9,No,Next Day Air,0,0,14,PayPal,Bi-Weekly,26,0.0,0.8,0.26530612244897955,0.49019607843137253,0.56,0.4691812725090036,Medium Value
2650,23,Male,Gloves,Accessories,21,Minnesota,M,Magenta,Fall,3.9,No,Store Pickup,0,0,14,Bank Transfer,Fortnightly,26,0.0,0.012500000000000011,0.26530612244897955,0.49019607843137253,0.56,0.31168127250900357,Low Value
2651,20,Male,Socks,Clothing,35,Oregon,L,Maroon,Summer,4.2,No,Standard,0,0,46,Credit Card,Every 3 Months,4,0.0,0.1875,0.9183673469387754,0.058823529411764705,0.6800000000000002,0.4904939975990396,Medium Value
2652,51,Male,Sneakers,Footwear,43,Tennessee,M,Cyan,Summer,4.6,No,Store Pickup,0,0,27,PayPal,Quarterly,4,0.0,0.2875,0.5306122448979591,0.058823529411764705,0.8399999999999999,0.3713919567827131,Low Value
2653,23,Female,Shorts,Clothing,20,Maryland,L,Cyan,Summer,3.3,No,2-Day Shipping,0,0,46,Credit Card,Monthly,12,0.0,0.0,0.9183673469387754,0.21568627450980393,0.32000000000000006,0.46405282112845136,Medium Value
2654,67,Female,Blouse,Clothing,36,Wisconsin,L,Lavender,Fall,4.8,No,Express,0,0,24,Venmo,Every 3 Months,4,0.0,0.2,0.4693877551020408,0.058823529411764705,0.9199999999999999,0.3374021608643457,Low Value
2655,23,Female,Coat,Outerwear,70,Idaho,S,Pink,Fall,4.1,No,Next Day Air,0,0,4,PayPal,Annually,1,0.0,0.625,0.061224489795918366,0.0,0.6399999999999999,0.21348979591836736,Low Value
2656,26,Female,Sunglasses,Accessories,83,Wyoming,M,Gray,Summer,3.4,No,Standard,0,0,2,Credit Card,Fortnightly,26,0.0,0.7875000000000001,0.02040816326530612,0.49019607843137253,0.3600000000000001,0.34872208883553424,Low Value
2657,52,Female,Shorts,Clothing,76,Indiana,L,Yellow,Winter,3.6,No,Express,0,0,29,Bank Transfer,Fortnightly,26,0.0,0.7000000000000001,0.5714285714285714,0.49019607843137253,0.44000000000000017,0.5596302521008404,Medium Value
2658,52,Female,Dress,Clothing,81,Texas,M,Pink,Summer,2.7,No,Express,0,0,7,Credit Card,Fortnightly,26,0.0,0.7625,0.12244897959183673,0.49019607843137253,0.08000000000000007,0.35653841536614644,Low Value
2659,52,Female,Handbag,Accessories,47,Ohio,XL,Indigo,Summer,3.2,No,Next Day Air,0,0,39,PayPal,Monthly,12,0.0,0.3375,0.7755102040816325,0.21568627450980393,0.28000000000000025,0.4704099639855942,Medium Value
2660,35,Female,Boots,Footwear,35,Kansas,L,Gray,Summer,4.4,No,2-Day Shipping,0,0,46,Credit Card,Fortnightly,26,0.0,0.1875,0.9183673469387754,0.49019607843137253,0.7600000000000002,0.6279057623049219,Medium Value
2661,24,Female,Pants,Clothing,85,South Carolina,L,Yellow,Spring,4.9,No,Express,0,0,44,Venmo,Annually,1,0.0,0.8125,0.8775510204081631,0.0,0.9600000000000002,0.6095204081632652,Medium Value
2662,43,Female,Boots,Footwear,96,Michigan,XL,Olive,Fall,4.8,No,Express,0,0,20,Bank Transfer,Annually,1,0.0,0.9500000000000002,0.38775510204081626,0.0,0.9199999999999999,0.43710204081632653,Low Value
2663,25,Female,Skirt,Clothing,98,Nebraska,M,Cyan,Summer,2.8,No,2-Day Shipping,0,0,44,PayPal,Fortnightly,26,0.0,0.9750000000000001,0.8775510204081631,0.49019607843137253,0.11999999999999988,0.705079231692677,Medium Value
2664,46,Female,Sneakers,Footwear,52,Wisconsin,L,Silver,Fall,2.9,No,Free Shipping,0,0,23,Bank Transfer,Annually,1,0.0,0.4,0.44897959183673464,0.0,0.15999999999999992,0.2755918367346939,Low Value
2665,22,Female,Jewelry,Accessories,84,Illinois,L,Silver,Winter,3.2,No,Store Pickup,0,0,37,PayPal,Weekly,52,0.0,0.8,0.7346938775510203,0.9999999999999999,0.28000000000000025,0.7818775510204081,High Value
2666,70,Female,T-shirt,Clothing,71,Louisiana,L,Red,Winter,3.5,No,Store Pickup,0,0,4,Venmo,Weekly,52,0.0,0.6375000000000001,0.061224489795918366,0.9999999999999999,0.40000000000000013,0.49198979591836733,Medium Value
2667,49,Female,Sandals,Footwear,95,Ohio,S,Brown,Winter,4.1,No,Store Pickup,0,0,14,Venmo,Fortnightly,26,0.0,0.9375,0.26530612244897955,0.49019607843137253,0.6399999999999999,0.5046812725090035,Medium Value
2668,48,Female,Boots,Footwear,47,Maryland,M,Orange,Summer,4.1,No,Free Shipping,0,0,31,Cash,Fortnightly,26,0.0,0.3375,0.6122448979591836,0.49019607843137253,0.6399999999999999,0.5234567827130852,Medium Value
2669,59,Female,Coat,Outerwear,75,Texas,M,Black,Summer,4.8,No,Next Day Air,0,0,9,PayPal,Quarterly,4,0.0,0.6875,0.16326530612244897,0.058823529411764705,0.9199999999999999,0.312453181272509,Low Value
2670,39,Female,Belt,Accessories,28,Illinois,L,Teal,Spring,2.8,No,Free Shipping,0,0,31,Credit Card,Weekly,52,0.0,0.10000000000000003,0.6122448979591836,0.9999999999999999,0.11999999999999988,0.5768979591836734,Medium Value
2671,30,Female,Sunglasses,Accessories,44,Pennsylvania,M,Yellow,Fall,4.7,No,Express,0,0,26,Bank Transfer,Bi-Weekly,26,0.0,0.30000000000000004,0.510204081632653,0.49019607843137253,0.8800000000000001,0.49914045618247294,Medium Value
2672,37,Female,Sandals,Footwear,64,Alabama,XL,Gray,Winter,4.8,No,2-Day Shipping,0,0,41,PayPal,Every 3 Months,4,0.0,0.55,0.8163265306122448,0.058823529411764705,0.9199999999999999,0.5461776710684273,Medium Value
2673,56,Female,Boots,Footwear,28,West Virginia,M,Maroon,Spring,2.9,No,Standard,0,0,13,Cash,Annually,1,0.0,0.10000000000000003,0.24489795918367344,0.0,0.15999999999999992,0.13395918367346937,Low Value
2674,67,Female,Hoodie,Clothing,21,Nevada,M,Olive,Summer,2.6,No,2-Day Shipping,0,0,4,Cash,Monthly,12,0.0,0.012500000000000011,0.061224489795918366,0.21568627450980393,0.040000000000000036,0.09569567827130854,Low Value
2675,40,Female,Hat,Accessories,41,Florida,S,Charcoal,Fall,3.3,No,Express,0,0,15,Cash,Every 3 Months,4,0.0,0.26250000000000007,0.28571428571428564,0.058823529411764705,0.32000000000000006,0.2164327731092437,Low Value
2676,24,Female,Shorts,Clothing,38,Virginia,M,Peach,Winter,3.4,No,Free Shipping,0,0,38,Cash,Bi-Weekly,26,0.0,0.22500000000000003,0.7551020408163265,0.49019607843137253,0.3600000000000001,0.5300996398559424,Medium Value
2677,43,Female,Backpack,Accessories,77,Kentucky,M,Maroon,Spring,3.6,No,Free Shipping,0,0,3,Cash,Fortnightly,26,0.0,0.7125,0.04081632653061225,0.49019607843137253,0.44000000000000017,0.34988535414165667,Low Value
2678,45,Female,Shorts,Clothing,43,Connecticut,L,Olive,Spring,3.8,No,Next Day Air,0,0,6,PayPal,Every 3 Months,4,0.0,0.2875,0.10204081632653061,0.058823529411764705,0.52,0.16796338535414168,Low Value
2679,33,Female,Belt,Accessories,91,Montana,M,Magenta,Spring,3.4,No,2-Day Shipping,0,0,34,Credit Card,Bi-Weekly,26,0.0,0.8875,0.673469387755102,0.49019607843137253,0.3600000000000001,0.6299465786314526,Medium Value
2680,53,Female,Shorts,Clothing,68,Montana,S,Yellow,Spring,3.8,No,Express,0,0,7,Debit Card,Quarterly,4,0.0,0.6000000000000001,0.12244897959183673,0.058823529411764705,0.52,0.23862665066026412,Low Value
2681,44,Female,Socks,Clothing,37,Nebraska,L,Indigo,Fall,3.3,No,Next Day Air,0,0,21,Venmo,Annually,1,0.0,0.21250000000000002,0.4081632653061224,0.0,0.32000000000000006,0.23776530612244898,Low Value
2682,23,Female,Shoes,Footwear,23,Massachusetts,L,Olive,Summer,4.8,No,Standard,0,0,17,Debit Card,Monthly,12,0.0,0.03750000000000003,0.32653061224489793,0.21568627450980393,0.9199999999999999,0.2948181272509004,Low Value
2683,59,Female,Sneakers,Footwear,65,North Carolina,L,Maroon,Winter,3.9,No,2-Day Shipping,0,0,5,Venmo,Every 3 Months,4,0.0,0.5625,0.08163265306122448,0.058823529411764705,0.56,0.2188001200480192,Low Value
2684,68,Female,Backpack,Accessories,30,Montana,M,Indigo,Summer,4.2,No,Next Day Air,0,0,21,Cash,Fortnightly,26,0.0,0.125,0.4081632653061224,0.49019607843137253,0.6800000000000002,0.40332412965186076,Low Value
2685,46,Female,Dress,Clothing,45,Washington,M,Gray,Summer,4.7,No,Free Shipping,0,0,42,Credit Card,Bi-Weekly,26,0.0,0.3125,0.836734693877551,0.49019607843137253,0.8800000000000001,0.6322527010804322,Medium Value
2686,56,Female,Boots,Footwear,25,Virginia,M,Gray,Winter,2.7,No,Express,0,0,49,Credit Card,Quarterly,4,0.0,0.0625,0.9795918367346937,0.058823529411764705,0.08000000000000007,0.42998379351740695,Low Value
2687,40,Female,Socks,Clothing,72,Georgia,M,Black,Winter,3.8,No,2-Day Shipping,0,0,33,Cash,Fortnightly,26,0.0,0.65,0.6530612244897959,0.49019607843137253,0.52,0.5902833133253301,Medium Value
2688,61,Female,Dress,Clothing,75,Delaware,M,White,Fall,3.6,No,2-Day Shipping,0,0,12,Debit Card,Bi-Weekly,26,0.0,0.6875,0.22448979591836735,0.49019607843137253,0.44000000000000017,0.41835474189675875,Low Value
2689,53,Female,Handbag,Accessories,63,West Virginia,XL,Turquoise,Spring,2.9,No,2-Day Shipping,0,0,18,Credit Card,Every 3 Months,4,0.0,0.5375000000000001,0.346938775510204,0.058823529411764705,0.15999999999999992,0.27992256902761103,Low Value
2690,29,Female,Blouse,Clothing,35,Wyoming,M,Orange,Fall,3.9,No,Standard,0,0,47,PayPal,Quarterly,4,0.0,0.1875,0.9387755102040816,0.058823529411764705,0.56,0.48665726290516204,Medium Value
2691,44,Female,Belt,Accessories,32,New Mexico,L,Yellow,Summer,4.7,No,Free Shipping,0,0,18,Bank Transfer,Weekly,52,0.0,0.15000000000000002,0.346938775510204,0.9999999999999999,0.8800000000000001,0.5567755102040817,Medium Value
2692,43,Female,Pants,Clothing,25,Nebraska,L,Blue,Winter,3.3,No,2-Day Shipping,0,0,48,Cash,Monthly,12,0.0,0.0625,0.9591836734693877,0.21568627450980393,0.32000000000000006,0.4928793517406963,Medium Value
2693,40,Female,Sneakers,Footwear,90,Washington,XL,Violet,Spring,4.2,No,Free Shipping,0,0,18,Debit Card,Every 3 Months,4,0.0,0.875,0.346938775510204,0.058823529411764705,0.6800000000000002,0.39942256902761103,Low Value
2694,55,Female,Boots,Footwear,70,Hawaii,L,Lavender,Summer,2.6,No,Standard,0,0,46,Cash,Quarterly,4,0.0,0.625,0.9183673469387754,0.058823529411764705,0.040000000000000036,0.5139939975990395,Medium Value
2695,66,Female,Sunglasses,Accessories,27,Louisiana,M,Olive,Spring,4.9,No,Express,0,0,34,Credit Card,Every 3 Months,4,0.0,0.08750000000000002,0.673469387755102,0.058823529411764705,0.9600000000000002,0.4005348139255703,Low Value
2696,50,Female,Hat,Accessories,92,Tennessee,M,Orange,Fall,3.6,No,Standard,0,0,10,PayPal,Bi-Weekly,26,0.0,0.9000000000000001,0.18367346938775508,0.49019607843137253,0.44000000000000017,0.44452821128451386,Low Value
2697,57,Female,Coat,Outerwear,20,South Dakota,M,White,Spring,4.7,No,Free Shipping,0,0,12,Debit Card,Monthly,12,0.0,0.0,0.22448979591836735,0.21568627450980393,0.8800000000000001,0.24250180072028815,Low Value
2698,42,Female,Jacket,Outerwear,52,Delaware,L,Red,Winter,3.2,No,Standard,0,0,36,Bank Transfer,Quarterly,4,0.0,0.4,0.7142857142857142,0.058823529411764705,0.28000000000000025,0.41136134453781514,Low Value
2699,55,Female,Hoodie,Clothing,57,Virginia,M,Magenta,Summer,3.6,No,Store Pickup,0,0,34,Venmo,Quarterly,4,0.0,0.4625,0.673469387755102,0.058823529411764705,0.44000000000000017,0.4235348139255703,Low Value
2700,25,Female,Boots,Footwear,96,Utah,M,Violet,Fall,3.6,No,2-Day Shipping,0,0,49,Debit Card,Annually,1,0.0,0.9500000000000002,0.9795918367346937,0.0,0.44000000000000017,0.6258367346938776,Medium Value
2701,22,Female,T-shirt,Clothing,68,California,XL,Olive,Winter,3.2,No,Standard,0,0,36,Cash,Weekly,52,0.0,0.6000000000000001,0.7142857142857142,0.9999999999999999,0.28000000000000025,0.7337142857142857,Medium Value
2702,49,Female,Sweater,Clothing,30,Idaho,L,Silver,Summer,2.8,No,Store Pickup,0,0,18,Bank Transfer,Fortnightly,26,0.0,0.125,0.346938775510204,0.49019607843137253,0.11999999999999988,0.32283433373349335,Low Value
2703,70,Female,Shoes,Footwear,37,Texas,L,Gray,Fall,4.0,No,Next Day Air,0,0,39,Debit Card,Fortnightly,26,0.0,0.21250000000000002,0.7755102040816325,0.49019607843137253,0.6000000000000001,0.5597629051620648,Medium Value
2704,56,Female,Scarf,Accessories,42,Tennessee,XL,Olive,Winter,4.4,No,Free Shipping,0,0,34,PayPal,Weekly,52,0.0,0.275,0.673469387755102,0.9999999999999999,0.7600000000000002,0.7003877551020409,Medium Value
2705,52,Female,Dress,Clothing,54,Tennessee,L,Beige,Spring,3.4,No,Next Day Air,0,0,35,Debit Card,Weekly,52,0.0,0.42500000000000004,0.693877551020408,0.9999999999999999,0.3600000000000001,0.6985510204081631,Medium Value
2706,65,Female,Jacket,Outerwear,81,Washington,S,Turquoise,Spring,5.0,No,Store Pickup,0,0,1,Credit Card,Bi-Weekly,26,0.0,0.7625,0.0,0.49019607843137253,1.0,0.39955882352941174,Low Value
2707,24,Female,Shoes,Footwear,40,Alabama,S,Blue,Spring,3.1,No,Express,0,0,48,Debit Card,Quarterly,4,0.0,0.25,0.9591836734693877,0.058823529411764705,0.2400000000000002,0.4753205282112845,Medium Value
2708,32,Female,Backpack,Accessories,88,Nebraska,M,Pink,Fall,4.2,No,Standard,0,0,19,Cash,Weekly,52,0.0,0.8500000000000001,0.36734693877551017,0.9999999999999999,0.6800000000000002,0.6849387755102041,Medium Value
2709,57,Female,Dress,Clothing,94,Alabama,M,Teal,Summer,3.3,No,Store Pickup,0,0,44,Debit Card,Weekly,52,0.0,0.925,0.8775510204081631,0.9999999999999999,0.32000000000000006,0.8680204081632653,High Value
2710,35,Female,Shirt,Clothing,54,Illinois,S,Cyan,Winter,2.9,No,Standard,0,0,9,Credit Card,Bi-Weekly,26,0.0,0.42500000000000004,0.16326530612244897,0.49019607843137253,0.15999999999999992,0.3133649459783914,Low Value
2711,69,Female,Jacket,Outerwear,51,Wisconsin,L,Purple,Summer,4.7,No,Standard,0,0,3,Bank Transfer,Fortnightly,26,0.0,0.38750000000000007,0.04081632653061225,0.49019607843137253,0.8800000000000001,0.32888535414165665,Low Value
2712,30,Female,Sunglasses,Accessories,22,Nebraska,L,Red,Spring,4.0,No,Standard,0,0,50,Venmo,Monthly,12,0.0,0.025000000000000022,1.0,0.21568627450980393,0.6000000000000001,0.5297058823529412,Medium Value
2713,37,Female,Jacket,Outerwear,95,North Dakota,L,Brown,Fall,4.6,No,Standard,0,0,7,Debit Card,Quarterly,4,0.0,0.9375,0.12244897959183673,0.058823529411764705,0.8399999999999999,0.33812665066026404,Low Value
2714,19,Female,Coat,Outerwear,57,Mississippi,M,Magenta,Fall,3.8,No,2-Day Shipping,0,0,20,Debit Card,Annually,1,0.0,0.4625,0.38775510204081626,0.0,0.52,0.2996020408163265,Low Value
2715,53,Female,Sweater,Clothing,45,Iowa,S,Olive,Winter,3.6,No,Store Pickup,0,0,16,Credit Card,Bi-Weekly,26,0.0,0.3125,0.3061224489795918,0.49019607843137253,0.44000000000000017,0.3760078031212485,Low Value
2716,25,Female,Sneakers,Footwear,92,Mississippi,XL,Pink,Winter,4.1,No,Express,0,0,29,PayPal,Fortnightly,26,0.0,0.9000000000000001,0.5714285714285714,0.49019607843137253,0.6399999999999999,0.6196302521008403,Medium Value
2717,47,Female,Shoes,Footwear,40,Colorado,L,Black,Spring,2.7,No,Store Pickup,0,0,21,Debit Card,Weekly,52,0.0,0.25,0.4081632653061224,0.9999999999999999,0.08000000000000007,0.5212653061224489,Medium Value
2718,18,Female,Sunglasses,Accessories,62,Nebraska,XL,Beige,Winter,4.3,No,Free Shipping,0,0,19,Credit Card,Every 3 Months,4,0.0,0.525,0.36734693877551017,0.058823529411764705,0.72,0.3415858343337335,Low Value
2719,22,Female,Shorts,Clothing,90,Virginia,M,Peach,Winter,4.9,No,Next Day Air,0,0,10,Venmo,Bi-Weekly,26,0.0,0.875,0.18367346938775508,0.49019607843137253,0.9600000000000002,0.4915282112845138,Medium Value
2720,69,Female,Hoodie,Clothing,82,Louisiana,S,Peach,Fall,4.2,No,Free Shipping,0,0,4,Bank Transfer,Monthly,12,0.0,0.7750000000000001,0.061224489795918366,0.21568627450980393,0.6800000000000002,0.31219567827130856,Low Value
2721,55,Female,Scarf,Accessories,52,Maryland,M,Peach,Spring,2.8,No,Store Pickup,0,0,45,Bank Transfer,Quarterly,4,0.0,0.4,0.8979591836734693,0.058823529411764705,0.11999999999999988,0.46883073229291716,Medium Value
2722,19,Female,Sandals,Footwear,70,Minnesota,S,Teal,Spring,4.9,No,Free Shipping,0,0,17,PayPal,Fortnightly,26,0.0,0.625,0.32653061224489793,0.49019607843137253,0.9600000000000002,0.4986710684273709,Medium Value
2723,23,Female,Hat,Accessories,83,Maine,M,Green,Spring,2.8,No,2-Day Shipping,0,0,22,PayPal,Fortnightly,26,0.0,0.7875000000000001,0.4285714285714285,0.49019607843137253,0.11999999999999988,0.4879873949579832,Medium Value
2724,54,Female,Shoes,Footwear,49,Texas,XL,Brown,Summer,2.9,No,Store Pickup,0,0,3,PayPal,Every 3 Months,4,0.0,0.36250000000000004,0.04081632653061225,0.058823529411764705,0.15999999999999992,0.1224735894357743,Low Value
2725,52,Female,Sneakers,Footwear,91,Missouri,M,Brown,Spring,2.5,No,Next Day Air,0,0,11,Debit Card,Fortnightly,26,0.0,0.8875,0.2040816326530612,0.49019607843137253,0.0,0.4061914765906362,Low Value
2726,64,Female,Backpack,Accessories,99,Mississippi,S,Violet,Summer,2.7,No,Free Shipping,0,0,4,Debit Card,Annually,1,0.0,0.9875,0.061224489795918366,0.0,0.08000000000000007,0.22998979591836738,Low Value
2727,33,Female,Belt,Accessories,92,Michigan,L,Blue,Winter,3.3,No,Free Shipping,0,0,11,PayPal,Bi-Weekly,26,0.0,0.9000000000000001,0.2040816326530612,0.49019607843137253,0.32000000000000006,0.4406914765906363,Low Value
2728,40,Female,Shirt,Clothing,87,Colorado,L,Charcoal,Winter,3.7,No,2-Day Shipping,0,0,47,Credit Card,Fortnightly,26,0.0,0.8375000000000001,0.9387755102040816,0.49019607843137253,0.4800000000000002,0.7380690276110444,Medium Value
2729,26,Female,Skirt,Clothing,28,Florida,M,Pink,Winter,4.0,No,Express,0,0,17,Debit Card,Weekly,52,0.0,0.10000000000000003,0.32653061224489793,0.9999999999999999,0.6000000000000001,0.5106122448979592,Medium Value
2730,31,Female,Gloves,Accessories,71,Montana,S,Violet,Summer,4.1,No,Free Shipping,0,0,32,Credit Card,Monthly,12,0.0,0.6375000000000001,0.6326530612244897,0.21568627450980393,0.6399999999999999,0.509267106842737,Medium Value
2731,23,Female,Gloves,Accessories,32,Wisconsin,M,Teal,Winter,4.1,No,Store Pickup,0,0,37,Bank Transfer,Annually,1,0.0,0.15000000000000002,0.7346938775510203,0.0,0.6399999999999999,0.38787755102040816,Low Value
2732,52,Female,Handbag,Accessories,33,Wisconsin,M,Red,Summer,2.5,No,2-Day Shipping,0,0,44,Bank Transfer,Quarterly,4,0.0,0.16250000000000003,0.8775510204081631,0.058823529411764705,0.0,0.40116746698679473,Low Value
2733,21,Female,Socks,Clothing,75,Delaware,L,Orange,Winter,4.2,No,Store Pickup,0,0,27,Debit Card,Every 3 Months,4,0.0,0.6875,0.5306122448979591,0.058823529411764705,0.6800000000000002,0.4353919567827131,Low Value
2734,31,Female,Backpack,Accessories,83,North Carolina,M,Magenta,Summer,4.7,No,Express,0,0,46,PayPal,Annually,1,0.0,0.7875000000000001,0.9183673469387754,0.0,0.8800000000000001,0.6128469387755102,Medium Value
2735,63,Female,Jeans,Clothing,93,New York,XL,Yellow,Summer,2.7,No,2-Day Shipping,0,0,13,Cash,Bi-Weekly,26,0.0,0.9125000000000001,0.24489795918367344,0.49019607843137253,0.08000000000000007,0.43551800720288114,Low Value
2736,46,Female,Skirt,Clothing,29,California,M,Yellow,Spring,3.0,No,Express,0,0,2,PayPal,Bi-Weekly,26,0.0,0.11250000000000004,0.02040816326530612,0.49019607843137253,0.20000000000000018,0.19772208883553422,Low Value
2737,44,Female,Hoodie,Clothing,25,Montana,M,Pink,Spring,4.8,No,Store Pickup,0,0,45,Credit Card,Annually,1,0.0,0.0625,0.8979591836734693,0.0,0.9199999999999999,0.46368367346938777,Medium Value
2738,57,Female,Jewelry,Accessories,76,North Carolina,S,Indigo,Spring,4.4,No,Free Shipping,0,0,35,Cash,Every 3 Months,4,0.0,0.7000000000000001,0.693877551020408,0.058823529411764705,0.7600000000000002,0.5111980792316927,Medium Value
2739,50,Female,Sneakers,Footwear,81,Ohio,M,Charcoal,Summer,4.3,No,2-Day Shipping,0,0,39,Venmo,Every 3 Months,4,0.0,0.7625,0.7755102040816325,0.058823529411764705,0.72,0.5523511404561824,Medium Value
2740,33,Female,Shirt,Clothing,80,Alaska,XL,Blue,Winter,2.5,No,Store Pickup,0,0,39,Credit Card,Every 3 Months,4,0.0,0.75,0.7755102040816325,0.058823529411764705,0.0,0.47785114045618243,Medium Value
2741,19,Female,Sunglasses,Accessories,70,Pennsylvania,M,Lavender,Summer,4.9,No,Free Shipping,0,0,34,Bank Transfer,Fortnightly,26,0.0,0.625,0.673469387755102,0.49019607843137253,0.9600000000000002,0.6374465786314527,Medium Value
2742,68,Female,Dress,Clothing,81,Maine,L,Yellow,Fall,4.9,No,2-Day Shipping,0,0,41,Venmo,Monthly,12,0.0,0.7625,0.8163265306122448,0.21568627450980393,0.9600000000000002,0.6397364945978392,Medium Value
2743,27,Female,Shoes,Footwear,86,Texas,M,Black,Spring,3.9,No,Free Shipping,0,0,47,Debit Card,Annually,1,0.0,0.825,0.9387755102040816,0.0,0.56,0.5965102040816327,Medium Value
2744,61,Female,Belt,Accessories,94,New Jersey,S,Beige,Fall,4.1,No,2-Day Shipping,0,0,17,Venmo,Quarterly,4,0.0,0.925,0.32653061224489793,0.058823529411764705,0.6399999999999999,0.3972593037214886,Low Value
2745,38,Female,Shirt,Clothing,66,Wyoming,M,Silver,Winter,3.3,No,Store Pickup,0,0,40,Credit Card,Monthly,12,0.0,0.5750000000000001,0.7959183673469387,0.21568627450980393,0.32000000000000006,0.5300732292917167,Medium Value
2746,28,Female,Boots,Footwear,98,Michigan,M,Magenta,Summer,4.1,No,Standard,0,0,44,PayPal,Bi-Weekly,26,0.0,0.9750000000000001,0.8775510204081631,0.49019607843137253,0.6399999999999999,0.757079231692677,High Value
2747,39,Female,Hoodie,Clothing,25,Ohio,M,Orange,Fall,3.7,No,Standard,0,0,21,PayPal,Every 3 Months,4,0.0,0.0625,0.4081632653061224,0.058823529411764705,0.4800000000000002,0.2414123649459784,Low Value
2748,18,Female,Jeans,Clothing,62,West Virginia,M,Teal,Winter,3.1,No,Free Shipping,0,0,21,Credit Card,Every 3 Months,4,0.0,0.525,0.4081632653061224,0.058823529411764705,0.2400000000000002,0.3099123649459784,Low Value
2749,24,Female,Jacket,Outerwear,98,Virginia,L,Turquoise,Spring,3.0,No,Free Shipping,0,0,16,Venmo,Annually,1,0.0,0.9750000000000001,0.3061224489795918,0.0,0.20000000000000018,0.3374489795918368,Low Value
2750,64,Female,Jacket,Outerwear,53,Vermont,M,Cyan,Spring,3.4,No,Standard,0,0,15,Bank Transfer,Annually,1,0.0,0.4125000000000001,0.28571428571428564,0.0,0.3600000000000001,0.2327857142857143,Low Value
2751,51,Female,Sandals,Footwear,66,Alaska,L,Pink,Spring,2.7,No,2-Day Shipping,0,0,26,PayPal,Every 3 Months,4,0.0,0.5750000000000001,0.510204081632653,0.058823529411764705,0.08000000000000007,0.34472869147659063,Low Value
2752,27,Female,Dress,Clothing,52,Minnesota,S,Indigo,Fall,3.1,No,Free Shipping,0,0,50,Venmo,Monthly,12,0.0,0.4,1.0,0.21568627450980393,0.2400000000000002,0.5687058823529412,Medium Value
2753,48,Female,Sweater,Clothing,64,Colorado,S,Peach,Winter,4.0,No,Free Shipping,0,0,30,Venmo,Bi-Weekly,26,0.0,0.55,0.5918367346938774,0.49019607843137253,0.6000000000000001,0.5537935174069628,Medium Value
2754,69,Female,Gloves,Accessories,59,Rhode Island,M,Beige,Spring,3.6,No,Next Day Air,0,0,48,PayPal,Quarterly,4,0.0,0.48750000000000004,0.9591836734693877,0.058823529411764705,0.44000000000000017,0.5428205282112846,Medium Value
2755,59,Female,Sunglasses,Accessories,61,New Jersey,L,Gold,Summer,3.6,No,Free Shipping,0,0,21,Venmo,Bi-Weekly,26,0.0,0.5125000000000001,0.4081632653061224,0.49019607843137253,0.44000000000000017,0.4568241296518608,Medium Value
2756,59,Female,Belt,Accessories,97,Nevada,M,Indigo,Winter,3.3,No,Store Pickup,0,0,18,Credit Card,Annually,1,0.0,0.9625000000000001,0.346938775510204,0.0,0.32000000000000006,0.36327551020408166,Low Value
2757,42,Female,Hat,Accessories,23,Minnesota,L,Violet,Winter,4.1,No,Free Shipping,0,0,41,PayPal,Monthly,12,0.0,0.03750000000000003,0.8163265306122448,0.21568627450980393,0.6399999999999999,0.4627364945978391,Medium Value
2758,39,Female,Hat,Accessories,98,Delaware,XL,Brown,Fall,4.3,No,Next Day Air,0,0,11,Venmo,Monthly,12,0.0,0.9750000000000001,0.2040816326530612,0.21568627450980393,0.72,0.4133385354141657,Low Value
2759,32,Female,Blouse,Clothing,98,Illinois,M,Purple,Summer,3.2,No,Standard,0,0,8,Bank Transfer,Bi-Weekly,26,0.0,0.9750000000000001,0.14285714285714285,0.49019607843137253,0.28000000000000025,0.42720168067226894,Low Value
2760,68,Female,Shoes,Footwear,59,Washington,M,Turquoise,Summer,3.9,No,Free Shipping,0,0,42,Cash,Every 3 Months,4,0.0,0.48750000000000004,0.836734693877551,0.058823529411764705,0.56,0.5058409363745499,Medium Value
2761,41,Female,Skirt,Clothing,82,Alaska,S,Violet,Fall,5.0,No,Next Day Air,0,0,41,Credit Card,Bi-Weekly,26,0.0,0.7750000000000001,0.8163265306122448,0.49019607843137253,1.0,0.7285894357743097,Medium Value
2762,31,Female,Sneakers,Footwear,82,Michigan,M,Purple,Fall,3.4,No,Next Day Air,0,0,3,Credit Card,Every 3 Months,4,0.0,0.7750000000000001,0.04081632653061225,0.058823529411764705,0.3600000000000001,0.22497358943577433,Low Value
2763,58,Female,T-shirt,Clothing,41,Georgia,M,Charcoal,Fall,3.8,No,Store Pickup,0,0,10,Debit Card,Every 3 Months,4,0.0,0.26250000000000007,0.18367346938775508,0.058823529411764705,0.52,0.19561644657863148,Low Value
2764,28,Female,Handbag,Accessories,52,West Virginia,M,Green,Fall,2.9,No,2-Day Shipping,0,0,35,Venmo,Quarterly,4,0.0,0.4,0.693877551020408,0.058823529411764705,0.15999999999999992,0.39119807923169264,Low Value
2765,63,Female,Sweater,Clothing,41,Arizona,XL,White,Spring,2.6,No,Next Day Air,0,0,2,Debit Card,Weekly,52,0.0,0.26250000000000007,0.02040816326530612,0.9999999999999999,0.040000000000000036,0.36466326530612236,Low Value
2766,64,Female,Gloves,Accessories,70,Colorado,M,Purple,Summer,4.3,No,2-Day Shipping,0,0,24,Credit Card,Quarterly,4,0.0,0.625,0.4693877551020408,0.058823529411764705,0.72,0.4024021608643457,Low Value
2767,66,Female,Dress,Clothing,91,Tennessee,M,Cyan,Winter,2.8,No,Standard,0,0,47,Credit Card,Monthly,12,0.0,0.8875,0.9387755102040816,0.21568627450980393,0.11999999999999988,0.6297160864345739,Medium Value
2768,31,Female,Dress,Clothing,95,Iowa,M,Green,Spring,4.5,No,Free Shipping,0,0,31,Cash,Monthly,12,0.0,0.9375,0.6122448979591836,0.21568627450980393,0.8,0.5771038415366146,Medium Value
2769,55,Female,Blouse,Clothing,25,Kansas,M,Beige,Spring,3.8,No,2-Day Shipping,0,0,28,PayPal,Bi-Weekly,26,0.0,0.0625,0.5510204081632653,0.49019607843137253,0.52,0.43196698679471784,Low Value
2770,32,Female,Shirt,Clothing,89,Oklahoma,L,Lavender,Fall,3.0,No,Standard,0,0,13,Cash,Weekly,52,0.0,0.8625,0.24489795918367344,0.9999999999999999,0.20000000000000018,0.5904591836734694,Medium Value
2771,50,Female,Boots,Footwear,44,Nebraska,S,Blue,Fall,3.3,No,Express,0,0,22,Bank Transfer,Quarterly,4,0.0,0.30000000000000004,0.4285714285714285,0.058823529411764705,0.32000000000000006,0.28107563025210086,Low Value
2772,58,Female,Jacket,Outerwear,52,Maryland,S,Beige,Summer,3.1,No,2-Day Shipping,0,0,12,Bank Transfer,Fortnightly,26,0.0,0.4,0.22448979591836735,0.49019607843137253,0.2400000000000002,0.34085474189675874,Low Value
2773,18,Female,Backpack,Accessories,94,Pennsylvania,L,Blue,Spring,3.5,No,Store Pickup,0,0,10,Bank Transfer,Every 3 Months,4,0.0,0.925,0.18367346938775508,0.058823529411764705,0.40000000000000013,0.31611644657863147,Low Value
2774,39,Female,Pants,Clothing,98,Arizona,S,Maroon,Spring,4.6,No,Express,0,0,45,Bank Transfer,Quarterly,4,0.0,0.9750000000000001,0.8979591836734693,0.058823529411764705,0.8399999999999999,0.6558307322929171,Medium Value
2775,56,Female,Boots,Footwear,40,Oklahoma,L,Yellow,Fall,4.1,No,Standard,0,0,42,Credit Card,Quarterly,4,0.0,0.25,0.836734693877551,0.058823529411764705,0.6399999999999999,0.4663409363745498,Medium Value
2776,37,Female,Socks,Clothing,25,Montana,L,Red,Fall,3.6,No,Free Shipping,0,0,16,Debit Card,Weekly,52,0.0,0.0625,0.3061224489795918,0.9999999999999999,0.44000000000000017,0.4789489795918367,Medium Value
2777,46,Female,Scarf,Accessories,62,Wyoming,L,Green,Fall,2.9,No,Free Shipping,0,0,6,Bank Transfer,Annually,1,0.0,0.525,0.10204081632653061,0.0,0.15999999999999992,0.16181632653061226,Low Value
2778,52,Female,Blouse,Clothing,24,Idaho,M,Magenta,Fall,4.8,No,Standard,0,0,28,Credit Card,Every 3 Months,4,0.0,0.050000000000000044,0.5510204081632653,0.058823529411764705,0.9199999999999999,0.34005522208883554,Low Value
2779,70,Female,Belt,Accessories,57,Pennsylvania,L,Yellow,Spring,3.2,No,Standard,0,0,24,Credit Card,Bi-Weekly,26,0.0,0.4625,0.4693877551020408,0.49019607843137253,0.28000000000000025,0.4553139255702281,Medium Value
2780,61,Female,Sunglasses,Accessories,66,Montana,L,Blue,Winter,4.3,No,Express,0,0,14,Credit Card,Fortnightly,26,0.0,0.5750000000000001,0.26530612244897955,0.49019607843137253,0.72,0.4401812725090036,Low Value
2781,33,Female,Boots,Footwear,70,Ohio,M,Charcoal,Winter,4.1,No,Next Day Air,0,0,29,PayPal,Fortnightly,26,0.0,0.625,0.5714285714285714,0.49019607843137253,0.6399999999999999,0.5646302521008403,Medium Value
2782,65,Female,Sandals,Footwear,39,Mississippi,M,Blue,Spring,4.6,No,Standard,0,0,33,PayPal,Weekly,52,0.0,0.23750000000000004,0.6530612244897959,0.9999999999999999,0.8399999999999999,0.6927244897959182,Medium Value
2783,41,Female,Gloves,Accessories,34,Idaho,S,Cyan,Spring,3.8,No,Free Shipping,0,0,30,PayPal,Annually,1,0.0,0.17500000000000004,0.5918367346938774,0.0,0.52,0.323734693877551,Low Value
2784,19,Female,Skirt,Clothing,38,Virginia,M,Silver,Spring,4.5,No,Next Day Air,0,0,26,Credit Card,Quarterly,4,0.0,0.22500000000000003,0.510204081632653,0.058823529411764705,0.8,0.34672869147659063,Low Value
2785,33,Female,Skirt,Clothing,70,Idaho,M,Black,Winter,3.1,No,Express,0,0,12,PayPal,Every 3 Months,4,0.0,0.625,0.22448979591836735,0.058823529411764705,0.2400000000000002,0.2564429771908764,Low Value
2786,53,Female,Blouse,Clothing,80,Louisiana,S,Green,Summer,2.9,No,Next Day Air,0,0,13,Bank Transfer,Monthly,12,0.0,0.75,0.24489795918367344,0.21568627450980393,0.15999999999999992,0.3286650660264106,Low Value
2787,54,Female,Handbag,Accessories,51,Colorado,M,Violet,Spring,3.8,No,Next Day Air,0,0,41,Debit Card,Every 3 Months,4,0.0,0.38750000000000007,0.8163265306122448,0.058823529411764705,0.52,0.47367767106842734,Medium Value
2788,36,Female,Boots,Footwear,79,West Virginia,XL,Pink,Spring,4.1,No,Next Day Air,0,0,4,Venmo,Fortnightly,26,0.0,0.7375,0.061224489795918366,0.49019607843137253,0.6399999999999999,0.3830486194477791,Low Value
2789,56,Female,Boots,Footwear,92,Rhode Island,M,Olive,Summer,3.1,No,Free Shipping,0,0,2,Credit Card,Annually,1,0.0,0.9000000000000001,0.02040816326530612,0.0,0.2400000000000002,0.2121632653061225,Low Value
2790,28,Female,Sweater,Clothing,85,North Carolina,L,Orange,Fall,5.0,No,Express,0,0,28,Credit Card,Bi-Weekly,26,0.0,0.8125,0.5510204081632653,0.49019607843137253,1.0,0.6299669867947179,Medium Value
2791,34,Female,Socks,Clothing,63,Maine,M,Black,Spring,4.5,No,Free Shipping,0,0,24,Debit Card,Annually,1,0.0,0.5375000000000001,0.4693877551020408,0.0,0.8,0.37525510204081636,Low Value
2792,43,Female,Gloves,Accessories,60,Iowa,M,Yellow,Fall,2.8,No,Express,0,0,14,Venmo,Fortnightly,26,0.0,0.5,0.26530612244897955,0.49019607843137253,0.11999999999999988,0.36518127250900356,Low Value
2793,54,Female,Shorts,Clothing,44,Kentucky,L,Violet,Winter,3.2,No,Express,0,0,11,Credit Card,Weekly,52,0.0,0.30000000000000004,0.2040816326530612,0.9999999999999999,0.28000000000000025,0.4696326530612244,Medium Value
2794,37,Female,Boots,Footwear,57,Massachusetts,M,Silver,Spring,3.1,No,Standard,0,0,27,Debit Card,Bi-Weekly,26,0.0,0.4625,0.5306122448979591,0.49019607843137253,0.2400000000000002,0.47580372148859545,Medium Value
2795,33,Female,Jacket,Outerwear,24,New York,M,Gold,Fall,3.3,No,Standard,0,0,7,Cash,Fortnightly,26,0.0,0.050000000000000044,0.12244897959183673,0.49019607843137253,0.32000000000000006,0.23803841536614645,Low Value
2796,33,Female,Scarf,Accessories,35,Nebraska,M,Magenta,Winter,3.4,No,Store Pickup,0,0,49,PayPal,Annually,1,0.0,0.1875,0.9795918367346937,0.0,0.3600000000000001,0.4653367346938776,Medium Value
2797,55,Female,Jacket,Outerwear,73,Oklahoma,M,Red,Winter,3.8,No,Store Pickup,0,0,21,Cash,Annually,1,0.0,0.6625000000000001,0.4081632653061224,0.0,0.52,0.347765306122449,Low Value
2798,63,Female,Jewelry,Accessories,42,Oklahoma,M,Green,Winter,3.5,No,Express,0,0,10,Venmo,Every 3 Months,4,0.0,0.275,0.18367346938775508,0.058823529411764705,0.40000000000000013,0.18611644657863144,Low Value
2799,52,Female,Hoodie,Clothing,20,Rhode Island,XL,Red,Winter,4.8,No,Store Pickup,0,0,37,PayPal,Weekly,52,0.0,0.0,0.7346938775510203,0.9999999999999999,0.9199999999999999,0.685877551020408,Medium Value
2800,23,Female,T-shirt,Clothing,89,Maine,L,Pink,Spring,3.9,No,Free Shipping,0,0,9,Bank Transfer,Every 3 Months,4,0.0,0.8625,0.16326530612244897,0.058823529411764705,0.56,0.31145318127250904,Low Value
2801,70,Female,Shirt,Clothing,76,Arkansas,L,Violet,Fall,3.4,No,Free Shipping,0,0,14,Cash,Bi-Weekly,26,0.0,0.7000000000000001,0.26530612244897955,0.49019607843137253,0.3600000000000001,0.4291812725090036,Low Value
2802,64,Female,Shirt,Clothing,56,New Mexico,M,Indigo,Winter,2.6,No,Express,0,0,30,PayPal,Annually,1,0.0,0.45000000000000007,0.5918367346938774,0.0,0.040000000000000036,0.330734693877551,Low Value
2803,22,Female,Coat,Outerwear,100,Hawaii,L,Red,Fall,3.1,No,Store Pickup,0,0,42,Credit Card,Fortnightly,26,0.0,1.0,0.836734693877551,0.49019607843137253,0.2400000000000002,0.7057527010804322,Medium Value
2804,46,Female,T-shirt,Clothing,44,Idaho,M,Violet,Winter,3.3,No,Free Shipping,0,0,31,Bank Transfer,Monthly,12,0.0,0.30000000000000004,0.6122448979591836,0.21568627450980393,0.32000000000000006,0.40160384153661466,Low Value
2805,65,Female,Hoodie,Clothing,76,South Carolina,M,Cyan,Spring,2.8,No,Standard,0,0,48,Bank Transfer,Every 3 Months,4,0.0,0.7000000000000001,0.9591836734693877,0.058823529411764705,0.11999999999999988,0.5533205282112845,Medium Value
2806,18,Female,Sunglasses,Accessories,97,Nevada,S,Black,Fall,4.3,No,Standard,0,0,48,Cash,Quarterly,4,0.0,0.9625000000000001,0.9591836734693877,0.058823529411764705,0.72,0.6658205282112845,Medium Value
2807,45,Female,Blouse,Clothing,39,South Carolina,L,Purple,Spring,2.7,No,Standard,0,0,50,Credit Card,Annually,1,0.0,0.23750000000000004,1.0,0.0,0.08000000000000007,0.4555,Medium Value
2808,56,Female,Hoodie,Clothing,100,Maryland,M,Charcoal,Spring,4.4,No,2-Day Shipping,0,0,10,Debit Card,Fortnightly,26,0.0,1.0,0.18367346938775508,0.49019607843137253,0.7600000000000002,0.4965282112845138,Medium Value
2809,49,Female,Skirt,Clothing,62,Tennessee,M,Beige,Spring,3.9,No,Free Shipping,0,0,45,PayPal,Every 3 Months,4,0.0,0.525,0.8979591836734693,0.058823529411764705,0.56,0.5378307322929172,Medium Value
2810,66,Female,Shorts,Clothing,98,Arkansas,XL,Teal,Summer,3.0,No,Standard,0,0,27,Debit Card,Quarterly,4,0.0,0.9750000000000001,0.5306122448979591,0.058823529411764705,0.20000000000000018,0.4448919567827131,Low Value
2811,27,Female,Jeans,Clothing,31,Arizona,M,Purple,Summer,4.0,No,Standard,0,0,10,Debit Card,Fortnightly,26,0.0,0.1375,0.18367346938775508,0.49019607843137253,0.6000000000000001,0.3080282112845138,Low Value
2812,69,Female,Jacket,Outerwear,89,Ohio,M,Blue,Fall,3.7,No,Store Pickup,0,0,19,Credit Card,Quarterly,4,0.0,0.8625,0.36734693877551017,0.058823529411764705,0.4800000000000002,0.38508583433373356,Low Value
2813,66,Female,Hoodie,Clothing,91,North Dakota,XL,Magenta,Fall,3.8,No,Store Pickup,0,0,1,Credit Card,Every 3 Months,4,0.0,0.8875,0.0,0.058823529411764705,0.52,0.2471470588235294,Low Value
2814,45,Female,Shirt,Clothing,50,Vermont,S,Maroon,Summer,3.3,No,2-Day Shipping,0,0,39,Debit Card,Quarterly,4,0.0,0.375,0.7755102040816325,0.058823529411764705,0.32000000000000006,0.43485114045618245,Low Value
2815,31,Female,T-shirt,Clothing,32,Minnesota,L,Gold,Winter,3.6,No,Standard,0,0,14,Bank Transfer,Monthly,12,0.0,0.15000000000000002,0.26530612244897955,0.21568627450980393,0.44000000000000017,0.244828331332533,Low Value
2816,33,Female,Blouse,Clothing,67,Idaho,L,Black,Fall,3.9,No,Free Shipping,0,0,40,Venmo,Every 3 Months,4,0.0,0.5875,0.7959183673469387,0.058823529411764705,0.56,0.5095144057623049,Medium Value
2817,43,Female,Skirt,Clothing,28,Maryland,M,Black,Spring,3.5,No,Free Shipping,0,0,45,Venmo,Weekly,52,0.0,0.10000000000000003,0.8979591836734693,0.9999999999999999,0.40000000000000013,0.7191836734693877,Medium Value
2818,25,Female,Backpack,Accessories,65,South Carolina,XL,Yellow,Winter,3.4,No,Standard,0,0,6,Venmo,Weekly,52,0.0,0.5625,0.10204081632653061,0.9999999999999999,0.3600000000000001,0.4893163265306122,Medium Value
2819,46,Female,Shorts,Clothing,73,California,M,Turquoise,Fall,4.7,No,Next Day Air,0,0,12,Debit Card,Annually,1,0.0,0.6625000000000001,0.22448979591836735,0.0,0.8800000000000001,0.310295918367347,Low Value
2820,67,Female,Shirt,Clothing,27,Georgia,L,Lavender,Spring,3.0,No,Free Shipping,0,0,19,Cash,Monthly,12,0.0,0.08750000000000002,0.36734693877551017,0.21568627450980393,0.20000000000000018,0.24914465786314527,Low Value
2821,26,Female,Backpack,Accessories,89,Vermont,L,Yellow,Summer,3.9,No,Free Shipping,0,0,5,Cash,Bi-Weekly,26,0.0,0.8625,0.08163265306122448,0.49019607843137253,0.56,0.4082118847539015,Low Value
2822,35,Female,Shoes,Footwear,72,Georgia,L,Olive,Summer,4.5,No,Standard,0,0,37,Venmo,Monthly,12,0.0,0.65,0.7346938775510203,0.21568627450980393,0.8,0.5685834333733493,Medium Value
2823,61,Female,Skirt,Clothing,37,New Jersey,S,Brown,Fall,4.1,No,Standard,0,0,33,PayPal,Quarterly,4,0.0,0.21250000000000002,0.6530612244897959,0.058823529411764705,0.6399999999999999,0.3853715486194477,Low Value
2824,26,Female,Dress,Clothing,63,Utah,M,Olive,Summer,4.5,No,Standard,0,0,47,Debit Card,Bi-Weekly,26,0.0,0.5375000000000001,0.9387755102040816,0.49019607843137253,0.8,0.7100690276110444,Medium Value
2825,39,Female,Hat,Accessories,90,Utah,M,Purple,Fall,4.0,No,Free Shipping,0,0,49,Debit Card,Quarterly,4,0.0,0.875,0.9795918367346937,0.058823529411764705,0.6000000000000001,0.644483793517407,Medium Value
2826,69,Female,Handbag,Accessories,62,North Carolina,M,Yellow,Winter,4.3,No,2-Day Shipping,0,0,28,Bank Transfer,Annually,1,0.0,0.525,0.5510204081632653,0.0,0.72,0.3974081632653061,Low Value
2827,32,Female,Handbag,Accessories,43,Florida,L,Brown,Fall,3.6,No,Express,0,0,23,Venmo,Annually,1,0.0,0.2875,0.44897959183673464,0.0,0.44000000000000017,0.2810918367346939,Low Value
2828,20,Female,Blouse,Clothing,96,Wisconsin,M,Magenta,Fall,3.1,No,Next Day Air,0,0,11,Bank Transfer,Bi-Weekly,26,0.0,0.9500000000000002,0.2040816326530612,0.49019607843137253,0.2400000000000002,0.4426914765906363,Low Value
2829,25,Female,Scarf,Accessories,83,Tennessee,L,Lavender,Fall,2.6,No,Standard,0,0,33,PayPal,Quarterly,4,0.0,0.7875000000000001,0.6530612244897959,0.058823529411764705,0.040000000000000036,0.4403715486194478,Low Value
2830,56,Female,Jewelry,Accessories,67,Arizona,XL,Teal,Fall,3.4,No,Next Day Air,0,0,47,Cash,Weekly,52,0.0,0.5875,0.9387755102040816,0.9999999999999999,0.3600000000000001,0.8290102040816326,High Value
2831,63,Female,Skirt,Clothing,90,Oregon,L,Cyan,Spring,2.9,No,Store Pickup,0,0,13,Venmo,Every 3 Months,4,0.0,0.875,0.24489795918367344,0.058823529411764705,0.15999999999999992,0.30660624249699886,Low Value
2832,34,Female,Hoodie,Clothing,53,Virginia,L,Pink,Winter,5.0,No,Express,0,0,4,Credit Card,Weekly,52,0.0,0.4125000000000001,0.061224489795918366,0.9999999999999999,1.0,0.5069897959183673,Medium Value
2833,29,Female,Scarf,Accessories,37,Maryland,M,Magenta,Summer,4.6,No,Standard,0,0,40,PayPal,Quarterly,4,0.0,0.21250000000000002,0.7959183673469387,0.058823529411764705,0.8399999999999999,0.46251440576230485,Medium Value
2834,43,Female,Jeans,Clothing,56,Arkansas,M,Teal,Fall,3.3,No,Free Shipping,0,0,19,Cash,Monthly,12,0.0,0.45000000000000007,0.36734693877551017,0.21568627450980393,0.32000000000000006,0.3336446578631453,Low Value
2835,39,Female,Jacket,Outerwear,43,Texas,M,Indigo,Fall,2.9,No,2-Day Shipping,0,0,17,Credit Card,Weekly,52,0.0,0.2875,0.32653061224489793,0.9999999999999999,0.15999999999999992,0.5041122448979591,Medium Value
2836,33,Female,T-shirt,Clothing,84,Vermont,S,Pink,Winter,4.9,No,Free Shipping,0,0,7,Venmo,Annually,1,0.0,0.8,0.12244897959183673,0.0,0.9600000000000002,0.30497959183673473,Low Value
2837,51,Female,Pants,Clothing,50,Wyoming,M,Charcoal,Winter,5.0,No,2-Day Shipping,0,0,21,Cash,Bi-Weekly,26,0.0,0.375,0.4081632653061224,0.49019607843137253,1.0,0.4853241296518608,Medium Value
2838,65,Female,Shoes,Footwear,88,Alabama,M,Brown,Summer,4.5,No,Express,0,0,44,PayPal,Weekly,52,0.0,0.8500000000000001,0.8775510204081631,0.9999999999999999,0.8,0.9010204081632653,High Value
2839,51,Female,Jacket,Outerwear,50,Maine,M,Blue,Fall,3.7,No,Free Shipping,0,0,2,Bank Transfer,Weekly,52,0.0,0.375,0.02040816326530612,0.9999999999999999,0.4800000000000002,0.4311632653061224,Low Value
2840,70,Female,Scarf,Accessories,80,South Dakota,L,Teal,Summer,2.8,No,Store Pickup,0,0,30,Bank Transfer,Monthly,12,0.0,0.75,0.5918367346938774,0.21568627450980393,0.11999999999999988,0.4634405762304922,Medium Value
2841,40,Female,T-shirt,Clothing,47,West Virginia,L,Pink,Spring,3.5,No,Store Pickup,0,0,41,Cash,Annually,1,0.0,0.3375,0.8163265306122448,0.0,0.40000000000000013,0.434030612244898,Low Value
2842,19,Female,Dress,Clothing,33,Ohio,XL,Magenta,Winter,3.0,No,2-Day Shipping,0,0,31,Cash,Weekly,52,0.0,0.16250000000000003,0.6122448979591836,0.9999999999999999,0.20000000000000018,0.5973979591836733,Medium Value
2843,28,Female,Coat,Outerwear,100,Arizona,L,Green,Fall,4.3,No,Standard,0,0,48,Debit Card,Quarterly,4,0.0,1.0,0.9591836734693877,0.058823529411764705,0.72,0.6733205282112845,Medium Value
2844,51,Female,Sweater,Clothing,26,Ohio,M,White,Summer,3.6,No,Store Pickup,0,0,41,Venmo,Weekly,52,0.0,0.07500000000000001,0.8163265306122448,0.9999999999999999,0.44000000000000017,0.685530612244898,Medium Value
2845,32,Female,Hat,Accessories,79,New Mexico,M,Indigo,Summer,4.4,No,Standard,0,0,42,Venmo,Annually,1,0.0,0.7375,0.836734693877551,0.0,0.7600000000000002,0.5581938775510205,Medium Value
2846,26,Female,Backpack,Accessories,77,South Dakota,L,Lavender,Summer,4.1,No,Express,0,0,39,Debit Card,Every 3 Months,4,0.0,0.7125,0.7755102040816325,0.058823529411764705,0.6399999999999999,0.5343511404561824,Medium Value
2847,50,Female,Socks,Clothing,36,Oklahoma,XL,Black,Fall,2.8,No,Next Day Air,0,0,15,PayPal,Bi-Weekly,26,0.0,0.2,0.28571428571428564,0.49019607843137253,0.11999999999999988,0.31334453781512606,Low Value
2848,68,Female,Jewelry,Accessories,21,Connecticut,L,Charcoal,Winter,2.8,No,Free Shipping,0,0,3,PayPal,Every 3 Months,4,0.0,0.012500000000000011,0.04081632653061225,0.058823529411764705,0.11999999999999988,0.0484735894357743,Low Value
2849,33,Female,Boots,Footwear,72,Wisconsin,L,Gray,Fall,4.9,No,Store Pickup,0,0,28,Bank Transfer,Quarterly,4,0.0,0.65,0.5510204081632653,0.058823529411764705,0.9600000000000002,0.46405522208883554,Medium Value
2850,56,Female,Coat,Outerwear,25,New Hampshire,M,Gold,Spring,4.1,No,Express,0,0,27,PayPal,Bi-Weekly,26,0.0,0.0625,0.5306122448979591,0.49019607843137253,0.6399999999999999,0.4358037214885954,Low Value
2851,57,Female,Sweater,Clothing,79,Nebraska,M,Silver,Spring,3.0,No,Store Pickup,0,0,36,Debit Card,Annually,1,0.0,0.7375,0.7142857142857142,0.0,0.20000000000000018,0.45321428571428574,Medium Value
2852,58,Female,Blouse,Clothing,73,Nevada,L,Teal,Summer,3.0,No,Store Pickup,0,0,42,Debit Card,Monthly,12,0.0,0.6625000000000001,0.836734693877551,0.21568627450980393,0.20000000000000018,0.5518997599039617,Medium Value
2853,40,Female,Belt,Accessories,71,New York,M,Magenta,Spring,3.0,No,Store Pickup,0,0,30,Venmo,Weekly,52,0.0,0.6375000000000001,0.5918367346938774,0.9999999999999999,0.20000000000000018,0.684234693877551,Medium Value
2854,37,Female,Hat,Accessories,48,Pennsylvania,M,Magenta,Winter,3.2,No,Next Day Air,0,0,9,PayPal,Weekly,52,0.0,0.3500000000000001,0.16326530612244897,0.9999999999999999,0.28000000000000025,0.46330612244897956,Medium Value
2855,36,Female,Sandals,Footwear,28,Delaware,M,Beige,Fall,2.7,No,Store Pickup,0,0,25,Venmo,Monthly,12,0.0,0.10000000000000003,0.4897959183673469,0.21568627450980393,0.08000000000000007,0.28862424969988,Low Value
2856,29,Female,Boots,Footwear,95,Mississippi,S,Maroon,Winter,3.8,No,2-Day Shipping,0,0,33,PayPal,Quarterly,4,0.0,0.9375,0.6530612244897959,0.058823529411764705,0.52,0.5183715486194478,Medium Value
2857,65,Female,Jacket,Outerwear,48,Iowa,M,Indigo,Winter,3.5,No,2-Day Shipping,0,0,31,Credit Card,Monthly,12,0.0,0.3500000000000001,0.6122448979591836,0.21568627450980393,0.40000000000000013,0.4196038415366147,Low Value
2858,44,Female,Dress,Clothing,93,Utah,S,Maroon,Spring,3.8,No,Next Day Air,0,0,35,Debit Card,Monthly,12,0.0,0.9125000000000001,0.693877551020408,0.21568627450980393,0.52,0.5767569027611045,Medium Value
2859,34,Female,Jeans,Clothing,87,Maryland,L,Teal,Summer,3.8,No,2-Day Shipping,0,0,46,Bank Transfer,Monthly,12,0.0,0.8375000000000001,0.9183673469387754,0.21568627450980393,0.52,0.6515528211284514,Medium Value
2860,31,Female,Shorts,Clothing,32,Utah,L,Yellow,Fall,3.4,No,Express,0,0,29,Bank Transfer,Annually,1,0.0,0.15000000000000002,0.5714285714285714,0.0,0.3600000000000001,0.2945714285714286,Low Value
2861,28,Female,Shirt,Clothing,38,Rhode Island,M,Gold,Spring,2.9,No,Next Day Air,0,0,49,Bank Transfer,Weekly,52,0.0,0.22500000000000003,0.9795918367346937,0.9999999999999999,0.15999999999999992,0.7528367346938775,High Value
2862,66,Female,Coat,Outerwear,54,Maryland,M,Teal,Fall,3.4,No,Free Shipping,0,0,27,Credit Card,Monthly,12,0.0,0.42500000000000004,0.5306122448979591,0.21568627450980393,0.3600000000000001,0.3979507803121249,Low Value
2863,68,Female,Coat,Outerwear,75,Hawaii,S,Violet,Summer,4.7,No,Store Pickup,0,0,5,Bank Transfer,Every 3 Months,4,0.0,0.6875,0.08163265306122448,0.058823529411764705,0.8800000000000001,0.27580012004801924,Low Value
2864,37,Female,T-shirt,Clothing,56,Connecticut,M,Yellow,Fall,3.9,No,2-Day Shipping,0,0,18,Venmo,Monthly,12,0.0,0.45000000000000007,0.346938775510204,0.21568627450980393,0.56,0.3494813925570228,Low Value
2865,58,Female,Sweater,Clothing,43,Illinois,S,Maroon,Fall,3.6,No,Store Pickup,0,0,31,Venmo,Weekly,52,0.0,0.2875,0.6122448979591836,0.9999999999999999,0.44000000000000017,0.6463979591836734,Medium Value
2866,28,Female,Skirt,Clothing,97,California,M,Silver,Fall,3.7,No,Free Shipping,0,0,27,Cash,Fortnightly,26,0.0,0.9625000000000001,0.5306122448979591,0.49019607843137253,0.4800000000000002,0.5998037214885955,Medium Value
2867,54,Female,Blouse,Clothing,75,Connecticut,S,Violet,Summer,3.1,No,Free Shipping,0,0,19,Cash,Annually,1,0.0,0.6875,0.36734693877551017,0.0,0.2400000000000002,0.3084387755102041,Low Value
2868,21,Female,Sneakers,Footwear,55,Colorado,L,White,Summer,4.9,No,Next Day Air,0,0,33,Cash,Fortnightly,26,0.0,0.4375,0.6530612244897959,0.49019607843137253,0.9600000000000002,0.5917833133253301,Medium Value
2869,45,Female,Backpack,Accessories,49,Colorado,M,Black,Winter,2.6,No,Next Day Air,0,0,42,PayPal,Every 3 Months,4,0.0,0.36250000000000004,0.836734693877551,0.058823529411764705,0.040000000000000036,0.42884093637454984,Low Value
2870,57,Female,Socks,Clothing,58,Georgia,M,White,Summer,4.2,No,Standard,0,0,16,Bank Transfer,Weekly,52,0.0,0.4750000000000001,0.3061224489795918,0.9999999999999999,0.6800000000000002,0.5854489795918367,Medium Value
2871,47,Female,Jewelry,Accessories,34,North Dakota,M,Blue,Winter,4.8,No,Free Shipping,0,0,49,Debit Card,Every 3 Months,4,0.0,0.17500000000000004,0.9795918367346937,0.058823529411764705,0.9199999999999999,0.5364837935174069,Medium Value
2872,46,Female,Shorts,Clothing,43,Idaho,S,Black,Summer,2.7,No,2-Day Shipping,0,0,40,Venmo,Bi-Weekly,26,0.0,0.2875,0.7959183673469387,0.49019607843137253,0.08000000000000007,0.5309261704681872,Medium Value
2873,63,Female,Jewelry,Accessories,48,Connecticut,L,Olive,Fall,2.6,No,Next Day Air,0,0,5,Cash,Annually,1,0.0,0.3500000000000001,0.08163265306122448,0.0,0.040000000000000036,0.10665306122448981,Low Value
2874,44,Female,Sweater,Clothing,40,Montana,M,Teal,Spring,2.6,No,Free Shipping,0,0,8,Bank Transfer,Monthly,12,0.0,0.25,0.14285714285714285,0.21568627450980393,0.040000000000000036,0.17584873949579832,Low Value
2875,36,Female,Shirt,Clothing,29,Colorado,L,Silver,Summer,3.1,No,Standard,0,0,2,Debit Card,Annually,1,0.0,0.11250000000000004,0.02040816326530612,0.0,0.2400000000000002,0.05466326530612248,Low Value
2876,24,Female,Pants,Clothing,81,Kentucky,M,Pink,Fall,2.6,No,Free Shipping,0,0,14,Debit Card,Weekly,52,0.0,0.7625,0.26530612244897955,0.9999999999999999,0.040000000000000036,0.5626224489795918,Medium Value
2877,65,Female,Hoodie,Clothing,84,New Mexico,M,Charcoal,Spring,3.4,No,2-Day Shipping,0,0,5,Bank Transfer,Fortnightly,26,0.0,0.8,0.08163265306122448,0.49019607843137253,0.3600000000000001,0.3757118847539016,Low Value
2878,32,Female,Socks,Clothing,46,New Jersey,M,Silver,Summer,3.6,No,Standard,0,0,34,Venmo,Monthly,12,0.0,0.32500000000000007,0.673469387755102,0.21568627450980393,0.44000000000000017,0.44309363745498204,Low Value
2879,63,Female,Dress,Clothing,86,California,L,Turquoise,Summer,4.3,No,Next Day Air,0,0,13,Bank Transfer,Annually,1,0.0,0.825,0.24489795918367344,0.0,0.72,0.3349591836734694,Low Value
2880,62,Female,Blouse,Clothing,57,North Dakota,XL,Turquoise,Winter,4.9,No,Free Shipping,0,0,31,Venmo,Annually,1,0.0,0.4625,0.6122448979591836,0.0,0.9600000000000002,0.43339795918367346,Low Value
2881,19,Female,Skirt,Clothing,61,Florida,L,Beige,Winter,4.8,No,Store Pickup,0,0,43,PayPal,Quarterly,4,0.0,0.5125000000000001,0.8571428571428571,0.058823529411764705,0.9199999999999999,0.5550042016806723,Medium Value
2882,38,Female,Backpack,Accessories,90,Texas,M,Cyan,Winter,4.2,No,Free Shipping,0,0,6,Bank Transfer,Annually,1,0.0,0.875,0.10204081632653061,0.0,0.6800000000000002,0.2838163265306123,Low Value
2883,59,Female,Blouse,Clothing,51,Oklahoma,L,Gold,Winter,2.6,No,Store Pickup,0,0,23,Credit Card,Bi-Weekly,26,0.0,0.38750000000000007,0.44897959183673464,0.49019607843137253,0.040000000000000036,0.4081506602641056,Low Value
2884,22,Female,Socks,Clothing,48,Rhode Island,XL,Silver,Spring,3.2,No,Standard,0,0,10,PayPal,Weekly,52,0.0,0.3500000000000001,0.18367346938775508,0.9999999999999999,0.28000000000000025,0.471469387755102,Medium Value
2885,55,Female,Boots,Footwear,50,Arkansas,M,Purple,Summer,3.4,No,2-Day Shipping,0,0,47,Credit Card,Every 3 Months,4,0.0,0.375,0.9387755102040816,0.058823529411764705,0.3600000000000001,0.504157262905162,Medium Value
2886,29,Female,Backpack,Accessories,82,Nevada,M,Yellow,Summer,3.5,No,Next Day Air,0,0,14,Credit Card,Bi-Weekly,26,0.0,0.7750000000000001,0.26530612244897955,0.49019607843137253,0.40000000000000013,0.44818127250900364,Low Value
2887,42,Female,Hat,Accessories,33,Utah,L,Blue,Spring,4.2,No,Free Shipping,0,0,29,PayPal,Weekly,52,0.0,0.16250000000000003,0.5714285714285714,0.9999999999999999,0.6800000000000002,0.6290714285714285,Medium Value
2888,23,Female,Sandals,Footwear,28,Kentucky,L,Blue,Winter,2.8,No,Express,0,0,12,Cash,Bi-Weekly,26,0.0,0.10000000000000003,0.22448979591836735,0.49019607843137253,0.11999999999999988,0.26885474189675873,Low Value
2889,70,Female,Hoodie,Clothing,42,Wisconsin,L,Green,Spring,5.0,No,2-Day Shipping,0,0,25,Debit Card,Quarterly,4,0.0,0.275,0.4897959183673469,0.058823529411764705,1.0,0.36856542617046817,Low Value
2890,64,Female,Sunglasses,Accessories,43,Minnesota,M,Charcoal,Fall,3.3,No,Store Pickup,0,0,21,Venmo,Annually,1,0.0,0.2875,0.4081632653061224,0.0,0.32000000000000006,0.25276530612244896,Low Value
2891,39,Female,Jeans,Clothing,55,North Dakota,M,Violet,Winter,3.7,No,Free Shipping,0,0,23,Credit Card,Monthly,12,0.0,0.4375,0.44897959183673464,0.21568627450980393,0.4800000000000002,0.3797977190876351,Low Value
2892,47,Female,T-shirt,Clothing,73,Ohio,XL,Black,Winter,2.5,No,Free Shipping,0,0,10,PayPal,Monthly,12,0.0,0.6625000000000001,0.18367346938775508,0.21568627450980393,0.0,0.27067527010804326,Low Value
2893,22,Female,Dress,Clothing,39,Nevada,M,Teal,Spring,3.2,No,Standard,0,0,47,Credit Card,Monthly,12,0.0,0.23750000000000004,0.9387755102040816,0.21568627450980393,0.28000000000000025,0.5157160864345739,Medium Value
2894,69,Female,Belt,Accessories,20,Kentucky,S,Orange,Spring,3.1,No,Free Shipping,0,0,44,Debit Card,Every 3 Months,4,0.0,0.0,0.8775510204081631,0.058823529411764705,0.2400000000000002,0.3926674669867947,Low Value
2895,35,Female,Jewelry,Accessories,32,Kentucky,S,Brown,Spring,3.5,No,Standard,0,0,41,Venmo,Annually,1,0.0,0.15000000000000002,0.8163265306122448,0.0,0.40000000000000013,0.396530612244898,Low Value
2896,56,Female,Hoodie,Clothing,86,Montana,L,Green,Summer,4.6,No,Standard,0,0,29,Bank Transfer,Monthly,12,0.0,0.825,0.5714285714285714,0.21568627450980393,0.8399999999999999,0.5422773109243697,Medium Value
2897,30,Female,Blouse,Clothing,91,Delaware,M,Silver,Summer,3.3,No,Free Shipping,0,0,2,Venmo,Every 3 Months,4,0.0,0.8875,0.02040816326530612,0.058823529411764705,0.32000000000000006,0.23531032412965186,Low Value
2898,43,Female,Jacket,Outerwear,59,Montana,L,Violet,Fall,2.5,No,Free Shipping,0,0,2,Cash,Fortnightly,26,0.0,0.48750000000000004,0.02040816326530612,0.49019607843137253,0.0,0.2527220888355342,Low Value
2899,23,Female,Sneakers,Footwear,33,New Jersey,XL,Peach,Summer,4.6,No,Express,0,0,29,Credit Card,Annually,1,0.0,0.16250000000000003,0.5714285714285714,0.0,0.8399999999999999,0.3450714285714286,Low Value
2900,50,Female,Boots,Footwear,64,Nebraska,M,Gold,Spring,4.2,No,2-Day Shipping,0,0,22,Bank Transfer,Fortnightly,26,0.0,0.55,0.4285714285714285,0.49019607843137253,0.6800000000000002,0.49648739495798316,Medium Value
2901,41,Female,Blouse,Clothing,67,Maryland,XL,Violet,Winter,4.0,No,Standard,0,0,23,Cash,Bi-Weekly,26,0.0,0.5875,0.44897959183673464,0.49019607843137253,0.6000000000000001,0.5041506602641056,Medium Value
2902,41,Female,Blouse,Clothing,43,Alabama,L,Olive,Winter,2.6,No,Free Shipping,0,0,46,Credit Card,Quarterly,4,0.0,0.2875,0.9183673469387754,0.058823529411764705,0.040000000000000036,0.44649399759903957,Low Value
2903,27,Female,Boots,Footwear,32,North Carolina,S,Orange,Spring,4.6,No,Standard,0,0,19,PayPal,Bi-Weekly,26,0.0,0.15000000000000002,0.36734693877551017,0.49019607843137253,0.8399999999999999,0.40799759903961585,Low Value
2904,38,Female,Scarf,Accessories,39,Delaware,S,Teal,Spring,3.5,No,2-Day Shipping,0,0,24,Credit Card,Every 3 Months,4,0.0,0.23750000000000004,0.4693877551020408,0.058823529411764705,0.40000000000000013,0.2929021608643458,Low Value
2905,41,Female,Sandals,Footwear,41,Iowa,M,Gray,Spring,4.0,No,2-Day Shipping,0,0,43,Venmo,Monthly,12,0.0,0.26250000000000007,0.8571428571428571,0.21568627450980393,0.6000000000000001,0.5200630252100841,Medium Value
2906,58,Female,Sunglasses,Accessories,53,New York,L,Black,Winter,4.8,No,Standard,0,0,14,Debit Card,Fortnightly,26,0.0,0.4125000000000001,0.26530612244897955,0.49019607843137253,0.9199999999999999,0.42768127250900356,Low Value
2907,58,Female,Coat,Outerwear,27,Virginia,M,Indigo,Spring,3.9,No,Standard,0,0,7,Venmo,Annually,1,0.0,0.08750000000000002,0.12244897959183673,0.0,0.56,0.12247959183673471,Low Value
2908,19,Female,Sunglasses,Accessories,82,Maryland,XL,Lavender,Summer,3.7,No,Next Day Air,0,0,50,PayPal,Bi-Weekly,26,0.0,0.7750000000000001,1.0,0.49019607843137253,0.4800000000000002,0.7500588235294119,High Value
2909,43,Female,Blouse,Clothing,87,Texas,M,Beige,Winter,3.1,No,Store Pickup,0,0,15,Debit Card,Every 3 Months,4,0.0,0.8375000000000001,0.28571428571428564,0.058823529411764705,0.2400000000000002,0.32343277310924373,Low Value
2910,27,Female,Backpack,Accessories,78,Louisiana,M,Indigo,Winter,3.0,No,Next Day Air,0,0,40,Credit Card,Every 3 Months,4,0.0,0.7250000000000001,0.7959183673469387,0.058823529411764705,0.20000000000000018,0.5010144057623049,Medium Value
2911,32,Female,Belt,Accessories,32,Mississippi,M,Blue,Summer,2.9,No,Store Pickup,0,0,41,Credit Card,Monthly,12,0.0,0.15000000000000002,0.8163265306122448,0.21568627450980393,0.15999999999999992,0.43723649459783914,Low Value
2912,28,Female,Socks,Clothing,38,Ohio,XL,Orange,Fall,2.9,No,Next Day Air,0,0,34,Venmo,Quarterly,4,0.0,0.22500000000000003,0.673469387755102,0.058823529411764705,0.15999999999999992,0.34803481392557023,Low Value
2913,48,Female,Shoes,Footwear,37,Oregon,M,Yellow,Winter,4.0,No,Standard,0,0,27,Cash,Bi-Weekly,26,0.0,0.21250000000000002,0.5306122448979591,0.49019607843137253,0.6000000000000001,0.46180372148859544,Medium Value
2914,43,Female,Coat,Outerwear,83,Wyoming,L,Cyan,Winter,3.5,No,Express,0,0,12,Cash,Every 3 Months,4,0.0,0.7875000000000001,0.22448979591836735,0.058823529411764705,0.40000000000000013,0.30494297719087643,Low Value
2915,45,Female,Sweater,Clothing,72,Pennsylvania,M,Yellow,Fall,3.8,No,Express,0,0,1,Debit Card,Bi-Weekly,26,0.0,0.65,0.0,0.49019607843137253,0.52,0.32905882352941174,Low Value
2916,26,Female,Shirt,Clothing,30,Oregon,M,Cyan,Fall,4.5,No,Express,0,0,39,Debit Card,Bi-Weekly,26,0.0,0.125,0.7755102040816325,0.49019607843137253,0.8,0.5622629051620648,Medium Value
2917,62,Female,Shorts,Clothing,66,Oklahoma,M,Green,Winter,2.7,No,Express,0,0,13,Credit Card,Bi-Weekly,26,0.0,0.5750000000000001,0.24489795918367344,0.49019607843137253,0.08000000000000007,0.36801800720288114,Low Value
2918,58,Female,Shirt,Clothing,45,Colorado,XL,White,Winter,2.9,No,Store Pickup,0,0,50,Venmo,Annually,1,0.0,0.3125,1.0,0.0,0.15999999999999992,0.47850000000000004,Medium Value
2919,19,Female,Sunglasses,Accessories,73,New York,S,Black,Fall,4.9,No,Free Shipping,0,0,36,Cash,Weekly,52,0.0,0.6625000000000001,0.7142857142857142,0.9999999999999999,0.9600000000000002,0.8142142857142858,High Value
2920,64,Female,Shoes,Footwear,67,Minnesota,L,Charcoal,Winter,3.8,No,Standard,0,0,31,Debit Card,Monthly,12,0.0,0.5875,0.6122448979591836,0.21568627450980393,0.52,0.4791038415366146,Medium Value
2921,33,Female,Sunglasses,Accessories,72,Texas,XL,Brown,Spring,4.9,No,Free Shipping,0,0,3,Debit Card,Bi-Weekly,26,0.0,0.65,0.04081632653061225,0.49019607843137253,0.9600000000000002,0.3893853541416567,Low Value
2922,20,Female,Handbag,Accessories,24,Wisconsin,M,Cyan,Fall,4.6,No,Standard,0,0,11,Cash,Fortnightly,26,0.0,0.050000000000000044,0.2040816326530612,0.49019607843137253,0.8399999999999999,0.32269147659063624,Low Value
2923,45,Female,Sunglasses,Accessories,68,Kentucky,L,Beige,Winter,3.5,No,Express,0,0,16,PayPal,Quarterly,4,0.0,0.6000000000000001,0.3061224489795918,0.058823529411764705,0.40000000000000013,0.3000960384153662,Low Value
2924,28,Female,Shirt,Clothing,70,Pennsylvania,M,Magenta,Spring,4.2,No,2-Day Shipping,0,0,12,Cash,Quarterly,4,0.0,0.625,0.22448979591836735,0.058823529411764705,0.6800000000000002,0.30044297719087637,Low Value
2925,47,Female,Shirt,Clothing,64,Rhode Island,L,Indigo,Winter,3.7,No,Free Shipping,0,0,37,Debit Card,Every 3 Months,4,0.0,0.55,0.7346938775510203,0.058823529411764705,0.4800000000000002,0.4695246098439376,Medium Value
2926,54,Female,Sweater,Clothing,91,Illinois,M,Maroon,Spring,2.8,No,Store Pickup,0,0,43,Credit Card,Every 3 Months,4,0.0,0.8875,0.8571428571428571,0.058823529411764705,0.11999999999999988,0.5500042016806723,Medium Value
2927,64,Female,Handbag,Accessories,82,Maryland,M,Gray,Winter,4.8,No,2-Day Shipping,0,0,9,Cash,Weekly,52,0.0,0.7750000000000001,0.16326530612244897,0.9999999999999999,0.9199999999999999,0.6123061224489795,Medium Value
2928,45,Female,Shirt,Clothing,24,Missouri,M,Black,Summer,2.7,No,Express,0,0,15,Venmo,Bi-Weekly,26,0.0,0.050000000000000044,0.28571428571428564,0.49019607843137253,0.08000000000000007,0.279344537815126,Low Value
2929,40,Female,Jewelry,Accessories,80,Alabama,L,Yellow,Spring,3.6,No,Store Pickup,0,0,17,Credit Card,Weekly,52,0.0,0.75,0.32653061224489793,0.9999999999999999,0.44000000000000017,0.6246122448979592,Medium Value
2930,31,Female,Socks,Clothing,53,Maine,XL,White,Winter,4.5,No,Next Day Air,0,0,42,Venmo,Fortnightly,26,0.0,0.4125000000000001,0.836734693877551,0.49019607843137253,0.8,0.6442527010804322,Medium Value
2931,38,Female,T-shirt,Clothing,50,Mississippi,M,Orange,Spring,4.0,No,Free Shipping,0,0,14,Venmo,Monthly,12,0.0,0.375,0.26530612244897955,0.21568627450980393,0.6000000000000001,0.305828331332533,Low Value
2932,36,Female,Jewelry,Accessories,31,Alabama,M,Magenta,Fall,4.5,No,2-Day Shipping,0,0,49,Credit Card,Bi-Weekly,26,0.0,0.1375,0.9795918367346937,0.49019607843137253,0.8,0.6463955582232892,Medium Value
2933,65,Female,Backpack,Accessories,88,Alaska,L,Black,Spring,3.9,No,Express,0,0,3,PayPal,Quarterly,4,0.0,0.8500000000000001,0.04081632653061225,0.058823529411764705,0.56,0.25997358943577437,Low Value
2934,27,Female,Hat,Accessories,52,Illinois,M,Brown,Summer,3.8,No,Standard,0,0,28,Venmo,Monthly,12,0.0,0.4,0.5510204081632653,0.21568627450980393,0.52,0.4171140456182473,Low Value
2935,38,Female,Gloves,Accessories,22,Idaho,M,Orange,Fall,4.7,No,Next Day Air,0,0,41,Bank Transfer,Quarterly,4,0.0,0.025000000000000022,0.8163265306122448,0.058823529411764705,0.8800000000000001,0.43717767106842736,Low Value
2936,58,Female,Sneakers,Footwear,27,North Carolina,XL,Gray,Spring,4.6,No,Standard,0,0,11,Venmo,Weekly,52,0.0,0.08750000000000002,0.2040816326530612,0.9999999999999999,0.8399999999999999,0.48313265306122444,Medium Value
2937,31,Female,Skirt,Clothing,34,Washington,M,White,Spring,3.6,No,Express,0,0,46,PayPal,Weekly,52,0.0,0.17500000000000004,0.9183673469387754,0.9999999999999999,0.44000000000000017,0.7463469387755102,Medium Value
2938,28,Female,Handbag,Accessories,39,West Virginia,M,White,Spring,4.3,No,2-Day Shipping,0,0,15,Credit Card,Weekly,52,0.0,0.23750000000000004,0.28571428571428564,0.9999999999999999,0.72,0.5337857142857142,Medium Value
2939,28,Female,Sunglasses,Accessories,53,Maine,M,Violet,Fall,3.0,No,Standard,0,0,15,Cash,Monthly,12,0.0,0.4125000000000001,0.28571428571428564,0.21568627450980393,0.20000000000000018,0.2814915966386555,Low Value
2940,32,Female,Sweater,Clothing,46,Kentucky,M,Beige,Winter,4.3,No,Express,0,0,34,Venmo,Weekly,52,0.0,0.32500000000000007,0.673469387755102,0.9999999999999999,0.72,0.7063877551020408,Medium Value
2941,61,Female,Handbag,Accessories,85,Massachusetts,L,Beige,Summer,4.8,No,Next Day Air,0,0,13,Cash,Monthly,12,0.0,0.8125,0.24489795918367344,0.21568627450980393,0.9199999999999999,0.41716506602641057,Low Value
2942,38,Female,Skirt,Clothing,86,Pennsylvania,L,Purple,Spring,3.7,No,Free Shipping,0,0,27,PayPal,Monthly,12,0.0,0.825,0.5306122448979591,0.21568627450980393,0.4800000000000002,0.4899507803121249,Medium Value
2943,54,Female,Socks,Clothing,63,Hawaii,M,Brown,Summer,2.6,No,Free Shipping,0,0,37,Bank Transfer,Weekly,52,0.0,0.5375000000000001,0.7346938775510203,0.9999999999999999,0.040000000000000036,0.7053775510204081,Medium Value
2944,29,Female,Shirt,Clothing,44,Virginia,M,Orange,Spring,3.4,No,Standard,0,0,37,Credit Card,Monthly,12,0.0,0.30000000000000004,0.7346938775510203,0.21568627450980393,0.3600000000000001,0.45458343337334933,Medium Value
2945,50,Female,Sneakers,Footwear,95,New York,XL,Cyan,Summer,3.9,No,Free Shipping,0,0,4,Venmo,Every 3 Months,4,0.0,0.9375,0.061224489795918366,0.058823529411764705,0.56,0.28563685474189676,Low Value
2946,32,Female,Belt,Accessories,49,Delaware,M,Charcoal,Summer,4.8,No,Free Shipping,0,0,1,Credit Card,Every 3 Months,4,0.0,0.36250000000000004,0.0,0.058823529411764705,0.9199999999999999,0.1821470588235294,Low Value
2947,38,Female,Pants,Clothing,77,Hawaii,L,Purple,Spring,2.8,No,Free Shipping,0,0,29,Bank Transfer,Quarterly,4,0.0,0.7125,0.5714285714285714,0.058823529411764705,0.11999999999999988,0.40071848739495797,Low Value
2948,52,Female,Jewelry,Accessories,63,Nebraska,L,Peach,Spring,4.4,No,Standard,0,0,50,Venmo,Annually,1,0.0,0.5375000000000001,1.0,0.0,0.7600000000000002,0.5835000000000001,Medium Value
2949,61,Female,Pants,Clothing,83,Vermont,M,Violet,Winter,3.1,No,Standard,0,0,38,Debit Card,Bi-Weekly,26,0.0,0.7875000000000001,0.7551020408163265,0.49019607843137253,0.2400000000000002,0.6305996398559424,Medium Value
2950,25,Female,Jewelry,Accessories,93,Iowa,M,Peach,Spring,3.8,No,Store Pickup,0,0,15,PayPal,Annually,1,0.0,0.9125000000000001,0.28571428571428564,0.0,0.52,0.3487857142857143,Low Value
2951,22,Female,Jeans,Clothing,91,Iowa,S,Maroon,Winter,4.1,No,2-Day Shipping,0,0,44,Debit Card,Every 3 Months,4,0.0,0.8875,0.8775510204081631,0.058823529411764705,0.6399999999999999,0.6101674669867946,Medium Value
2952,47,Female,Scarf,Accessories,99,Arkansas,L,Maroon,Fall,4.6,No,Free Shipping,0,0,14,Cash,Weekly,52,0.0,0.9875,0.26530612244897955,0.9999999999999999,0.8399999999999999,0.6876224489795918,Medium Value
2953,50,Female,Belt,Accessories,24,Alabama,M,Peach,Spring,4.9,No,Next Day Air,0,0,5,Debit Card,Monthly,12,0.0,0.050000000000000044,0.08163265306122448,0.21568627450980393,0.9600000000000002,0.203358943577431,Low Value
2954,45,Female,Dress,Clothing,82,Maryland,M,Silver,Summer,4.8,No,Next Day Air,0,0,11,Credit Card,Annually,1,0.0,0.7750000000000001,0.2040816326530612,0.0,0.9199999999999999,0.32863265306122447,Low Value
2955,33,Female,T-shirt,Clothing,28,South Dakota,M,Indigo,Winter,3.9,No,Express,0,0,15,Credit Card,Annually,1,0.0,0.10000000000000003,0.28571428571428564,0.0,0.56,0.19028571428571428,Low Value
2956,42,Female,Boots,Footwear,67,Vermont,M,Silver,Winter,2.6,No,Free Shipping,0,0,46,Credit Card,Annually,1,0.0,0.5875,0.9183673469387754,0.0,0.040000000000000036,0.48884693877551016,Medium Value
2957,52,Female,Dress,Clothing,88,Montana,M,Olive,Fall,3.7,No,Standard,0,0,30,Venmo,Monthly,12,0.0,0.8500000000000001,0.5918367346938774,0.21568627450980393,0.4800000000000002,0.5194405762304922,Medium Value
2958,69,Female,Jewelry,Accessories,70,South Dakota,S,Gray,Fall,4.7,No,Standard,0,0,2,Cash,Annually,1,0.0,0.625,0.02040816326530612,0.0,0.8800000000000001,0.22116326530612246,Low Value
2959,55,Female,Skirt,Clothing,100,Ohio,M,Black,Summer,4.5,No,Standard,0,0,28,PayPal,Monthly,12,0.0,1.0,0.5510204081632653,0.21568627450980393,0.8,0.5651140456182473,Medium Value
2960,38,Female,Handbag,Accessories,28,Texas,L,Maroon,Summer,4.7,No,Free Shipping,0,0,9,PayPal,Quarterly,4,0.0,0.10000000000000003,0.16326530612244897,0.058823529411764705,0.8800000000000001,0.19095318127250904,Low Value
2961,57,Female,Coat,Outerwear,48,Indiana,S,Olive,Spring,3.6,No,Standard,0,0,47,Credit Card,Weekly,52,0.0,0.3500000000000001,0.9387755102040816,0.9999999999999999,0.44000000000000017,0.7895102040816326,High Value
2962,33,Female,Hoodie,Clothing,43,New Hampshire,S,Gold,Fall,2.8,No,Free Shipping,0,0,21,Debit Card,Bi-Weekly,26,0.0,0.2875,0.4081632653061224,0.49019607843137253,0.11999999999999988,0.37982412965186074,Low Value
2963,57,Female,Pants,Clothing,40,California,L,Pink,Fall,4.0,No,Express,0,0,42,Credit Card,Every 3 Months,4,0.0,0.25,0.836734693877551,0.058823529411764705,0.6000000000000001,0.4623409363745498,Medium Value
2964,52,Female,Boots,Footwear,97,Maine,M,Brown,Spring,3.6,No,Free Shipping,0,0,28,Credit Card,Weekly,52,0.0,0.9625000000000001,0.5510204081632653,0.9999999999999999,0.44000000000000017,0.7569081632653061,High Value
2965,44,Female,Coat,Outerwear,25,Ohio,S,White,Fall,3.8,No,2-Day Shipping,0,0,13,Venmo,Fortnightly,26,0.0,0.0625,0.24489795918367344,0.49019607843137253,0.52,0.30951800720288114,Low Value
2966,48,Female,Scarf,Accessories,45,Delaware,M,Blue,Summer,4.4,No,Standard,0,0,25,PayPal,Fortnightly,26,0.0,0.3125,0.4897959183673469,0.49019607843137253,0.7600000000000002,0.48147719087635055,Medium Value
2967,52,Female,Boots,Footwear,49,Oklahoma,L,Orange,Fall,2.8,No,Store Pickup,0,0,38,Debit Card,Every 3 Months,4,0.0,0.36250000000000004,0.7551020408163265,0.058823529411764705,0.11999999999999988,0.40418787515006005,Low Value
2968,34,Female,Sneakers,Footwear,36,Indiana,L,Silver,Summer,3.4,No,Free Shipping,0,0,40,Venmo,Annually,1,0.0,0.2,0.7959183673469387,0.0,0.3600000000000001,0.3943673469387755,Low Value
2969,26,Female,Sweater,Clothing,48,South Carolina,S,Gray,Fall,4.9,No,Express,0,0,25,Cash,Every 3 Months,4,0.0,0.3500000000000001,0.4897959183673469,0.058823529411764705,0.9600000000000002,0.37956542617046823,Low Value
2970,36,Female,Belt,Accessories,62,Vermont,S,Blue,Fall,4.3,No,Next Day Air,0,0,20,Cash,Every 3 Months,4,0.0,0.525,0.38775510204081626,0.058823529411764705,0.72,0.34974909963985595,Low Value
2971,24,Female,Jewelry,Accessories,74,Kansas,M,White,Winter,3.4,No,Free Shipping,0,0,44,Credit Card,Bi-Weekly,26,0.0,0.675,0.8775510204081631,0.49019607843137253,0.3600000000000001,0.669079231692677,Medium Value
2972,30,Female,Handbag,Accessories,100,Utah,L,Yellow,Fall,3.9,No,Next Day Air,0,0,9,PayPal,Every 3 Months,4,0.0,1.0,0.16326530612244897,0.058823529411764705,0.56,0.338953181272509,Low Value
2973,31,Female,Jacket,Outerwear,39,New York,S,Indigo,Fall,4.2,No,Free Shipping,0,0,11,Venmo,Every 3 Months,4,0.0,0.23750000000000004,0.2040816326530612,0.058823529411764705,0.6800000000000002,0.21477971188475392,Low Value
2974,25,Female,Boots,Footwear,65,Indiana,M,Blue,Summer,2.7,No,Store Pickup,0,0,3,Bank Transfer,Fortnightly,26,0.0,0.5625,0.04081632653061225,0.49019607843137253,0.08000000000000007,0.28388535414165667,Low Value
2975,57,Female,Sneakers,Footwear,99,Tennessee,XL,Peach,Summer,4.1,No,Store Pickup,0,0,34,Credit Card,Weekly,52,0.0,0.9875,0.673469387755102,0.9999999999999999,0.6399999999999999,0.8308877551020407,High Value
2976,61,Female,Scarf,Accessories,68,Georgia,XL,Lavender,Winter,4.5,No,2-Day Shipping,0,0,48,Cash,Every 3 Months,4,0.0,0.6000000000000001,0.9591836734693877,0.058823529411764705,0.8,0.6013205282112846,Medium Value
2977,30,Female,Coat,Outerwear,97,Nebraska,M,Silver,Summer,2.8,No,Express,0,0,28,Cash,Fortnightly,26,0.0,0.9625000000000001,0.5510204081632653,0.49019607843137253,0.11999999999999988,0.5719669867947179,Medium Value
2978,38,Female,Shorts,Clothing,47,Washington,L,Gold,Winter,3.4,No,Standard,0,0,20,Venmo,Annually,1,0.0,0.3375,0.38775510204081626,0.0,0.3600000000000001,0.25860204081632654,Low Value
2979,53,Female,Shorts,Clothing,56,Idaho,S,Cyan,Spring,3.9,No,Free Shipping,0,0,49,Bank Transfer,Fortnightly,26,0.0,0.45000000000000007,0.9795918367346937,0.49019607843137253,0.56,0.6848955582232894,Medium Value
2980,31,Female,Jeans,Clothing,91,Louisiana,L,Olive,Fall,2.6,No,Next Day Air,0,0,14,PayPal,Weekly,52,0.0,0.8875,0.26530612244897955,0.9999999999999999,0.040000000000000036,0.5876224489795918,Medium Value
2981,70,Female,Gloves,Accessories,93,New Jersey,L,Teal,Fall,4.4,No,2-Day Shipping,0,0,9,Bank Transfer,Monthly,12,0.0,0.9125000000000001,0.16326530612244897,0.21568627450980393,0.7600000000000002,0.3885120048019208,Low Value
2982,21,Female,Pants,Clothing,36,Delaware,L,Pink,Winter,4.9,No,Standard,0,0,37,Venmo,Annually,1,0.0,0.2,0.7346938775510203,0.0,0.9600000000000002,0.4298775510204082,Low Value
2983,33,Female,Dress,Clothing,45,Wisconsin,M,Orange,Summer,3.6,No,Store Pickup,0,0,4,Credit Card,Weekly,52,0.0,0.3125,0.061224489795918366,0.9999999999999999,0.44000000000000017,0.43098979591836734,Low Value
2984,60,Female,Pants,Clothing,44,West Virginia,M,Charcoal,Winter,2.8,No,2-Day Shipping,0,0,1,Credit Card,Quarterly,4,0.0,0.30000000000000004,0.0,0.058823529411764705,0.11999999999999988,0.08964705882352941,Low Value
2985,45,Female,Gloves,Accessories,32,Texas,L,Red,Spring,4.3,No,2-Day Shipping,0,0,36,Debit Card,Bi-Weekly,26,0.0,0.15000000000000002,0.7142857142857142,0.49019607843137253,0.72,0.5347731092436975,Medium Value
2986,46,Female,Belt,Accessories,36,Hawaii,S,Teal,Summer,3.0,No,Express,0,0,21,Cash,Bi-Weekly,26,0.0,0.2,0.4081632653061224,0.49019607843137253,0.20000000000000018,0.3703241296518608,Low Value
2987,62,Female,Belt,Accessories,85,Arizona,S,Silver,Summer,3.3,No,2-Day Shipping,0,0,16,Credit Card,Monthly,12,0.0,0.8125,0.3061224489795918,0.21568627450980393,0.32000000000000006,0.38165486194477793,Low Value
2988,63,Female,Skirt,Clothing,36,Louisiana,L,Black,Winter,2.5,No,Store Pickup,0,0,42,Cash,Monthly,12,0.0,0.2,0.836734693877551,0.21568627450980393,0.0,0.43939975990396163,Low Value
2989,69,Female,Socks,Clothing,55,Nevada,S,Pink,Spring,5.0,No,2-Day Shipping,0,0,31,Debit Card,Monthly,12,0.0,0.4375,0.6122448979591836,0.21568627450980393,1.0,0.4971038415366147,Medium Value
2990,46,Female,Belt,Accessories,20,Rhode Island,XL,Teal,Summer,4.3,No,2-Day Shipping,0,0,6,Credit Card,Weekly,52,0.0,0.0,0.10204081632653061,0.9999999999999999,0.72,0.4128163265306122,Low Value
2991,69,Female,Shirt,Clothing,91,Illinois,M,Teal,Fall,4.2,No,Free Shipping,0,0,24,Venmo,Monthly,12,0.0,0.8875,0.4693877551020408,0.21568627450980393,0.6800000000000002,0.4979609843937575,Medium Value
2992,66,Female,Dress,Clothing,71,Utah,L,Green,Summer,3.9,No,Standard,0,0,7,PayPal,Bi-Weekly,26,0.0,0.6375000000000001,0.12244897959183673,0.49019607843137253,0.56,0.37953841536614646,Low Value
2993,41,Female,Socks,Clothing,64,North Dakota,M,Charcoal,Spring,3.9,No,Store Pickup,0,0,25,Venmo,Weekly,52,0.0,0.55,0.4897959183673469,0.9999999999999999,0.56,0.6619183673469388,Medium Value
2994,32,Female,Jacket,Outerwear,21,Kansas,L,Indigo,Spring,4.2,No,Free Shipping,0,0,18,Cash,Bi-Weekly,26,0.0,0.012500000000000011,0.346938775510204,0.49019607843137253,0.6800000000000002,0.3563343337334933,Low Value
2995,69,Female,Sweater,Clothing,100,Nevada,S,White,Winter,3.5,No,Store Pickup,0,0,14,Bank Transfer,Quarterly,4,0.0,1.0,0.26530612244897955,0.058823529411764705,0.40000000000000013,0.3637695078031213,Low Value
2996,29,Female,Jeans,Clothing,96,Virginia,M,Orange,Summer,2.5,No,Standard,0,0,42,Debit Card,Bi-Weekly,26,0.0,0.9500000000000002,0.836734693877551,0.49019607843137253,0.0,0.6717527010804323,Medium Value
2997,70,Female,Jewelry,Accessories,91,Utah,M,White,Spring,2.9,No,Express,0,0,6,Venmo,Every 3 Months,4,0.0,0.8875,0.10204081632653061,0.058823529411764705,0.15999999999999992,0.25196338535414164,Low Value
2998,41,Female,Sweater,Clothing,40,Idaho,S,Yellow,Spring,2.7,No,Next Day Air,0,0,14,Venmo,Every 3 Months,4,0.0,0.25,0.26530612244897955,0.058823529411764705,0.08000000000000007,0.18176950780312123,Low Value
2999,31,Female,Hoodie,Clothing,53,Alaska,M,Red,Summer,4.7,No,Express,0,0,30,Debit Card,Quarterly,4,0.0,0.4125000000000001,0.5918367346938774,0.058823529411764705,0.8800000000000001,0.4248817527010804,Low Value
3000,31,Female,Sunglasses,Accessories,48,New Hampshire,S,Charcoal,Winter,3.8,No,Standard,0,0,10,Cash,Monthly,12,0.0,0.3500000000000001,0.18367346938775508,0.21568627450980393,0.52,0.2601752701080432,Low Value
3001,57,Female,Sandals,Footwear,70,Ohio,M,Lavender,Winter,3.7,No,Express,0,0,7,PayPal,Weekly,52,0.0,0.625,0.12244897959183673,0.9999999999999999,0.4800000000000002,0.5219795918367347,Medium Value
3002,29,Female,Coat,Outerwear,29,Montana,L,Charcoal,Summer,4.7,No,Express,0,0,28,Credit Card,Quarterly,4,0.0,0.11250000000000004,0.5510204081632653,0.058823529411764705,0.8800000000000001,0.34855522208883555,Low Value
3003,70,Female,Belt,Accessories,29,Louisiana,M,Maroon,Fall,3.6,No,Next Day Air,0,0,19,Bank Transfer,Quarterly,4,0.0,0.11250000000000004,0.36734693877551017,0.058823529411764705,0.44000000000000017,0.2310858343337335,Low Value
3004,51,Female,Blouse,Clothing,53,Oregon,M,Brown,Fall,2.8,No,Express,0,0,13,Credit Card,Every 3 Months,4,0.0,0.4125000000000001,0.24489795918367344,0.058823529411764705,0.11999999999999988,0.2101062424969988,Low Value
3005,45,Female,Skirt,Clothing,79,Arizona,M,Lavender,Winter,3.7,No,Store Pickup,0,0,23,Venmo,Fortnightly,26,0.0,0.7375,0.44897959183673464,0.49019607843137253,0.4800000000000002,0.5221506602641056,Medium Value
3006,18,Female,Shorts,Clothing,65,Alaska,XL,Brown,Spring,3.5,No,Express,0,0,5,Venmo,Weekly,52,0.0,0.5625,0.08163265306122448,0.9999999999999999,0.40000000000000013,0.48515306122448976,Medium Value
3007,37,Female,Dress,Clothing,99,Utah,M,Olive,Summer,3.7,No,Store Pickup,0,0,17,Venmo,Bi-Weekly,26,0.0,0.9875,0.32653061224489793,0.49019607843137253,0.4800000000000002,0.5231710684273709,Medium Value
3008,23,Female,Sunglasses,Accessories,60,New York,L,Lavender,Winter,3.0,No,Next Day Air,0,0,31,Venmo,Weekly,52,0.0,0.5,0.6122448979591836,0.9999999999999999,0.20000000000000018,0.6648979591836733,Medium Value
3009,39,Female,Shoes,Footwear,86,New Mexico,M,Gold,Winter,4.9,No,Free Shipping,0,0,19,PayPal,Weekly,52,0.0,0.825,0.36734693877551017,0.9999999999999999,0.9600000000000002,0.707938775510204,Medium Value
3010,62,Female,Belt,Accessories,73,Louisiana,M,Silver,Winter,4.6,No,Free Shipping,0,0,8,Venmo,Fortnightly,26,0.0,0.6625000000000001,0.14285714285714285,0.49019607843137253,0.8399999999999999,0.4207016806722689,Low Value
3011,70,Female,Belt,Accessories,45,Ohio,M,Violet,Winter,3.3,No,Free Shipping,0,0,15,Credit Card,Annually,1,0.0,0.3125,0.28571428571428564,0.0,0.32000000000000006,0.20878571428571427,Low Value
3012,20,Female,Belt,Accessories,70,Nevada,S,Brown,Summer,3.0,No,Next Day Air,0,0,18,Credit Card,Every 3 Months,4,0.0,0.625,0.346938775510204,0.058823529411764705,0.20000000000000018,0.301422569027611,Low Value
3013,42,Female,Belt,Accessories,65,Idaho,M,Teal,Fall,3.5,No,Standard,0,0,16,PayPal,Annually,1,0.0,0.5625,0.3061224489795918,0.0,0.40000000000000013,0.27494897959183673,Low Value
3014,41,Female,Skirt,Clothing,55,Arizona,L,Peach,Summer,4.2,No,Store Pickup,0,0,13,Cash,Monthly,12,0.0,0.4375,0.24489795918367344,0.21568627450980393,0.6800000000000002,0.3181650660264106,Low Value
3015,24,Female,T-shirt,Clothing,65,Utah,M,Maroon,Spring,4.5,No,Express,0,0,38,PayPal,Every 3 Months,4,0.0,0.5625,0.7551020408163265,0.058823529411764705,0.8,0.51218787515006,Medium Value
3016,37,Female,Scarf,Accessories,21,Wyoming,XL,Lavender,Spring,2.8,No,Express,0,0,27,Bank Transfer,Bi-Weekly,26,0.0,0.012500000000000011,0.5306122448979591,0.49019607843137253,0.11999999999999988,0.3738037214885954,Low Value
3017,30,Female,Blouse,Clothing,26,Indiana,L,Lavender,Summer,4.9,No,Store Pickup,0,0,31,Bank Transfer,Quarterly,4,0.0,0.07500000000000001,0.6122448979591836,0.058823529411764705,0.9600000000000002,0.3735450180072029,Low Value
3018,58,Female,Sunglasses,Accessories,71,Wisconsin,S,Purple,Summer,3.3,No,Next Day Air,0,0,24,Cash,Bi-Weekly,26,0.0,0.6375000000000001,0.4693877551020408,0.49019607843137253,0.32000000000000006,0.49431392557022813,Medium Value
3019,43,Female,Boots,Footwear,41,Texas,M,Green,Summer,3.0,No,Free Shipping,0,0,21,Debit Card,Bi-Weekly,26,0.0,0.26250000000000007,0.4081632653061224,0.49019607843137253,0.20000000000000018,0.38282412965186075,Low Value
3020,19,Female,Jacket,Outerwear,44,Utah,M,Yellow,Winter,3.9,No,2-Day Shipping,0,0,15,PayPal,Annually,1,0.0,0.30000000000000004,0.28571428571428564,0.0,0.56,0.23028571428571426,Low Value
3021,23,Female,Jeans,Clothing,81,Arkansas,S,Charcoal,Fall,2.8,No,Store Pickup,0,0,48,Venmo,Every 3 Months,4,0.0,0.7625,0.9591836734693877,0.058823529411764705,0.11999999999999988,0.5658205282112845,Medium Value
3022,65,Female,Sunglasses,Accessories,77,Pennsylvania,S,Blue,Summer,4.5,No,2-Day Shipping,0,0,47,Cash,Quarterly,4,0.0,0.7125,0.9387755102040816,0.058823529411764705,0.8,0.6156572629051622,Medium Value
3023,58,Female,Sandals,Footwear,26,Georgia,M,Lavender,Fall,4.0,No,Free Shipping,0,0,23,PayPal,Weekly,52,0.0,0.07500000000000001,0.44897959183673464,0.9999999999999999,0.6000000000000001,0.5545918367346938,Medium Value
3024,50,Female,Backpack,Accessories,31,Indiana,M,Brown,Summer,2.9,No,Express,0,0,4,PayPal,Quarterly,4,0.0,0.1375,0.061224489795918366,0.058823529411764705,0.15999999999999992,0.08563685474189675,Low Value
3025,67,Female,Blouse,Clothing,82,Idaho,S,White,Spring,4.0,No,Free Shipping,0,0,47,Credit Card,Every 3 Months,4,0.0,0.7750000000000001,0.9387755102040816,0.058823529411764705,0.6000000000000001,0.6081572629051621,Medium Value
3026,40,Female,Shoes,Footwear,60,Montana,XL,Green,Summer,3.4,No,Store Pickup,0,0,7,PayPal,Monthly,12,0.0,0.5,0.12244897959183673,0.21568627450980393,0.3600000000000001,0.24968547418967588,Low Value
3027,55,Female,Shirt,Clothing,70,Tennessee,L,Magenta,Fall,2.5,No,Free Shipping,0,0,6,Credit Card,Annually,1,0.0,0.625,0.10204081632653061,0.0,0.0,0.16581632653061223,Low Value
3028,52,Female,Hoodie,Clothing,26,West Virginia,XL,Peach,Winter,2.8,No,2-Day Shipping,0,0,47,Credit Card,Quarterly,4,0.0,0.07500000000000001,0.9387755102040816,0.058823529411764705,0.11999999999999988,0.4201572629051621,Low Value
3029,62,Female,Dress,Clothing,100,California,L,Charcoal,Summer,3.0,No,Free Shipping,0,0,7,PayPal,Every 3 Months,4,0.0,1.0,0.12244897959183673,0.058823529411764705,0.20000000000000018,0.28662665066026416,Low Value
3030,64,Female,Dress,Clothing,82,Georgia,M,Gold,Summer,3.1,No,Free Shipping,0,0,1,Debit Card,Quarterly,4,0.0,0.7750000000000001,0.0,0.058823529411764705,0.2400000000000002,0.19664705882352945,Low Value
3031,43,Female,Sneakers,Footwear,24,Maryland,XL,Purple,Spring,2.6,No,2-Day Shipping,0,0,23,Credit Card,Weekly,52,0.0,0.050000000000000044,0.44897959183673464,0.9999999999999999,0.040000000000000036,0.4935918367346938,Medium Value
3032,61,Female,Blouse,Clothing,74,Idaho,L,Teal,Summer,4.9,No,2-Day Shipping,0,0,30,Credit Card,Monthly,12,0.0,0.675,0.5918367346938774,0.21568627450980393,0.9600000000000002,0.5324405762304922,Medium Value
3033,26,Female,Backpack,Accessories,58,California,XL,Green,Summer,3.5,No,Next Day Air,0,0,24,Credit Card,Quarterly,4,0.0,0.4750000000000001,0.4693877551020408,0.058823529411764705,0.40000000000000013,0.3404021608643458,Low Value
3034,22,Female,Sweater,Clothing,56,Alabama,L,Orange,Spring,2.6,No,Store Pickup,0,0,9,PayPal,Weekly,52,0.0,0.45000000000000007,0.16326530612244897,0.9999999999999999,0.040000000000000036,0.45930612244897956,Medium Value
3035,51,Female,Boots,Footwear,37,Utah,L,Peach,Spring,3.5,No,2-Day Shipping,0,0,25,Credit Card,Quarterly,4,0.0,0.21250000000000002,0.4897959183673469,0.058823529411764705,0.40000000000000013,0.29606542617046827,Low Value
3036,69,Female,Handbag,Accessories,64,Kentucky,M,Gold,Spring,4.5,No,Free Shipping,0,0,18,Cash,Bi-Weekly,26,0.0,0.55,0.346938775510204,0.49019607843137253,0.8,0.4758343337334933,Medium Value
3037,50,Female,Hoodie,Clothing,58,Vermont,S,Violet,Spring,4.3,No,Next Day Air,0,0,7,Venmo,Fortnightly,26,0.0,0.4750000000000001,0.12244897959183673,0.49019607843137253,0.72,0.3630384153661465,Low Value
3038,51,Female,Belt,Accessories,44,Iowa,L,Charcoal,Summer,4.8,No,Next Day Air,0,0,2,Cash,Annually,1,0.0,0.30000000000000004,0.02040816326530612,0.0,0.9199999999999999,0.16016326530612246,Low Value
3039,56,Female,Jewelry,Accessories,39,Georgia,M,Brown,Summer,4.2,No,Free Shipping,0,0,36,Debit Card,Annually,1,0.0,0.23750000000000004,0.7142857142857142,0.0,0.6800000000000002,0.4012142857142857,Low Value
3040,59,Female,Blouse,Clothing,48,Alabama,L,Blue,Spring,3.2,No,Next Day Air,0,0,31,PayPal,Bi-Weekly,26,0.0,0.3500000000000001,0.6122448979591836,0.49019607843137253,0.28000000000000025,0.48995678271308524,Medium Value
3041,18,Female,Handbag,Accessories,32,Nebraska,M,Gold,Fall,4.1,No,Express,0,0,10,Cash,Fortnightly,26,0.0,0.15000000000000002,0.18367346938775508,0.49019607843137253,0.6399999999999999,0.3145282112845138,Low Value
3042,48,Female,Handbag,Accessories,79,Rhode Island,M,Orange,Winter,4.0,No,Express,0,0,27,PayPal,Monthly,12,0.0,0.7375,0.5306122448979591,0.21568627450980393,0.6000000000000001,0.48445078031212485,Medium Value
3043,53,Female,Coat,Outerwear,27,South Dakota,L,Turquoise,Winter,2.9,No,Next Day Air,0,0,14,PayPal,Every 3 Months,4,0.0,0.08750000000000002,0.26530612244897955,0.058823529411764705,0.15999999999999992,0.15726950780312124,Low Value
3044,45,Female,Belt,Accessories,98,Illinois,S,Peach,Fall,2.6,No,Store Pickup,0,0,17,Credit Card,Monthly,12,0.0,0.9750000000000001,0.32653061224489793,0.21568627450980393,0.040000000000000036,0.39431812725090043,Low Value
3045,21,Female,Boots,Footwear,67,North Carolina,M,Magenta,Winter,2.7,No,Free Shipping,0,0,10,Bank Transfer,Quarterly,4,0.0,0.5875,0.18367346938775508,0.058823529411764705,0.08000000000000007,0.21661644657863144,Low Value
3046,42,Female,Socks,Clothing,37,Florida,L,Black,Winter,4.6,No,2-Day Shipping,0,0,4,PayPal,Bi-Weekly,26,0.0,0.21250000000000002,0.061224489795918366,0.49019607843137253,0.8399999999999999,0.2980486194477791,Low Value
3047,60,Female,Shoes,Footwear,49,Pennsylvania,M,White,Spring,3.2,No,Store Pickup,0,0,25,Cash,Every 3 Months,4,0.0,0.36250000000000004,0.4897959183673469,0.058823529411764705,0.28000000000000025,0.31406542617046823,Low Value
3048,21,Female,Sneakers,Footwear,74,Vermont,M,Violet,Fall,4.1,No,2-Day Shipping,0,0,3,PayPal,Bi-Weekly,26,0.0,0.675,0.04081632653061225,0.49019607843137253,0.6399999999999999,0.3623853541416567,Low Value
3049,69,Female,Jewelry,Accessories,93,Colorado,M,Olive,Summer,3.9,No,Standard,0,0,47,Venmo,Fortnightly,26,0.0,0.9125000000000001,0.9387755102040816,0.49019607843137253,0.56,0.7610690276110444,High Value
3050,40,Female,Handbag,Accessories,60,Utah,L,Red,Summer,3.0,No,Next Day Air,0,0,41,Bank Transfer,Bi-Weekly,26,0.0,0.5,0.8163265306122448,0.49019607843137253,0.20000000000000018,0.5935894357743097,Medium Value
3051,31,Female,Coat,Outerwear,76,Kentucky,S,Green,Spring,3.6,No,Standard,0,0,28,Venmo,Every 3 Months,4,0.0,0.7000000000000001,0.5510204081632653,0.058823529411764705,0.44000000000000017,0.42205522208883556,Low Value
3052,44,Female,Sunglasses,Accessories,64,Wyoming,L,Gold,Summer,4.6,No,Express,0,0,49,Debit Card,Every 3 Months,4,0.0,0.55,0.9795918367346937,0.058823529411764705,0.8399999999999999,0.6034837935174069,Medium Value
3053,48,Female,Shoes,Footwear,38,Maine,XL,Olive,Spring,4.5,No,Store Pickup,0,0,7,Bank Transfer,Fortnightly,26,0.0,0.22500000000000003,0.12244897959183673,0.49019607843137253,0.8,0.32103841536614647,Low Value
3054,32,Female,Shoes,Footwear,91,Maine,L,Brown,Winter,3.2,No,Next Day Air,0,0,22,Bank Transfer,Monthly,12,0.0,0.8875,0.4285714285714285,0.21568627450980393,0.28000000000000025,0.4416344537815126,Low Value
3055,42,Female,Boots,Footwear,70,New Hampshire,S,Magenta,Summer,4.9,No,2-Day Shipping,0,0,34,Venmo,Monthly,12,0.0,0.625,0.673469387755102,0.21568627450980393,0.9600000000000002,0.555093637454982,Medium Value
3056,27,Female,Sandals,Footwear,22,Kansas,M,Violet,Fall,5.0,No,Standard,0,0,5,Debit Card,Bi-Weekly,26,0.0,0.025000000000000022,0.08163265306122448,0.49019607843137253,1.0,0.2847118847539015,Low Value
3057,69,Female,Gloves,Accessories,59,New Jersey,M,Beige,Spring,3.8,No,Standard,0,0,15,Cash,Bi-Weekly,26,0.0,0.48750000000000004,0.28571428571428564,0.49019607843137253,0.52,0.41084453781512603,Low Value
3058,67,Female,Backpack,Accessories,22,North Carolina,M,Blue,Spring,3.4,No,Next Day Air,0,0,26,Bank Transfer,Weekly,52,0.0,0.025000000000000022,0.510204081632653,0.9999999999999999,0.3600000000000001,0.5450816326530612,Medium Value
3059,41,Female,Handbag,Accessories,74,West Virginia,S,Orange,Winter,3.8,No,Store Pickup,0,0,3,Bank Transfer,Fortnightly,26,0.0,0.675,0.04081632653061225,0.49019607843137253,0.52,0.35038535414165667,Low Value
3060,46,Female,Sweater,Clothing,71,Kentucky,L,Maroon,Spring,3.2,No,Express,0,0,42,Credit Card,Quarterly,4,0.0,0.6375000000000001,0.836734693877551,0.058823529411764705,0.28000000000000025,0.5078409363745499,Medium Value
3061,47,Female,Coat,Outerwear,80,California,S,Charcoal,Summer,4.7,No,Store Pickup,0,0,1,Venmo,Monthly,12,0.0,0.75,0.0,0.21568627450980393,0.8800000000000001,0.3027058823529412,Low Value
3062,33,Female,T-shirt,Clothing,59,South Dakota,L,Olive,Fall,4.5,No,Express,0,0,20,PayPal,Every 3 Months,4,0.0,0.48750000000000004,0.38775510204081626,0.058823529411764705,0.8,0.35024909963985595,Low Value
3063,51,Female,Backpack,Accessories,96,California,L,Green,Fall,3.3,No,Standard,0,0,39,PayPal,Monthly,12,0.0,0.9500000000000002,0.7755102040816325,0.21568627450980393,0.32000000000000006,0.5969099639855943,Medium Value
3064,26,Female,Sunglasses,Accessories,43,Connecticut,L,Brown,Winter,3.9,No,Store Pickup,0,0,24,Credit Card,Fortnightly,26,0.0,0.2875,0.4693877551020408,0.49019607843137253,0.56,0.44831392557022803,Low Value
3065,22,Female,Belt,Accessories,76,Idaho,S,Cyan,Winter,3.6,No,Express,0,0,49,Bank Transfer,Quarterly,4,0.0,0.7000000000000001,0.9795918367346937,0.058823529411764705,0.44000000000000017,0.593483793517407,Medium Value
3066,49,Female,Jacket,Outerwear,59,North Dakota,M,Beige,Fall,2.8,No,Store Pickup,0,0,7,Venmo,Bi-Weekly,26,0.0,0.48750000000000004,0.12244897959183673,0.49019607843137253,0.11999999999999988,0.30553841536614645,Low Value
3067,58,Female,Skirt,Clothing,48,Michigan,L,Teal,Summer,4.3,No,Free Shipping,0,0,13,Venmo,Every 3 Months,4,0.0,0.3500000000000001,0.24489795918367344,0.058823529411764705,0.72,0.2576062424969988,Low Value
3068,70,Female,Belt,Accessories,22,Missouri,S,Gray,Spring,3.5,No,Free Shipping,0,0,2,Cash,Weekly,52,0.0,0.025000000000000022,0.02040816326530612,0.9999999999999999,0.40000000000000013,0.3531632653061224,Low Value
3069,32,Female,Boots,Footwear,40,California,M,Indigo,Winter,4.2,No,Express,0,0,4,Debit Card,Weekly,52,0.0,0.25,0.061224489795918366,0.9999999999999999,0.6800000000000002,0.4424897959183673,Low Value
3070,62,Female,Jeans,Clothing,73,Delaware,L,Magenta,Spring,4.6,No,Express,0,0,17,Debit Card,Quarterly,4,0.0,0.6625000000000001,0.32653061224489793,0.058823529411764705,0.8399999999999999,0.36475930372148857,Low Value
3071,52,Female,Shoes,Footwear,26,Alabama,XL,Red,Fall,2.6,No,Free Shipping,0,0,43,PayPal,Bi-Weekly,26,0.0,0.07500000000000001,0.8571428571428571,0.49019607843137253,0.040000000000000036,0.5089159663865546,Medium Value
3072,23,Female,Sweater,Clothing,41,New Hampshire,L,Turquoise,Spring,3.4,No,Next Day Air,0,0,6,PayPal,Monthly,12,0.0,0.26250000000000007,0.10204081632653061,0.21568627450980393,0.3600000000000001,0.19402220888355345,Low Value
3073,26,Female,Jewelry,Accessories,98,New York,L,Peach,Spring,3.1,No,Standard,0,0,46,PayPal,Quarterly,4,0.0,0.9750000000000001,0.9183673469387754,0.058823529411764705,0.2400000000000002,0.6039939975990396,Medium Value
3074,58,Female,Shirt,Clothing,63,Oregon,L,White,Winter,3.6,No,Free Shipping,0,0,7,Debit Card,Bi-Weekly,26,0.0,0.5375000000000001,0.12244897959183673,0.49019607843137253,0.44000000000000017,0.3475384153661465,Low Value
3075,26,Female,Boots,Footwear,55,Massachusetts,L,Maroon,Winter,4.2,No,Next Day Air,0,0,34,Debit Card,Fortnightly,26,0.0,0.4375,0.673469387755102,0.49019607843137253,0.6800000000000002,0.5719465786314526,Medium Value
3076,54,Female,Shorts,Clothing,90,Utah,XL,Beige,Winter,3.6,No,Standard,0,0,21,PayPal,Every 3 Months,4,0.0,0.875,0.4081632653061224,0.058823529411764705,0.44000000000000017,0.3999123649459784,Low Value
3077,66,Female,Handbag,Accessories,46,New Hampshire,M,Blue,Summer,3.6,No,Express,0,0,13,Venmo,Bi-Weekly,26,0.0,0.32500000000000007,0.24489795918367344,0.49019607843137253,0.44000000000000017,0.3540180072028812,Low Value
3078,60,Female,Sweater,Clothing,88,Illinois,S,Red,Spring,3.0,No,Store Pickup,0,0,33,Debit Card,Bi-Weekly,26,0.0,0.8500000000000001,0.6530612244897959,0.49019607843137253,0.20000000000000018,0.5982833133253301,Medium Value
3079,32,Female,Belt,Accessories,95,Alaska,M,Blue,Spring,2.5,No,2-Day Shipping,0,0,24,Bank Transfer,Bi-Weekly,26,0.0,0.9375,0.4693877551020408,0.49019607843137253,0.0,0.522313925570228,Medium Value
3080,48,Female,Belt,Accessories,31,Wyoming,M,Maroon,Fall,4.0,No,Store Pickup,0,0,4,Bank Transfer,Annually,1,0.0,0.1375,0.061224489795918366,0.0,0.6000000000000001,0.11198979591836736,Low Value
3081,69,Female,Hoodie,Clothing,42,Colorado,L,Yellow,Spring,4.1,No,Next Day Air,0,0,5,Cash,Bi-Weekly,26,0.0,0.275,0.08163265306122448,0.49019607843137253,0.6399999999999999,0.29871188475390154,Low Value
3082,64,Female,Sneakers,Footwear,44,Vermont,L,Pink,Winter,4.9,No,Next Day Air,0,0,11,Credit Card,Weekly,52,0.0,0.30000000000000004,0.2040816326530612,0.9999999999999999,0.9600000000000002,0.5376326530612244,Medium Value
3083,56,Female,T-shirt,Clothing,99,Utah,M,Maroon,Spring,4.0,No,Next Day Air,0,0,20,Bank Transfer,Annually,1,0.0,0.9875,0.38775510204081626,0.0,0.6000000000000001,0.4126020408163265,Low Value
3084,22,Female,Pants,Clothing,20,Illinois,S,Purple,Summer,3.5,No,Store Pickup,0,0,28,PayPal,Quarterly,4,0.0,0.0,0.5510204081632653,0.058823529411764705,0.40000000000000013,0.27805522208883554,Low Value
3085,46,Female,Scarf,Accessories,37,Idaho,S,Indigo,Spring,3.2,No,Store Pickup,0,0,43,PayPal,Monthly,12,0.0,0.21250000000000002,0.8571428571428571,0.21568627450980393,0.28000000000000025,0.47806302521008404,Medium Value
3086,24,Female,Sweater,Clothing,50,Nevada,L,Gray,Winter,2.8,No,Store Pickup,0,0,10,Venmo,Every 3 Months,4,0.0,0.375,0.18367346938775508,0.058823529411764705,0.11999999999999988,0.17811644657863143,Low Value
3087,47,Female,Handbag,Accessories,73,Utah,M,Lavender,Summer,3.5,No,Next Day Air,0,0,26,Venmo,Every 3 Months,4,0.0,0.6625000000000001,0.510204081632653,0.058823529411764705,0.40000000000000013,0.3942286914765907,Low Value
3088,62,Female,Shirt,Clothing,84,North Carolina,M,Charcoal,Spring,3.1,No,Free Shipping,0,0,29,Bank Transfer,Monthly,12,0.0,0.8,0.5714285714285714,0.21568627450980393,0.2400000000000002,0.4772773109243698,Medium Value
3089,34,Female,Dress,Clothing,64,Arkansas,M,Teal,Spring,3.3,No,Store Pickup,0,0,35,Bank Transfer,Quarterly,4,0.0,0.55,0.693877551020408,0.058823529411764705,0.32000000000000006,0.4371980792316926,Low Value
3090,50,Female,Sandals,Footwear,21,North Carolina,L,Blue,Fall,4.6,No,Free Shipping,0,0,23,Cash,Bi-Weekly,26,0.0,0.012500000000000011,0.44897959183673464,0.49019607843137253,0.8399999999999999,0.41315066026410563,Low Value
3091,29,Female,Shirt,Clothing,36,Texas,M,Peach,Summer,4.9,No,Store Pickup,0,0,15,Bank Transfer,Quarterly,4,0.0,0.2,0.28571428571428564,0.058823529411764705,0.9600000000000002,0.2679327731092437,Low Value
3092,68,Female,Dress,Clothing,81,Nevada,L,Orange,Winter,3.4,No,2-Day Shipping,0,0,46,Credit Card,Annually,1,0.0,0.7625,0.9183673469387754,0.0,0.3600000000000001,0.5558469387755102,Medium Value
3093,52,Female,Sunglasses,Accessories,54,Utah,L,Silver,Fall,3.5,No,Next Day Air,0,0,14,Bank Transfer,Bi-Weekly,26,0.0,0.42500000000000004,0.26530612244897955,0.49019607843137253,0.40000000000000013,0.37818127250900363,Low Value
3094,29,Female,Socks,Clothing,63,Pennsylvania,L,Red,Summer,4.8,No,Store Pickup,0,0,17,Cash,Every 3 Months,4,0.0,0.5375000000000001,0.32653061224489793,0.058823529411764705,0.9199999999999999,0.34775930372148856,Low Value
3095,22,Female,Sandals,Footwear,59,Georgia,M,Gray,Summer,2.7,No,Store Pickup,0,0,9,Cash,Weekly,52,0.0,0.48750000000000004,0.16326530612244897,0.9999999999999999,0.08000000000000007,0.47080612244897957,Medium Value
3096,62,Female,Hat,Accessories,53,Minnesota,S,Beige,Fall,3.4,No,Standard,0,0,13,Venmo,Fortnightly,26,0.0,0.4125000000000001,0.24489795918367344,0.49019607843137253,0.3600000000000001,0.3635180072028812,Low Value
3097,69,Female,Shirt,Clothing,63,Kansas,L,White,Winter,3.5,No,Next Day Air,0,0,20,Bank Transfer,Monthly,12,0.0,0.5375000000000001,0.38775510204081626,0.21568627450980393,0.40000000000000013,0.36730792316926775,Low Value
3098,48,Female,Shoes,Footwear,33,Delaware,M,Silver,Fall,3.7,No,Free Shipping,0,0,39,Bank Transfer,Quarterly,4,0.0,0.16250000000000003,0.7755102040816325,0.058823529411764705,0.4800000000000002,0.4083511404561825,Low Value
3099,66,Female,Pants,Clothing,64,New Mexico,L,Cyan,Summer,3.3,No,Next Day Air,0,0,50,Bank Transfer,Quarterly,4,0.0,0.55,1.0,0.058823529411764705,0.32000000000000006,0.5596470588235295,Medium Value
3100,42,Female,Shirt,Clothing,98,Michigan,S,Maroon,Fall,2.9,No,Free Shipping,0,0,21,Bank Transfer,Bi-Weekly,26,0.0,0.9750000000000001,0.4081632653061224,0.49019607843137253,0.15999999999999992,0.5213241296518608,Medium Value
3101,50,Female,Hat,Accessories,85,Vermont,L,Purple,Winter,3.9,No,Express,0,0,3,Bank Transfer,Weekly,52,0.0,0.8125,0.04081632653061225,0.9999999999999999,0.56,0.5348265306122448,Medium Value
3102,32,Female,Jewelry,Accessories,82,Idaho,S,Brown,Summer,2.7,No,Express,0,0,9,PayPal,Fortnightly,26,0.0,0.7750000000000001,0.16326530612244897,0.49019607843137253,0.08000000000000007,0.3753649459783914,Low Value
3103,51,Female,Jacket,Outerwear,85,South Dakota,M,Green,Summer,4.3,No,Standard,0,0,29,Cash,Bi-Weekly,26,0.0,0.8125,0.5714285714285714,0.49019607843137253,0.72,0.6101302521008403,Medium Value
3104,27,Female,Shirt,Clothing,37,Illinois,S,Peach,Winter,3.0,No,2-Day Shipping,0,0,42,Bank Transfer,Weekly,52,0.0,0.21250000000000002,0.836734693877551,0.9999999999999999,0.20000000000000018,0.6971938775510204,Medium Value
3105,43,Female,Pants,Clothing,56,Georgia,S,Turquoise,Summer,5.0,No,2-Day Shipping,0,0,41,Debit Card,Fortnightly,26,0.0,0.45000000000000007,0.8163265306122448,0.49019607843137253,1.0,0.6635894357743096,Medium Value
3106,48,Female,Skirt,Clothing,33,Oregon,M,Olive,Fall,2.7,No,Express,0,0,17,Debit Card,Monthly,12,0.0,0.16250000000000003,0.32653061224489793,0.21568627450980393,0.08000000000000007,0.23581812725090037,Low Value
3107,62,Female,Sandals,Footwear,57,Alabama,M,Yellow,Winter,4.7,No,Next Day Air,0,0,20,PayPal,Annually,1,0.0,0.4625,0.38775510204081626,0.0,0.8800000000000001,0.33560204081632655,Low Value
3108,65,Female,Blouse,Clothing,31,Hawaii,L,Gray,Winter,4.6,No,Standard,0,0,18,Credit Card,Bi-Weekly,26,0.0,0.1375,0.346938775510204,0.49019607843137253,0.8399999999999999,0.39733433373349336,Low Value
3109,50,Female,Socks,Clothing,69,Oregon,M,Purple,Fall,3.2,No,2-Day Shipping,0,0,7,PayPal,Monthly,12,0.0,0.6125,0.12244897959183673,0.21568627450980393,0.28000000000000025,0.2641854741896759,Low Value
3110,60,Female,Jacket,Outerwear,92,Illinois,M,Gray,Winter,4.3,No,Free Shipping,0,0,47,Bank Transfer,Fortnightly,26,0.0,0.9000000000000001,0.9387755102040816,0.49019607843137253,0.72,0.7745690276110444,High Value
3111,19,Female,Handbag,Accessories,46,Texas,L,Lavender,Fall,4.6,No,Next Day Air,0,0,2,Bank Transfer,Bi-Weekly,26,0.0,0.32500000000000007,0.02040816326530612,0.49019607843137253,0.8399999999999999,0.30422208883553414,Low Value
3112,21,Female,Belt,Accessories,81,Kansas,XL,Indigo,Spring,4.9,No,Free Shipping,0,0,25,Debit Card,Quarterly,4,0.0,0.7625,0.4897959183673469,0.058823529411764705,0.9600000000000002,0.46206542617046825,Medium Value
3113,19,Female,Blouse,Clothing,97,Texas,S,Green,Fall,3.8,No,Express,0,0,26,Venmo,Annually,1,0.0,0.9625000000000001,0.510204081632653,0.0,0.52,0.4485816326530612,Low Value
3114,46,Female,Shirt,Clothing,93,Nebraska,L,Green,Summer,2.6,No,Express,0,0,2,Debit Card,Weekly,52,0.0,0.9125000000000001,0.02040816326530612,0.9999999999999999,0.040000000000000036,0.49466326530612237,Medium Value
3115,21,Female,Handbag,Accessories,56,Arkansas,M,Olive,Spring,4.7,No,Store Pickup,0,0,45,Venmo,Bi-Weekly,26,0.0,0.45000000000000007,0.8979591836734693,0.49019607843137253,0.8800000000000001,0.6842424969987997,Medium Value
3116,26,Female,Scarf,Accessories,53,South Dakota,M,Charcoal,Fall,4.1,No,Free Shipping,0,0,9,Bank Transfer,Bi-Weekly,26,0.0,0.4125000000000001,0.16326530612244897,0.49019607843137253,0.6399999999999999,0.35886494597839136,Low Value
3117,50,Female,Coat,Outerwear,66,Montana,L,Gray,Spring,3.7,No,Store Pickup,0,0,1,Venmo,Weekly,52,0.0,0.5750000000000001,0.0,0.9999999999999999,0.4800000000000002,0.46299999999999997,Medium Value
3118,43,Female,Hoodie,Clothing,50,Florida,M,Olive,Fall,3.0,No,Free Shipping,0,0,4,PayPal,Bi-Weekly,26,0.0,0.375,0.061224489795918366,0.49019607843137253,0.20000000000000018,0.26654861944777913,Low Value
3119,61,Female,Shorts,Clothing,97,Virginia,L,Blue,Summer,4.7,No,Standard,0,0,31,Debit Card,Quarterly,4,0.0,0.9625000000000001,0.6122448979591836,0.058823529411764705,0.8800000000000001,0.5430450180072028,Medium Value
3120,63,Female,Sandals,Footwear,79,Louisiana,XL,Silver,Winter,4.7,No,2-Day Shipping,0,0,21,Credit Card,Every 3 Months,4,0.0,0.7375,0.4081632653061224,0.058823529411764705,0.8800000000000001,0.4164123649459784,Low Value
3121,46,Female,Shirt,Clothing,76,Louisiana,M,Magenta,Fall,4.0,No,Store Pickup,0,0,32,Debit Card,Fortnightly,26,0.0,0.7000000000000001,0.6326530612244897,0.49019607843137253,0.6000000000000001,0.6001200480192077,Medium Value
3122,63,Female,Hoodie,Clothing,38,Louisiana,L,Black,Fall,2.6,No,Standard,0,0,16,Venmo,Weekly,52,0.0,0.22500000000000003,0.3061224489795918,0.9999999999999999,0.040000000000000036,0.4714489795918366,Medium Value
3123,23,Female,Socks,Clothing,45,Georgia,M,Pink,Fall,3.0,No,Express,0,0,34,Credit Card,Fortnightly,26,0.0,0.3125,0.673469387755102,0.49019607843137253,0.20000000000000018,0.4989465786314526,Medium Value
3124,57,Female,Handbag,Accessories,77,Iowa,XL,Red,Fall,3.3,No,Next Day Air,0,0,40,Venmo,Bi-Weekly,26,0.0,0.7125,0.7959183673469387,0.49019607843137253,0.32000000000000006,0.6399261704681873,Medium Value
3125,57,Female,Jewelry,Accessories,51,California,M,Peach,Summer,3.4,No,Standard,0,0,4,Cash,Every 3 Months,4,0.0,0.38750000000000007,0.061224489795918366,0.058823529411764705,0.3600000000000001,0.15563685474189679,Low Value
3126,33,Female,Coat,Outerwear,26,Oregon,L,Lavender,Spring,4.0,No,Standard,0,0,3,Cash,Quarterly,4,0.0,0.07500000000000001,0.04081632653061225,0.058823529411764705,0.6000000000000001,0.10897358943577433,Low Value
3127,57,Female,Sunglasses,Accessories,76,Maine,L,Lavender,Winter,2.6,No,Store Pickup,0,0,28,Bank Transfer,Bi-Weekly,26,0.0,0.7000000000000001,0.5510204081632653,0.49019607843137253,0.040000000000000036,0.5114669867947179,Medium Value
3128,55,Female,Gloves,Accessories,94,Louisiana,M,Beige,Winter,3.4,No,Free Shipping,0,0,43,Credit Card,Every 3 Months,4,0.0,0.925,0.8571428571428571,0.058823529411764705,0.3600000000000001,0.5815042016806723,Medium Value
3129,65,Female,Jacket,Outerwear,32,Arkansas,S,Indigo,Fall,4.4,No,Standard,0,0,20,Cash,Annually,1,0.0,0.15000000000000002,0.38775510204081626,0.0,0.7600000000000002,0.26110204081632654,Low Value
3130,60,Female,Sandals,Footwear,20,Maryland,S,Cyan,Summer,4.7,No,Express,0,0,40,Venmo,Every 3 Months,4,0.0,0.0,0.7959183673469387,0.058823529411764705,0.8800000000000001,0.4240144057623049,Low Value
3131,52,Female,Pants,Clothing,20,Vermont,M,Yellow,Summer,4.5,No,Store Pickup,0,0,34,Venmo,Every 3 Months,4,0.0,0.0,0.673469387755102,0.058823529411764705,0.8,0.36703481392557025,Low Value
3132,34,Female,Jacket,Outerwear,59,North Dakota,M,Peach,Fall,2.9,No,Store Pickup,0,0,11,Bank Transfer,Every 3 Months,4,0.0,0.48750000000000004,0.2040816326530612,0.058823529411764705,0.15999999999999992,0.2127797118847539,Low Value
3133,33,Female,Sweater,Clothing,97,Michigan,M,Yellow,Summer,4.2,No,Express,0,0,26,Cash,Quarterly,4,0.0,0.9625000000000001,0.510204081632653,0.058823529411764705,0.6800000000000002,0.48222869147659064,Medium Value
3134,58,Female,T-shirt,Clothing,68,Arkansas,M,Orange,Spring,4.1,No,Next Day Air,0,0,29,Cash,Bi-Weekly,26,0.0,0.6000000000000001,0.5714285714285714,0.49019607843137253,0.6399999999999999,0.5596302521008403,Medium Value
3135,35,Female,Boots,Footwear,66,Kentucky,L,Gray,Spring,4.4,No,Store Pickup,0,0,47,Bank Transfer,Weekly,52,0.0,0.5750000000000001,0.9387755102040816,0.9999999999999999,0.7600000000000002,0.8665102040816326,High Value
3136,68,Female,Shoes,Footwear,85,Indiana,L,Yellow,Spring,4.7,No,Free Shipping,0,0,48,Venmo,Fortnightly,26,0.0,0.8125,0.9591836734693877,0.49019607843137253,0.8800000000000001,0.7812322929171669,High Value
3137,58,Female,Skirt,Clothing,32,Minnesota,M,Gray,Fall,3.1,No,Next Day Air,0,0,29,Cash,Bi-Weekly,26,0.0,0.15000000000000002,0.5714285714285714,0.49019607843137253,0.2400000000000002,0.4296302521008404,Low Value
3138,34,Female,Coat,Outerwear,44,Louisiana,M,Turquoise,Spring,2.7,No,2-Day Shipping,0,0,14,Bank Transfer,Monthly,12,0.0,0.30000000000000004,0.26530612244897955,0.21568627450980393,0.08000000000000007,0.238828331332533,Low Value
3139,47,Female,Blouse,Clothing,95,Kentucky,L,Gray,Fall,4.6,No,Next Day Air,0,0,40,Cash,Every 3 Months,4,0.0,0.9375,0.7959183673469387,0.058823529411764705,0.8399999999999999,0.6075144057623049,Medium Value
3140,35,Female,Sunglasses,Accessories,85,Georgia,M,Olive,Winter,4.4,No,Next Day Air,0,0,4,Venmo,Weekly,52,0.0,0.8125,0.061224489795918366,0.9999999999999999,0.7600000000000002,0.5629897959183674,Medium Value
3141,34,Female,Gloves,Accessories,44,Alaska,XL,Peach,Summer,4.6,No,Free Shipping,0,0,37,Bank Transfer,Weekly,52,0.0,0.30000000000000004,0.7346938775510203,0.9999999999999999,0.8399999999999999,0.7378775510204081,Medium Value
3142,36,Female,Sunglasses,Accessories,30,Mississippi,S,Peach,Winter,4.9,No,Express,0,0,47,Credit Card,Bi-Weekly,26,0.0,0.125,0.9387755102040816,0.49019607843137253,0.9600000000000002,0.6435690276110444,Medium Value
3143,23,Female,Sneakers,Footwear,21,Kansas,L,Magenta,Winter,4.0,No,2-Day Shipping,0,0,1,Venmo,Quarterly,4,0.0,0.012500000000000011,0.0,0.058823529411764705,0.6000000000000001,0.08014705882352943,Low Value
3144,68,Female,Hoodie,Clothing,22,Arizona,M,Purple,Summer,2.9,No,Store Pickup,0,0,26,Cash,Quarterly,4,0.0,0.025000000000000022,0.510204081632653,0.058823529411764705,0.15999999999999992,0.2427286914765906,Low Value
3145,23,Female,Boots,Footwear,70,Maine,L,Beige,Spring,2.6,No,Free Shipping,0,0,12,Debit Card,Quarterly,4,0.0,0.625,0.22448979591836735,0.058823529411764705,0.040000000000000036,0.23644297719087637,Low Value
3146,57,Female,Handbag,Accessories,29,Texas,XL,Purple,Spring,4.6,No,Standard,0,0,16,PayPal,Fortnightly,26,0.0,0.11250000000000004,0.3061224489795918,0.49019607843137253,0.8399999999999999,0.3760078031212485,Low Value
3147,21,Female,Shirt,Clothing,83,Virginia,S,Yellow,Winter,4.9,No,Free Shipping,0,0,19,PayPal,Annually,1,0.0,0.7875000000000001,0.36734693877551017,0.0,0.9600000000000002,0.4004387755102041,Low Value
3148,45,Female,Sweater,Clothing,99,North Dakota,M,Pink,Winter,4.3,No,Express,0,0,21,Credit Card,Weekly,52,0.0,0.9875,0.4081632653061224,0.9999999999999999,0.72,0.7327653061224488,Medium Value
3149,37,Female,Shorts,Clothing,35,West Virginia,L,Purple,Fall,4.3,No,Free Shipping,0,0,15,Venmo,Weekly,52,0.0,0.1875,0.28571428571428564,0.9999999999999999,0.72,0.5237857142857142,Medium Value
3150,18,Female,Belt,Accessories,40,North Carolina,M,Lavender,Winter,4.6,No,Free Shipping,0,0,9,Venmo,Annually,1,0.0,0.25,0.16326530612244897,0.0,0.8399999999999999,0.19930612244897958,Low Value
3151,55,Female,Blouse,Clothing,25,Georgia,M,Peach,Spring,2.6,No,Express,0,0,7,Bank Transfer,Bi-Weekly,26,0.0,0.0625,0.12244897959183673,0.49019607843137253,0.040000000000000036,0.21253841536614645,Low Value
3152,52,Female,T-shirt,Clothing,64,New Mexico,L,Orange,Fall,3.1,No,2-Day Shipping,0,0,47,Bank Transfer,Quarterly,4,0.0,0.55,0.9387755102040816,0.058823529411764705,0.2400000000000002,0.5271572629051621,Medium Value
3153,49,Female,Belt,Accessories,90,North Carolina,M,Red,Fall,3.1,No,Store Pickup,0,0,17,PayPal,Monthly,12,0.0,0.875,0.32653061224489793,0.21568627450980393,0.2400000000000002,0.39431812725090043,Low Value
3154,56,Female,Socks,Clothing,88,Alabama,L,Red,Fall,3.1,No,Next Day Air,0,0,46,Venmo,Fortnightly,26,0.0,0.8500000000000001,0.9183673469387754,0.49019607843137253,0.2400000000000002,0.7084057623049219,Medium Value
3155,27,Female,Belt,Accessories,55,Connecticut,M,Gold,Winter,4.4,No,Standard,0,0,32,Cash,Quarterly,4,0.0,0.4375,0.6326530612244897,0.058823529411764705,0.7600000000000002,0.43420828331332534,Low Value
3156,22,Female,Handbag,Accessories,90,Montana,M,Brown,Fall,4.3,No,Free Shipping,0,0,34,Cash,Annually,1,0.0,0.875,0.673469387755102,0.0,0.72,0.5163877551020408,Medium Value
3157,18,Female,Shirt,Clothing,50,Montana,M,Black,Winter,3.1,No,2-Day Shipping,0,0,18,Cash,Monthly,12,0.0,0.375,0.346938775510204,0.21568627450980393,0.2400000000000002,0.30248139255702283,Low Value
3158,21,Female,Belt,Accessories,34,Maine,L,Red,Fall,3.1,No,Store Pickup,0,0,5,Debit Card,Fortnightly,26,0.0,0.17500000000000004,0.08163265306122448,0.49019607843137253,0.2400000000000002,0.23871188475390157,Low Value
3159,30,Female,Jewelry,Accessories,77,Mississippi,M,Gray,Winter,4.9,No,2-Day Shipping,0,0,44,Credit Card,Monthly,12,0.0,0.7125,0.8775510204081631,0.21568627450980393,0.9600000000000002,0.6542262905162066,Medium Value
3160,62,Female,Hat,Accessories,89,Louisiana,L,Pink,Winter,2.9,No,Store Pickup,0,0,4,Bank Transfer,Quarterly,4,0.0,0.8625,0.061224489795918366,0.058823529411764705,0.15999999999999992,0.23063685474189677,Low Value
3161,28,Female,Backpack,Accessories,87,Nebraska,XL,Turquoise,Fall,3.8,No,Next Day Air,0,0,37,Cash,Fortnightly,26,0.0,0.8375000000000001,0.7346938775510203,0.49019607843137253,0.52,0.66043637454982,Medium Value
3162,66,Female,Dress,Clothing,77,Massachusetts,S,Charcoal,Winter,4.2,No,2-Day Shipping,0,0,43,Cash,Monthly,12,0.0,0.7125,0.8571428571428571,0.21568627450980393,0.6800000000000002,0.618063025210084,Medium Value
3163,66,Female,Shoes,Footwear,85,Wisconsin,L,Blue,Winter,3.9,No,Standard,0,0,28,Bank Transfer,Quarterly,4,0.0,0.8125,0.5510204081632653,0.058823529411764705,0.56,0.45655522208883553,Medium Value
3164,49,Female,Pants,Clothing,66,Nebraska,XL,Turquoise,Summer,2.8,No,Express,0,0,36,Cash,Monthly,12,0.0,0.5750000000000001,0.7142857142857142,0.21568627450980393,0.11999999999999988,0.47742016806722687,Medium Value
3165,40,Female,Dress,Clothing,32,Arizona,L,Silver,Winter,2.6,No,Standard,0,0,16,Credit Card,Annually,1,0.0,0.15000000000000002,0.3061224489795918,0.0,0.040000000000000036,0.15644897959183673,Low Value
3166,49,Female,Jacket,Outerwear,92,Hawaii,M,Lavender,Spring,3.0,No,Store Pickup,0,0,38,Bank Transfer,Every 3 Months,4,0.0,0.9000000000000001,0.7551020408163265,0.058823529411764705,0.20000000000000018,0.5196878751500601,Medium Value
3167,19,Female,Shirt,Clothing,80,Georgia,M,Gold,Winter,2.7,No,Next Day Air,0,0,37,Bank Transfer,Fortnightly,26,0.0,0.75,0.7346938775510203,0.49019607843137253,0.08000000000000007,0.59893637454982,Medium Value
3168,24,Female,Dress,Clothing,78,Oregon,M,Blue,Fall,2.8,No,2-Day Shipping,0,0,9,Cash,Bi-Weekly,26,0.0,0.7250000000000001,0.16326530612244897,0.49019607843137253,0.11999999999999988,0.36936494597839137,Low Value
3169,31,Female,Jeans,Clothing,24,Montana,M,Orange,Spring,2.9,No,2-Day Shipping,0,0,14,PayPal,Fortnightly,26,0.0,0.050000000000000044,0.26530612244897955,0.49019607843137253,0.15999999999999992,0.2791812725090036,Low Value
3170,35,Female,T-shirt,Clothing,59,Georgia,M,White,Fall,3.8,No,Free Shipping,0,0,3,Venmo,Weekly,52,0.0,0.48750000000000004,0.04081632653061225,0.9999999999999999,0.52,0.4658265306122448,Medium Value
3171,65,Female,Sunglasses,Accessories,41,Rhode Island,XL,Charcoal,Spring,4.4,No,Express,0,0,10,Credit Card,Fortnightly,26,0.0,0.26250000000000007,0.18367346938775508,0.49019607843137253,0.7600000000000002,0.34902821128451383,Low Value
3172,68,Female,Jewelry,Accessories,26,Tennessee,M,Maroon,Spring,3.1,No,Express,0,0,26,Bank Transfer,Bi-Weekly,26,0.0,0.07500000000000001,0.510204081632653,0.49019607843137253,0.2400000000000002,0.39014045618247295,Low Value
3173,57,Female,Socks,Clothing,52,Missouri,M,Olive,Fall,3.7,No,Standard,0,0,30,Debit Card,Bi-Weekly,26,0.0,0.4,0.5918367346938774,0.49019607843137253,0.4800000000000002,0.5117935174069628,Medium Value
3174,69,Female,Skirt,Clothing,46,Washington,L,Teal,Summer,4.9,No,Next Day Air,0,0,32,PayPal,Fortnightly,26,0.0,0.32500000000000007,0.6326530612244897,0.49019607843137253,0.9600000000000002,0.5611200480192077,Medium Value
3175,45,Female,Pants,Clothing,52,Oklahoma,L,Orange,Winter,3.8,No,Store Pickup,0,0,35,PayPal,Monthly,12,0.0,0.4,0.693877551020408,0.21568627450980393,0.52,0.4742569027611044,Medium Value
3176,35,Female,Socks,Clothing,42,Connecticut,M,Maroon,Fall,3.4,No,Store Pickup,0,0,26,Debit Card,Every 3 Months,4,0.0,0.275,0.510204081632653,0.058823529411764705,0.3600000000000001,0.31272869147659066,Low Value
3177,36,Female,Sandals,Footwear,37,Arkansas,XL,Turquoise,Spring,4.6,No,2-Day Shipping,0,0,39,Credit Card,Monthly,12,0.0,0.21250000000000002,0.7755102040816325,0.21568627450980393,0.8399999999999999,0.5014099639855941,Medium Value
3178,55,Female,Belt,Accessories,52,Missouri,L,Beige,Fall,3.2,No,Standard,0,0,31,Credit Card,Monthly,12,0.0,0.4,0.6122448979591836,0.21568627450980393,0.28000000000000025,0.4176038415366147,Low Value
3179,66,Female,Sandals,Footwear,34,Washington,L,Beige,Spring,2.7,No,Free Shipping,0,0,28,Credit Card,Annually,1,0.0,0.17500000000000004,0.5510204081632653,0.0,0.08000000000000007,0.26340816326530614,Low Value
3180,57,Female,Shorts,Clothing,88,Idaho,M,Olive,Spring,4.3,No,Free Shipping,0,0,12,Debit Card,Bi-Weekly,26,0.0,0.8500000000000001,0.22448979591836735,0.49019607843137253,0.72,0.47885474189675875,Medium Value
3181,18,Female,Handbag,Accessories,88,Montana,L,Turquoise,Fall,3.8,No,Standard,0,0,46,PayPal,Weekly,52,0.0,0.8500000000000001,0.9183673469387754,0.9999999999999999,0.52,0.8893469387755102,High Value
3182,31,Female,Jacket,Outerwear,51,Montana,M,Charcoal,Summer,4.4,No,Free Shipping,0,0,27,PayPal,Every 3 Months,4,0.0,0.38750000000000007,0.5306122448979591,0.058823529411764705,0.7600000000000002,0.3833919567827131,Low Value
3183,50,Female,Sunglasses,Accessories,97,Georgia,L,Green,Fall,3.6,No,Free Shipping,0,0,4,Credit Card,Annually,1,0.0,0.9625000000000001,0.061224489795918366,0.0,0.44000000000000017,0.2609897959183674,Low Value
3184,50,Female,Sneakers,Footwear,56,Mississippi,M,Green,Winter,3.5,No,Standard,0,0,14,Cash,Every 3 Months,4,0.0,0.45000000000000007,0.26530612244897955,0.058823529411764705,0.40000000000000013,0.2537695078031213,Low Value
3185,61,Female,Sweater,Clothing,53,Hawaii,L,Green,Spring,4.2,No,2-Day Shipping,0,0,30,Venmo,Quarterly,4,0.0,0.4125000000000001,0.5918367346938774,0.058823529411764705,0.6800000000000002,0.4048817527010804,Low Value
3186,52,Female,Skirt,Clothing,71,Ohio,L,Gold,Fall,4.7,No,Express,0,0,6,PayPal,Annually,1,0.0,0.6375000000000001,0.10204081632653061,0.0,0.8800000000000001,0.2563163265306123,Low Value
3187,38,Female,Jewelry,Accessories,93,Virginia,S,Cyan,Winter,4.8,No,Store Pickup,0,0,43,Venmo,Annually,1,0.0,0.9125000000000001,0.8571428571428571,0.0,0.9199999999999999,0.6173571428571428,Medium Value
3188,67,Female,Blouse,Clothing,72,Texas,L,Indigo,Winter,3.2,No,Free Shipping,0,0,28,Debit Card,Weekly,52,0.0,0.65,0.5510204081632653,0.9999999999999999,0.28000000000000025,0.6784081632653061,Medium Value
3189,42,Female,Blouse,Clothing,59,Vermont,M,Lavender,Winter,3.5,No,Standard,0,0,39,Bank Transfer,Monthly,12,0.0,0.48750000000000004,0.7755102040816325,0.21568627450980393,0.40000000000000013,0.5124099639855942,Medium Value
3190,25,Female,Boots,Footwear,87,Kansas,M,Beige,Summer,4.2,No,Store Pickup,0,0,30,PayPal,Bi-Weekly,26,0.0,0.8375000000000001,0.5918367346938774,0.49019607843137253,0.6800000000000002,0.6192935174069628,Medium Value
3191,41,Female,Jeans,Clothing,78,California,S,Purple,Fall,3.4,No,Free Shipping,0,0,5,Credit Card,Fortnightly,26,0.0,0.7250000000000001,0.08163265306122448,0.49019607843137253,0.3600000000000001,0.3607118847539016,Low Value
3192,62,Female,Hoodie,Clothing,68,Mississippi,XL,Maroon,Winter,4.7,No,Store Pickup,0,0,42,Credit Card,Every 3 Months,4,0.0,0.6000000000000001,0.836734693877551,0.058823529411764705,0.8800000000000001,0.56034093637455,Medium Value
3193,19,Female,Sweater,Clothing,76,Iowa,S,Maroon,Fall,3.0,No,Free Shipping,0,0,20,Cash,Fortnightly,26,0.0,0.7000000000000001,0.38775510204081626,0.49019607843137253,0.20000000000000018,0.4621608643457383,Medium Value
3194,63,Female,Gloves,Accessories,99,Virginia,L,Teal,Winter,4.0,No,Express,0,0,35,Credit Card,Fortnightly,26,0.0,0.9875,0.693877551020408,0.49019607843137253,0.6000000000000001,0.682109843937575,Medium Value
3195,43,Female,Sneakers,Footwear,52,Maryland,L,Gold,Summer,4.6,No,Standard,0,0,10,Credit Card,Bi-Weekly,26,0.0,0.4,0.18367346938775508,0.49019607843137253,0.8399999999999999,0.38452821128451375,Low Value
3196,68,Female,Sunglasses,Accessories,58,Missouri,S,Red,Spring,4.9,No,Next Day Air,0,0,36,Credit Card,Quarterly,4,0.0,0.4750000000000001,0.7142857142857142,0.058823529411764705,0.9600000000000002,0.49436134453781516,Medium Value
3197,24,Female,Belt,Accessories,59,Wisconsin,L,Maroon,Winter,2.8,No,Express,0,0,21,Debit Card,Fortnightly,26,0.0,0.48750000000000004,0.4081632653061224,0.49019607843137253,0.11999999999999988,0.4198241296518608,Low Value
3198,27,Female,Sweater,Clothing,71,Maine,M,Teal,Spring,3.2,No,Free Shipping,0,0,29,Credit Card,Every 3 Months,4,0.0,0.6375000000000001,0.5714285714285714,0.058823529411764705,0.28000000000000025,0.401718487394958,Low Value
3199,61,Female,Gloves,Accessories,94,Pennsylvania,L,Peach,Winter,2.8,No,Free Shipping,0,0,39,Debit Card,Weekly,52,0.0,0.925,0.7755102040816325,0.9999999999999999,0.11999999999999988,0.807204081632653,High Value
3200,59,Female,Handbag,Accessories,40,Maine,XL,Pink,Winter,4.2,No,Express,0,0,16,PayPal,Monthly,12,0.0,0.25,0.3061224489795918,0.21568627450980393,0.6800000000000002,0.3051548619447779,Low Value
3201,67,Female,Socks,Clothing,24,Missouri,L,Black,Spring,4.8,No,Free Shipping,0,0,32,Credit Card,Monthly,12,0.0,0.050000000000000044,0.6326530612244897,0.21568627450980393,0.9199999999999999,0.4197671068427371,Low Value
3202,46,Female,Pants,Clothing,38,Vermont,S,Indigo,Fall,2.8,No,2-Day Shipping,0,0,34,Cash,Monthly,12,0.0,0.22500000000000003,0.673469387755102,0.21568627450980393,0.11999999999999988,0.39109363745498205,Low Value
3203,65,Female,Scarf,Accessories,37,Wisconsin,L,Green,Fall,4.5,No,Standard,0,0,38,Venmo,Annually,1,0.0,0.21250000000000002,0.7551020408163265,0.0,0.8,0.4245408163265307,Low Value
3204,63,Female,Coat,Outerwear,29,New Jersey,L,Teal,Spring,4.1,No,Express,0,0,14,Venmo,Annually,1,0.0,0.11250000000000004,0.26530612244897955,0.0,0.6399999999999999,0.19262244897959185,Low Value
3205,57,Female,Jacket,Outerwear,92,New Mexico,XL,Lavender,Fall,4.3,No,Free Shipping,0,0,23,Debit Card,Bi-Weekly,26,0.0,0.9000000000000001,0.44897959183673464,0.49019607843137253,0.72,0.5786506602641056,Medium Value
3206,40,Female,Hoodie,Clothing,24,Colorado,XL,Magenta,Fall,4.4,No,2-Day Shipping,0,0,50,Bank Transfer,Every 3 Months,4,0.0,0.050000000000000044,1.0,0.058823529411764705,0.7600000000000002,0.5036470588235294,Medium Value
3207,36,Female,Boots,Footwear,52,California,M,Brown,Winter,3.0,No,Free Shipping,0,0,49,PayPal,Monthly,12,0.0,0.4,0.9795918367346937,0.21568627450980393,0.20000000000000018,0.5565426170468187,Medium Value
3208,67,Female,Socks,Clothing,29,Arizona,XL,Beige,Summer,2.7,No,Next Day Air,0,0,14,PayPal,Annually,1,0.0,0.11250000000000004,0.26530612244897955,0.0,0.08000000000000007,0.13662244897959186,Low Value
3209,61,Female,Jewelry,Accessories,30,Indiana,L,Indigo,Winter,3.3,No,2-Day Shipping,0,0,42,PayPal,Weekly,52,0.0,0.125,0.836734693877551,0.9999999999999999,0.32000000000000006,0.6916938775510204,Medium Value
3210,64,Female,Shoes,Footwear,31,Arkansas,L,Peach,Fall,4.3,No,Standard,0,0,39,Debit Card,Annually,1,0.0,0.1375,0.7755102040816325,0.0,0.72,0.40970408163265304,Low Value
3211,30,Female,Socks,Clothing,67,Nevada,M,Magenta,Summer,2.9,No,Express,0,0,43,Venmo,Bi-Weekly,26,0.0,0.5875,0.8571428571428571,0.49019607843137253,0.15999999999999992,0.6234159663865546,Medium Value
3212,53,Female,Pants,Clothing,65,Rhode Island,L,Turquoise,Winter,4.9,No,Standard,0,0,12,Cash,Monthly,12,0.0,0.5625,0.22448979591836735,0.21568627450980393,0.9600000000000002,0.36300180072028815,Low Value
3213,27,Female,Sneakers,Footwear,22,Wyoming,M,Indigo,Winter,3.6,No,2-Day Shipping,0,0,21,Debit Card,Weekly,52,0.0,0.025000000000000022,0.4081632653061224,0.9999999999999999,0.44000000000000017,0.5122653061224489,Medium Value
3214,27,Female,Sunglasses,Accessories,56,Texas,M,Brown,Winter,3.3,No,Standard,0,0,33,Credit Card,Monthly,12,0.0,0.45000000000000007,0.6530612244897959,0.21568627450980393,0.32000000000000006,0.44793037214885956,Low Value
3215,53,Female,Skirt,Clothing,78,Washington,M,Yellow,Spring,3.1,No,Free Shipping,0,0,6,Debit Card,Annually,1,0.0,0.7250000000000001,0.10204081632653061,0.0,0.2400000000000002,0.20981632653061227,Low Value
3216,34,Female,Coat,Outerwear,90,Rhode Island,M,Magenta,Summer,2.7,No,Free Shipping,0,0,10,PayPal,Every 3 Months,4,0.0,0.875,0.18367346938775508,0.058823529411764705,0.08000000000000007,0.27411644657863143,Low Value
3217,39,Female,Hoodie,Clothing,85,Illinois,S,Olive,Winter,3.4,No,Next Day Air,0,0,18,Cash,Weekly,52,0.0,0.8125,0.346938775510204,0.9999999999999999,0.3600000000000001,0.6372755102040816,Medium Value
3218,44,Female,Sunglasses,Accessories,58,Oregon,M,Silver,Fall,3.4,No,Express,0,0,46,Venmo,Weekly,52,0.0,0.4750000000000001,0.9183673469387754,0.9999999999999999,0.3600000000000001,0.7983469387755102,High Value
3219,37,Female,Skirt,Clothing,34,Florida,M,Teal,Fall,3.9,No,Express,0,0,49,PayPal,Monthly,12,0.0,0.17500000000000004,0.9795918367346937,0.21568627450980393,0.56,0.5475426170468187,Medium Value
3220,57,Female,Coat,Outerwear,40,Kansas,L,White,Summer,3.5,No,2-Day Shipping,0,0,39,Credit Card,Weekly,52,0.0,0.25,0.7755102040816325,0.9999999999999999,0.40000000000000013,0.700204081632653,Medium Value
3221,38,Female,Handbag,Accessories,29,North Dakota,M,Blue,Fall,4.1,No,Free Shipping,0,0,16,Cash,Monthly,12,0.0,0.11250000000000004,0.3061224489795918,0.21568627450980393,0.6399999999999999,0.2736548619447779,Low Value
3222,21,Female,T-shirt,Clothing,76,New Hampshire,M,Yellow,Winter,3.2,No,Standard,0,0,28,Cash,Annually,1,0.0,0.7000000000000001,0.5510204081632653,0.0,0.28000000000000025,0.38840816326530614,Low Value
3223,45,Female,Sunglasses,Accessories,84,Texas,S,Maroon,Fall,4.6,No,Store Pickup,0,0,22,PayPal,Quarterly,4,0.0,0.8,0.4285714285714285,0.058823529411764705,0.8399999999999999,0.43307563025210083,Low Value
3224,68,Female,Shirt,Clothing,65,Montana,S,Gray,Spring,3.9,No,Standard,0,0,36,Venmo,Bi-Weekly,26,0.0,0.5625,0.7142857142857142,0.49019607843137253,0.56,0.6012731092436975,Medium Value
3225,37,Female,Hoodie,Clothing,80,Delaware,L,Indigo,Winter,2.7,No,Free Shipping,0,0,18,PayPal,Monthly,12,0.0,0.75,0.346938775510204,0.21568627450980393,0.08000000000000007,0.36148139255702283,Low Value
3226,53,Female,Blouse,Clothing,98,New Hampshire,M,Pink,Fall,3.0,No,Store Pickup,0,0,31,Credit Card,Weekly,52,0.0,0.9750000000000001,0.6122448979591836,0.9999999999999999,0.20000000000000018,0.7598979591836734,High Value
3227,57,Female,Sneakers,Footwear,71,Minnesota,XL,Beige,Spring,3.3,No,Next Day Air,0,0,38,Bank Transfer,Fortnightly,26,0.0,0.6375000000000001,0.7551020408163265,0.49019607843137253,0.32000000000000006,0.6085996398559425,Medium Value
3228,28,Female,Scarf,Accessories,69,Alaska,XL,White,Fall,2.7,No,Free Shipping,0,0,42,Debit Card,Quarterly,4,0.0,0.6125,0.836734693877551,0.058823529411764705,0.08000000000000007,0.48284093637454983,Medium Value
3229,37,Female,Jewelry,Accessories,95,Connecticut,M,Yellow,Spring,4.6,No,2-Day Shipping,0,0,27,PayPal,Annually,1,0.0,0.9375,0.5306122448979591,0.0,0.8399999999999999,0.48374489795918363,Medium Value
3230,54,Female,Pants,Clothing,67,Connecticut,M,Teal,Fall,2.7,No,Express,0,0,24,Cash,Monthly,12,0.0,0.5875,0.4693877551020408,0.21568627450980393,0.08000000000000007,0.3779609843937575,Low Value
3231,49,Female,Sneakers,Footwear,49,Kansas,M,Olive,Summer,2.5,No,Next Day Air,0,0,38,Debit Card,Annually,1,0.0,0.36250000000000004,0.7551020408163265,0.0,0.0,0.37454081632653063,Low Value
3232,62,Female,Shoes,Footwear,97,Nevada,M,Maroon,Winter,4.4,No,Free Shipping,0,0,9,Credit Card,Annually,1,0.0,0.9625000000000001,0.16326530612244897,0.0,0.7600000000000002,0.3338061224489796,Low Value
3233,45,Female,T-shirt,Clothing,34,Massachusetts,M,White,Spring,4.0,No,Next Day Air,0,0,19,Bank Transfer,Monthly,12,0.0,0.17500000000000004,0.36734693877551017,0.21568627450980393,0.6000000000000001,0.30664465786314526,Low Value
3234,45,Female,Belt,Accessories,74,Indiana,M,Lavender,Fall,3.8,No,Express,0,0,11,Debit Card,Bi-Weekly,26,0.0,0.675,0.2040816326530612,0.49019607843137253,0.52,0.4156914765906362,Low Value
3235,49,Female,Jewelry,Accessories,96,Washington,M,Black,Winter,2.5,No,2-Day Shipping,0,0,16,Debit Card,Quarterly,4,0.0,0.9500000000000002,0.3061224489795918,0.058823529411764705,0.0,0.33009603841536617,Low Value
3236,27,Female,Belt,Accessories,68,Kansas,M,Green,Summer,4.0,No,Free Shipping,0,0,18,Venmo,Monthly,12,0.0,0.6000000000000001,0.346938775510204,0.21568627450980393,0.6000000000000001,0.3834813925570228,Low Value
3237,63,Female,Belt,Accessories,84,South Carolina,L,Olive,Fall,4.1,No,Next Day Air,0,0,8,Cash,Monthly,12,0.0,0.8,0.14285714285714285,0.21568627450980393,0.6399999999999999,0.34584873949579836,Low Value
3238,61,Female,T-shirt,Clothing,57,Vermont,M,Gray,Summer,2.8,No,Express,0,0,4,Cash,Weekly,52,0.0,0.4625,0.061224489795918366,0.9999999999999999,0.11999999999999988,0.42898979591836733,Low Value
3239,25,Female,Sneakers,Footwear,84,Wyoming,XL,Teal,Fall,3.4,No,2-Day Shipping,0,0,37,Cash,Quarterly,4,0.0,0.8,0.7346938775510203,0.058823529411764705,0.3600000000000001,0.5075246098439375,Medium Value
3240,33,Female,Sunglasses,Accessories,32,Colorado,M,Charcoal,Fall,2.7,No,2-Day Shipping,0,0,30,Cash,Monthly,12,0.0,0.15000000000000002,0.5918367346938774,0.21568627450980393,0.08000000000000007,0.3394405762304922,Low Value
3241,56,Female,Sandals,Footwear,37,West Virginia,M,Violet,Fall,3.8,No,2-Day Shipping,0,0,37,Bank Transfer,Monthly,12,0.0,0.21250000000000002,0.7346938775510203,0.21568627450980393,0.52,0.4530834333733493,Medium Value
3242,50,Female,Handbag,Accessories,58,Connecticut,M,Lavender,Summer,4.4,No,Store Pickup,0,0,30,PayPal,Quarterly,4,0.0,0.4750000000000001,0.5918367346938774,0.058823529411764705,0.7600000000000002,0.4253817527010804,Low Value
3243,45,Female,Socks,Clothing,74,Oregon,S,Beige,Fall,2.8,No,Express,0,0,17,Venmo,Weekly,52,0.0,0.675,0.32653061224489793,0.9999999999999999,0.11999999999999988,0.5776122448979591,Medium Value
3244,45,Female,Hoodie,Clothing,99,Idaho,L,Black,Summer,5.0,No,Store Pickup,0,0,11,Bank Transfer,Every 3 Months,4,0.0,0.9875,0.2040816326530612,0.058823529411764705,1.0,0.3967797118847539,Low Value
3245,65,Female,Sweater,Clothing,81,Arkansas,M,Black,Fall,4.7,No,Express,0,0,42,Credit Card,Annually,1,0.0,0.7625,0.836734693877551,0.0,0.8800000000000001,0.5751938775510204,Medium Value
3246,63,Female,Pants,Clothing,76,Kansas,M,Purple,Fall,3.2,No,Next Day Air,0,0,20,Cash,Weekly,52,0.0,0.7000000000000001,0.38775510204081626,0.9999999999999999,0.28000000000000025,0.6231020408163265,Medium Value
3247,70,Female,Sneakers,Footwear,98,Michigan,M,Magenta,Summer,2.9,No,Store Pickup,0,0,37,Cash,Monthly,12,0.0,0.9750000000000001,0.7346938775510203,0.21568627450980393,0.15999999999999992,0.5695834333733494,Medium Value
3248,53,Female,Gloves,Accessories,91,Arkansas,M,Teal,Summer,3.7,No,Express,0,0,12,PayPal,Fortnightly,26,0.0,0.8875,0.22448979591836735,0.49019607843137253,0.4800000000000002,0.46235474189675874,Medium Value
3249,22,Female,T-shirt,Clothing,79,Pennsylvania,S,Teal,Summer,4.2,No,Free Shipping,0,0,41,Bank Transfer,Quarterly,4,0.0,0.7375,0.8163265306122448,0.058823529411764705,0.6800000000000002,0.5596776710684274,Medium Value
3250,26,Female,Backpack,Accessories,83,Virginia,M,Pink,Summer,3.4,No,Express,0,0,32,Credit Card,Quarterly,4,0.0,0.7875000000000001,0.6326530612244897,0.058823529411764705,0.3600000000000001,0.46420828331332536,Medium Value
3251,23,Female,Coat,Outerwear,90,Minnesota,M,Teal,Spring,2.9,No,2-Day Shipping,0,0,15,Venmo,Weekly,52,0.0,0.875,0.28571428571428564,0.9999999999999999,0.15999999999999992,0.6052857142857142,Medium Value
3252,25,Female,Coat,Outerwear,20,Nevada,M,Gold,Winter,3.7,No,Standard,0,0,39,Venmo,Quarterly,4,0.0,0.0,0.7755102040816325,0.058823529411764705,0.4800000000000002,0.37585114045618245,Low Value
3253,69,Female,Sandals,Footwear,21,Montana,L,Brown,Spring,2.7,No,Store Pickup,0,0,48,Credit Card,Fortnightly,26,0.0,0.012500000000000011,0.9591836734693877,0.49019607843137253,0.08000000000000007,0.5412322929171669,Medium Value
3254,36,Female,Backpack,Accessories,60,Nebraska,M,Brown,Fall,3.2,No,2-Day Shipping,0,0,8,Venmo,Fortnightly,26,0.0,0.5,0.14285714285714285,0.49019607843137253,0.28000000000000025,0.3322016806722689,Low Value
3255,21,Female,Sweater,Clothing,31,Indiana,S,Magenta,Winter,4.9,No,Store Pickup,0,0,11,Bank Transfer,Every 3 Months,4,0.0,0.1375,0.2040816326530612,0.058823529411764705,0.9600000000000002,0.22277971188475393,Low Value
3256,57,Female,Shorts,Clothing,40,New Jersey,M,Black,Fall,2.8,No,Next Day Air,0,0,36,Bank Transfer,Monthly,12,0.0,0.25,0.7142857142857142,0.21568627450980393,0.11999999999999988,0.41242016806722687,Low Value
3257,60,Female,Sunglasses,Accessories,26,Wisconsin,L,Teal,Winter,4.7,No,Free Shipping,0,0,50,Venmo,Every 3 Months,4,0.0,0.07500000000000001,1.0,0.058823529411764705,0.8800000000000001,0.5206470588235295,Medium Value
3258,44,Female,Shirt,Clothing,98,Minnesota,M,Brown,Fall,3.3,No,Express,0,0,39,Venmo,Every 3 Months,4,0.0,0.9750000000000001,0.7755102040816325,0.058823529411764705,0.32000000000000006,0.5548511404561824,Medium Value
3259,31,Female,Shoes,Footwear,51,New Jersey,M,Magenta,Spring,4.3,No,Express,0,0,11,Credit Card,Bi-Weekly,26,0.0,0.38750000000000007,0.2040816326530612,0.49019607843137253,0.72,0.37819147659063623,Low Value
3260,57,Female,Hat,Accessories,95,Oklahoma,XL,Indigo,Fall,3.7,No,2-Day Shipping,0,0,5,Debit Card,Every 3 Months,4,0.0,0.9375,0.08163265306122448,0.058823529411764705,0.4800000000000002,0.28580012004801925,Low Value
3261,39,Female,Scarf,Accessories,36,Wisconsin,M,Violet,Summer,4.5,No,2-Day Shipping,0,0,7,Credit Card,Annually,1,0.0,0.2,0.12244897959183673,0.0,0.8,0.16897959183673472,Low Value
3262,48,Female,Belt,Accessories,52,Rhode Island,L,Cyan,Winter,3.4,No,Store Pickup,0,0,50,Debit Card,Weekly,52,0.0,0.4,1.0,0.9999999999999999,0.3600000000000001,0.8160000000000001,High Value
3263,42,Female,T-shirt,Clothing,35,Indiana,M,Violet,Spring,2.7,No,Standard,0,0,21,Cash,Every 3 Months,4,0.0,0.1875,0.4081632653061224,0.058823529411764705,0.08000000000000007,0.22641236494597838,Low Value
3264,56,Female,Shorts,Clothing,68,Vermont,S,Black,Fall,4.4,No,Express,0,0,31,Debit Card,Fortnightly,26,0.0,0.6000000000000001,0.6122448979591836,0.49019607843137253,0.7600000000000002,0.5879567827130853,Medium Value
3265,28,Female,Pants,Clothing,50,Maine,S,Charcoal,Winter,4.0,No,Express,0,0,39,Cash,Bi-Weekly,26,0.0,0.375,0.7755102040816325,0.49019607843137253,0.6000000000000001,0.5922629051620648,Medium Value
3266,40,Female,Sunglasses,Accessories,100,Alabama,M,White,Winter,3.2,No,Express,0,0,28,Credit Card,Fortnightly,26,0.0,1.0,0.5510204081632653,0.49019607843137253,0.28000000000000025,0.5954669867947179,Medium Value
3267,49,Female,Coat,Outerwear,74,Alabama,S,Gray,Winter,4.2,No,Next Day Air,0,0,33,Bank Transfer,Weekly,52,0.0,0.675,0.6530612244897959,0.9999999999999999,0.6800000000000002,0.7642244897959183,High Value
3268,37,Female,Hoodie,Clothing,45,Idaho,L,Pink,Winter,3.0,No,Store Pickup,0,0,42,Credit Card,Quarterly,4,0.0,0.3125,0.836734693877551,0.058823529411764705,0.20000000000000018,0.43484093637454985,Low Value
3269,22,Female,Dress,Clothing,97,Arkansas,M,Cyan,Fall,2.8,No,Free Shipping,0,0,5,Bank Transfer,Every 3 Months,4,0.0,0.9625000000000001,0.08163265306122448,0.058823529411764705,0.11999999999999988,0.2548001200480192,Low Value
3270,27,Female,Blouse,Clothing,60,Ohio,M,Blue,Winter,4.9,No,Express,0,0,25,Cash,Monthly,12,0.0,0.5,0.4897959183673469,0.21568627450980393,0.9600000000000002,0.45662424969987997,Medium Value
3271,59,Female,Socks,Clothing,25,Illinois,M,Indigo,Winter,4.7,No,Express,0,0,48,PayPal,Annually,1,0.0,0.0625,0.9591836734693877,0.0,0.8800000000000001,0.48417346938775513,Medium Value
3272,35,Female,Socks,Clothing,55,Nevada,XL,Magenta,Spring,4.4,No,Standard,0,0,30,Credit Card,Weekly,52,0.0,0.4375,0.5918367346938774,0.9999999999999999,0.7600000000000002,0.700234693877551,Medium Value
3273,58,Female,Shoes,Footwear,99,Texas,M,Lavender,Winter,3.1,No,Next Day Air,0,0,34,PayPal,Quarterly,4,0.0,0.9875,0.673469387755102,0.058823529411764705,0.2400000000000002,0.5085348139255703,Medium Value
3274,58,Female,Belt,Accessories,45,Nevada,S,Orange,Summer,2.6,No,Free Shipping,0,0,34,PayPal,Every 3 Months,4,0.0,0.3125,0.673469387755102,0.058823529411764705,0.040000000000000036,0.35353481392557023,Low Value
3275,46,Female,Sweater,Clothing,20,Oklahoma,M,Cyan,Spring,3.9,No,Store Pickup,0,0,14,Cash,Fortnightly,26,0.0,0.0,0.26530612244897955,0.49019607843137253,0.56,0.30918127250900357,Low Value
3276,43,Female,Pants,Clothing,88,Alabama,XL,Green,Summer,2.6,No,2-Day Shipping,0,0,2,Debit Card,Weekly,52,0.0,0.8500000000000001,0.02040816326530612,0.9999999999999999,0.040000000000000036,0.4821632653061224,Medium Value
3277,39,Female,Scarf,Accessories,99,South Dakota,M,White,Summer,4.0,No,Store Pickup,0,0,41,PayPal,Every 3 Months,4,0.0,0.9875,0.8163265306122448,0.058823529411764705,0.6000000000000001,0.6016776710684274,Medium Value
3278,59,Female,Skirt,Clothing,86,Texas,M,Blue,Spring,4.9,No,Store Pickup,0,0,3,Credit Card,Monthly,12,0.0,0.825,0.04081632653061225,0.21568627450980393,0.9600000000000002,0.3420324129651861,Low Value
3279,59,Female,Dress,Clothing,70,Montana,M,Black,Summer,3.3,No,2-Day Shipping,0,0,18,Bank Transfer,Weekly,52,0.0,0.625,0.346938775510204,0.9999999999999999,0.32000000000000006,0.5957755102040816,Medium Value
3280,59,Female,Hat,Accessories,50,Wyoming,S,Red,Fall,3.0,No,Express,0,0,1,Debit Card,Fortnightly,26,0.0,0.375,0.0,0.49019607843137253,0.20000000000000018,0.24205882352941177,Low Value
3281,45,Female,Handbag,Accessories,57,New York,L,Red,Winter,2.7,No,Next Day Air,0,0,5,PayPal,Monthly,12,0.0,0.4625,0.08163265306122448,0.21568627450980393,0.08000000000000007,0.197858943577431,Low Value
3282,27,Female,Pants,Clothing,69,Oregon,L,Gold,Winter,3.1,No,Free Shipping,0,0,41,Bank Transfer,Annually,1,0.0,0.6125,0.8163265306122448,0.0,0.2400000000000002,0.47303061224489795,Medium Value
3283,24,Female,T-shirt,Clothing,94,California,M,Red,Fall,4.8,No,Next Day Air,0,0,5,Credit Card,Monthly,12,0.0,0.925,0.08163265306122448,0.21568627450980393,0.9199999999999999,0.37435894357743094,Low Value
3284,47,Female,Jacket,Outerwear,24,North Carolina,L,Purple,Spring,2.9,No,Express,0,0,10,Debit Card,Every 3 Months,4,0.0,0.050000000000000044,0.18367346938775508,0.058823529411764705,0.15999999999999992,0.11711644657863143,Low Value
3285,70,Female,Scarf,Accessories,79,Kentucky,L,White,Spring,4.5,No,2-Day Shipping,0,0,20,Venmo,Annually,1,0.0,0.7375,0.38775510204081626,0.0,0.8,0.38260204081632654,Low Value
3286,58,Female,Hat,Accessories,31,Hawaii,XL,Magenta,Fall,4.6,No,Free Shipping,0,0,11,Cash,Weekly,52,0.0,0.1375,0.2040816326530612,0.9999999999999999,0.8399999999999999,0.49313265306122445,Medium Value
3287,45,Female,Jacket,Outerwear,67,Illinois,L,Pink,Winter,5.0,No,Express,0,0,4,Venmo,Fortnightly,26,0.0,0.5875,0.061224489795918366,0.49019607843137253,1.0,0.38904861944777913,Low Value
3288,24,Female,Skirt,Clothing,63,West Virginia,L,Black,Spring,4.3,No,2-Day Shipping,0,0,38,Credit Card,Weekly,52,0.0,0.5375000000000001,0.7551020408163265,0.9999999999999999,0.72,0.7815408163265305,High Value
3289,67,Female,Handbag,Accessories,61,South Carolina,XL,White,Spring,4.9,No,Next Day Air,0,0,19,Credit Card,Bi-Weekly,26,0.0,0.5125000000000001,0.36734693877551017,0.49019607843137253,0.9600000000000002,0.4924975990396159,Medium Value
3290,31,Female,Backpack,Accessories,50,Montana,M,Maroon,Summer,4.0,No,2-Day Shipping,0,0,16,Venmo,Every 3 Months,4,0.0,0.375,0.3061224489795918,0.058823529411764705,0.6000000000000001,0.2750960384153662,Low Value
3291,52,Female,Coat,Outerwear,82,North Dakota,L,Black,Spring,3.1,No,Free Shipping,0,0,2,PayPal,Monthly,12,0.0,0.7750000000000001,0.02040816326530612,0.21568627450980393,0.2400000000000002,0.25186914765906365,Low Value
3292,29,Female,Belt,Accessories,51,New Mexico,L,Olive,Fall,2.6,No,2-Day Shipping,0,0,11,Cash,Monthly,12,0.0,0.38750000000000007,0.2040816326530612,0.21568627450980393,0.040000000000000036,0.22783853541416568,Low Value
3293,62,Female,Handbag,Accessories,23,Missouri,L,Gray,Spring,4.9,No,Standard,0,0,18,Bank Transfer,Fortnightly,26,0.0,0.03750000000000003,0.346938775510204,0.49019607843137253,0.9600000000000002,0.38933433373349335,Low Value
3294,19,Female,Coat,Outerwear,91,West Virginia,M,Gold,Spring,3.5,No,2-Day Shipping,0,0,47,Credit Card,Fortnightly,26,0.0,0.8875,0.9387755102040816,0.49019607843137253,0.40000000000000013,0.7400690276110444,Medium Value
3295,62,Female,Sweater,Clothing,60,South Carolina,S,Magenta,Spring,4.5,No,Store Pickup,0,0,15,Bank Transfer,Bi-Weekly,26,0.0,0.5,0.28571428571428564,0.49019607843137253,0.8,0.441344537815126,Low Value
3296,70,Female,Blouse,Clothing,34,West Virginia,S,Lavender,Summer,2.8,No,Next Day Air,0,0,15,Cash,Weekly,52,0.0,0.17500000000000004,0.28571428571428564,0.9999999999999999,0.11999999999999988,0.46128571428571424,Medium Value
3297,20,Female,Blouse,Clothing,23,Alaska,M,Green,Spring,4.2,No,Next Day Air,0,0,47,Venmo,Quarterly,4,0.0,0.03750000000000003,0.9387755102040816,0.058823529411764705,0.6800000000000002,0.4686572629051621,Medium Value
3298,67,Female,Belt,Accessories,82,West Virginia,M,Violet,Fall,4.1,No,Free Shipping,0,0,47,PayPal,Monthly,12,0.0,0.7750000000000001,0.9387755102040816,0.21568627450980393,0.6399999999999999,0.6592160864345739,Medium Value
3299,65,Female,Jacket,Outerwear,73,New Mexico,M,Brown,Fall,3.5,No,Express,0,0,6,Bank Transfer,Every 3 Months,4,0.0,0.6625000000000001,0.10204081632653061,0.058823529411764705,0.40000000000000013,0.2309633853541417,Low Value
3300,45,Female,Shorts,Clothing,32,South Dakota,L,Teal,Spring,4.0,No,2-Day Shipping,0,0,18,Venmo,Monthly,12,0.0,0.15000000000000002,0.346938775510204,0.21568627450980393,0.6000000000000001,0.2934813925570228,Low Value
3301,26,Female,Hat,Accessories,80,Oklahoma,M,Charcoal,Spring,4.0,No,Express,0,0,40,Bank Transfer,Bi-Weekly,26,0.0,0.75,0.7959183673469387,0.49019607843137253,0.6000000000000001,0.6754261704681873,Medium Value
3302,36,Female,Pants,Clothing,58,Oklahoma,XL,Charcoal,Summer,2.5,No,Free Shipping,0,0,31,Credit Card,Fortnightly,26,0.0,0.4750000000000001,0.6122448979591836,0.49019607843137253,0.0,0.48695678271308523,Medium Value
3303,36,Female,Blouse,Clothing,82,Alabama,XL,Beige,Winter,4.2,No,Standard,0,0,31,Venmo,Bi-Weekly,26,0.0,0.7750000000000001,0.6122448979591836,0.49019607843137253,0.6800000000000002,0.6149567827130853,Medium Value
3304,20,Female,Belt,Accessories,60,Mississippi,S,Turquoise,Summer,3.4,No,Next Day Air,0,0,4,Credit Card,Fortnightly,26,0.0,0.5,0.061224489795918366,0.49019607843137253,0.3600000000000001,0.3075486194477791,Low Value
3305,30,Female,Handbag,Accessories,79,Mississippi,XL,Orange,Fall,4.8,No,Next Day Air,0,0,36,Bank Transfer,Every 3 Months,4,0.0,0.7375,0.7142857142857142,0.058823529411764705,0.9199999999999999,0.5428613445378151,Medium Value
3306,34,Female,Hoodie,Clothing,41,Nebraska,L,Cyan,Summer,4.9,No,Standard,0,0,31,PayPal,Bi-Weekly,26,0.0,0.26250000000000007,0.6122448979591836,0.49019607843137253,0.9600000000000002,0.5404567827130853,Medium Value
3307,63,Female,Jacket,Outerwear,39,Colorado,L,Orange,Summer,3.6,No,Store Pickup,0,0,6,Venmo,Fortnightly,26,0.0,0.23750000000000004,0.10204081632653061,0.49019607843137253,0.44000000000000017,0.279375150060024,Low Value
3308,18,Female,Scarf,Accessories,36,Pennsylvania,S,Green,Winter,4.0,No,Store Pickup,0,0,1,Cash,Monthly,12,0.0,0.2,0.0,0.21568627450980393,0.6000000000000001,0.1647058823529412,Low Value
3309,55,Female,Jeans,Clothing,70,Utah,M,Pink,Fall,2.6,No,Express,0,0,29,Cash,Monthly,12,0.0,0.625,0.5714285714285714,0.21568627450980393,0.040000000000000036,0.42227731092436976,Low Value
3310,48,Female,Handbag,Accessories,47,Massachusetts,M,Blue,Summer,3.1,No,Store Pickup,0,0,19,PayPal,Monthly,12,0.0,0.3375,0.36734693877551017,0.21568627450980393,0.2400000000000002,0.30314465786314526,Low Value
3311,45,Female,Jacket,Outerwear,27,Iowa,M,Pink,Winter,3.6,No,Free Shipping,0,0,12,PayPal,Fortnightly,26,0.0,0.08750000000000002,0.22448979591836735,0.49019607843137253,0.44000000000000017,0.29835474189675876,Low Value
3312,29,Female,Hat,Accessories,52,Florida,L,Blue,Summer,4.0,No,Express,0,0,18,Bank Transfer,Annually,1,0.0,0.4,0.346938775510204,0.0,0.6000000000000001,0.27877551020408164,Low Value
3313,55,Female,Sneakers,Footwear,75,Louisiana,L,Black,Summer,3.9,No,Next Day Air,0,0,45,Cash,Quarterly,4,0.0,0.6875,0.8979591836734693,0.058823529411764705,0.56,0.5703307322929172,Medium Value
3314,55,Female,Hat,Accessories,30,Kansas,XL,Black,Fall,3.9,No,Express,0,0,45,Credit Card,Monthly,12,0.0,0.125,0.8979591836734693,0.21568627450980393,0.56,0.504889555822329,Medium Value
3315,55,Female,Socks,Clothing,94,Kansas,M,Violet,Spring,3.3,No,Standard,0,0,8,Credit Card,Quarterly,4,0.0,0.925,0.14285714285714285,0.058823529411764705,0.32000000000000006,0.2917899159663866,Low Value
3316,48,Female,Scarf,Accessories,68,Kentucky,S,Gold,Summer,2.9,No,Standard,0,0,4,PayPal,Every 3 Months,4,0.0,0.6000000000000001,0.061224489795918366,0.058823529411764705,0.15999999999999992,0.17813685474189678,Low Value
3317,42,Female,Socks,Clothing,45,New Mexico,M,Olive,Summer,3.1,No,Free Shipping,0,0,5,Debit Card,Fortnightly,26,0.0,0.3125,0.08163265306122448,0.49019607843137253,0.2400000000000002,0.26621188475390156,Low Value
3318,21,Female,Hat,Accessories,67,North Carolina,XL,Pink,Summer,4.7,No,Standard,0,0,30,Cash,Quarterly,4,0.0,0.5875,0.5918367346938774,0.058823529411764705,0.8800000000000001,0.4598817527010804,Medium Value
3319,45,Female,Jacket,Outerwear,46,North Dakota,M,Olive,Summer,3.9,No,Free Shipping,0,0,15,PayPal,Monthly,12,0.0,0.32500000000000007,0.28571428571428564,0.21568627450980393,0.56,0.29999159663865543,Low Value
3320,23,Female,Shorts,Clothing,31,North Dakota,M,Indigo,Summer,4.3,No,Next Day Air,0,0,17,Credit Card,Every 3 Months,4,0.0,0.1375,0.32653061224489793,0.058823529411764705,0.72,0.24775930372148858,Low Value
3321,66,Female,Blouse,Clothing,44,Illinois,XL,Silver,Fall,4.2,No,2-Day Shipping,0,0,45,Cash,Every 3 Months,4,0.0,0.30000000000000004,0.8979591836734693,0.058823529411764705,0.6800000000000002,0.5048307322929172,Medium Value
3322,32,Female,Coat,Outerwear,100,Maine,S,Charcoal,Winter,4.3,No,Next Day Air,0,0,3,Venmo,Annually,1,0.0,1.0,0.04081632653061225,0.0,0.72,0.2883265306122449,Low Value
3323,52,Female,Sweater,Clothing,92,Indiana,XL,Orange,Winter,4.6,No,Next Day Air,0,0,43,PayPal,Weekly,52,0.0,0.9000000000000001,0.8571428571428571,0.9999999999999999,0.8399999999999999,0.9068571428571428,High Value
3324,54,Female,Handbag,Accessories,78,North Dakota,M,Yellow,Winter,3.8,No,Free Shipping,0,0,4,Credit Card,Monthly,12,0.0,0.7250000000000001,0.061224489795918366,0.21568627450980393,0.52,0.28619567827130854,Low Value
3325,37,Female,T-shirt,Clothing,32,Missouri,S,Red,Fall,3.3,No,Standard,0,0,41,Venmo,Weekly,52,0.0,0.15000000000000002,0.8163265306122448,0.9999999999999999,0.32000000000000006,0.688530612244898,Medium Value
3326,29,Female,Sandals,Footwear,97,Alaska,M,Maroon,Fall,3.7,No,2-Day Shipping,0,0,16,Venmo,Monthly,12,0.0,0.9625000000000001,0.3061224489795918,0.21568627450980393,0.4800000000000002,0.427654861944778,Low Value
3327,47,Female,Gloves,Accessories,95,North Dakota,M,Magenta,Summer,4.3,No,Standard,0,0,10,Debit Card,Annually,1,0.0,0.9375,0.18367346938775508,0.0,0.72,0.33296938775510204,Low Value
3328,47,Female,Shorts,Clothing,64,Connecticut,M,Black,Spring,4.1,No,Express,0,0,2,Debit Card,Quarterly,4,0.0,0.55,0.02040816326530612,0.058823529411764705,0.6399999999999999,0.19981032412965188,Low Value
3329,42,Female,Sandals,Footwear,35,Wisconsin,M,Violet,Spring,3.2,No,Free Shipping,0,0,11,Cash,Bi-Weekly,26,0.0,0.1875,0.2040816326530612,0.49019607843137253,0.28000000000000025,0.29419147659063627,Low Value
3330,34,Female,Backpack,Accessories,54,New Jersey,M,Gray,Winter,3.8,No,Express,0,0,1,Debit Card,Bi-Weekly,26,0.0,0.42500000000000004,0.0,0.49019607843137253,0.52,0.28405882352941175,Low Value
3331,38,Female,Sneakers,Footwear,96,Missouri,M,Black,Spring,3.2,No,2-Day Shipping,0,0,41,Bank Transfer,Quarterly,4,0.0,0.9500000000000002,0.8163265306122448,0.058823529411764705,0.28000000000000025,0.5621776710684274,Medium Value
3332,55,Female,Sunglasses,Accessories,58,California,M,Pink,Summer,3.5,No,Free Shipping,0,0,39,PayPal,Quarterly,4,0.0,0.4750000000000001,0.7755102040816325,0.058823529411764705,0.40000000000000013,0.4628511404561825,Medium Value
3333,27,Female,T-shirt,Clothing,23,Washington,M,Silver,Summer,3.1,No,2-Day Shipping,0,0,1,PayPal,Bi-Weekly,26,0.0,0.03750000000000003,0.0,0.49019607843137253,0.2400000000000002,0.17855882352941177,Low Value
3334,55,Female,Jeans,Clothing,35,Minnesota,M,Violet,Spring,4.2,No,Express,0,0,3,PayPal,Monthly,12,0.0,0.1875,0.04081632653061225,0.21568627450980393,0.6800000000000002,0.1865324129651861,Low Value
3335,66,Female,Shirt,Clothing,23,California,M,Beige,Summer,3.4,No,Free Shipping,0,0,21,Credit Card,Annually,1,0.0,0.03750000000000003,0.4081632653061224,0.0,0.3600000000000001,0.20676530612244898,Low Value
3336,44,Female,Hat,Accessories,94,Texas,XL,Cyan,Winter,3.5,No,Express,0,0,48,Bank Transfer,Quarterly,4,0.0,0.925,0.9591836734693877,0.058823529411764705,0.40000000000000013,0.6263205282112846,Medium Value
3337,39,Female,Blouse,Clothing,45,Montana,M,Brown,Fall,4.0,No,Free Shipping,0,0,24,Debit Card,Annually,1,0.0,0.3125,0.4693877551020408,0.0,0.6000000000000001,0.31025510204081636,Low Value
3338,23,Female,Jacket,Outerwear,23,Arizona,L,Blue,Winter,4.4,No,2-Day Shipping,0,0,45,Bank Transfer,Bi-Weekly,26,0.0,0.03750000000000003,0.8979591836734693,0.49019607843137253,0.7600000000000002,0.5897424969987997,Medium Value
3339,29,Female,Skirt,Clothing,94,Minnesota,L,White,Winter,2.9,No,2-Day Shipping,0,0,46,Credit Card,Monthly,12,0.0,0.925,0.9183673469387754,0.21568627450980393,0.15999999999999992,0.6330528211284514,Medium Value
3340,20,Female,Gloves,Accessories,99,Nebraska,M,Cyan,Fall,3.6,No,Store Pickup,0,0,35,Cash,Fortnightly,26,0.0,0.9875,0.693877551020408,0.49019607843137253,0.44000000000000017,0.666109843937575,Medium Value
3341,42,Female,T-shirt,Clothing,36,Virginia,XL,Maroon,Fall,4.4,No,Free Shipping,0,0,47,Credit Card,Fortnightly,26,0.0,0.2,0.9387755102040816,0.49019607843137253,0.7600000000000002,0.6385690276110445,Medium Value
3342,55,Female,Jacket,Outerwear,50,Connecticut,XL,Olive,Summer,4.5,No,Standard,0,0,35,Credit Card,Monthly,12,0.0,0.375,0.693877551020408,0.21568627450980393,0.8,0.4972569027611044,Medium Value
3343,66,Female,Jacket,Outerwear,81,New Jersey,M,Violet,Spring,3.8,No,Free Shipping,0,0,45,Credit Card,Weekly,52,0.0,0.7625,0.8979591836734693,0.9999999999999999,0.52,0.8636836734693877,High Value
3344,24,Female,Shorts,Clothing,31,Kentucky,XL,Green,Winter,3.6,No,2-Day Shipping,0,0,6,Cash,Bi-Weekly,26,0.0,0.1375,0.10204081632653061,0.49019607843137253,0.44000000000000017,0.259375150060024,Low Value
3345,62,Female,Hat,Accessories,48,Washington,XL,Magenta,Fall,4.3,No,Free Shipping,0,0,20,Cash,Annually,1,0.0,0.3500000000000001,0.38775510204081626,0.0,0.72,0.2971020408163265,Low Value
3346,28,Female,Handbag,Accessories,91,Florida,M,Turquoise,Summer,4.0,No,2-Day Shipping,0,0,3,Venmo,Bi-Weekly,26,0.0,0.8875,0.04081632653061225,0.49019607843137253,0.6000000000000001,0.40088535414165666,Low Value
3347,30,Female,Jeans,Clothing,99,Oklahoma,M,Black,Summer,3.4,No,Express,0,0,30,Venmo,Quarterly,4,0.0,0.9875,0.5918367346938774,0.058823529411764705,0.3600000000000001,0.4878817527010804,Medium Value
3348,22,Female,Shoes,Footwear,70,Iowa,XL,Cyan,Summer,4.4,No,Standard,0,0,28,PayPal,Bi-Weekly,26,0.0,0.625,0.5510204081632653,0.49019607843137253,0.7600000000000002,0.5684669867947179,Medium Value
3349,28,Female,T-shirt,Clothing,74,New Hampshire,L,Gray,Winter,2.8,No,Standard,0,0,15,Cash,Every 3 Months,4,0.0,0.675,0.28571428571428564,0.058823529411764705,0.11999999999999988,0.2789327731092437,Low Value
3350,35,Female,Jewelry,Accessories,79,Georgia,M,Red,Fall,2.8,No,Store Pickup,0,0,29,PayPal,Quarterly,4,0.0,0.7375,0.5714285714285714,0.058823529411764705,0.11999999999999988,0.40571848739495797,Low Value
3351,45,Female,Handbag,Accessories,33,Mississippi,S,Olive,Fall,4.9,No,2-Day Shipping,0,0,15,Cash,Bi-Weekly,26,0.0,0.16250000000000003,0.28571428571428564,0.49019607843137253,0.9600000000000002,0.38984453781512607,Low Value
3352,43,Female,Shirt,Clothing,49,New Hampshire,L,Cyan,Spring,4.2,No,2-Day Shipping,0,0,18,Bank Transfer,Fortnightly,26,0.0,0.36250000000000004,0.346938775510204,0.49019607843137253,0.6800000000000002,0.42633433373349333,Low Value
3353,55,Female,Belt,Accessories,96,Washington,M,Teal,Summer,2.9,No,Next Day Air,0,0,7,Bank Transfer,Bi-Weekly,26,0.0,0.9500000000000002,0.12244897959183673,0.49019607843137253,0.15999999999999992,0.4020384153661465,Low Value
3354,31,Female,Dress,Clothing,66,Ohio,L,Teal,Fall,4.6,No,Free Shipping,0,0,19,Credit Card,Every 3 Months,4,0.0,0.5750000000000001,0.36734693877551017,0.058823529411764705,0.8399999999999999,0.3635858343337335,Low Value
3355,42,Female,Skirt,Clothing,45,Maryland,M,Orange,Fall,2.8,No,Next Day Air,0,0,15,PayPal,Weekly,52,0.0,0.3125,0.28571428571428564,0.9999999999999999,0.11999999999999988,0.4887857142857142,Medium Value
3356,40,Female,Blouse,Clothing,28,Delaware,M,Peach,Spring,2.6,No,Store Pickup,0,0,3,Bank Transfer,Bi-Weekly,26,0.0,0.10000000000000003,0.04081632653061225,0.49019607843137253,0.040000000000000036,0.18738535414165666,Low Value
3357,39,Female,Jeans,Clothing,48,Tennessee,M,Silver,Summer,3.5,No,Store Pickup,0,0,13,PayPal,Bi-Weekly,26,0.0,0.3500000000000001,0.24489795918367344,0.49019607843137253,0.40000000000000013,0.3550180072028812,Low Value
3358,41,Female,Hoodie,Clothing,67,Arkansas,M,Pink,Winter,3.5,No,Free Shipping,0,0,37,Credit Card,Monthly,12,0.0,0.5875,0.7346938775510203,0.21568627450980393,0.40000000000000013,0.5160834333733493,Medium Value
3359,56,Female,T-shirt,Clothing,59,Tennessee,M,Magenta,Fall,3.4,No,2-Day Shipping,0,0,26,Cash,Annually,1,0.0,0.48750000000000004,0.510204081632653,0.0,0.3600000000000001,0.33758163265306124,Low Value
3360,43,Female,Sunglasses,Accessories,74,New Hampshire,L,Red,Fall,3.9,No,Next Day Air,0,0,29,Debit Card,Monthly,12,0.0,0.675,0.5714285714285714,0.21568627450980393,0.56,0.48427731092436976,Medium Value
3361,22,Female,Jacket,Outerwear,81,Minnesota,M,Maroon,Spring,3.3,No,2-Day Shipping,0,0,47,Cash,Every 3 Months,4,0.0,0.7625,0.9387755102040816,0.058823529411764705,0.32000000000000006,0.5776572629051621,Medium Value
3362,47,Female,Shoes,Footwear,26,Florida,M,Silver,Spring,4.1,No,Free Shipping,0,0,47,Credit Card,Bi-Weekly,26,0.0,0.07500000000000001,0.9387755102040816,0.49019607843137253,0.6399999999999999,0.6015690276110444,Medium Value
3363,50,Female,Handbag,Accessories,61,Tennessee,M,Gray,Summer,3.0,No,Next Day Air,0,0,48,Venmo,Fortnightly,26,0.0,0.5125000000000001,0.9591836734693877,0.49019607843137253,0.20000000000000018,0.6532322929171669,Medium Value
3364,58,Female,Sweater,Clothing,23,California,M,Turquoise,Winter,3.0,No,Next Day Air,0,0,46,Bank Transfer,Bi-Weekly,26,0.0,0.03750000000000003,0.9183673469387754,0.49019607843137253,0.20000000000000018,0.5419057623049219,Medium Value
3365,50,Female,Scarf,Accessories,33,Oregon,M,Peach,Fall,3.2,No,Standard,0,0,7,Credit Card,Monthly,12,0.0,0.16250000000000003,0.12244897959183673,0.21568627450980393,0.28000000000000025,0.17418547418967592,Low Value
3366,43,Female,Skirt,Clothing,58,Tennessee,L,Teal,Fall,3.9,No,Express,0,0,45,Credit Card,Every 3 Months,4,0.0,0.4750000000000001,0.8979591836734693,0.058823529411764705,0.56,0.5278307322929172,Medium Value
3367,38,Female,Gloves,Accessories,65,North Carolina,M,Red,Spring,3.6,No,2-Day Shipping,0,0,47,Debit Card,Quarterly,4,0.0,0.5625,0.9387755102040816,0.058823529411764705,0.44000000000000017,0.5496572629051621,Medium Value
3368,44,Female,T-shirt,Clothing,48,Tennessee,M,Blue,Summer,3.1,No,Store Pickup,0,0,6,Venmo,Fortnightly,26,0.0,0.3500000000000001,0.10204081632653061,0.49019607843137253,0.2400000000000002,0.281875150060024,Low Value
3369,30,Female,Sandals,Footwear,25,Nebraska,M,Blue,Spring,4.8,No,Express,0,0,29,Bank Transfer,Every 3 Months,4,0.0,0.0625,0.5714285714285714,0.058823529411764705,0.9199999999999999,0.3507184873949579,Low Value
3370,47,Female,Sweater,Clothing,51,Maine,M,Indigo,Winter,3.8,No,2-Day Shipping,0,0,42,Cash,Monthly,12,0.0,0.38750000000000007,0.836734693877551,0.21568627450980393,0.52,0.5288997599039617,Medium Value
3371,30,Female,Belt,Accessories,31,Illinois,M,Charcoal,Summer,2.8,No,Store Pickup,0,0,46,Cash,Fortnightly,26,0.0,0.1375,0.9183673469387754,0.49019607843137253,0.11999999999999988,0.5539057623049218,Medium Value
3372,49,Female,Hoodie,Clothing,99,Colorado,S,Turquoise,Winter,4.0,No,Next Day Air,0,0,28,PayPal,Annually,1,0.0,0.9875,0.5510204081632653,0.0,0.6000000000000001,0.4779081632653061,Medium Value
3373,56,Female,Socks,Clothing,25,Pennsylvania,M,Maroon,Winter,4.6,No,Free Shipping,0,0,14,Credit Card,Every 3 Months,4,0.0,0.0625,0.26530612244897955,0.058823529411764705,0.8399999999999999,0.22026950780312124,Low Value
3374,70,Female,Sandals,Footwear,52,Minnesota,M,Purple,Spring,3.5,No,Store Pickup,0,0,12,Debit Card,Every 3 Months,4,0.0,0.4,0.22448979591836735,0.058823529411764705,0.40000000000000013,0.2274429771908764,Low Value
3375,22,Female,Blouse,Clothing,47,Nevada,S,Lavender,Spring,3.7,No,2-Day Shipping,0,0,41,Debit Card,Annually,1,0.0,0.3375,0.8163265306122448,0.0,0.4800000000000002,0.442030612244898,Low Value
3376,51,Female,Boots,Footwear,98,Connecticut,XL,Yellow,Fall,4.9,No,Express,0,0,8,Credit Card,Annually,1,0.0,0.9750000000000001,0.14285714285714285,0.0,0.9600000000000002,0.3481428571428572,Low Value
3377,22,Female,Hat,Accessories,46,Ohio,M,Green,Winter,4.1,No,Store Pickup,0,0,24,Cash,Quarterly,4,0.0,0.32500000000000007,0.4693877551020408,0.058823529411764705,0.6399999999999999,0.33440216086434577,Low Value
3378,37,Female,Shirt,Clothing,32,Kentucky,M,Yellow,Winter,4.6,No,Next Day Air,0,0,18,PayPal,Fortnightly,26,0.0,0.15000000000000002,0.346938775510204,0.49019607843137253,0.8399999999999999,0.3998343337334933,Low Value
3379,49,Female,Shorts,Clothing,75,Minnesota,L,Gold,Fall,4.5,No,Next Day Air,0,0,6,Cash,Quarterly,4,0.0,0.6875,0.10204081632653061,0.058823529411764705,0.8,0.27596338535414167,Low Value
3380,61,Female,Handbag,Accessories,51,Tennessee,L,Turquoise,Summer,5.0,No,Store Pickup,0,0,40,Cash,Weekly,52,0.0,0.38750000000000007,0.7959183673469387,0.9999999999999999,1.0,0.7958673469387754,High Value
3381,41,Female,Dress,Clothing,52,North Dakota,L,Blue,Summer,3.8,No,Standard,0,0,6,PayPal,Every 3 Months,4,0.0,0.4,0.10204081632653061,0.058823529411764705,0.52,0.1904633853541417,Low Value
3382,57,Female,Hat,Accessories,66,Minnesota,L,Turquoise,Winter,4.7,No,Standard,0,0,27,Credit Card,Quarterly,4,0.0,0.5750000000000001,0.5306122448979591,0.058823529411764705,0.8800000000000001,0.43289195678271314,Low Value
3383,34,Female,Sweater,Clothing,35,Nebraska,M,Maroon,Spring,2.8,No,Express,0,0,2,Bank Transfer,Weekly,52,0.0,0.1875,0.02040816326530612,0.9999999999999999,0.11999999999999988,0.35766326530612236,Low Value
3384,27,Female,Coat,Outerwear,43,Delaware,M,Pink,Fall,2.6,No,Next Day Air,0,0,39,Venmo,Bi-Weekly,26,0.0,0.2875,0.7755102040816325,0.49019607843137253,0.040000000000000036,0.5187629051620648,Medium Value
3385,39,Female,Hoodie,Clothing,24,Minnesota,L,Maroon,Summer,3.8,No,Free Shipping,0,0,9,Venmo,Quarterly,4,0.0,0.050000000000000044,0.16326530612244897,0.058823529411764705,0.52,0.144953181272509,Low Value
3386,62,Female,Jewelry,Accessories,83,Rhode Island,M,Olive,Winter,2.8,No,Standard,0,0,16,Credit Card,Every 3 Months,4,0.0,0.7875000000000001,0.3061224489795918,0.058823529411764705,0.11999999999999988,0.3095960384153662,Low Value
3387,34,Female,T-shirt,Clothing,62,Michigan,M,Lavender,Fall,2.6,No,2-Day Shipping,0,0,36,Cash,Quarterly,4,0.0,0.525,0.7142857142857142,0.058823529411764705,0.040000000000000036,0.41236134453781514,Low Value
3388,53,Female,Pants,Clothing,78,New Jersey,S,Pink,Spring,3.4,No,2-Day Shipping,0,0,2,Credit Card,Bi-Weekly,26,0.0,0.7250000000000001,0.02040816326530612,0.49019607843137253,0.3600000000000001,0.3362220888355342,Low Value
3389,35,Female,Sweater,Clothing,61,South Dakota,M,Cyan,Spring,4.5,No,Store Pickup,0,0,21,Credit Card,Weekly,52,0.0,0.5125000000000001,0.4081632653061224,0.9999999999999999,0.8,0.6457653061224489,Medium Value
3390,38,Female,Pants,Clothing,57,North Carolina,L,Maroon,Fall,3.8,No,Free Shipping,0,0,39,Venmo,Annually,1,0.0,0.4625,0.7755102040816325,0.0,0.52,0.454704081632653,Medium Value
3391,32,Female,Socks,Clothing,70,Oregon,S,Red,Summer,3.0,No,Next Day Air,0,0,38,PayPal,Annually,1,0.0,0.625,0.7551020408163265,0.0,0.20000000000000018,0.44704081632653064,Low Value
3392,47,Female,Hoodie,Clothing,57,Montana,M,Silver,Fall,3.7,No,2-Day Shipping,0,0,6,Debit Card,Every 3 Months,4,0.0,0.4625,0.10204081632653061,0.058823529411764705,0.4800000000000002,0.19896338535414168,Low Value
3393,53,Female,Scarf,Accessories,74,New Jersey,XL,Blue,Winter,4.4,No,Free Shipping,0,0,6,Venmo,Bi-Weekly,26,0.0,0.675,0.10204081632653061,0.49019607843137253,0.7600000000000002,0.398875150060024,Low Value
3394,60,Female,Dress,Clothing,90,Arizona,M,Gold,Fall,3.1,No,Next Day Air,0,0,50,Debit Card,Monthly,12,0.0,0.875,1.0,0.21568627450980393,0.2400000000000002,0.6637058823529413,Medium Value
3395,31,Female,Sandals,Footwear,98,Vermont,S,Yellow,Spring,4.2,No,Store Pickup,0,0,9,PayPal,Annually,1,0.0,0.9750000000000001,0.16326530612244897,0.0,0.6800000000000002,0.3283061224489796,Low Value
3396,44,Female,Dress,Clothing,43,Colorado,M,Silver,Winter,3.1,No,Free Shipping,0,0,15,Debit Card,Every 3 Months,4,0.0,0.2875,0.28571428571428564,0.058823529411764705,0.2400000000000002,0.2134327731092437,Low Value
3397,29,Female,Pants,Clothing,37,Tennessee,XL,Black,Winter,5.0,No,Next Day Air,0,0,5,PayPal,Quarterly,4,0.0,0.21250000000000002,0.08163265306122448,0.058823529411764705,1.0,0.19280012004801922,Low Value
3398,19,Female,Blouse,Clothing,38,New Jersey,L,Yellow,Summer,2.7,No,Standard,0,0,13,Bank Transfer,Bi-Weekly,26,0.0,0.22500000000000003,0.24489795918367344,0.49019607843137253,0.08000000000000007,0.2980180072028812,Low Value
3399,54,Female,Jeans,Clothing,60,Montana,L,Pink,Winter,3.8,No,Standard,0,0,44,Cash,Fortnightly,26,0.0,0.5,0.8775510204081631,0.49019607843137253,0.52,0.6500792316926771,Medium Value
3400,40,Female,Pants,Clothing,55,Montana,XL,Yellow,Winter,3.3,No,Standard,0,0,36,Debit Card,Annually,1,0.0,0.4375,0.7142857142857142,0.0,0.32000000000000006,0.40521428571428575,Low Value
3401,39,Female,Sunglasses,Accessories,51,Nevada,M,Lavender,Fall,4.8,No,Free Shipping,0,0,18,Venmo,Fortnightly,26,0.0,0.38750000000000007,0.346938775510204,0.49019607843137253,0.9199999999999999,0.4553343337334933,Medium Value
3402,44,Female,Backpack,Accessories,71,Nevada,L,Peach,Winter,3.4,No,Standard,0,0,39,Credit Card,Weekly,52,0.0,0.6375000000000001,0.7755102040816325,0.9999999999999999,0.3600000000000001,0.773704081632653,High Value
3403,22,Female,Hoodie,Clothing,61,Louisiana,M,Black,Spring,4.4,No,2-Day Shipping,0,0,11,PayPal,Every 3 Months,4,0.0,0.5125000000000001,0.2040816326530612,0.058823529411764705,0.7600000000000002,0.2777797118847539,Low Value
3404,30,Female,Boots,Footwear,65,Illinois,M,Olive,Summer,3.9,No,Standard,0,0,1,Cash,Bi-Weekly,26,0.0,0.5625,0.0,0.49019607843137253,0.56,0.3155588235294117,Low Value
3405,69,Female,Gloves,Accessories,34,South Carolina,L,Olive,Fall,3.9,No,2-Day Shipping,0,0,34,Credit Card,Annually,1,0.0,0.17500000000000004,0.673469387755102,0.0,0.56,0.36038775510204085,Low Value
3406,28,Female,Blouse,Clothing,87,Washington,M,White,Summer,4.2,No,Store Pickup,0,0,47,Bank Transfer,Bi-Weekly,26,0.0,0.8375000000000001,0.9387755102040816,0.49019607843137253,0.6800000000000002,0.7580690276110444,High Value
3407,57,Female,Sweater,Clothing,79,Nebraska,M,Red,Spring,4.0,No,Store Pickup,0,0,24,Venmo,Quarterly,4,0.0,0.7375,0.4693877551020408,0.058823529411764705,0.6000000000000001,0.4129021608643458,Low Value
3408,46,Female,Dress,Clothing,46,Alabama,S,Purple,Spring,2.6,No,Store Pickup,0,0,20,Cash,Quarterly,4,0.0,0.32500000000000007,0.38775510204081626,0.058823529411764705,0.040000000000000036,0.2417490996398559,Low Value
3409,48,Female,Socks,Clothing,72,Montana,L,Purple,Summer,4.4,No,Standard,0,0,11,Bank Transfer,Annually,1,0.0,0.65,0.2040816326530612,0.0,0.7600000000000002,0.2876326530612245,Low Value
3410,24,Female,Shirt,Clothing,93,Minnesota,M,Teal,Summer,3.2,No,Next Day Air,0,0,3,Credit Card,Every 3 Months,4,0.0,0.9125000000000001,0.04081632653061225,0.058823529411764705,0.28000000000000025,0.24447358943577435,Low Value
3411,50,Female,Sandals,Footwear,76,Ohio,L,Teal,Summer,4.3,No,Free Shipping,0,0,38,Bank Transfer,Bi-Weekly,26,0.0,0.7000000000000001,0.7551020408163265,0.49019607843137253,0.72,0.6610996398559423,Medium Value
3412,29,Female,Shoes,Footwear,56,New York,L,Gray,Winter,4.9,No,2-Day Shipping,0,0,45,Cash,Weekly,52,0.0,0.45000000000000007,0.8979591836734693,0.9999999999999999,0.9600000000000002,0.8451836734693878,High Value
3413,61,Female,Sandals,Footwear,83,Indiana,M,Magenta,Fall,3.8,No,Store Pickup,0,0,31,Venmo,Quarterly,4,0.0,0.7875000000000001,0.6122448979591836,0.058823529411764705,0.52,0.4720450180072029,Medium Value
3414,34,Female,Gloves,Accessories,90,Delaware,XL,Black,Winter,2.5,No,Express,0,0,16,PayPal,Bi-Weekly,26,0.0,0.875,0.3061224489795918,0.49019607843137253,0.0,0.4445078031212485,Low Value
3415,27,Female,Boots,Footwear,94,Connecticut,M,Maroon,Spring,4.9,No,Next Day Air,0,0,3,Bank Transfer,Quarterly,4,0.0,0.925,0.04081632653061225,0.058823529411764705,0.9600000000000002,0.31497358943577436,Low Value
3416,38,Female,Blouse,Clothing,68,New York,M,Gold,Fall,3.0,No,2-Day Shipping,0,0,15,Bank Transfer,Annually,1,0.0,0.6000000000000001,0.28571428571428564,0.0,0.20000000000000018,0.25428571428571434,Low Value
3417,25,Female,Sandals,Footwear,53,Alabama,M,Purple,Spring,3.2,No,Store Pickup,0,0,11,Bank Transfer,Every 3 Months,4,0.0,0.4125000000000001,0.2040816326530612,0.058823529411764705,0.28000000000000025,0.20977971188475394,Low Value
3418,54,Female,Coat,Outerwear,35,Massachusetts,M,Blue,Summer,2.9,No,2-Day Shipping,0,0,22,Debit Card,Fortnightly,26,0.0,0.1875,0.4285714285714285,0.49019607843137253,0.15999999999999992,0.37198739495798316,Low Value
3419,53,Female,Jacket,Outerwear,30,South Carolina,M,Beige,Summer,2.8,No,Free Shipping,0,0,35,Debit Card,Annually,1,0.0,0.125,0.693877551020408,0.0,0.11999999999999988,0.31455102040816324,Low Value
3420,23,Female,Jewelry,Accessories,26,West Virginia,L,Indigo,Winter,3.1,No,Store Pickup,0,0,5,Venmo,Bi-Weekly,26,0.0,0.07500000000000001,0.08163265306122448,0.49019607843137253,0.2400000000000002,0.21871188475390158,Low Value
3421,19,Female,Hat,Accessories,60,Kentucky,M,Purple,Winter,3.4,No,Express,0,0,35,PayPal,Bi-Weekly,26,0.0,0.5,0.693877551020408,0.49019607843137253,0.3600000000000001,0.560609843937575,Medium Value
3422,57,Female,Shoes,Footwear,30,New Jersey,M,Maroon,Summer,2.9,No,Free Shipping,0,0,27,PayPal,Weekly,52,0.0,0.125,0.5306122448979591,0.9999999999999999,0.15999999999999992,0.5532448979591836,Medium Value
3423,19,Female,Coat,Outerwear,91,New York,L,Beige,Winter,3.2,No,Next Day Air,0,0,9,Venmo,Monthly,12,0.0,0.8875,0.16326530612244897,0.21568627450980393,0.28000000000000025,0.3355120048019208,Low Value
3424,33,Female,Boots,Footwear,71,Massachusetts,M,Brown,Spring,3.8,No,Next Day Air,0,0,21,PayPal,Bi-Weekly,26,0.0,0.6375000000000001,0.4081632653061224,0.49019607843137253,0.52,0.4898241296518608,Medium Value
3425,33,Female,Scarf,Accessories,64,Florida,L,Green,Summer,3.6,No,2-Day Shipping,0,0,23,Credit Card,Monthly,12,0.0,0.55,0.44897959183673464,0.21568627450980393,0.44000000000000017,0.3982977190876351,Low Value
3426,38,Female,Hat,Accessories,54,Michigan,M,Blue,Summer,4.3,No,Next Day Air,0,0,3,Debit Card,Bi-Weekly,26,0.0,0.42500000000000004,0.04081632653061225,0.49019607843137253,0.72,0.32038535414165664,Low Value
3427,47,Female,Socks,Clothing,35,Oregon,XL,Magenta,Fall,4.8,No,2-Day Shipping,0,0,31,Credit Card,Annually,1,0.0,0.1875,0.6122448979591836,0.0,0.9199999999999999,0.37439795918367347,Low Value
3428,39,Female,T-shirt,Clothing,38,Michigan,XL,Turquoise,Winter,2.5,No,Store Pickup,0,0,44,Cash,Annually,1,0.0,0.22500000000000003,0.8775510204081631,0.0,0.0,0.39602040816326534,Low Value
3429,32,Female,Jewelry,Accessories,69,Washington,M,Gray,Fall,2.5,No,Next Day Air,0,0,20,Venmo,Monthly,12,0.0,0.6125,0.38775510204081626,0.21568627450980393,0.0,0.34230792316926767,Low Value
3430,27,Female,Skirt,Clothing,96,Alaska,S,Purple,Winter,4.6,No,Express,0,0,34,Debit Card,Weekly,52,0.0,0.9500000000000002,0.673469387755102,0.9999999999999999,0.8399999999999999,0.8433877551020408,High Value
3431,67,Female,Socks,Clothing,73,Montana,M,Lavender,Winter,4.2,No,Next Day Air,0,0,17,Bank Transfer,Every 3 Months,4,0.0,0.6625000000000001,0.32653061224489793,0.058823529411764705,0.6800000000000002,0.3487593037214886,Low Value
3432,46,Female,Belt,Accessories,49,New Mexico,S,Green,Summer,4.2,No,Express,0,0,20,Venmo,Annually,1,0.0,0.36250000000000004,0.38775510204081626,0.0,0.6800000000000002,0.2956020408163265,Low Value
3433,36,Female,Boots,Footwear,44,Connecticut,M,Gray,Summer,4.8,No,2-Day Shipping,0,0,46,PayPal,Every 3 Months,4,0.0,0.30000000000000004,0.9183673469387754,0.058823529411764705,0.9199999999999999,0.5369939975990395,Medium Value
3434,62,Female,Socks,Clothing,93,Alaska,M,Yellow,Spring,4.5,No,Free Shipping,0,0,28,PayPal,Annually,1,0.0,0.9125000000000001,0.5510204081632653,0.0,0.8,0.4829081632653061,Medium Value
3435,31,Female,Pants,Clothing,72,Ohio,S,Orange,Summer,3.3,No,2-Day Shipping,0,0,6,Venmo,Fortnightly,26,0.0,0.65,0.10204081632653061,0.49019607843137253,0.32000000000000006,0.349875150060024,Low Value
3436,68,Female,Socks,Clothing,91,Montana,M,Beige,Summer,2.7,No,2-Day Shipping,0,0,50,Debit Card,Bi-Weekly,26,0.0,0.8875,1.0,0.49019607843137253,0.08000000000000007,0.7325588235294118,Medium Value
3437,57,Female,Belt,Accessories,83,Nebraska,L,Peach,Winter,2.8,No,2-Day Shipping,0,0,41,Bank Transfer,Monthly,12,0.0,0.7875000000000001,0.8163265306122448,0.21568627450980393,0.11999999999999988,0.5607364945978391,Medium Value
3438,22,Female,Jacket,Outerwear,62,Oklahoma,S,Green,Winter,3.5,No,2-Day Shipping,0,0,50,PayPal,Annually,1,0.0,0.525,1.0,0.0,0.40000000000000013,0.545,Medium Value
3439,26,Female,Shirt,Clothing,71,Kentucky,M,Violet,Fall,3.0,No,Store Pickup,0,0,33,Credit Card,Monthly,12,0.0,0.6375000000000001,0.6530612244897959,0.21568627450980393,0.20000000000000018,0.4734303721488595,Medium Value
3440,43,Female,Gloves,Accessories,93,Idaho,M,Gray,Summer,4.5,No,Express,0,0,25,Venmo,Quarterly,4,0.0,0.9125000000000001,0.4897959183673469,0.058823529411764705,0.8,0.47606542617046826,Medium Value
3441,45,Female,Handbag,Accessories,63,Maryland,L,Magenta,Fall,4.3,No,2-Day Shipping,0,0,2,PayPal,Weekly,52,0.0,0.5375000000000001,0.02040816326530612,0.9999999999999999,0.72,0.4876632653061224,Medium Value
3442,64,Female,Sweater,Clothing,96,Tennessee,XL,Charcoal,Fall,4.1,No,Standard,0,0,15,Credit Card,Annually,1,0.0,0.9500000000000002,0.28571428571428564,0.0,0.6399999999999999,0.3682857142857143,Low Value
3443,28,Female,Skirt,Clothing,78,Michigan,M,Violet,Spring,4.3,No,Next Day Air,0,0,12,PayPal,Weekly,52,0.0,0.7250000000000001,0.22448979591836735,0.9999999999999999,0.72,0.6067959183673469,Medium Value
3444,47,Female,Dress,Clothing,24,Tennessee,L,Silver,Summer,5.0,No,Free Shipping,0,0,28,Cash,Bi-Weekly,26,0.0,0.050000000000000044,0.5510204081632653,0.49019607843137253,1.0,0.4774669867947179,Medium Value
3445,53,Female,Pants,Clothing,63,Rhode Island,S,Green,Summer,3.8,No,2-Day Shipping,0,0,12,Bank Transfer,Bi-Weekly,26,0.0,0.5375000000000001,0.22448979591836735,0.49019607843137253,0.52,0.39635474189675873,Low Value
3446,42,Female,Hat,Accessories,58,Florida,M,Magenta,Fall,4.9,No,Standard,0,0,3,Debit Card,Annually,1,0.0,0.4750000000000001,0.04081632653061225,0.0,0.9600000000000002,0.20732653061224496,Low Value
3447,51,Female,Boots,Footwear,55,Louisiana,S,Purple,Spring,5.0,No,2-Day Shipping,0,0,20,Cash,Weekly,52,0.0,0.4375,0.38775510204081626,0.9999999999999999,1.0,0.6426020408163264,Medium Value
3448,62,Female,Sandals,Footwear,58,Arkansas,M,Blue,Fall,4.3,No,Express,0,0,3,Bank Transfer,Bi-Weekly,26,0.0,0.4750000000000001,0.04081632653061225,0.49019607843137253,0.72,0.33038535414165665,Low Value
3449,18,Female,Coat,Outerwear,28,Kentucky,S,Yellow,Winter,4.1,No,Express,0,0,32,Bank Transfer,Fortnightly,26,0.0,0.10000000000000003,0.6326530612244897,0.49019607843137253,0.6399999999999999,0.48412004801920766,Medium Value
3450,48,Female,Blouse,Clothing,37,Kansas,M,Brown,Spring,4.5,No,Standard,0,0,35,Cash,Monthly,12,0.0,0.21250000000000002,0.693877551020408,0.21568627450980393,0.8,0.46475690276110443,Medium Value
3451,20,Female,Shorts,Clothing,78,Vermont,M,Pink,Spring,3.6,No,Store Pickup,0,0,31,PayPal,Monthly,12,0.0,0.7250000000000001,0.6122448979591836,0.21568627450980393,0.44000000000000017,0.4986038415366147,Medium Value
3452,32,Female,Blouse,Clothing,73,Nevada,XL,Silver,Fall,3.0,No,Free Shipping,0,0,13,Credit Card,Annually,1,0.0,0.6625000000000001,0.24489795918367344,0.0,0.20000000000000018,0.2504591836734694,Low Value
3453,26,Female,Jacket,Outerwear,20,Oklahoma,M,Indigo,Spring,3.7,No,Next Day Air,0,0,3,Venmo,Fortnightly,26,0.0,0.0,0.04081632653061225,0.49019607843137253,0.4800000000000002,0.21138535414165666,Low Value
3454,31,Female,Shirt,Clothing,60,Alabama,L,Pink,Winter,4.3,No,Standard,0,0,48,Venmo,Bi-Weekly,26,0.0,0.5,0.9591836734693877,0.49019607843137253,0.72,0.7027322929171668,Medium Value
3455,55,Female,Handbag,Accessories,71,Louisiana,S,Lavender,Fall,4.6,No,Store Pickup,0,0,15,PayPal,Bi-Weekly,26,0.0,0.6375000000000001,0.28571428571428564,0.49019607843137253,0.8399999999999999,0.47284453781512603,Medium Value
3456,49,Female,T-shirt,Clothing,89,Ohio,M,Orange,Fall,4.7,No,Standard,0,0,13,Venmo,Annually,1,0.0,0.8625,0.24489795918367344,0.0,0.8800000000000001,0.3584591836734694,Low Value
3457,42,Female,Hoodie,Clothing,53,Texas,M,Red,Fall,4.6,No,Express,0,0,21,Venmo,Monthly,12,0.0,0.4125000000000001,0.4081632653061224,0.21568627450980393,0.8399999999999999,0.3944711884753902,Low Value
3458,64,Female,Jewelry,Accessories,87,Maryland,M,Gray,Summer,3.0,No,Express,0,0,29,Cash,Fortnightly,26,0.0,0.8375000000000001,0.5714285714285714,0.49019607843137253,0.20000000000000018,0.5631302521008403,Medium Value
3459,68,Female,Jewelry,Accessories,37,West Virginia,L,Violet,Spring,3.4,No,Standard,0,0,24,Venmo,Quarterly,4,0.0,0.21250000000000002,0.4693877551020408,0.058823529411764705,0.3600000000000001,0.2839021608643458,Low Value
3460,68,Female,Hoodie,Clothing,37,Ohio,L,Green,Fall,3.8,No,Express,0,0,21,PayPal,Annually,1,0.0,0.21250000000000002,0.4081632653061224,0.0,0.52,0.25776530612244897,Low Value
3461,41,Female,Scarf,Accessories,78,Indiana,M,Gold,Spring,3.1,No,Express,0,0,5,Bank Transfer,Bi-Weekly,26,0.0,0.7250000000000001,0.08163265306122448,0.49019607843137253,0.2400000000000002,0.3487118847539016,Low Value
3462,51,Female,Shoes,Footwear,23,Wyoming,S,Maroon,Spring,4.4,No,Standard,0,0,47,Cash,Quarterly,4,0.0,0.03750000000000003,0.9387755102040816,0.058823529411764705,0.7600000000000002,0.4766572629051621,Medium Value
3463,44,Female,Jeans,Clothing,73,Michigan,L,Olive,Spring,4.5,No,Standard,0,0,34,Credit Card,Every 3 Months,4,0.0,0.6625000000000001,0.673469387755102,0.058823529411764705,0.8,0.49953481392557025,Medium Value
3464,27,Female,Jewelry,Accessories,27,Maine,M,Yellow,Fall,2.8,No,2-Day Shipping,0,0,45,PayPal,Fortnightly,26,0.0,0.08750000000000002,0.8979591836734693,0.49019607843137253,0.11999999999999988,0.5357424969987995,Medium Value
3465,36,Female,Coat,Outerwear,59,Utah,S,Peach,Winter,2.7,No,Next Day Air,0,0,12,PayPal,Annually,1,0.0,0.48750000000000004,0.22448979591836735,0.0,0.08000000000000007,0.19529591836734697,Low Value
3466,19,Female,Backpack,Accessories,53,Iowa,M,Gold,Spring,3.4,No,Standard,0,0,31,Debit Card,Weekly,52,0.0,0.4125000000000001,0.6122448979591836,0.9999999999999999,0.3600000000000001,0.6633979591836734,Medium Value
3467,49,Female,Socks,Clothing,42,Maryland,S,Purple,Summer,4.6,No,Standard,0,0,43,Bank Transfer,Annually,1,0.0,0.275,0.8571428571428571,0.0,0.8399999999999999,0.4818571428571429,Medium Value
3468,18,Female,Scarf,Accessories,45,Texas,M,Charcoal,Fall,5.0,No,Next Day Air,0,0,5,Credit Card,Annually,1,0.0,0.3125,0.08163265306122448,0.0,1.0,0.1951530612244898,Low Value
3469,36,Female,Sunglasses,Accessories,89,Ohio,S,Indigo,Winter,3.5,No,Standard,0,0,36,Debit Card,Quarterly,4,0.0,0.8625,0.7142857142857142,0.058823529411764705,0.40000000000000013,0.5158613445378152,Medium Value
3470,36,Female,Socks,Clothing,85,North Dakota,L,Magenta,Fall,3.3,No,Store Pickup,0,0,12,Cash,Annually,1,0.0,0.8125,0.22448979591836735,0.0,0.32000000000000006,0.28429591836734697,Low Value
3471,19,Female,Coat,Outerwear,69,West Virginia,S,Olive,Summer,4.5,No,Free Shipping,0,0,31,Cash,Bi-Weekly,26,0.0,0.6125,0.6122448979591836,0.49019607843137253,0.8,0.5944567827130853,Medium Value
3472,43,Female,Sandals,Footwear,66,North Carolina,S,Blue,Spring,3.1,No,Store Pickup,0,0,31,Cash,Bi-Weekly,26,0.0,0.5750000000000001,0.6122448979591836,0.49019607843137253,0.2400000000000002,0.5309567827130852,Medium Value
3473,31,Female,Blouse,Clothing,42,Georgia,S,White,Summer,4.0,No,Free Shipping,0,0,15,Debit Card,Weekly,52,0.0,0.275,0.28571428571428564,0.9999999999999999,0.6000000000000001,0.5292857142857142,Medium Value
3474,63,Female,Dress,Clothing,40,Kansas,M,Cyan,Spring,2.5,No,Express,0,0,11,Cash,Weekly,52,0.0,0.25,0.2040816326530612,0.9999999999999999,0.0,0.4316326530612244,Low Value
3475,41,Female,Pants,Clothing,82,Maine,M,Cyan,Winter,4.4,No,Store Pickup,0,0,18,Venmo,Monthly,12,0.0,0.7750000000000001,0.346938775510204,0.21568627450980393,0.7600000000000002,0.43448139255702284,Low Value
3476,48,Female,Sneakers,Footwear,88,South Carolina,M,Orange,Spring,4.4,No,Express,0,0,9,Cash,Quarterly,4,0.0,0.8500000000000001,0.16326530612244897,0.058823529411764705,0.7600000000000002,0.32895318127250905,Low Value
3477,68,Female,Boots,Footwear,99,South Carolina,XL,Orange,Summer,3.2,No,Free Shipping,0,0,11,Cash,Weekly,52,0.0,0.9875,0.2040816326530612,0.9999999999999999,0.28000000000000025,0.6071326530612244,Medium Value
3478,53,Female,Handbag,Accessories,85,Kentucky,S,Teal,Spring,3.8,No,Store Pickup,0,0,38,Debit Card,Bi-Weekly,26,0.0,0.8125,0.7551020408163265,0.49019607843137253,0.52,0.6635996398559424,Medium Value
3479,36,Female,Handbag,Accessories,57,Arizona,M,Magenta,Fall,4.6,No,Store Pickup,0,0,42,PayPal,Quarterly,4,0.0,0.4625,0.836734693877551,0.058823529411764705,0.8399999999999999,0.5288409363745499,Medium Value
3480,46,Female,Sweater,Clothing,56,New York,S,Orange,Summer,4.9,No,Standard,0,0,41,Cash,Monthly,12,0.0,0.45000000000000007,0.8163265306122448,0.21568627450980393,0.9600000000000002,0.5772364945978392,Medium Value
3481,21,Female,Sandals,Footwear,79,New Hampshire,L,Peach,Winter,3.5,No,Free Shipping,0,0,45,PayPal,Monthly,12,0.0,0.7375,0.8979591836734693,0.21568627450980393,0.40000000000000013,0.611389555822329,Medium Value
3482,52,Female,Socks,Clothing,67,Ohio,S,Maroon,Summer,3.4,No,Store Pickup,0,0,41,Debit Card,Bi-Weekly,26,0.0,0.5875,0.8163265306122448,0.49019607843137253,0.3600000000000001,0.6270894357743098,Medium Value
3483,66,Female,Gloves,Accessories,61,Hawaii,M,Gold,Winter,3.9,No,Next Day Air,0,0,35,Debit Card,Weekly,52,0.0,0.5125000000000001,0.693877551020408,0.9999999999999999,0.56,0.7360510204081632,Medium Value
3484,19,Female,Hoodie,Clothing,37,Texas,L,White,Winter,3.9,No,Express,0,0,21,Credit Card,Every 3 Months,4,0.0,0.21250000000000002,0.4081632653061224,0.058823529411764705,0.56,0.2794123649459784,Low Value
3485,44,Female,Dress,Clothing,75,Illinois,L,Gray,Fall,4.2,No,Free Shipping,0,0,13,Credit Card,Bi-Weekly,26,0.0,0.6875,0.24489795918367344,0.49019607843137253,0.6800000000000002,0.45051800720288115,Medium Value
3486,50,Female,Shirt,Clothing,21,Massachusetts,XL,Brown,Winter,3.4,No,Standard,0,0,23,Debit Card,Fortnightly,26,0.0,0.012500000000000011,0.44897959183673464,0.49019607843137253,0.3600000000000001,0.36515066026410564,Low Value
3487,51,Female,Shorts,Clothing,89,North Carolina,L,Charcoal,Winter,4.9,No,Standard,0,0,6,PayPal,Weekly,52,0.0,0.8625,0.10204081632653061,0.9999999999999999,0.9600000000000002,0.6093163265306123,Medium Value
3488,25,Female,Sandals,Footwear,24,West Virginia,L,Beige,Fall,2.9,No,Store Pickup,0,0,39,Bank Transfer,Annually,1,0.0,0.050000000000000044,0.7755102040816325,0.0,0.15999999999999992,0.33620408163265303,Low Value
3489,62,Female,Sweater,Clothing,27,Delaware,XL,Teal,Spring,4.9,No,Store Pickup,0,0,7,Cash,Quarterly,4,0.0,0.08750000000000002,0.12244897959183673,0.058823529411764705,0.9600000000000002,0.18012665066026412,Low Value
3490,48,Female,Dress,Clothing,26,Idaho,L,Black,Summer,4.6,No,2-Day Shipping,0,0,32,PayPal,Every 3 Months,4,0.0,0.07500000000000001,0.6326530612244897,0.058823529411764705,0.8399999999999999,0.3697082833133253,Low Value
3491,62,Female,Boots,Footwear,82,Oregon,M,Violet,Spring,3.6,No,Store Pickup,0,0,43,Credit Card,Quarterly,4,0.0,0.7750000000000001,0.8571428571428571,0.058823529411764705,0.44000000000000017,0.5595042016806724,Medium Value
3492,22,Female,Pants,Clothing,28,Maine,M,Orange,Winter,4.3,No,Express,0,0,15,Cash,Monthly,12,0.0,0.10000000000000003,0.28571428571428564,0.21568627450980393,0.72,0.27099159663865546,Low Value
3493,48,Female,Gloves,Accessories,65,South Dakota,M,Turquoise,Fall,4.6,No,Standard,0,0,48,Bank Transfer,Annually,1,0.0,0.5625,0.9591836734693877,0.0,0.8399999999999999,0.580173469387755,Medium Value
3494,48,Female,Pants,Clothing,82,New Mexico,XL,Black,Winter,4.7,No,Store Pickup,0,0,35,Credit Card,Weekly,52,0.0,0.7750000000000001,0.693877551020408,0.9999999999999999,0.8800000000000001,0.8205510204081632,High Value
3495,62,Female,Scarf,Accessories,38,Washington,M,Silver,Winter,3.5,No,Free Shipping,0,0,41,PayPal,Quarterly,4,0.0,0.22500000000000003,0.8163265306122448,0.058823529411764705,0.40000000000000013,0.4291776710684274,Low Value
3496,24,Female,Shorts,Clothing,33,Georgia,XL,Gray,Spring,2.8,No,Free Shipping,0,0,14,Cash,Weekly,52,0.0,0.16250000000000003,0.26530612244897955,0.9999999999999999,0.11999999999999988,0.4506224489795918,Medium Value
3497,39,Female,Shoes,Footwear,38,Idaho,M,Pink,Summer,4.0,No,Free Shipping,0,0,22,PayPal,Monthly,12,0.0,0.22500000000000003,0.4285714285714285,0.21568627450980393,0.6000000000000001,0.3411344537815126,Low Value
3498,35,Female,Handbag,Accessories,48,Colorado,M,Red,Spring,4.3,No,Store Pickup,0,0,16,Venmo,Every 3 Months,4,0.0,0.3500000000000001,0.3061224489795918,0.058823529411764705,0.72,0.2820960384153662,Low Value
3499,47,Female,Sandals,Footwear,35,Kentucky,M,Lavender,Summer,3.8,No,Standard,0,0,2,Bank Transfer,Bi-Weekly,26,0.0,0.1875,0.02040816326530612,0.49019607843137253,0.52,0.2447220888355342,Low Value
3500,22,Female,Socks,Clothing,29,New Jersey,L,Indigo,Fall,3.0,No,Next Day Air,0,0,13,PayPal,Every 3 Months,4,0.0,0.11250000000000004,0.24489795918367344,0.058823529411764705,0.20000000000000018,0.15810624249699884,Low Value
3501,38,Female,Shirt,Clothing,48,Oregon,S,Silver,Fall,4.6,No,Next Day Air,0,0,38,Debit Card,Fortnightly,26,0.0,0.3500000000000001,0.7551020408163265,0.49019607843137253,0.8399999999999999,0.6030996398559424,Medium Value
3502,53,Female,Shoes,Footwear,87,Nebraska,M,Silver,Fall,4.8,No,Standard,0,0,43,Bank Transfer,Weekly,52,0.0,0.8375000000000001,0.8571428571428571,0.9999999999999999,0.9199999999999999,0.9023571428571427,High Value
3503,31,Female,Backpack,Accessories,62,Massachusetts,M,Green,Fall,4.7,No,Next Day Air,0,0,26,Bank Transfer,Quarterly,4,0.0,0.525,0.510204081632653,0.058823529411764705,0.8800000000000001,0.41472869147659064,Low Value
3504,31,Female,Shirt,Clothing,96,Nebraska,M,Pink,Spring,3.9,No,Free Shipping,0,0,39,Cash,Weekly,52,0.0,0.9500000000000002,0.7755102040816325,0.9999999999999999,0.56,0.856204081632653,High Value
3505,65,Female,Handbag,Accessories,41,Hawaii,S,Violet,Fall,4.0,No,Next Day Air,0,0,50,Venmo,Monthly,12,0.0,0.26250000000000007,1.0,0.21568627450980393,0.6000000000000001,0.5772058823529412,Medium Value
3506,48,Female,Jewelry,Accessories,42,Indiana,L,Red,Winter,3.7,No,2-Day Shipping,0,0,40,Bank Transfer,Every 3 Months,4,0.0,0.275,0.7959183673469387,0.058823529411764705,0.4800000000000002,0.43901440576230494,Low Value
3507,18,Female,Shirt,Clothing,57,Illinois,L,Olive,Winter,3.7,No,2-Day Shipping,0,0,12,Cash,Fortnightly,26,0.0,0.4625,0.22448979591836735,0.49019607843137253,0.4800000000000002,0.37735474189675877,Low Value
3508,46,Female,Handbag,Accessories,65,Colorado,S,Purple,Spring,4.2,No,Store Pickup,0,0,33,Credit Card,Every 3 Months,4,0.0,0.5625,0.6530612244897959,0.058823529411764705,0.6800000000000002,0.45937154861944773,Medium Value
3509,52,Female,Pants,Clothing,54,Pennsylvania,M,Gray,Fall,4.7,No,Standard,0,0,49,Bank Transfer,Weekly,52,0.0,0.42500000000000004,0.9795918367346937,0.9999999999999999,0.8800000000000001,0.8648367346938775,High Value
3510,50,Female,T-shirt,Clothing,22,Ohio,L,Brown,Winter,4.3,No,Next Day Air,0,0,43,Venmo,Bi-Weekly,26,0.0,0.025000000000000022,0.8571428571428571,0.49019607843137253,0.72,0.5669159663865546,Medium Value
3511,49,Female,Sneakers,Footwear,96,Pennsylvania,S,Orange,Fall,4.9,No,2-Day Shipping,0,0,14,Venmo,Monthly,12,0.0,0.9500000000000002,0.26530612244897955,0.21568627450980393,0.9600000000000002,0.4568283313325331,Medium Value
3512,69,Female,Jewelry,Accessories,81,Mississippi,M,Blue,Summer,3.9,No,2-Day Shipping,0,0,21,Credit Card,Every 3 Months,4,0.0,0.7625,0.4081632653061224,0.058823529411764705,0.56,0.38941236494597836,Low Value
3513,36,Female,Shirt,Clothing,46,Kentucky,M,White,Fall,3.4,No,Free Shipping,0,0,31,Debit Card,Quarterly,4,0.0,0.32500000000000007,0.6122448979591836,0.058823529411764705,0.3600000000000001,0.3635450180072029,Low Value
3514,30,Female,Blouse,Clothing,74,Alaska,XL,Charcoal,Spring,4.2,No,Store Pickup,0,0,29,Credit Card,Fortnightly,26,0.0,0.675,0.5714285714285714,0.49019607843137253,0.6800000000000002,0.5786302521008404,Medium Value
3515,25,Female,Sneakers,Footwear,50,Georgia,XL,Gray,Winter,4.7,No,Express,0,0,32,Cash,Monthly,12,0.0,0.375,0.6326530612244897,0.21568627450980393,0.8800000000000001,0.4807671068427371,Medium Value
3516,19,Female,Dress,Clothing,80,South Dakota,XL,Charcoal,Winter,4.0,No,Next Day Air,0,0,16,Debit Card,Bi-Weekly,26,0.0,0.75,0.3061224489795918,0.49019607843137253,0.6000000000000001,0.47950780312124847,Medium Value
3517,34,Female,Boots,Footwear,56,South Carolina,S,White,Summer,4.0,No,Free Shipping,0,0,38,PayPal,Bi-Weekly,26,0.0,0.45000000000000007,0.7551020408163265,0.49019607843137253,0.6000000000000001,0.5990996398559425,Medium Value
3518,29,Female,Skirt,Clothing,69,Tennessee,M,Orange,Winter,3.1,No,Next Day Air,0,0,34,Debit Card,Every 3 Months,4,0.0,0.6125,0.673469387755102,0.058823529411764705,0.2400000000000002,0.43353481392557025,Low Value
3519,50,Female,Shirt,Clothing,97,Colorado,M,Black,Spring,4.2,No,Standard,0,0,30,PayPal,Quarterly,4,0.0,0.9625000000000001,0.5918367346938774,0.058823529411764705,0.6800000000000002,0.5148817527010805,Medium Value
3520,31,Female,Shorts,Clothing,66,Wisconsin,M,White,Winter,3.7,No,Next Day Air,0,0,14,Bank Transfer,Fortnightly,26,0.0,0.5750000000000001,0.26530612244897955,0.49019607843137253,0.4800000000000002,0.4161812725090036,Low Value
3521,41,Female,Hat,Accessories,70,Georgia,S,Brown,Spring,3.1,No,Express,0,0,33,Bank Transfer,Monthly,12,0.0,0.625,0.6530612244897959,0.21568627450980393,0.2400000000000002,0.4749303721488595,Medium Value
3522,52,Female,Shoes,Footwear,50,Maryland,M,Pink,Winter,3.7,No,Store Pickup,0,0,35,Venmo,Weekly,52,0.0,0.375,0.693877551020408,0.9999999999999999,0.4800000000000002,0.7005510204081631,Medium Value
3523,27,Female,Pants,Clothing,85,New Jersey,M,Yellow,Spring,3.2,No,Store Pickup,0,0,13,Cash,Quarterly,4,0.0,0.8125,0.24489795918367344,0.058823529411764705,0.28000000000000025,0.3061062424969988,Low Value
3524,49,Female,Backpack,Accessories,59,Nevada,M,Cyan,Summer,2.8,No,Standard,0,0,30,Cash,Fortnightly,26,0.0,0.48750000000000004,0.5918367346938774,0.49019607843137253,0.11999999999999988,0.49329351740696276,Medium Value
3525,69,Female,Pants,Clothing,74,Michigan,L,Silver,Summer,2.9,No,Free Shipping,0,0,30,Credit Card,Monthly,12,0.0,0.675,0.5918367346938774,0.21568627450980393,0.15999999999999992,0.45244057623049216,Medium Value
3526,45,Female,Sunglasses,Accessories,38,Wyoming,L,Olive,Winter,3.5,No,Standard,0,0,47,Bank Transfer,Annually,1,0.0,0.22500000000000003,0.9387755102040816,0.0,0.40000000000000013,0.4605102040816327,Medium Value
3527,20,Female,Sweater,Clothing,99,Massachusetts,M,Olive,Spring,3.8,No,Express,0,0,1,PayPal,Every 3 Months,4,0.0,0.9875,0.0,0.058823529411764705,0.52,0.2671470588235294,Low Value
3528,25,Female,Blouse,Clothing,97,Washington,S,Charcoal,Spring,4.7,No,Free Shipping,0,0,1,Cash,Weekly,52,0.0,0.9625000000000001,0.0,0.9999999999999999,0.8800000000000001,0.5805,Medium Value
3529,38,Female,Scarf,Accessories,67,Maine,L,Gray,Summer,4.5,No,Free Shipping,0,0,33,PayPal,Annually,1,0.0,0.5875,0.6530612244897959,0.0,0.8,0.45872448979591834,Medium Value
3530,55,Female,T-shirt,Clothing,20,Montana,S,Maroon,Winter,3.9,No,Next Day Air,0,0,43,Bank Transfer,Weekly,52,0.0,0.0,0.8571428571428571,0.9999999999999999,0.56,0.6988571428571428,Medium Value
3531,62,Female,Sunglasses,Accessories,45,Oklahoma,L,Black,Spring,3.4,No,Express,0,0,37,PayPal,Weekly,52,0.0,0.3125,0.7346938775510203,0.9999999999999999,0.3600000000000001,0.6923775510204081,Medium Value
3532,54,Female,Shoes,Footwear,52,North Dakota,XL,Violet,Winter,4.6,No,2-Day Shipping,0,0,23,Cash,Quarterly,4,0.0,0.4,0.44897959183673464,0.058823529411764705,0.8399999999999999,0.3612388955582233,Low Value
3533,61,Female,Pants,Clothing,68,Connecticut,L,Indigo,Fall,4.6,No,Standard,0,0,12,Credit Card,Annually,1,0.0,0.6000000000000001,0.22448979591836735,0.0,0.8399999999999999,0.293795918367347,Low Value
3534,50,Female,Sneakers,Footwear,98,Texas,L,Yellow,Fall,4.7,No,Standard,0,0,30,Venmo,Fortnightly,26,0.0,0.9750000000000001,0.5918367346938774,0.49019607843137253,0.8800000000000001,0.6667935174069628,Medium Value
3535,65,Female,Shoes,Footwear,83,Delaware,M,Gray,Fall,3.2,No,Express,0,0,7,Cash,Weekly,52,0.0,0.7875000000000001,0.12244897959183673,0.9999999999999999,0.28000000000000025,0.5344795918367347,Medium Value
3536,68,Female,Shorts,Clothing,51,Mississippi,M,Red,Summer,5.0,No,Express,0,0,20,Debit Card,Monthly,12,0.0,0.38750000000000007,0.38775510204081626,0.21568627450980393,1.0,0.39730792316926766,Low Value
3537,55,Female,Handbag,Accessories,21,Minnesota,L,Peach,Spring,4.5,No,Express,0,0,10,Venmo,Monthly,12,0.0,0.012500000000000011,0.18367346938775508,0.21568627450980393,0.8,0.22067527010804322,Low Value
3538,57,Female,Handbag,Accessories,92,Georgia,M,Gray,Spring,3.5,No,Standard,0,0,40,Credit Card,Every 3 Months,4,0.0,0.9000000000000001,0.7959183673469387,0.058823529411764705,0.40000000000000013,0.556014405762305,Medium Value
3539,56,Female,Shoes,Footwear,63,Iowa,S,White,Spring,4.5,No,Store Pickup,0,0,21,Venmo,Monthly,12,0.0,0.5375000000000001,0.4081632653061224,0.21568627450980393,0.8,0.4154711884753902,Low Value
3540,29,Female,Jewelry,Accessories,56,New York,S,Green,Spring,3.2,No,Express,0,0,17,Credit Card,Bi-Weekly,26,0.0,0.45000000000000007,0.32653061224489793,0.49019607843137253,0.28000000000000025,0.39567106842737093,Low Value
3541,24,Female,Shorts,Clothing,95,Nevada,M,Magenta,Spring,4.6,No,Free Shipping,0,0,5,Bank Transfer,Weekly,52,0.0,0.9375,0.08163265306122448,0.9999999999999999,0.8399999999999999,0.6041530612244898,Medium Value
3542,59,Female,Blouse,Clothing,66,Virginia,M,Olive,Winter,4.0,No,Next Day Air,0,0,22,PayPal,Annually,1,0.0,0.5750000000000001,0.4285714285714285,0.0,0.6000000000000001,0.3464285714285714,Low Value
3543,62,Female,Coat,Outerwear,28,Idaho,S,Olive,Spring,4.2,No,Express,0,0,5,Venmo,Weekly,52,0.0,0.10000000000000003,0.08163265306122448,0.9999999999999999,0.6800000000000002,0.42065306122448975,Low Value
3544,58,Female,Hat,Accessories,83,Colorado,M,Blue,Winter,4.1,No,Standard,0,0,18,PayPal,Every 3 Months,4,0.0,0.7875000000000001,0.346938775510204,0.058823529411764705,0.6399999999999999,0.37792256902761107,Low Value
3545,64,Female,Socks,Clothing,55,Wisconsin,XL,Charcoal,Fall,3.6,No,2-Day Shipping,0,0,42,Cash,Every 3 Months,4,0.0,0.4375,0.836734693877551,0.058823529411764705,0.44000000000000017,0.4838409363745499,Medium Value
3546,48,Female,Sandals,Footwear,28,Connecticut,M,Yellow,Spring,3.7,No,2-Day Shipping,0,0,22,Debit Card,Annually,1,0.0,0.10000000000000003,0.4285714285714285,0.0,0.4800000000000002,0.23942857142857144,Low Value
3547,60,Female,Scarf,Accessories,79,Kansas,M,Violet,Summer,3.6,No,Free Shipping,0,0,37,Bank Transfer,Bi-Weekly,26,0.0,0.7375,0.7346938775510203,0.49019607843137253,0.44000000000000017,0.6324363745498199,Medium Value
3548,52,Female,Scarf,Accessories,31,Pennsylvania,L,Magenta,Summer,3.8,No,Standard,0,0,23,Credit Card,Annually,1,0.0,0.1375,0.44897959183673464,0.0,0.52,0.2590918367346939,Low Value
3549,63,Female,Blouse,Clothing,37,Utah,M,Red,Fall,3.0,No,Standard,0,0,47,Debit Card,Fortnightly,26,0.0,0.21250000000000002,0.9387755102040816,0.49019607843137253,0.20000000000000018,0.5850690276110444,Medium Value
3550,44,Female,T-shirt,Clothing,34,Oregon,M,Cyan,Summer,3.4,No,2-Day Shipping,0,0,11,Bank Transfer,Fortnightly,26,0.0,0.17500000000000004,0.2040816326530612,0.49019607843137253,0.3600000000000001,0.2996914765906363,Low Value
3551,63,Female,Shoes,Footwear,74,West Virginia,S,Orange,Winter,4.8,No,Standard,0,0,32,Cash,Weekly,52,0.0,0.675,0.6326530612244897,0.9999999999999999,0.9199999999999999,0.7800612244897959,High Value
3552,66,Female,Gloves,Accessories,31,Montana,L,Black,Spring,2.6,No,Store Pickup,0,0,20,Venmo,Weekly,52,0.0,0.1375,0.38775510204081626,0.9999999999999999,0.040000000000000036,0.48660204081632646,Medium Value
3553,22,Female,Sunglasses,Accessories,66,Kentucky,M,Blue,Winter,2.9,No,Next Day Air,0,0,3,PayPal,Quarterly,4,0.0,0.5750000000000001,0.04081632653061225,0.058823529411764705,0.15999999999999992,0.1649735894357743,Low Value
3554,62,Female,Shoes,Footwear,99,Minnesota,M,Charcoal,Spring,4.9,No,Free Shipping,0,0,32,Bank Transfer,Weekly,52,0.0,0.9875,0.6326530612244897,0.9999999999999999,0.9600000000000002,0.846561224489796,High Value
3555,39,Female,Dress,Clothing,55,Louisiana,M,Indigo,Spring,5.0,No,Free Shipping,0,0,5,Credit Card,Fortnightly,26,0.0,0.4375,0.08163265306122448,0.49019607843137253,1.0,0.36721188475390154,Low Value
3556,25,Female,Blouse,Clothing,23,Delaware,L,Silver,Spring,4.6,No,Next Day Air,0,0,45,Cash,Quarterly,4,0.0,0.03750000000000003,0.8979591836734693,0.058823529411764705,0.8399999999999999,0.4683307322929171,Medium Value
3557,70,Female,Sweater,Clothing,88,Arizona,M,Brown,Fall,4.2,No,Express,0,0,43,Cash,Bi-Weekly,26,0.0,0.8500000000000001,0.8571428571428571,0.49019607843137253,0.6800000000000002,0.7279159663865546,Medium Value
3558,52,Female,Jacket,Outerwear,26,Nevada,M,Peach,Summer,4.9,No,Next Day Air,0,0,1,PayPal,Every 3 Months,4,0.0,0.07500000000000001,0.0,0.058823529411764705,0.9600000000000002,0.12864705882352945,Low Value
3559,68,Female,Backpack,Accessories,94,Alaska,L,Magenta,Summer,4.8,No,Standard,0,0,9,Venmo,Quarterly,4,0.0,0.925,0.16326530612244897,0.058823529411764705,0.9199999999999999,0.35995318127250897,Low Value
3560,18,Female,Shorts,Clothing,25,Utah,M,Beige,Fall,3.0,No,Next Day Air,0,0,13,Venmo,Every 3 Months,4,0.0,0.0625,0.24489795918367344,0.058823529411764705,0.20000000000000018,0.14810624249699883,Low Value
3561,18,Female,Socks,Clothing,96,Kansas,XL,Violet,Fall,3.5,No,Express,0,0,5,Credit Card,Annually,1,0.0,0.9500000000000002,0.08163265306122448,0.0,0.40000000000000013,0.2626530612244899,Low Value
3562,63,Female,Sneakers,Footwear,29,North Carolina,L,Black,Spring,3.4,No,Standard,0,0,39,Credit Card,Fortnightly,26,0.0,0.11250000000000004,0.7755102040816325,0.49019607843137253,0.3600000000000001,0.5157629051620648,Medium Value
3563,47,Female,Sneakers,Footwear,36,Maryland,M,Cyan,Winter,3.4,No,Free Shipping,0,0,7,Bank Transfer,Weekly,52,0.0,0.2,0.12244897959183673,0.9999999999999999,0.3600000000000001,0.4249795918367347,Low Value
3564,43,Female,Blouse,Clothing,90,Maine,M,Green,Summer,4.9,No,Standard,0,0,8,Credit Card,Every 3 Months,4,0.0,0.875,0.14285714285714285,0.058823529411764705,0.9600000000000002,0.3457899159663866,Low Value
3565,60,Female,Gloves,Accessories,38,Illinois,S,Brown,Summer,4.4,No,Free Shipping,0,0,40,Venmo,Annually,1,0.0,0.22500000000000003,0.7959183673469387,0.0,0.7600000000000002,0.4393673469387755,Low Value
3566,49,Female,Handbag,Accessories,52,Pennsylvania,S,Gray,Spring,4.2,No,Store Pickup,0,0,35,PayPal,Monthly,12,0.0,0.4,0.693877551020408,0.21568627450980393,0.6800000000000002,0.4902569027611044,Medium Value
3567,28,Female,Jeans,Clothing,88,Alaska,S,Orange,Spring,3.1,No,Next Day Air,0,0,14,Venmo,Monthly,12,0.0,0.8500000000000001,0.26530612244897955,0.21568627450980393,0.2400000000000002,0.36482833133253306,Low Value
3568,32,Female,Scarf,Accessories,56,New Mexico,S,Silver,Summer,4.0,No,Next Day Air,0,0,26,Credit Card,Monthly,12,0.0,0.45000000000000007,0.510204081632653,0.21568627450980393,0.6000000000000001,0.4187875150060024,Low Value
3569,29,Female,Sandals,Footwear,71,Arkansas,M,Purple,Spring,4.8,No,Next Day Air,0,0,14,PayPal,Quarterly,4,0.0,0.6375000000000001,0.26530612244897955,0.058823529411764705,0.9199999999999999,0.34326950780312127,Low Value
3570,35,Female,Sandals,Footwear,94,Alaska,M,Olive,Fall,3.3,No,Express,0,0,9,Bank Transfer,Fortnightly,26,0.0,0.925,0.16326530612244897,0.49019607843137253,0.32000000000000006,0.42936494597839137,Low Value
3571,23,Female,Dress,Clothing,97,Louisiana,XL,Teal,Winter,4.7,No,Standard,0,0,32,Debit Card,Annually,1,0.0,0.9625000000000001,0.6326530612244897,0.0,0.8800000000000001,0.533561224489796,Medium Value
3572,70,Female,Skirt,Clothing,27,North Dakota,M,White,Summer,3.2,No,Standard,0,0,15,Bank Transfer,Every 3 Months,4,0.0,0.08750000000000002,0.28571428571428564,0.058823529411764705,0.28000000000000025,0.1774327731092437,Low Value
3573,23,Female,Shorts,Clothing,28,Rhode Island,M,Black,Spring,5.0,No,Standard,0,0,25,Credit Card,Monthly,12,0.0,0.10000000000000003,0.4897959183673469,0.21568627450980393,1.0,0.38062424969987996,Low Value
3574,43,Female,Jeans,Clothing,67,Connecticut,L,Maroon,Fall,4.9,No,Free Shipping,0,0,27,PayPal,Monthly,12,0.0,0.5875,0.5306122448979591,0.21568627450980393,0.9600000000000002,0.49045078031212486,Medium Value
3575,29,Female,Socks,Clothing,70,New York,M,Cyan,Fall,4.9,No,Express,0,0,39,Bank Transfer,Quarterly,4,0.0,0.625,0.7755102040816325,0.058823529411764705,0.9600000000000002,0.5488511404561824,Medium Value
3576,61,Female,Coat,Outerwear,95,Kentucky,M,Violet,Fall,3.7,No,Express,0,0,49,Venmo,Bi-Weekly,26,0.0,0.9375,0.9795918367346937,0.49019607843137253,0.4800000000000002,0.7743955582232893,High Value
3577,29,Female,Boots,Footwear,24,Maine,L,Yellow,Spring,3.0,No,Express,0,0,12,Venmo,Bi-Weekly,26,0.0,0.050000000000000044,0.22448979591836735,0.49019607843137253,0.20000000000000018,0.26685474189675873,Low Value
3578,66,Female,Belt,Accessories,35,Missouri,S,Yellow,Winter,2.6,No,Standard,0,0,13,Bank Transfer,Weekly,52,0.0,0.1875,0.24489795918367344,0.9999999999999999,0.040000000000000036,0.43945918367346937,Low Value
3579,46,Female,Shoes,Footwear,22,Georgia,L,Olive,Winter,2.6,No,Standard,0,0,22,Bank Transfer,Quarterly,4,0.0,0.025000000000000022,0.4285714285714285,0.058823529411764705,0.040000000000000036,0.19807563025210081,Low Value
3580,34,Female,Scarf,Accessories,66,Arizona,L,Olive,Fall,4.8,No,Standard,0,0,19,Credit Card,Every 3 Months,4,0.0,0.5750000000000001,0.36734693877551017,0.058823529411764705,0.9199999999999999,0.3715858343337335,Low Value
3581,51,Female,Blouse,Clothing,83,New Hampshire,M,Magenta,Summer,3.2,No,2-Day Shipping,0,0,3,Cash,Bi-Weekly,26,0.0,0.7875000000000001,0.04081632653061225,0.49019607843137253,0.28000000000000025,0.34888535414165667,Low Value
3582,26,Female,Dress,Clothing,95,Georgia,M,Orange,Fall,4.9,No,Next Day Air,0,0,50,Credit Card,Weekly,52,0.0,0.9375,1.0,0.9999999999999999,0.9600000000000002,0.9835,High Value
3583,23,Female,Shorts,Clothing,41,California,S,Beige,Summer,3.4,No,2-Day Shipping,0,0,15,PayPal,Annually,1,0.0,0.26250000000000007,0.28571428571428564,0.0,0.3600000000000001,0.2027857142857143,Low Value
3584,52,Female,Blouse,Clothing,77,Arizona,L,Brown,Summer,2.7,No,Store Pickup,0,0,44,Credit Card,Every 3 Months,4,0.0,0.7125,0.8775510204081631,0.058823529411764705,0.08000000000000007,0.5191674669867947,Medium Value
3585,39,Female,Sneakers,Footwear,52,Florida,L,Indigo,Fall,4.8,No,Express,0,0,48,Debit Card,Monthly,12,0.0,0.4,0.9591836734693877,0.21568627450980393,0.9199999999999999,0.6203793517406962,Medium Value
3586,39,Female,Gloves,Accessories,41,New York,XL,Gray,Winter,4.1,No,Standard,0,0,4,Venmo,Bi-Weekly,26,0.0,0.26250000000000007,0.061224489795918366,0.49019607843137253,0.6399999999999999,0.2880486194477791,Low Value
3587,33,Female,Hoodie,Clothing,28,Idaho,M,Yellow,Winter,4.6,No,Store Pickup,0,0,12,PayPal,Bi-Weekly,26,0.0,0.10000000000000003,0.22448979591836735,0.49019607843137253,0.8399999999999999,0.3408547418967587,Low Value
3588,33,Female,Sweater,Clothing,90,Virginia,S,Violet,Summer,4.4,No,Standard,0,0,33,Debit Card,Annually,1,0.0,0.875,0.6530612244897959,0.0,0.7600000000000002,0.5122244897959184,Medium Value
3589,23,Female,Sunglasses,Accessories,55,Michigan,M,Magenta,Spring,3.5,No,2-Day Shipping,0,0,40,Cash,Annually,1,0.0,0.4375,0.7959183673469387,0.0,0.40000000000000013,0.44586734693877556,Low Value
3590,31,Female,Belt,Accessories,73,New Hampshire,M,Blue,Spring,4.8,No,Next Day Air,0,0,38,Cash,Every 3 Months,4,0.0,0.6625000000000001,0.7551020408163265,0.058823529411764705,0.9199999999999999,0.5441878751500601,Medium Value
3591,27,Female,Dress,Clothing,87,South Dakota,M,Gray,Fall,2.9,No,2-Day Shipping,0,0,19,Venmo,Every 3 Months,4,0.0,0.8375000000000001,0.36734693877551017,0.058823529411764705,0.15999999999999992,0.3480858343337335,Low Value
3592,48,Female,Jacket,Outerwear,89,South Dakota,M,Gold,Winter,3.2,No,2-Day Shipping,0,0,38,Bank Transfer,Quarterly,4,0.0,0.8625,0.7551020408163265,0.058823529411764705,0.28000000000000025,0.52018787515006,Medium Value
3593,61,Female,Boots,Footwear,82,New Jersey,L,Lavender,Spring,4.4,No,2-Day Shipping,0,0,18,Venmo,Fortnightly,26,0.0,0.7750000000000001,0.346938775510204,0.49019607843137253,0.7600000000000002,0.5168343337334934,Medium Value
3594,63,Female,Sandals,Footwear,80,Wyoming,M,Black,Spring,4.6,No,Next Day Air,0,0,24,PayPal,Monthly,12,0.0,0.75,0.4693877551020408,0.21568627450980393,0.8399999999999999,0.4864609843937575,Medium Value
3595,19,Female,Scarf,Accessories,87,Alabama,L,Charcoal,Summer,2.6,No,2-Day Shipping,0,0,29,Venmo,Quarterly,4,0.0,0.8375000000000001,0.5714285714285714,0.058823529411764705,0.040000000000000036,0.417718487394958,Low Value
3596,21,Female,Blouse,Clothing,41,South Dakota,M,Violet,Spring,3.1,No,Store Pickup,0,0,14,PayPal,Annually,1,0.0,0.26250000000000007,0.26530612244897955,0.0,0.2400000000000002,0.18262244897959187,Low Value
3597,28,Female,Hoodie,Clothing,83,South Carolina,M,Charcoal,Spring,4.3,No,Standard,0,0,44,Cash,Fortnightly,26,0.0,0.7875000000000001,0.8775510204081631,0.49019607843137253,0.72,0.727579231692677,Medium Value
3598,29,Female,Sunglasses,Accessories,71,New Mexico,M,Maroon,Summer,3.1,No,Standard,0,0,18,Bank Transfer,Quarterly,4,0.0,0.6375000000000001,0.346938775510204,0.058823529411764705,0.2400000000000002,0.30792256902761106,Low Value
3599,23,Female,Hoodie,Clothing,76,Connecticut,XL,Purple,Spring,4.6,No,Store Pickup,0,0,19,Bank Transfer,Bi-Weekly,26,0.0,0.7000000000000001,0.36734693877551017,0.49019607843137253,0.8399999999999999,0.5179975990396158,Medium Value
3600,37,Female,Scarf,Accessories,34,Kansas,S,Peach,Spring,4.6,No,Express,0,0,4,Cash,Weekly,52,0.0,0.17500000000000004,0.061224489795918366,0.9999999999999999,0.8399999999999999,0.44348979591836735,Low Value
3601,67,Female,Dress,Clothing,81,South Carolina,XL,Olive,Spring,2.7,No,Free Shipping,0,0,25,Cash,Bi-Weekly,26,0.0,0.7625,0.4897959183673469,0.49019607843137253,0.08000000000000007,0.5034771908763506,Medium Value
3602,34,Female,T-shirt,Clothing,47,North Carolina,M,Indigo,Summer,3.0,No,Next Day Air,0,0,3,PayPal,Monthly,12,0.0,0.3375,0.04081632653061225,0.21568627450980393,0.20000000000000018,0.16853241296518612,Low Value
3603,58,Female,Skirt,Clothing,36,Wyoming,S,Magenta,Summer,3.3,No,Store Pickup,0,0,40,Debit Card,Quarterly,4,0.0,0.2,0.7959183673469387,0.058823529411764705,0.32000000000000006,0.40801440576230497,Low Value
3604,45,Female,Jeans,Clothing,51,Louisiana,M,Gold,Spring,2.7,No,Free Shipping,0,0,5,Cash,Weekly,52,0.0,0.38750000000000007,0.08163265306122448,0.9999999999999999,0.08000000000000007,0.41815306122448975,Low Value
3605,63,Female,Hoodie,Clothing,86,Louisiana,M,Orange,Fall,3.3,No,Standard,0,0,17,Debit Card,Annually,1,0.0,0.825,0.32653061224489793,0.0,0.32000000000000006,0.3276122448979592,Low Value
3606,68,Female,Jeans,Clothing,41,Alabama,M,Gold,Fall,4.3,No,Store Pickup,0,0,36,Bank Transfer,Every 3 Months,4,0.0,0.26250000000000007,0.7142857142857142,0.058823529411764705,0.72,0.42786134453781516,Low Value
3607,41,Female,Sandals,Footwear,90,Minnesota,XL,Purple,Fall,4.8,No,Express,0,0,41,Venmo,Annually,1,0.0,0.875,0.8163265306122448,0.0,0.9199999999999999,0.5935306122448979,Medium Value
3608,50,Female,Hat,Accessories,93,New Mexico,L,Charcoal,Fall,3.3,No,Standard,0,0,20,Venmo,Bi-Weekly,26,0.0,0.9125000000000001,0.38775510204081626,0.49019607843137253,0.32000000000000006,0.5166608643457383,Medium Value
3609,24,Female,Gloves,Accessories,56,Tennessee,M,Cyan,Fall,4.3,No,Next Day Air,0,0,2,Cash,Every 3 Months,4,0.0,0.45000000000000007,0.02040816326530612,0.058823529411764705,0.72,0.18781032412965187,Low Value
3610,21,Female,Socks,Clothing,39,New Mexico,M,Cyan,Summer,3.0,No,2-Day Shipping,0,0,31,Debit Card,Monthly,12,0.0,0.23750000000000004,0.6122448979591836,0.21568627450980393,0.20000000000000018,0.3771038415366147,Low Value
3611,18,Female,Jacket,Outerwear,86,Texas,XL,Green,Fall,4.8,No,2-Day Shipping,0,0,23,Bank Transfer,Fortnightly,26,0.0,0.825,0.44897959183673464,0.49019607843137253,0.9199999999999999,0.5836506602641056,Medium Value
3612,63,Female,T-shirt,Clothing,82,Washington,M,Silver,Spring,2.9,No,Standard,0,0,30,Credit Card,Annually,1,0.0,0.7750000000000001,0.5918367346938774,0.0,0.15999999999999992,0.407734693877551,Low Value
3613,47,Female,Sandals,Footwear,29,Michigan,M,Teal,Summer,3.6,No,Standard,0,0,26,Cash,Every 3 Months,4,0.0,0.11250000000000004,0.510204081632653,0.058823529411764705,0.44000000000000017,0.28822869147659064,Low Value
3614,58,Female,Hat,Accessories,27,Minnesota,M,Magenta,Fall,3.5,No,Store Pickup,0,0,40,Venmo,Annually,1,0.0,0.08750000000000002,0.7959183673469387,0.0,0.40000000000000013,0.37586734693877555,Low Value
3615,46,Female,Gloves,Accessories,25,Delaware,L,Maroon,Spring,4.7,No,2-Day Shipping,0,0,19,Bank Transfer,Annually,1,0.0,0.0625,0.36734693877551017,0.0,0.8800000000000001,0.2474387755102041,Low Value
3616,35,Female,Dress,Clothing,31,California,M,Gold,Winter,4.4,No,Free Shipping,0,0,4,Credit Card,Monthly,12,0.0,0.1375,0.061224489795918366,0.21568627450980393,0.7600000000000002,0.19269567827130857,Low Value
3617,42,Female,Hoodie,Clothing,23,Wisconsin,L,Purple,Winter,3.3,No,Store Pickup,0,0,33,Debit Card,Fortnightly,26,0.0,0.03750000000000003,0.6530612244897959,0.49019607843137253,0.32000000000000006,0.4477833133253301,Low Value
3618,48,Female,Belt,Accessories,47,Kentucky,M,Lavender,Fall,4.3,No,Express,0,0,29,Debit Card,Monthly,12,0.0,0.3375,0.5714285714285714,0.21568627450980393,0.72,0.4327773109243698,Low Value
3619,28,Female,Gloves,Accessories,67,Nevada,M,Maroon,Fall,4.0,No,2-Day Shipping,0,0,47,PayPal,Bi-Weekly,26,0.0,0.5875,0.9387755102040816,0.49019607843137253,0.6000000000000001,0.7000690276110445,Medium Value
3620,44,Female,Scarf,Accessories,75,North Carolina,S,Magenta,Winter,4.9,No,2-Day Shipping,0,0,50,Venmo,Weekly,52,0.0,0.6875,1.0,0.9999999999999999,0.9600000000000002,0.9335,High Value
3621,60,Female,Sandals,Footwear,82,Louisiana,M,Turquoise,Summer,2.9,No,Express,0,0,28,Credit Card,Fortnightly,26,0.0,0.7750000000000001,0.5510204081632653,0.49019607843137253,0.15999999999999992,0.5384669867947178,Medium Value
3622,38,Female,Sneakers,Footwear,32,New Jersey,XL,Silver,Summer,4.0,No,2-Day Shipping,0,0,5,Cash,Fortnightly,26,0.0,0.15000000000000002,0.08163265306122448,0.49019607843137253,0.6000000000000001,0.26971188475390157,Low Value
3623,46,Female,Dress,Clothing,41,Wisconsin,M,Purple,Fall,4.3,No,Store Pickup,0,0,12,Credit Card,Annually,1,0.0,0.26250000000000007,0.22448979591836735,0.0,0.72,0.21429591836734696,Low Value
3624,39,Female,Jewelry,Accessories,89,Arkansas,M,Violet,Winter,2.7,No,2-Day Shipping,0,0,4,PayPal,Weekly,52,0.0,0.8625,0.061224489795918366,0.9999999999999999,0.08000000000000007,0.5049897959183673,Medium Value
3625,22,Female,Hat,Accessories,82,Texas,XL,Peach,Fall,5.0,No,Store Pickup,0,0,22,Bank Transfer,Bi-Weekly,26,0.0,0.7750000000000001,0.4285714285714285,0.49019607843137253,1.0,0.5734873949579832,Medium Value
3626,44,Female,Scarf,Accessories,99,Illinois,L,Green,Winter,4.4,No,Express,0,0,32,PayPal,Weekly,52,0.0,0.9875,0.6326530612244897,0.9999999999999999,0.7600000000000002,0.826561224489796,High Value
3627,69,Female,Blouse,Clothing,98,Mississippi,L,Teal,Fall,3.5,No,Express,0,0,32,Venmo,Quarterly,4,0.0,0.9750000000000001,0.6326530612244897,0.058823529411764705,0.40000000000000013,0.5057082833133254,Medium Value
3628,39,Female,Belt,Accessories,54,Delaware,M,Silver,Winter,3.3,No,Next Day Air,0,0,48,Cash,Every 3 Months,4,0.0,0.42500000000000004,0.9591836734693877,0.058823529411764705,0.32000000000000006,0.5183205282112845,Medium Value
3629,53,Female,Blouse,Clothing,88,Georgia,L,Purple,Summer,3.8,No,Free Shipping,0,0,35,Credit Card,Monthly,12,0.0,0.8500000000000001,0.693877551020408,0.21568627450980393,0.52,0.5642569027611044,Medium Value
3630,52,Female,T-shirt,Clothing,43,Kansas,L,Lavender,Summer,4.5,No,Standard,0,0,44,Debit Card,Fortnightly,26,0.0,0.2875,0.8775510204081631,0.49019607843137253,0.8,0.6355792316926772,Medium Value
3631,65,Female,Hat,Accessories,73,Oklahoma,M,Lavender,Winter,4.8,No,Store Pickup,0,0,29,Cash,Weekly,52,0.0,0.6625000000000001,0.5714285714285714,0.9999999999999999,0.9199999999999999,0.7530714285714285,High Value
3632,48,Female,Hat,Accessories,50,New Jersey,M,Peach,Fall,2.9,No,Store Pickup,0,0,26,Credit Card,Monthly,12,0.0,0.375,0.510204081632653,0.21568627450980393,0.15999999999999992,0.3597875150060024,Low Value
3633,27,Female,Sneakers,Footwear,73,Utah,L,Green,Spring,3.2,No,Express,0,0,3,Debit Card,Quarterly,4,0.0,0.6625000000000001,0.04081632653061225,0.058823529411764705,0.28000000000000025,0.19447358943577436,Low Value
3634,39,Female,Gloves,Accessories,51,Montana,M,Orange,Spring,2.8,No,Free Shipping,0,0,1,Bank Transfer,Bi-Weekly,26,0.0,0.38750000000000007,0.0,0.49019607843137253,0.11999999999999988,0.23655882352941174,Low Value
3635,59,Female,Socks,Clothing,22,Ohio,M,Pink,Winter,3.3,No,Standard,0,0,17,PayPal,Annually,1,0.0,0.025000000000000022,0.32653061224489793,0.0,0.32000000000000006,0.16761224489795917,Low Value
3636,52,Female,Sandals,Footwear,32,Colorado,L,Cyan,Fall,3.3,No,Free Shipping,0,0,17,Credit Card,Fortnightly,26,0.0,0.15000000000000002,0.32653061224489793,0.49019607843137253,0.32000000000000006,0.33967106842737094,Low Value
3637,50,Female,Sandals,Footwear,38,California,L,Lavender,Summer,4.2,No,2-Day Shipping,0,0,36,Cash,Weekly,52,0.0,0.22500000000000003,0.7142857142857142,0.9999999999999999,0.6800000000000002,0.6987142857142857,Medium Value
3638,32,Female,Boots,Footwear,66,Utah,L,Yellow,Winter,3.6,No,Express,0,0,32,Credit Card,Fortnightly,26,0.0,0.5750000000000001,0.6326530612244897,0.49019607843137253,0.44000000000000017,0.5591200480192077,Medium Value
3639,40,Female,Backpack,Accessories,20,Kansas,M,Olive,Spring,4.6,No,Express,0,0,50,PayPal,Bi-Weekly,26,0.0,0.0,1.0,0.49019607843137253,0.8399999999999999,0.6310588235294118,Medium Value
3640,26,Female,Coat,Outerwear,44,Illinois,M,Brown,Summer,3.6,No,2-Day Shipping,0,0,39,Venmo,Annually,1,0.0,0.30000000000000004,0.7755102040816325,0.0,0.44000000000000017,0.41420408163265304,Low Value
3641,47,Female,Sunglasses,Accessories,31,Minnesota,L,Pink,Spring,4.0,No,Next Day Air,0,0,17,PayPal,Monthly,12,0.0,0.1375,0.32653061224489793,0.21568627450980393,0.6000000000000001,0.2828181272509004,Low Value
3642,51,Female,Jacket,Outerwear,45,New York,M,Cyan,Fall,2.7,No,Free Shipping,0,0,39,Bank Transfer,Every 3 Months,4,0.0,0.3125,0.7755102040816325,0.058823529411764705,0.08000000000000007,0.3983511404561824,Low Value
3643,47,Female,Dress,Clothing,71,Arizona,L,Maroon,Summer,4.4,No,Store Pickup,0,0,5,PayPal,Annually,1,0.0,0.6375000000000001,0.08163265306122448,0.0,0.7600000000000002,0.23615306122448987,Low Value
3644,53,Female,Scarf,Accessories,96,Tennessee,XL,Magenta,Fall,3.2,No,Standard,0,0,47,Debit Card,Annually,1,0.0,0.9500000000000002,0.9387755102040816,0.0,0.28000000000000025,0.5935102040816327,Medium Value
3645,35,Female,Blouse,Clothing,32,Arkansas,M,Violet,Winter,2.6,No,Next Day Air,0,0,18,Venmo,Weekly,52,0.0,0.15000000000000002,0.346938775510204,0.9999999999999999,0.040000000000000036,0.4727755102040816,Medium Value
3646,38,Female,Backpack,Accessories,90,Colorado,L,Silver,Summer,3.4,No,Free Shipping,0,0,31,Credit Card,Every 3 Months,4,0.0,0.875,0.6122448979591836,0.058823529411764705,0.3600000000000001,0.47354501800720294,Medium Value
3647,69,Female,Jewelry,Accessories,68,Nevada,M,Maroon,Spring,5.0,No,2-Day Shipping,0,0,39,Debit Card,Fortnightly,26,0.0,0.6000000000000001,0.7755102040816325,0.49019607843137253,1.0,0.6772629051620648,Medium Value
3648,47,Female,Shorts,Clothing,45,Kansas,M,Gray,Winter,2.9,No,Store Pickup,0,0,12,Bank Transfer,Weekly,52,0.0,0.3125,0.22448979591836735,0.9999999999999999,0.15999999999999992,0.4682959183673469,Medium Value
3649,31,Female,Skirt,Clothing,67,New York,M,White,Winter,5.0,No,Free Shipping,0,0,45,Cash,Bi-Weekly,26,0.0,0.5875,0.8979591836734693,0.49019607843137253,1.0,0.7237424969987996,Medium Value
3650,68,Female,Skirt,Clothing,57,Minnesota,M,Brown,Fall,4.4,No,Standard,0,0,33,Credit Card,Fortnightly,26,0.0,0.4625,0.6530612244897959,0.49019607843137253,0.7600000000000002,0.5767833133253302,Medium Value
3651,51,Female,Jeans,Clothing,60,Ohio,M,Silver,Summer,3.5,No,2-Day Shipping,0,0,3,PayPal,Annually,1,0.0,0.5,0.04081632653061225,0.0,0.40000000000000013,0.1563265306122449,Low Value
3652,20,Female,Handbag,Accessories,32,Arizona,M,Yellow,Spring,3.8,No,Express,0,0,5,Venmo,Every 3 Months,4,0.0,0.15000000000000002,0.08163265306122448,0.058823529411764705,0.52,0.13230012004801922,Low Value
3653,27,Female,Handbag,Accessories,29,Kentucky,S,Magenta,Fall,3.8,No,Store Pickup,0,0,23,Debit Card,Monthly,12,0.0,0.11250000000000004,0.44897959183673464,0.21568627450980393,0.52,0.31879771908763505,Low Value
3654,67,Female,Coat,Outerwear,20,Minnesota,M,Blue,Spring,3.9,No,Next Day Air,0,0,39,Credit Card,Fortnightly,26,0.0,0.0,0.7755102040816325,0.49019607843137253,0.56,0.5132629051620647,Medium Value
3655,21,Female,Jewelry,Accessories,98,Arkansas,M,Green,Winter,3.3,No,Next Day Air,0,0,10,Credit Card,Annually,1,0.0,0.9750000000000001,0.18367346938775508,0.0,0.32000000000000006,0.3004693877551021,Low Value
3656,20,Female,Sweater,Clothing,27,Wyoming,M,Yellow,Fall,2.9,No,Next Day Air,0,0,4,Credit Card,Bi-Weekly,26,0.0,0.08750000000000002,0.061224489795918366,0.49019607843137253,0.15999999999999992,0.2050486194477791,Low Value
3657,35,Female,Jacket,Outerwear,67,North Dakota,XL,Cyan,Spring,3.7,No,2-Day Shipping,0,0,18,Credit Card,Monthly,12,0.0,0.5875,0.346938775510204,0.21568627450980393,0.4800000000000002,0.36898139255702284,Low Value
3658,58,Female,Shoes,Footwear,82,Alabama,L,Gold,Winter,3.7,No,Express,0,0,1,Debit Card,Every 3 Months,4,0.0,0.7750000000000001,0.0,0.058823529411764705,0.4800000000000002,0.22064705882352945,Low Value
3659,28,Female,T-shirt,Clothing,72,Mississippi,M,Magenta,Fall,4.6,No,Standard,0,0,18,PayPal,Fortnightly,26,0.0,0.65,0.346938775510204,0.49019607843137253,0.8399999999999999,0.4998343337334933,Medium Value
3660,27,Female,Sandals,Footwear,77,Illinois,S,Gray,Fall,4.9,No,Store Pickup,0,0,46,Bank Transfer,Annually,1,0.0,0.7125,0.9183673469387754,0.0,0.9600000000000002,0.6058469387755103,Medium Value
3661,19,Female,Shoes,Footwear,74,Arkansas,L,Indigo,Winter,3.1,No,2-Day Shipping,0,0,13,Bank Transfer,Fortnightly,26,0.0,0.675,0.24489795918367344,0.49019607843137253,0.2400000000000002,0.40401800720288117,Low Value
3662,63,Female,Sandals,Footwear,39,Kansas,S,White,Winter,3.5,No,Next Day Air,0,0,5,Credit Card,Fortnightly,26,0.0,0.23750000000000004,0.08163265306122448,0.49019607843137253,0.40000000000000013,0.26721188475390156,Low Value
3663,69,Female,Shorts,Clothing,80,Rhode Island,M,Indigo,Spring,4.9,No,Next Day Air,0,0,11,Debit Card,Weekly,52,0.0,0.75,0.2040816326530612,0.9999999999999999,0.9600000000000002,0.6276326530612244,Medium Value
3664,65,Female,Backpack,Accessories,59,Florida,M,Green,Summer,4.4,No,Express,0,0,49,Credit Card,Weekly,52,0.0,0.48750000000000004,0.9795918367346937,0.9999999999999999,0.7600000000000002,0.8653367346938775,High Value
3665,63,Female,Jacket,Outerwear,68,Missouri,M,Turquoise,Fall,4.4,No,Store Pickup,0,0,1,Debit Card,Fortnightly,26,0.0,0.6000000000000001,0.0,0.49019607843137253,0.7600000000000002,0.3430588235294118,Low Value
3666,28,Female,Socks,Clothing,77,North Carolina,M,Peach,Fall,3.4,No,Next Day Air,0,0,11,Credit Card,Quarterly,4,0.0,0.7125,0.2040816326530612,0.058823529411764705,0.3600000000000001,0.2777797118847539,Low Value
3667,67,Female,Jewelry,Accessories,50,Alabama,M,Olive,Winter,3.0,No,2-Day Shipping,0,0,47,Cash,Every 3 Months,4,0.0,0.375,0.9387755102040816,0.058823529411764705,0.20000000000000018,0.4881572629051621,Medium Value
3668,51,Female,Pants,Clothing,45,Washington,L,Cyan,Fall,2.6,No,Next Day Air,0,0,20,Venmo,Monthly,12,0.0,0.3125,0.38775510204081626,0.21568627450980393,0.040000000000000036,0.2863079231692677,Low Value
3669,59,Female,Blouse,Clothing,71,Michigan,XL,Magenta,Summer,3.2,No,Store Pickup,0,0,18,Venmo,Annually,1,0.0,0.6375000000000001,0.346938775510204,0.0,0.28000000000000025,0.29427551020408166,Low Value
3670,25,Female,Socks,Clothing,52,Washington,S,Silver,Fall,4.6,No,Store Pickup,0,0,43,PayPal,Quarterly,4,0.0,0.4,0.8571428571428571,0.058823529411764705,0.8399999999999999,0.5245042016806722,Medium Value
3671,31,Female,Shoes,Footwear,50,Vermont,S,White,Winter,3.8,No,Free Shipping,0,0,4,PayPal,Every 3 Months,4,0.0,0.375,0.061224489795918366,0.058823529411764705,0.52,0.16913685474189677,Low Value
3672,62,Female,Handbag,Accessories,66,Illinois,L,Pink,Summer,4.8,No,2-Day Shipping,0,0,20,Venmo,Quarterly,4,0.0,0.5750000000000001,0.38775510204081626,0.058823529411764705,0.9199999999999999,0.3797490996398559,Low Value
3673,51,Female,Sandals,Footwear,81,New York,S,Pink,Fall,4.5,No,Free Shipping,0,0,7,PayPal,Monthly,12,0.0,0.7625,0.12244897959183673,0.21568627450980393,0.8,0.3461854741896759,Low Value
3674,32,Female,Socks,Clothing,28,Rhode Island,M,Pink,Summer,4.2,No,2-Day Shipping,0,0,31,Bank Transfer,Fortnightly,26,0.0,0.10000000000000003,0.6122448979591836,0.49019607843137253,0.6800000000000002,0.47995678271308523,Medium Value
3675,35,Female,Handbag,Accessories,65,Washington,M,Blue,Winter,2.7,No,2-Day Shipping,0,0,41,Venmo,Fortnightly,26,0.0,0.5625,0.8163265306122448,0.49019607843137253,0.08000000000000007,0.5940894357743097,Medium Value
3676,70,Female,Hat,Accessories,80,Virginia,M,White,Winter,4.5,No,Express,0,0,3,Bank Transfer,Monthly,12,0.0,0.75,0.04081632653061225,0.21568627450980393,0.8,0.31103241296518613,Low Value
3677,19,Female,Jewelry,Accessories,94,Wisconsin,S,Teal,Spring,4.9,No,Free Shipping,0,0,16,PayPal,Monthly,12,0.0,0.925,0.3061224489795918,0.21568627450980393,0.9600000000000002,0.46815486194477796,Medium Value
3678,32,Female,Backpack,Accessories,30,Michigan,M,Gray,Fall,2.8,No,Standard,0,0,43,Cash,Annually,1,0.0,0.125,0.8571428571428571,0.0,0.11999999999999988,0.3798571428571429,Low Value
3679,56,Female,Shirt,Clothing,45,Texas,S,Beige,Fall,3.5,No,Standard,0,0,29,Bank Transfer,Fortnightly,26,0.0,0.3125,0.5714285714285714,0.49019607843137253,0.40000000000000013,0.47813025210084037,Medium Value
3680,53,Female,Coat,Outerwear,91,Idaho,M,Violet,Summer,2.5,No,Store Pickup,0,0,5,Cash,Bi-Weekly,26,0.0,0.8875,0.08163265306122448,0.49019607843137253,0.0,0.35721188475390153,Low Value
3681,22,Female,Sunglasses,Accessories,36,Iowa,S,Blue,Winter,2.9,No,Standard,0,0,30,Debit Card,Quarterly,4,0.0,0.2,0.5918367346938774,0.058823529411764705,0.15999999999999992,0.31038175270108037,Low Value
3682,26,Female,Gloves,Accessories,73,Connecticut,XL,Magenta,Fall,4.2,No,Next Day Air,0,0,33,Debit Card,Monthly,12,0.0,0.6625000000000001,0.6530612244897959,0.21568627450980393,0.6800000000000002,0.5264303721488596,Medium Value
3683,42,Female,Shirt,Clothing,60,Wyoming,M,Maroon,Fall,4.6,No,Store Pickup,0,0,46,Venmo,Bi-Weekly,26,0.0,0.5,0.9183673469387754,0.49019607843137253,0.8399999999999999,0.6984057623049218,Medium Value
3684,30,Female,Socks,Clothing,77,Mississippi,M,Purple,Winter,3.0,No,Free Shipping,0,0,17,Venmo,Fortnightly,26,0.0,0.7125,0.32653061224489793,0.49019607843137253,0.20000000000000018,0.4401710684273709,Low Value
3685,29,Female,Skirt,Clothing,86,Pennsylvania,L,Charcoal,Spring,4.4,No,Free Shipping,0,0,47,Credit Card,Bi-Weekly,26,0.0,0.825,0.9387755102040816,0.49019607843137253,0.7600000000000002,0.7635690276110445,High Value
3686,47,Female,Shorts,Clothing,42,Tennessee,L,Red,Summer,2.6,No,Standard,0,0,17,Cash,Bi-Weekly,26,0.0,0.275,0.32653061224489793,0.49019607843137253,0.040000000000000036,0.3366710684273709,Low Value
3687,59,Female,Sandals,Footwear,70,Louisiana,M,Charcoal,Spring,4.8,No,Free Shipping,0,0,17,Cash,Bi-Weekly,26,0.0,0.625,0.32653061224489793,0.49019607843137253,0.9199999999999999,0.49467106842737085,Medium Value
3688,34,Female,Shirt,Clothing,44,Arkansas,L,Lavender,Summer,2.9,No,Next Day Air,0,0,28,Bank Transfer,Every 3 Months,4,0.0,0.30000000000000004,0.5510204081632653,0.058823529411764705,0.15999999999999992,0.3140552220888355,Low Value
3689,52,Female,Sunglasses,Accessories,91,West Virginia,L,White,Spring,3.0,No,Next Day Air,0,0,8,Cash,Monthly,12,0.0,0.8875,0.14285714285714285,0.21568627450980393,0.20000000000000018,0.31934873949579834,Low Value
3690,47,Female,Jewelry,Accessories,30,South Carolina,L,Red,Fall,4.5,No,Standard,0,0,8,Bank Transfer,Quarterly,4,0.0,0.125,0.14285714285714285,0.058823529411764705,0.8,0.17978991596638658,Low Value
3691,24,Female,Blouse,Clothing,23,Kansas,S,Violet,Fall,3.7,No,Store Pickup,0,0,4,Bank Transfer,Bi-Weekly,26,0.0,0.03750000000000003,0.061224489795918366,0.49019607843137253,0.4800000000000002,0.22704861944777913,Low Value
3692,63,Female,Sandals,Footwear,21,Michigan,XL,Orange,Summer,4.8,No,Next Day Air,0,0,24,PayPal,Weekly,52,0.0,0.012500000000000011,0.4693877551020408,0.9999999999999999,0.9199999999999999,0.5822551020408163,Medium Value
3693,59,Female,Coat,Outerwear,34,Alabama,L,Turquoise,Spring,4.8,No,Free Shipping,0,0,29,Cash,Fortnightly,26,0.0,0.17500000000000004,0.5714285714285714,0.49019607843137253,0.9199999999999999,0.5026302521008403,Medium Value
3694,66,Female,Blouse,Clothing,46,South Dakota,M,Violet,Summer,4.7,No,2-Day Shipping,0,0,10,Venmo,Weekly,52,0.0,0.32500000000000007,0.18367346938775508,0.9999999999999999,0.8800000000000001,0.526469387755102,Medium Value
3695,45,Female,Sweater,Clothing,41,Rhode Island,M,Blue,Winter,2.6,No,Express,0,0,11,PayPal,Bi-Weekly,26,0.0,0.26250000000000007,0.2040816326530612,0.49019607843137253,0.040000000000000036,0.28519147659063626,Low Value
3696,38,Female,Skirt,Clothing,33,Florida,M,White,Fall,4.6,No,Standard,0,0,18,Bank Transfer,Fortnightly,26,0.0,0.16250000000000003,0.346938775510204,0.49019607843137253,0.8399999999999999,0.40233433373349337,Low Value
3697,63,Female,Blouse,Clothing,48,Connecticut,L,Turquoise,Fall,3.4,No,Next Day Air,0,0,26,Bank Transfer,Annually,1,0.0,0.3500000000000001,0.510204081632653,0.0,0.3600000000000001,0.31008163265306127,Low Value
3698,55,Female,Hoodie,Clothing,66,Pennsylvania,L,Pink,Winter,3.0,No,Standard,0,0,39,Cash,Weekly,52,0.0,0.5750000000000001,0.7755102040816325,0.9999999999999999,0.20000000000000018,0.745204081632653,Medium Value
3699,25,Female,Skirt,Clothing,54,California,XL,Maroon,Spring,4.0,No,2-Day Shipping,0,0,4,Venmo,Annually,1,0.0,0.42500000000000004,0.061224489795918366,0.0,0.6000000000000001,0.16948979591836738,Low Value
3700,51,Female,Backpack,Accessories,55,Oklahoma,M,Olive,Fall,2.6,No,Store Pickup,0,0,24,Bank Transfer,Weekly,52,0.0,0.4375,0.4693877551020408,0.9999999999999999,0.040000000000000036,0.5792551020408163,Medium Value
3701,28,Female,Handbag,Accessories,84,North Dakota,XL,Charcoal,Summer,3.4,No,Store Pickup,0,0,2,Bank Transfer,Every 3 Months,4,0.0,0.8,0.02040816326530612,0.058823529411764705,0.3600000000000001,0.2218103241296519,Low Value
3702,46,Female,Sandals,Footwear,66,New Mexico,M,Charcoal,Spring,4.5,No,Store Pickup,0,0,36,Cash,Annually,1,0.0,0.5750000000000001,0.7142857142857142,0.0,0.8,0.4807142857142857,Medium Value
3703,58,Female,Shoes,Footwear,65,South Carolina,M,Indigo,Spring,2.7,No,Store Pickup,0,0,36,Venmo,Weekly,52,0.0,0.5625,0.7142857142857142,0.9999999999999999,0.08000000000000007,0.7062142857142857,Medium Value
3704,30,Female,Sandals,Footwear,83,Michigan,S,Teal,Fall,2.9,No,Standard,0,0,23,PayPal,Every 3 Months,4,0.0,0.7875000000000001,0.44897959183673464,0.058823529411764705,0.15999999999999992,0.3707388955582233,Low Value
3705,68,Female,Sunglasses,Accessories,61,Missouri,L,Black,Winter,4.0,No,Store Pickup,0,0,36,Credit Card,Quarterly,4,0.0,0.5125000000000001,0.7142857142857142,0.058823529411764705,0.6000000000000001,0.46586134453781514,Medium Value
3706,28,Female,Skirt,Clothing,65,Colorado,L,Teal,Summer,3.2,No,Free Shipping,0,0,2,Debit Card,Annually,1,0.0,0.5625,0.02040816326530612,0.0,0.28000000000000025,0.14866326530612248,Low Value
3707,26,Female,Sandals,Footwear,55,Kansas,M,Green,Spring,4.0,No,Store Pickup,0,0,17,Cash,Bi-Weekly,26,0.0,0.4375,0.32653061224489793,0.49019607843137253,0.6000000000000001,0.4251710684273709,Low Value
3708,35,Female,Gloves,Accessories,79,Illinois,M,Gold,Fall,3.4,No,2-Day Shipping,0,0,19,Venmo,Weekly,52,0.0,0.7375,0.36734693877551017,0.9999999999999999,0.3600000000000001,0.6304387755102041,Medium Value
3709,40,Female,Hoodie,Clothing,96,South Carolina,M,Red,Fall,4.9,No,Express,0,0,41,PayPal,Monthly,12,0.0,0.9500000000000002,0.8163265306122448,0.21568627450980393,0.9600000000000002,0.6772364945978393,Medium Value
3710,31,Female,Socks,Clothing,43,Utah,M,Silver,Fall,3.6,No,Free Shipping,0,0,27,PayPal,Quarterly,4,0.0,0.2875,0.5306122448979591,0.058823529411764705,0.44000000000000017,0.3313919567827131,Low Value
3711,60,Female,Jewelry,Accessories,40,Hawaii,M,Yellow,Summer,3.6,No,2-Day Shipping,0,0,32,Bank Transfer,Fortnightly,26,0.0,0.25,0.6326530612244897,0.49019607843137253,0.44000000000000017,0.49412004801920767,Medium Value
3712,69,Female,Hat,Accessories,62,Texas,XL,Peach,Fall,3.2,No,Free Shipping,0,0,33,Cash,Annually,1,0.0,0.525,0.6530612244897959,0.0,0.28000000000000025,0.3942244897959184,Low Value
3713,51,Female,Blouse,Clothing,72,Oregon,M,Turquoise,Spring,3.7,No,2-Day Shipping,0,0,24,PayPal,Quarterly,4,0.0,0.65,0.4693877551020408,0.058823529411764705,0.4800000000000002,0.38340216086434575,Low Value
3714,49,Female,Shoes,Footwear,87,Arizona,M,Peach,Spring,2.6,No,Express,0,0,31,Debit Card,Every 3 Months,4,0.0,0.8375000000000001,0.6122448979591836,0.058823529411764705,0.040000000000000036,0.4340450180072029,Low Value
3715,18,Female,Hat,Accessories,31,New York,S,Peach,Winter,3.9,No,Express,0,0,35,Credit Card,Weekly,52,0.0,0.1375,0.693877551020408,0.9999999999999999,0.56,0.6610510204081631,Medium Value
3716,63,Female,Sunglasses,Accessories,34,Nebraska,S,Orange,Fall,3.4,No,Free Shipping,0,0,2,Bank Transfer,Monthly,12,0.0,0.17500000000000004,0.02040816326530612,0.21568627450980393,0.3600000000000001,0.14386914765906364,Low Value
3717,57,Female,Shirt,Clothing,53,Vermont,M,Charcoal,Fall,3.4,No,Next Day Air,0,0,42,Debit Card,Every 3 Months,4,0.0,0.4125000000000001,0.836734693877551,0.058823529411764705,0.3600000000000001,0.4708409363745499,Medium Value
3718,45,Female,T-shirt,Clothing,85,Maryland,XL,White,Summer,4.2,No,Express,0,0,47,Bank Transfer,Every 3 Months,4,0.0,0.8125,0.9387755102040816,0.058823529411764705,0.6800000000000002,0.6236572629051621,Medium Value
3719,36,Female,Pants,Clothing,50,Tennessee,L,Turquoise,Fall,2.9,No,Standard,0,0,44,Bank Transfer,Bi-Weekly,26,0.0,0.375,0.8775510204081631,0.49019607843137253,0.15999999999999992,0.5890792316926771,Medium Value
3720,20,Female,Pants,Clothing,91,Pennsylvania,M,Red,Summer,4.1,No,Free Shipping,0,0,8,Bank Transfer,Every 3 Months,4,0.0,0.8875,0.14285714285714285,0.058823529411764705,0.6399999999999999,0.31628991596638656,Low Value
3721,21,Female,Hat,Accessories,56,South Carolina,M,Peach,Fall,3.6,No,Free Shipping,0,0,13,Credit Card,Quarterly,4,0.0,0.45000000000000007,0.24489795918367344,0.058823529411764705,0.44000000000000017,0.24960624249699884,Low Value
3722,62,Female,Coat,Outerwear,60,Connecticut,L,Pink,Fall,4.0,No,Next Day Air,0,0,10,Cash,Annually,1,0.0,0.5,0.18367346938775508,0.0,0.6000000000000001,0.23346938775510206,Low Value
3723,23,Female,Jacket,Outerwear,34,Kentucky,XL,Yellow,Fall,4.0,No,Standard,0,0,1,Credit Card,Fortnightly,26,0.0,0.17500000000000004,0.0,0.49019607843137253,0.6000000000000001,0.24205882352941177,Low Value
3724,26,Female,Sandals,Footwear,30,Rhode Island,M,Beige,Spring,3.6,No,Free Shipping,0,0,1,Debit Card,Monthly,12,0.0,0.125,0.0,0.21568627450980393,0.44000000000000017,0.1337058823529412,Low Value
3725,30,Female,Gloves,Accessories,71,Colorado,L,Green,Winter,3.1,No,Express,0,0,18,Bank Transfer,Annually,1,0.0,0.6375000000000001,0.346938775510204,0.0,0.2400000000000002,0.29027551020408165,Low Value
3726,18,Female,Dress,Clothing,100,Oklahoma,S,Turquoise,Winter,4.4,No,Next Day Air,0,0,2,PayPal,Annually,1,0.0,1.0,0.02040816326530612,0.0,0.7600000000000002,0.28416326530612246,Low Value
3727,47,Female,Belt,Accessories,85,Idaho,XL,Orange,Fall,4.3,No,Next Day Air,0,0,36,Debit Card,Every 3 Months,4,0.0,0.8125,0.7142857142857142,0.058823529411764705,0.72,0.5378613445378151,Medium Value
3728,41,Female,Socks,Clothing,83,Maine,M,Gold,Summer,3.5,No,Next Day Air,0,0,17,Debit Card,Bi-Weekly,26,0.0,0.7875000000000001,0.32653061224489793,0.49019607843137253,0.40000000000000013,0.47517106842737095,Medium Value
3729,62,Female,Jacket,Outerwear,31,Vermont,L,Red,Winter,3.0,No,Standard,0,0,1,Debit Card,Annually,1,0.0,0.1375,0.0,0.0,0.20000000000000018,0.04750000000000002,Low Value
3730,28,Female,Boots,Footwear,82,Rhode Island,M,Teal,Spring,4.7,No,2-Day Shipping,0,0,50,Cash,Quarterly,4,0.0,0.7750000000000001,1.0,0.058823529411764705,0.8800000000000001,0.6606470588235296,Medium Value
3731,46,Female,Shirt,Clothing,79,Florida,M,Teal,Summer,2.5,No,2-Day Shipping,0,0,3,Credit Card,Bi-Weekly,26,0.0,0.7375,0.04081632653061225,0.49019607843137253,0.0,0.31088535414165663,Low Value
3732,54,Female,Hat,Accessories,62,West Virginia,M,Lavender,Spring,3.1,No,2-Day Shipping,0,0,45,PayPal,Quarterly,4,0.0,0.525,0.8979591836734693,0.058823529411764705,0.2400000000000002,0.5058307322929172,Medium Value
3733,36,Female,Shoes,Footwear,92,Indiana,L,Pink,Spring,3.3,No,Free Shipping,0,0,28,PayPal,Annually,1,0.0,0.9000000000000001,0.5510204081632653,0.0,0.32000000000000006,0.4324081632653062,Low Value
3734,25,Female,Socks,Clothing,58,Illinois,M,Maroon,Fall,4.7,No,Next Day Air,0,0,6,Debit Card,Every 3 Months,4,0.0,0.4750000000000001,0.10204081632653061,0.058823529411764705,0.8800000000000001,0.24146338535414172,Low Value
3735,38,Female,Hoodie,Clothing,88,California,M,Beige,Spring,3.4,No,Next Day Air,0,0,33,Debit Card,Every 3 Months,4,0.0,0.8500000000000001,0.6530612244897959,0.058823529411764705,0.3600000000000001,0.4848715486194478,Medium Value
3736,38,Female,Sandals,Footwear,44,Massachusetts,L,Orange,Spring,3.1,No,2-Day Shipping,0,0,29,PayPal,Annually,1,0.0,0.30000000000000004,0.5714285714285714,0.0,0.2400000000000002,0.3125714285714286,Low Value
3737,42,Female,Jeans,Clothing,56,Idaho,M,Red,Spring,4.6,No,Store Pickup,0,0,2,PayPal,Every 3 Months,4,0.0,0.45000000000000007,0.02040816326530612,0.058823529411764705,0.8399999999999999,0.19981032412965188,Low Value
3738,19,Female,Jewelry,Accessories,23,Kentucky,S,Maroon,Winter,4.9,No,Free Shipping,0,0,43,PayPal,Bi-Weekly,26,0.0,0.03750000000000003,0.8571428571428571,0.49019607843137253,0.9600000000000002,0.5934159663865546,Medium Value
3739,34,Female,Shorts,Clothing,45,Delaware,M,Brown,Spring,2.7,No,Free Shipping,0,0,48,Cash,Fortnightly,26,0.0,0.3125,0.9591836734693877,0.49019607843137253,0.08000000000000007,0.6012322929171668,Medium Value
3740,38,Female,Sunglasses,Accessories,31,Idaho,M,Olive,Fall,4.2,No,Free Shipping,0,0,43,Credit Card,Weekly,52,0.0,0.1375,0.8571428571428571,0.9999999999999999,0.6800000000000002,0.7383571428571428,Medium Value
3741,42,Female,Pants,Clothing,96,Virginia,M,Silver,Summer,2.6,No,Store Pickup,0,0,26,Debit Card,Bi-Weekly,26,0.0,0.9500000000000002,0.510204081632653,0.49019607843137253,0.040000000000000036,0.545140456182473,Medium Value
3742,58,Female,Shirt,Clothing,96,Arizona,M,Purple,Spring,3.2,No,2-Day Shipping,0,0,26,Debit Card,Bi-Weekly,26,0.0,0.9500000000000002,0.510204081632653,0.49019607843137253,0.28000000000000025,0.569140456182473,Medium Value
3743,56,Female,Shirt,Clothing,80,Maryland,M,Gray,Fall,4.4,No,Standard,0,0,50,Credit Card,Bi-Weekly,26,0.0,0.75,1.0,0.49019607843137253,0.7600000000000002,0.7730588235294119,High Value
3744,62,Female,Pants,Clothing,28,Idaho,L,Cyan,Fall,3.6,No,Free Shipping,0,0,36,Debit Card,Quarterly,4,0.0,0.10000000000000003,0.7142857142857142,0.058823529411764705,0.44000000000000017,0.36736134453781516,Low Value
3745,24,Female,Hoodie,Clothing,51,New Jersey,M,Gray,Summer,2.7,No,Next Day Air,0,0,26,Bank Transfer,Fortnightly,26,0.0,0.38750000000000007,0.510204081632653,0.49019607843137253,0.08000000000000007,0.43664045618247294,Low Value
3746,60,Female,Socks,Clothing,41,Washington,L,Gold,Spring,4.3,No,Express,0,0,2,Debit Card,Monthly,12,0.0,0.26250000000000007,0.02040816326530612,0.21568627450980393,0.72,0.19736914765906366,Low Value
3747,53,Female,Coat,Outerwear,99,Idaho,XL,Cyan,Summer,2.6,No,Next Day Air,0,0,49,PayPal,Monthly,12,0.0,0.9875,0.9795918367346937,0.21568627450980393,0.040000000000000036,0.6580426170468188,Medium Value
3748,26,Female,Sweater,Clothing,53,Rhode Island,L,Olive,Spring,4.3,No,Store Pickup,0,0,32,Bank Transfer,Bi-Weekly,26,0.0,0.4125000000000001,0.6326530612244897,0.49019607843137253,0.72,0.5546200480192076,Medium Value
3749,34,Female,Backpack,Accessories,25,Delaware,M,Violet,Fall,3.9,No,2-Day Shipping,0,0,3,Venmo,Annually,1,0.0,0.0625,0.04081632653061225,0.0,0.56,0.0848265306122449,Low Value
3750,24,Female,Blouse,Clothing,95,Alaska,L,Yellow,Winter,2.9,No,2-Day Shipping,0,0,38,Venmo,Every 3 Months,4,0.0,0.9375,0.7551020408163265,0.058823529411764705,0.15999999999999992,0.52318787515006,Medium Value
3751,42,Female,Hoodie,Clothing,88,Arizona,M,Gold,Fall,3.1,No,Free Shipping,0,0,5,PayPal,Monthly,12,0.0,0.8500000000000001,0.08163265306122448,0.21568627450980393,0.2400000000000002,0.29135894357743103,Low Value
3752,36,Female,Jewelry,Accessories,97,Alabama,S,Silver,Fall,4.2,No,Free Shipping,0,0,8,Credit Card,Every 3 Months,4,0.0,0.9625000000000001,0.14285714285714285,0.058823529411764705,0.6800000000000002,0.3352899159663866,Low Value
3753,24,Female,Coat,Outerwear,81,Washington,L,Pink,Winter,4.1,No,2-Day Shipping,0,0,43,Venmo,Weekly,52,0.0,0.7625,0.8571428571428571,0.9999999999999999,0.6399999999999999,0.8593571428571427,High Value
3754,39,Female,Sunglasses,Accessories,26,Louisiana,S,Turquoise,Winter,4.2,No,Next Day Air,0,0,22,Bank Transfer,Fortnightly,26,0.0,0.07500000000000001,0.4285714285714285,0.49019607843137253,0.6800000000000002,0.4014873949579832,Low Value
3755,46,Female,Shoes,Footwear,41,Nebraska,M,Turquoise,Summer,4.4,No,Express,0,0,10,Cash,Every 3 Months,4,0.0,0.26250000000000007,0.18367346938775508,0.058823529411764705,0.7600000000000002,0.2196164465786315,Low Value
3756,64,Female,Skirt,Clothing,93,Pennsylvania,M,Peach,Fall,3.4,No,Free Shipping,0,0,26,Credit Card,Monthly,12,0.0,0.9125000000000001,0.510204081632653,0.21568627450980393,0.3600000000000001,0.4872875150060024,Medium Value
3757,64,Female,Skirt,Clothing,69,South Carolina,L,Teal,Spring,4.8,No,Express,0,0,42,Debit Card,Bi-Weekly,26,0.0,0.6125,0.836734693877551,0.49019607843137253,0.9199999999999999,0.6962527010804321,Medium Value
3758,61,Female,Skirt,Clothing,44,California,L,Red,Fall,4.5,No,2-Day Shipping,0,0,33,Cash,Weekly,52,0.0,0.30000000000000004,0.6530612244897959,0.9999999999999999,0.8,0.7012244897959183,Medium Value
3759,61,Female,Sandals,Footwear,54,Indiana,S,Black,Spring,2.7,No,Store Pickup,0,0,23,Bank Transfer,Quarterly,4,0.0,0.42500000000000004,0.44897959183673464,0.058823529411764705,0.08000000000000007,0.2902388955582233,Low Value
3760,44,Female,Sneakers,Footwear,61,Missouri,M,Pink,Spring,3.5,No,Store Pickup,0,0,30,Venmo,Quarterly,4,0.0,0.5125000000000001,0.5918367346938774,0.058823529411764705,0.40000000000000013,0.39688175270108045,Low Value
3761,65,Female,Socks,Clothing,80,Connecticut,M,Peach,Fall,3.1,No,Next Day Air,0,0,36,PayPal,Weekly,52,0.0,0.75,0.7142857142857142,0.9999999999999999,0.2400000000000002,0.7597142857142857,High Value
3762,60,Female,Backpack,Accessories,30,Nevada,M,Green,Summer,2.8,No,Next Day Air,0,0,3,Venmo,Every 3 Months,4,0.0,0.125,0.04081632653061225,0.058823529411764705,0.11999999999999988,0.07097358943577431,Low Value
3763,65,Female,Shorts,Clothing,94,New York,L,Green,Fall,2.9,No,Store Pickup,0,0,13,PayPal,Annually,1,0.0,0.925,0.24489795918367344,0.0,0.15999999999999992,0.2989591836734694,Low Value
3764,27,Female,Shirt,Clothing,24,Oklahoma,XL,Red,Winter,4.5,No,Standard,0,0,38,Cash,Every 3 Months,4,0.0,0.050000000000000044,0.7551020408163265,0.058823529411764705,0.8,0.40968787515006005,Low Value
3765,36,Female,Socks,Clothing,21,South Dakota,M,Maroon,Fall,3.5,No,Next Day Air,0,0,19,Venmo,Monthly,12,0.0,0.012500000000000011,0.36734693877551017,0.21568627450980393,0.40000000000000013,0.2541446578631453,Low Value
3766,22,Female,Jewelry,Accessories,52,Missouri,M,Green,Summer,4.3,No,Standard,0,0,14,Bank Transfer,Bi-Weekly,26,0.0,0.4,0.26530612244897955,0.49019607843137253,0.72,0.4051812725090036,Low Value
3767,62,Female,Handbag,Accessories,59,Texas,M,Black,Fall,4.9,No,Next Day Air,0,0,43,Debit Card,Annually,1,0.0,0.48750000000000004,0.8571428571428571,0.0,0.9600000000000002,0.536357142857143,Medium Value
3768,59,Female,Shorts,Clothing,51,New York,XL,Black,Summer,3.1,No,Free Shipping,0,0,10,Bank Transfer,Fortnightly,26,0.0,0.38750000000000007,0.18367346938775508,0.49019607843137253,0.2400000000000002,0.3220282112845138,Low Value
3769,50,Female,Sweater,Clothing,35,Vermont,M,Yellow,Winter,4.0,No,Free Shipping,0,0,34,Bank Transfer,Quarterly,4,0.0,0.1875,0.673469387755102,0.058823529411764705,0.6000000000000001,0.38453481392557026,Low Value
3770,51,Female,Gloves,Accessories,87,Arizona,L,Green,Summer,3.6,No,Standard,0,0,31,Venmo,Annually,1,0.0,0.8375000000000001,0.6122448979591836,0.0,0.44000000000000017,0.45639795918367354,Medium Value
3771,23,Female,Pants,Clothing,42,Montana,L,Black,Summer,4.0,No,Store Pickup,0,0,34,Bank Transfer,Weekly,52,0.0,0.275,0.673469387755102,0.9999999999999999,0.6000000000000001,0.6843877551020409,Medium Value
3772,21,Female,T-shirt,Clothing,86,Oklahoma,M,Red,Winter,2.6,No,Express,0,0,28,Venmo,Bi-Weekly,26,0.0,0.825,0.5510204081632653,0.49019607843137253,0.040000000000000036,0.5364669867947178,Medium Value
3773,44,Female,Pants,Clothing,26,New Hampshire,L,Yellow,Fall,3.1,No,Next Day Air,0,0,35,Cash,Annually,1,0.0,0.07500000000000001,0.693877551020408,0.0,0.2400000000000002,0.31655102040816324,Low Value
3774,25,Female,Sweater,Clothing,60,Wisconsin,M,Violet,Summer,3.5,No,Store Pickup,0,0,41,Cash,Quarterly,4,0.0,0.5,0.8163265306122448,0.058823529411764705,0.40000000000000013,0.48417767106842735,Medium Value
3775,57,Female,Gloves,Accessories,83,Alaska,S,Cyan,Winter,3.9,No,Standard,0,0,48,PayPal,Fortnightly,26,0.0,0.7875000000000001,0.9591836734693877,0.49019607843137253,0.56,0.744232292917167,Medium Value
3776,41,Female,Belt,Accessories,63,South Dakota,S,Pink,Spring,2.7,No,2-Day Shipping,0,0,45,Cash,Quarterly,4,0.0,0.5375000000000001,0.8979591836734693,0.058823529411764705,0.08000000000000007,0.4923307322929172,Medium Value
3777,19,Female,Sneakers,Footwear,25,Alaska,L,Olive,Spring,4.1,No,Standard,0,0,10,Credit Card,Fortnightly,26,0.0,0.0625,0.18367346938775508,0.49019607843137253,0.6399999999999999,0.2970282112845138,Low Value
3778,43,Female,Shorts,Clothing,65,Utah,M,Maroon,Fall,4.3,No,Express,0,0,9,Cash,Weekly,52,0.0,0.5625,0.16326530612244897,0.9999999999999999,0.72,0.5498061224489795,Medium Value
3779,25,Female,Sneakers,Footwear,60,South Dakota,M,Cyan,Fall,2.9,No,Free Shipping,0,0,30,Debit Card,Annually,1,0.0,0.5,0.5918367346938774,0.0,0.15999999999999992,0.35273469387755096,Low Value
3780,60,Female,Jeans,Clothing,75,California,XL,Lavender,Spring,4.0,No,Express,0,0,45,PayPal,Annually,1,0.0,0.6875,0.8979591836734693,0.0,0.6000000000000001,0.5566836734693877,Medium Value
3781,54,Female,Sneakers,Footwear,57,Mississippi,L,Yellow,Fall,4.1,No,Free Shipping,0,0,41,Venmo,Quarterly,4,0.0,0.4625,0.8163265306122448,0.058823529411764705,0.6399999999999999,0.5006776710684273,Medium Value
3782,52,Female,Boots,Footwear,99,Tennessee,M,Pink,Winter,3.7,No,Standard,0,0,40,PayPal,Fortnightly,26,0.0,0.9875,0.7959183673469387,0.49019607843137253,0.4800000000000002,0.7109261704681873,Medium Value
3783,40,Female,Jacket,Outerwear,45,Alabama,L,Orange,Spring,2.8,No,Free Shipping,0,0,42,PayPal,Fortnightly,26,0.0,0.3125,0.836734693877551,0.49019607843137253,0.11999999999999988,0.5562527010804321,Medium Value
3784,39,Female,Gloves,Accessories,66,Maine,XL,Orange,Summer,3.2,No,Free Shipping,0,0,17,Debit Card,Fortnightly,26,0.0,0.5750000000000001,0.32653061224489793,0.49019607843137253,0.28000000000000025,0.4206710684273709,Low Value
3785,54,Female,Socks,Clothing,53,Virginia,M,Violet,Winter,4.5,No,Next Day Air,0,0,4,Venmo,Annually,1,0.0,0.4125000000000001,0.061224489795918366,0.0,0.8,0.1869897959183674,Low Value
3786,64,Female,Jeans,Clothing,94,New Hampshire,L,Lavender,Winter,3.8,No,Standard,0,0,6,Cash,Monthly,12,0.0,0.925,0.10204081632653061,0.21568627450980393,0.52,0.34252220888355345,Low Value
3787,31,Female,Boots,Footwear,47,Tennessee,L,Yellow,Fall,3.6,No,2-Day Shipping,0,0,22,Venmo,Weekly,52,0.0,0.3375,0.4285714285714285,0.9999999999999999,0.44000000000000017,0.5829285714285714,Medium Value
3788,37,Female,Blouse,Clothing,80,New York,M,Pink,Fall,3.6,No,2-Day Shipping,0,0,46,PayPal,Every 3 Months,4,0.0,0.75,0.9183673469387754,0.058823529411764705,0.44000000000000017,0.5789939975990397,Medium Value
3789,43,Female,Hat,Accessories,65,Kansas,XL,Teal,Spring,3.2,No,Next Day Air,0,0,27,Debit Card,Monthly,12,0.0,0.5625,0.5306122448979591,0.21568627450980393,0.28000000000000025,0.41745078031212485,Low Value
3790,56,Female,Shirt,Clothing,75,North Dakota,M,Magenta,Summer,3.8,No,Express,0,0,18,Bank Transfer,Every 3 Months,4,0.0,0.6875,0.346938775510204,0.058823529411764705,0.52,0.34592256902761104,Low Value
3791,27,Female,Handbag,Accessories,45,Alaska,XL,Beige,Summer,4.4,No,Standard,0,0,31,Credit Card,Weekly,52,0.0,0.3125,0.6122448979591836,0.9999999999999999,0.7600000000000002,0.6833979591836734,Medium Value
3792,40,Female,Sunglasses,Accessories,51,Texas,M,Gray,Spring,3.7,No,Store Pickup,0,0,1,Venmo,Weekly,52,0.0,0.38750000000000007,0.0,0.9999999999999999,0.4800000000000002,0.4255,Low Value
3793,43,Female,Scarf,Accessories,58,Massachusetts,S,Turquoise,Summer,2.6,No,Express,0,0,2,PayPal,Fortnightly,26,0.0,0.4750000000000001,0.02040816326530612,0.49019607843137253,0.040000000000000036,0.2542220888355342,Low Value
3794,62,Female,Sunglasses,Accessories,20,Delaware,M,Pink,Fall,4.0,No,Standard,0,0,46,Bank Transfer,Annually,1,0.0,0.0,0.9183673469387754,0.0,0.6000000000000001,0.42734693877551017,Low Value
3795,44,Female,Scarf,Accessories,82,South Dakota,M,Violet,Summer,3.6,No,2-Day Shipping,0,0,27,Venmo,Weekly,52,0.0,0.7750000000000001,0.5306122448979591,0.9999999999999999,0.44000000000000017,0.7112448979591837,Medium Value
3796,45,Female,Gloves,Accessories,92,Arkansas,M,Charcoal,Spring,2.5,No,Express,0,0,3,Cash,Weekly,52,0.0,0.9000000000000001,0.04081632653061225,0.9999999999999999,0.0,0.49632653061224485,Medium Value
3797,40,Female,Shorts,Clothing,81,Utah,M,Lavender,Fall,3.2,No,Free Shipping,0,0,47,Bank Transfer,Quarterly,4,0.0,0.7625,0.9387755102040816,0.058823529411764705,0.28000000000000025,0.5736572629051621,Medium Value
3798,68,Female,Sunglasses,Accessories,44,California,M,Gray,Summer,2.5,No,Next Day Air,0,0,20,Cash,Quarterly,4,0.0,0.30000000000000004,0.38775510204081626,0.058823529411764705,0.0,0.2327490996398559,Low Value
3799,63,Female,Jewelry,Accessories,72,Rhode Island,S,Brown,Winter,3.2,No,Next Day Air,0,0,23,Credit Card,Annually,1,0.0,0.65,0.44897959183673464,0.0,0.28000000000000025,0.3375918367346939,Low Value
3800,60,Female,Jacket,Outerwear,26,Oklahoma,L,Violet,Winter,2.6,No,Store Pickup,0,0,13,Credit Card,Monthly,12,0.0,0.07500000000000001,0.24489795918367344,0.21568627450980393,0.040000000000000036,0.18166506602641058,Low Value
3801,19,Female,Sweater,Clothing,26,Vermont,M,Turquoise,Fall,4.8,No,Next Day Air,0,0,12,Venmo,Bi-Weekly,26,0.0,0.07500000000000001,0.22448979591836735,0.49019607843137253,0.9199999999999999,0.3438547418967587,Low Value
3802,26,Female,Blouse,Clothing,84,Kentucky,M,Peach,Spring,5.0,No,Store Pickup,0,0,36,PayPal,Fortnightly,26,0.0,0.8,0.7142857142857142,0.49019607843137253,1.0,0.6927731092436974,Medium Value
3803,70,Female,Scarf,Accessories,72,Illinois,S,Turquoise,Spring,3.2,No,2-Day Shipping,0,0,1,Bank Transfer,Monthly,12,0.0,0.65,0.0,0.21568627450980393,0.28000000000000025,0.2227058823529412,Low Value
3804,48,Female,Handbag,Accessories,55,Connecticut,M,Violet,Spring,3.6,No,Standard,0,0,14,Debit Card,Weekly,52,0.0,0.4375,0.26530612244897955,0.9999999999999999,0.44000000000000017,0.5376224489795918,Medium Value
3805,37,Female,Hat,Accessories,77,Florida,M,Olive,Fall,2.7,No,2-Day Shipping,0,0,45,Cash,Annually,1,0.0,0.7125,0.8979591836734693,0.0,0.08000000000000007,0.5096836734693877,Medium Value
3806,48,Female,Scarf,Accessories,57,New Jersey,M,Green,Fall,3.1,No,Standard,0,0,31,Credit Card,Quarterly,4,0.0,0.4625,0.6122448979591836,0.058823529411764705,0.2400000000000002,0.3790450180072029,Low Value
3807,18,Female,Boots,Footwear,71,Missouri,M,Teal,Spring,3.0,No,Standard,0,0,41,PayPal,Weekly,52,0.0,0.6375000000000001,0.8163265306122448,0.9999999999999999,0.20000000000000018,0.774030612244898,High Value
3808,38,Female,Blouse,Clothing,39,Michigan,L,Peach,Spring,2.9,No,Next Day Air,0,0,36,PayPal,Annually,1,0.0,0.23750000000000004,0.7142857142857142,0.0,0.15999999999999992,0.3492142857142857,Low Value
3809,33,Female,Socks,Clothing,28,Washington,M,Pink,Winter,4.7,No,Express,0,0,6,Debit Card,Bi-Weekly,26,0.0,0.10000000000000003,0.10204081632653061,0.49019607843137253,0.8800000000000001,0.295875150060024,Low Value
3810,57,Female,Shoes,Footwear,33,New York,S,Maroon,Winter,3.7,No,Standard,0,0,28,Credit Card,Annually,1,0.0,0.16250000000000003,0.5510204081632653,0.0,0.4800000000000002,0.30090816326530617,Low Value
3811,46,Female,Skirt,Clothing,79,Wisconsin,L,Peach,Fall,3.9,No,Free Shipping,0,0,29,Venmo,Monthly,12,0.0,0.7375,0.5714285714285714,0.21568627450980393,0.56,0.4967773109243698,Medium Value
3812,46,Female,Belt,Accessories,30,Idaho,M,Maroon,Winter,4.0,No,Standard,0,0,14,Cash,Monthly,12,0.0,0.125,0.26530612244897955,0.21568627450980393,0.6000000000000001,0.255828331332533,Low Value
3813,50,Female,Skirt,Clothing,75,Michigan,M,Pink,Spring,2.8,No,Next Day Air,0,0,7,Bank Transfer,Every 3 Months,4,0.0,0.6875,0.12244897959183673,0.058823529411764705,0.11999999999999988,0.2161266506602641,Low Value
3814,61,Female,Pants,Clothing,89,Georgia,M,Orange,Summer,4.1,No,Express,0,0,31,Venmo,Bi-Weekly,26,0.0,0.8625,0.6122448979591836,0.49019607843137253,0.6399999999999999,0.6284567827130851,Medium Value
3815,45,Female,Dress,Clothing,95,Michigan,M,Orange,Winter,4.2,No,Free Shipping,0,0,26,Bank Transfer,Every 3 Months,4,0.0,0.9375,0.510204081632653,0.058823529411764705,0.6800000000000002,0.4772286914765906,Medium Value
3816,32,Female,Hat,Accessories,44,Maine,M,Brown,Fall,4.3,No,Express,0,0,12,Venmo,Fortnightly,26,0.0,0.30000000000000004,0.22448979591836735,0.49019607843137253,0.72,0.3688547418967587,Low Value
3817,29,Female,Coat,Outerwear,86,Maryland,S,Silver,Summer,4.3,No,Store Pickup,0,0,45,Credit Card,Fortnightly,26,0.0,0.825,0.8979591836734693,0.49019607843137253,0.72,0.7432424969987995,Medium Value
3818,66,Female,Scarf,Accessories,91,Missouri,M,Magenta,Fall,2.6,No,Express,0,0,40,PayPal,Annually,1,0.0,0.8875,0.7959183673469387,0.0,0.040000000000000036,0.4998673469387755,Medium Value
3819,70,Female,Sneakers,Footwear,41,Oregon,XL,Indigo,Winter,3.8,No,Free Shipping,0,0,42,Cash,Monthly,12,0.0,0.26250000000000007,0.836734693877551,0.21568627450980393,0.52,0.5038997599039616,Medium Value
3820,36,Female,Pants,Clothing,99,Arkansas,S,Gold,Spring,2.9,No,Express,0,0,45,Cash,Quarterly,4,0.0,0.9875,0.8979591836734693,0.058823529411764705,0.15999999999999992,0.5903307322929172,Medium Value
3821,34,Female,Belt,Accessories,65,New Hampshire,M,Purple,Winter,5.0,No,Standard,0,0,34,Debit Card,Quarterly,4,0.0,0.5625,0.673469387755102,0.058823529411764705,1.0,0.4995348139255702,Medium Value
3822,20,Female,Sneakers,Footwear,48,Oregon,M,Gold,Summer,4.6,No,Free Shipping,0,0,34,Credit Card,Every 3 Months,4,0.0,0.3500000000000001,0.673469387755102,0.058823529411764705,0.8399999999999999,0.4410348139255702,Low Value
3823,70,Female,Hat,Accessories,41,Kansas,S,Gold,Spring,3.2,No,Free Shipping,0,0,17,PayPal,Every 3 Months,4,0.0,0.26250000000000007,0.32653061224489793,0.058823529411764705,0.28000000000000025,0.22875930372148862,Low Value
3824,50,Female,Shirt,Clothing,42,California,M,Gold,Summer,3.0,No,Standard,0,0,27,Bank Transfer,Weekly,52,0.0,0.275,0.5306122448979591,0.9999999999999999,0.20000000000000018,0.5872448979591837,Medium Value
3825,54,Female,Shorts,Clothing,26,Georgia,M,Olive,Summer,4.0,No,Free Shipping,0,0,31,Credit Card,Quarterly,4,0.0,0.07500000000000001,0.6122448979591836,0.058823529411764705,0.6000000000000001,0.3375450180072029,Low Value
3826,49,Female,Shorts,Clothing,35,Hawaii,L,Green,Fall,4.1,No,Express,0,0,47,Debit Card,Fortnightly,26,0.0,0.1875,0.9387755102040816,0.49019607843137253,0.6399999999999999,0.6240690276110443,Medium Value
3827,50,Female,Jacket,Outerwear,31,Montana,M,Gray,Summer,4.0,No,Express,0,0,25,Bank Transfer,Annually,1,0.0,0.1375,0.4897959183673469,0.0,0.6000000000000001,0.2834183673469388,Low Value
3828,62,Female,Jewelry,Accessories,73,Montana,M,Red,Summer,4.1,No,Standard,0,0,47,Cash,Fortnightly,26,0.0,0.6625000000000001,0.9387755102040816,0.49019607843137253,0.6399999999999999,0.7190690276110444,Medium Value
3829,42,Female,Blouse,Clothing,82,Mississippi,M,Charcoal,Spring,3.4,No,Free Shipping,0,0,8,Cash,Weekly,52,0.0,0.7750000000000001,0.14285714285714285,0.9999999999999999,0.3600000000000001,0.5481428571428572,Medium Value
3830,69,Female,Pants,Clothing,32,Washington,M,Indigo,Spring,2.9,No,Free Shipping,0,0,32,Debit Card,Fortnightly,26,0.0,0.15000000000000002,0.6326530612244897,0.49019607843137253,0.15999999999999992,0.4461200480192077,Low Value
3831,22,Female,Hat,Accessories,27,Pennsylvania,M,Indigo,Summer,3.0,No,2-Day Shipping,0,0,33,Bank Transfer,Every 3 Months,4,0.0,0.08750000000000002,0.6530612244897959,0.058823529411764705,0.20000000000000018,0.3163715486194478,Low Value
3832,36,Female,Backpack,Accessories,86,Nevada,L,Silver,Spring,4.0,No,Next Day Air,0,0,16,Debit Card,Every 3 Months,4,0.0,0.825,0.3061224489795918,0.058823529411764705,0.6000000000000001,0.36509603841536614,Low Value
3833,64,Female,Boots,Footwear,38,Kansas,XL,Purple,Winter,4.8,No,2-Day Shipping,0,0,27,Cash,Weekly,52,0.0,0.22500000000000003,0.5306122448979591,0.9999999999999999,0.9199999999999999,0.6492448979591836,Medium Value
3834,44,Female,Jacket,Outerwear,93,Arizona,L,Gray,Summer,4.6,No,Free Shipping,0,0,17,PayPal,Every 3 Months,4,0.0,0.9125000000000001,0.32653061224489793,0.058823529411764705,0.8399999999999999,0.4147593037214886,Low Value
3835,43,Female,Hoodie,Clothing,59,Tennessee,M,Magenta,Winter,4.1,No,2-Day Shipping,0,0,17,Cash,Quarterly,4,0.0,0.48750000000000004,0.32653061224489793,0.058823529411764705,0.6399999999999999,0.3097593037214886,Low Value
3836,58,Female,Sandals,Footwear,58,Pennsylvania,L,Silver,Winter,2.6,No,Express,0,0,28,PayPal,Bi-Weekly,26,0.0,0.4750000000000001,0.5510204081632653,0.49019607843137253,0.040000000000000036,0.4664669867947179,Medium Value
3837,62,Female,Skirt,Clothing,84,Alaska,M,Violet,Spring,2.5,No,Free Shipping,0,0,38,PayPal,Fortnightly,26,0.0,0.8,0.7551020408163265,0.49019607843137253,0.0,0.6090996398559424,Medium Value
3838,45,Female,Hoodie,Clothing,100,New Mexico,M,Green,Spring,4.8,No,Free Shipping,0,0,33,Bank Transfer,Fortnightly,26,0.0,1.0,0.6530612244897959,0.49019607843137253,0.9199999999999999,0.70028331332533,Medium Value
3839,47,Female,Dress,Clothing,25,Rhode Island,L,Green,Summer,4.2,No,Express,0,0,24,Venmo,Every 3 Months,4,0.0,0.0625,0.4693877551020408,0.058823529411764705,0.6800000000000002,0.2859021608643458,Low Value
3840,66,Female,Sandals,Footwear,29,Connecticut,M,Peach,Spring,3.9,No,Free Shipping,0,0,14,Venmo,Quarterly,4,0.0,0.11250000000000004,0.26530612244897955,0.058823529411764705,0.56,0.20226950780312125,Low Value
3841,30,Female,Jeans,Clothing,42,Idaho,M,Turquoise,Spring,3.7,No,Express,0,0,5,Venmo,Fortnightly,26,0.0,0.275,0.08163265306122448,0.49019607843137253,0.4800000000000002,0.2827118847539016,Low Value
3842,68,Female,Jeans,Clothing,57,Mississippi,L,Pink,Fall,4.2,No,2-Day Shipping,0,0,8,Bank Transfer,Monthly,12,0.0,0.4625,0.14285714285714285,0.21568627450980393,0.6800000000000002,0.28234873949579836,Low Value
3843,35,Female,Jacket,Outerwear,84,Colorado,L,Lavender,Winter,4.2,No,Next Day Air,0,0,42,Debit Card,Monthly,12,0.0,0.8,0.836734693877551,0.21568627450980393,0.6800000000000002,0.6273997599039617,Medium Value
3844,64,Female,Hat,Accessories,71,Georgia,L,Silver,Winter,4.0,No,Free Shipping,0,0,48,Venmo,Every 3 Months,4,0.0,0.6375000000000001,0.9591836734693877,0.058823529411764705,0.6000000000000001,0.5888205282112846,Medium Value
3845,30,Female,Shorts,Clothing,87,Montana,S,Cyan,Fall,5.0,No,Next Day Air,0,0,40,Venmo,Quarterly,4,0.0,0.8375000000000001,0.7959183673469387,0.058823529411764705,1.0,0.6035144057623049,Medium Value
3846,58,Female,Sweater,Clothing,52,California,M,Green,Winter,4.9,No,Standard,0,0,46,Venmo,Annually,1,0.0,0.4,0.9183673469387754,0.0,0.9600000000000002,0.5433469387755102,Medium Value
3847,57,Female,Blouse,Clothing,58,Pennsylvania,L,Orange,Summer,4.0,No,Express,0,0,40,PayPal,Every 3 Months,4,0.0,0.4750000000000001,0.7959183673469387,0.058823529411764705,0.6000000000000001,0.49101440576230493,Medium Value
3848,60,Female,Sweater,Clothing,34,Delaware,S,Blue,Fall,3.2,No,2-Day Shipping,0,0,31,PayPal,Fortnightly,26,0.0,0.17500000000000004,0.6122448979591836,0.49019607843137253,0.28000000000000025,0.45495678271308526,Medium Value
3849,22,Female,Jewelry,Accessories,60,New Hampshire,M,Magenta,Winter,3.0,No,Next Day Air,0,0,39,Cash,Every 3 Months,4,0.0,0.5,0.7755102040816325,0.058823529411764705,0.20000000000000018,0.44785114045618246,Low Value
3850,46,Female,Hoodie,Clothing,68,Florida,S,Cyan,Winter,2.6,No,Express,0,0,36,PayPal,Fortnightly,26,0.0,0.6000000000000001,0.7142857142857142,0.49019607843137253,0.040000000000000036,0.5567731092436975,Medium Value
3851,27,Female,Jewelry,Accessories,74,Mississippi,L,Indigo,Summer,4.4,No,2-Day Shipping,0,0,25,Debit Card,Every 3 Months,4,0.0,0.675,0.4897959183673469,0.058823529411764705,0.7600000000000002,0.4245654261704682,Low Value
3852,50,Female,Scarf,Accessories,83,Montana,M,Pink,Summer,3.9,No,Free Shipping,0,0,24,Debit Card,Annually,1,0.0,0.7875000000000001,0.4693877551020408,0.0,0.56,0.4012551020408163,Low Value
3853,65,Female,Hat,Accessories,79,Mississippi,M,Peach,Fall,4.0,No,2-Day Shipping,0,0,19,PayPal,Weekly,52,0.0,0.7375,0.36734693877551017,0.9999999999999999,0.6000000000000001,0.6544387755102041,Medium Value
3854,61,Female,Sunglasses,Accessories,76,Tennessee,M,Lavender,Fall,4.0,No,Store Pickup,0,0,49,Debit Card,Bi-Weekly,26,0.0,0.7000000000000001,0.9795918367346937,0.49019607843137253,0.6000000000000001,0.7388955582232893,Medium Value
3855,57,Female,T-shirt,Clothing,20,Florida,M,Black,Spring,4.2,No,Free Shipping,0,0,4,Venmo,Annually,1,0.0,0.0,0.061224489795918366,0.0,0.6800000000000002,0.09248979591836737,Low Value
3856,40,Female,Shirt,Clothing,61,Illinois,XL,Lavender,Summer,4.4,No,Next Day Air,0,0,36,Cash,Quarterly,4,0.0,0.5125000000000001,0.7142857142857142,0.058823529411764705,0.7600000000000002,0.48186134453781515,Medium Value
3857,39,Female,Sandals,Footwear,78,Virginia,S,Brown,Summer,2.5,No,Free Shipping,0,0,8,Debit Card,Quarterly,4,0.0,0.7250000000000001,0.14285714285714285,0.058823529411764705,0.0,0.21978991596638658,Low Value
3858,42,Female,Hat,Accessories,21,Texas,S,Yellow,Summer,3.1,No,Store Pickup,0,0,29,Credit Card,Every 3 Months,4,0.0,0.012500000000000011,0.5714285714285714,0.058823529411764705,0.2400000000000002,0.27271848739495796,Low Value
3859,30,Female,T-shirt,Clothing,77,Missouri,M,Olive,Winter,3.5,No,Store Pickup,0,0,26,Credit Card,Quarterly,4,0.0,0.7125,0.510204081632653,0.058823529411764705,0.40000000000000013,0.4042286914765907,Low Value
3860,65,Female,Shorts,Clothing,88,Mississippi,S,Blue,Fall,3.0,No,2-Day Shipping,0,0,47,Bank Transfer,Bi-Weekly,26,0.0,0.8500000000000001,0.9387755102040816,0.49019607843137253,0.20000000000000018,0.7125690276110445,Medium Value
3861,57,Female,Sunglasses,Accessories,64,Pennsylvania,M,Turquoise,Summer,4.4,No,Next Day Air,0,0,44,Cash,Annually,1,0.0,0.55,0.8775510204081631,0.0,0.7600000000000002,0.5370204081632654,Medium Value
3862,64,Female,Jacket,Outerwear,57,Wyoming,M,Yellow,Spring,4.9,No,Standard,0,0,49,Credit Card,Monthly,12,0.0,0.4625,0.9795918367346937,0.21568627450980393,0.9600000000000002,0.6450426170468186,Medium Value
3863,56,Female,Shirt,Clothing,49,Idaho,L,Turquoise,Winter,2.8,No,Next Day Air,0,0,9,Venmo,Monthly,12,0.0,0.36250000000000004,0.16326530612244897,0.21568627450980393,0.11999999999999988,0.21451200480192076,Low Value
3864,40,Female,Scarf,Accessories,35,New Hampshire,M,Orange,Summer,3.3,No,Free Shipping,0,0,28,Cash,Fortnightly,26,0.0,0.1875,0.5510204081632653,0.49019607843137253,0.32000000000000006,0.4369669867947179,Low Value
3865,55,Female,T-shirt,Clothing,99,Wyoming,S,Blue,Winter,4.9,No,Express,0,0,1,Debit Card,Fortnightly,26,0.0,0.9875,0.0,0.49019607843137253,0.9600000000000002,0.4405588235294118,Low Value
3866,25,Female,Shorts,Clothing,42,Nebraska,M,Olive,Spring,4.2,No,Store Pickup,0,0,28,Cash,Every 3 Months,4,0.0,0.275,0.5510204081632653,0.058823529411764705,0.6800000000000002,0.3610552220888355,Low Value
3867,58,Female,Hat,Accessories,32,Alaska,M,Beige,Winter,3.3,No,2-Day Shipping,0,0,33,Credit Card,Fortnightly,26,0.0,0.15000000000000002,0.6530612244897959,0.49019607843137253,0.32000000000000006,0.47028331332533013,Medium Value
3868,46,Female,Jacket,Outerwear,21,Maryland,L,Lavender,Summer,2.7,No,Standard,0,0,28,Credit Card,Monthly,12,0.0,0.012500000000000011,0.5510204081632653,0.21568627450980393,0.08000000000000007,0.2956140456182473,Low Value
3869,18,Female,Dress,Clothing,29,Maryland,XL,Magenta,Winter,3.3,No,2-Day Shipping,0,0,9,Cash,Annually,1,0.0,0.11250000000000004,0.16326530612244897,0.0,0.32000000000000006,0.11980612244897959,Low Value
3870,26,Female,Coat,Outerwear,64,Arizona,L,Cyan,Spring,3.8,No,Free Shipping,0,0,28,Bank Transfer,Annually,1,0.0,0.55,0.5510204081632653,0.0,0.52,0.3824081632653061,Low Value
3871,61,Female,Sandals,Footwear,46,Ohio,L,Lavender,Fall,3.2,No,Next Day Air,0,0,19,Cash,Every 3 Months,4,0.0,0.32500000000000007,0.36734693877551017,0.058823529411764705,0.28000000000000025,0.2575858343337335,Low Value
3872,55,Female,T-shirt,Clothing,97,Minnesota,M,Black,Fall,4.1,No,2-Day Shipping,0,0,20,Bank Transfer,Every 3 Months,4,0.0,0.9625000000000001,0.38775510204081626,0.058823529411764705,0.6399999999999999,0.42924909963985597,Low Value
3873,41,Female,Jacket,Outerwear,94,New Hampshire,M,Green,Spring,4.3,No,Standard,0,0,3,Cash,Monthly,12,0.0,0.925,0.04081632653061225,0.21568627450980393,0.72,0.3380324129651861,Low Value
3874,42,Female,Sandals,Footwear,43,Louisiana,L,Silver,Summer,4.0,No,Standard,0,0,22,Credit Card,Weekly,52,0.0,0.2875,0.4285714285714285,0.9999999999999999,0.6000000000000001,0.5889285714285714,Medium Value
3875,70,Female,Sweater,Clothing,54,Nevada,XL,Beige,Summer,3.9,No,2-Day Shipping,0,0,33,Credit Card,Bi-Weekly,26,0.0,0.42500000000000004,0.6530612244897959,0.49019607843137253,0.56,0.5492833133253301,Medium Value
3876,63,Female,Hat,Accessories,51,New Hampshire,M,Pink,Winter,3.3,No,2-Day Shipping,0,0,21,Credit Card,Annually,1,0.0,0.38750000000000007,0.4081632653061224,0.0,0.32000000000000006,0.272765306122449,Low Value
3877,60,Female,Shoes,Footwear,85,Wisconsin,S,Cyan,Fall,2.6,No,2-Day Shipping,0,0,7,Cash,Annually,1,0.0,0.8125,0.12244897959183673,0.0,0.040000000000000036,0.2154795918367347,Low Value
3878,28,Female,Hoodie,Clothing,96,Nevada,M,Olive,Spring,4.2,No,Next Day Air,0,0,46,Debit Card,Monthly,12,0.0,0.9500000000000002,0.9183673469387754,0.21568627450980393,0.6800000000000002,0.6900528211284515,Medium Value
3879,60,Female,Hat,Accessories,42,South Carolina,M,Pink,Summer,3.4,No,2-Day Shipping,0,0,24,Credit Card,Annually,1,0.0,0.275,0.4693877551020408,0.0,0.3600000000000001,0.2787551020408164,Low Value
3880,26,Female,Skirt,Clothing,63,Florida,L,Maroon,Winter,4.1,No,Free Shipping,0,0,6,Debit Card,Quarterly,4,0.0,0.5375000000000001,0.10204081632653061,0.058823529411764705,0.6399999999999999,0.22996338535414168,Low Value
3881,42,Female,Shirt,Clothing,20,Massachusetts,M,Red,Winter,3.9,No,Free Shipping,0,0,40,PayPal,Monthly,12,0.0,0.0,0.7959183673469387,0.21568627450980393,0.56,0.43907322929171666,Low Value
3882,56,Female,Scarf,Accessories,25,Georgia,L,Silver,Spring,2.8,No,2-Day Shipping,0,0,17,Debit Card,Weekly,52,0.0,0.0625,0.32653061224489793,0.9999999999999999,0.11999999999999988,0.45511224489795915,Medium Value
3883,35,Female,Pants,Clothing,95,North Dakota,L,Blue,Fall,2.6,No,Free Shipping,0,0,24,Cash,Fortnightly,26,0.0,0.9375,0.4693877551020408,0.49019607843137253,0.040000000000000036,0.526313925570228,Medium Value
3884,34,Female,Hat,Accessories,38,North Dakota,XL,Purple,Fall,4.0,No,Next Day Air,0,0,22,Cash,Fortnightly,26,0.0,0.22500000000000003,0.4285714285714285,0.49019607843137253,0.6000000000000001,0.4234873949579832,Low Value
3885,47,Female,Sandals,Footwear,29,Maryland,M,Brown,Fall,4.9,No,Express,0,0,3,PayPal,Weekly,52,0.0,0.11250000000000004,0.04081632653061225,0.9999999999999999,0.9600000000000002,0.43482653061224485,Low Value
3886,49,Female,Socks,Clothing,64,New Mexico,L,Purple,Winter,3.2,No,Free Shipping,0,0,39,Cash,Quarterly,4,0.0,0.55,0.7755102040816325,0.058823529411764705,0.28000000000000025,0.4658511404561825,Medium Value
3887,37,Female,Jewelry,Accessories,92,Iowa,S,Brown,Summer,3.9,No,Express,0,0,40,Debit Card,Quarterly,4,0.0,0.9000000000000001,0.7959183673469387,0.058823529411764705,0.56,0.572014405762305,Medium Value
3888,40,Female,Shirt,Clothing,34,Kansas,M,Charcoal,Spring,2.7,No,Express,0,0,1,Credit Card,Quarterly,4,0.0,0.17500000000000004,0.0,0.058823529411764705,0.08000000000000007,0.06064705882352943,Low Value
3889,45,Female,Sneakers,Footwear,69,Virginia,M,Violet,Spring,3.4,No,Standard,0,0,14,Venmo,Bi-Weekly,26,0.0,0.6125,0.26530612244897955,0.49019607843137253,0.3600000000000001,0.4116812725090036,Low Value
3890,57,Female,Dress,Clothing,65,Alaska,S,Yellow,Spring,3.5,No,Express,0,0,49,Bank Transfer,Annually,1,0.0,0.5625,0.9795918367346937,0.0,0.40000000000000013,0.5443367346938776,Medium Value
3891,35,Female,Shirt,Clothing,81,Nebraska,XL,Green,Winter,2.6,No,Standard,0,0,33,Debit Card,Annually,1,0.0,0.7625,0.6530612244897959,0.0,0.040000000000000036,0.41772448979591836,Low Value
3892,36,Female,Dress,Clothing,30,Colorado,L,Peach,Winter,4.7,No,Free Shipping,0,0,6,Bank Transfer,Quarterly,4,0.0,0.125,0.10204081632653061,0.058823529411764705,0.8800000000000001,0.17146338535414168,Low Value
3893,35,Female,Jewelry,Accessories,86,Michigan,L,Indigo,Summer,3.5,No,Standard,0,0,5,PayPal,Fortnightly,26,0.0,0.825,0.08163265306122448,0.49019607843137253,0.40000000000000013,0.3847118847539016,Low Value
3894,21,Female,Hat,Accessories,64,Massachusetts,L,White,Fall,3.3,No,Store Pickup,0,0,29,Bank Transfer,Bi-Weekly,26,0.0,0.55,0.5714285714285714,0.49019607843137253,0.32000000000000006,0.5176302521008403,Medium Value
3895,66,Female,Skirt,Clothing,78,Connecticut,L,White,Spring,3.9,No,2-Day Shipping,0,0,44,Credit Card,Every 3 Months,4,0.0,0.7250000000000001,0.8775510204081631,0.058823529411764705,0.56,0.5696674669867947,Medium Value
3896,40,Female,Hoodie,Clothing,28,Virginia,L,Turquoise,Summer,4.2,No,2-Day Shipping,0,0,32,Venmo,Weekly,52,0.0,0.10000000000000003,0.6326530612244897,0.9999999999999999,0.6800000000000002,0.641061224489796,Medium Value
3897,52,Female,Backpack,Accessories,49,Iowa,L,White,Spring,4.5,No,Store Pickup,0,0,41,Bank Transfer,Bi-Weekly,26,0.0,0.36250000000000004,0.8163265306122448,0.49019607843137253,0.8,0.6260894357743096,Medium Value
3898,46,Female,Belt,Accessories,33,New Jersey,L,Green,Spring,2.9,No,Standard,0,0,24,Venmo,Quarterly,4,0.0,0.16250000000000003,0.4693877551020408,0.058823529411764705,0.15999999999999992,0.25390216086434575,Low Value
3899,44,Female,Shoes,Footwear,77,Minnesota,S,Brown,Summer,3.8,No,Express,0,0,24,Venmo,Weekly,52,0.0,0.7125,0.4693877551020408,0.9999999999999999,0.52,0.6822551020408163,Medium Value
3900,52,Female,Handbag,Accessories,81,California,M,Beige,Spring,3.1,No,Store Pickup,0,0,33,Venmo,Quarterly,4,0.0,0.7625,0.6530612244897959,0.058823529411764705,0.2400000000000002,0.45537154861944773,Medium Value
