Customer ID,Age,Gender,Item Purchased,Category,Purchase Amount (USD),Location,Size,Color,Season,Review Rating,Subscription Status,Shipping Type,Discount Applied,Promo Code Used,Previous Purchases,Payment Method,Frequency of Purchases,annual_frequency,promo_dependency,purchase_scaled,previous_scaled,frequency_scaled,review_scaled,loyalty_score,value_tier
1.0,55.0,Male,Blouse,Clothing,53.0,Kentucky,L,Gray,Winter,3.1,Yes,Express,1.0,1.0,14.0,Venmo,Fortnightly,26.0,1.0,0.4125000000000001,0.26530612244897955,0.49019607843137253,0.2400000000000002,0.3596812725090036,Low Value
2.0,19.0,Male,Sweater,Clothing,64.0,Maine,L,Maroon,Winter,3.1,Yes,Express,1.0,1.0,2.0,Cash,Fortnightly,26.0,1.0,0.55,0.02040816326530612,0.49019607843137253,0.2400000000000002,0.28922208883553424,Low Value
3.0,50.0,Male,Jeans,Clothing,73.0,Massachusetts,S,Maroon,Spring,3.1,Yes,Free Shipping,1.0,1.0,23.0,Credit Card,Weekly,52.0,1.0,0.6625000000000001,0.44897959183673464,0.9999999999999999,0.2400000000000002,0.6360918367346938,Medium Value
4.0,21.0,Male,Sandals,Footwear,90.0,Rhode Island,M,Maroon,Spring,3.5,Yes,Next Day Air,1.0,1.0,49.0,PayPal,Weekly,52.0,1.0,0.875,0.9795918367346937,0.9999999999999999,0.40000000000000013,0.9068367346938775,High Value
5.0,45.0,Male,Blouse,Clothing,49.0,Oregon,M,Turquoise,Spring,2.7,Yes,Free Shipping,1.0,1.0,31.0,PayPal,Annually,1.0,1.0,0.36250000000000004,0.6122448979591836,0.0,0.08000000000000007,0.3253979591836734,Low Value
6.0,46.0,Male,Sneakers,Footwear,20.0,Wyoming,M,White,Summer,2.9,Yes,Standard,1.0,1.0,14.0,Venmo,Weekly,52.0,1.0,0.0,0.26530612244897955,0.9999999999999999,0.15999999999999992,0.4221224489795918,Low Value
7.0,63.0,Male,Shirt,Clothing,85.0,Montana,M,Gray,Fall,3.2,Yes,Free Shipping,1.0,1.0,49.0,Cash,Quarterly,4.0,1.0,0.8125,0.9795918367346937,0.058823529411764705,0.28000000000000025,0.5999837935174069,Medium Value
8.0,27.0,Male,Shorts,Clothing,34.0,Louisiana,L,Charcoal,Winter,3.2,Yes,Free Shipping,1.0,1.0,19.0,Credit Card,Weekly,52.0,1.0,0.17500000000000004,0.36734693877551017,0.9999999999999999,0.28000000000000025,0.5099387755102041,Medium Value
9.0,26.0,Male,Coat,Outerwear,97.0,West Virginia,L,Silver,Summer,2.6,Yes,Express,1.0,1.0,8.0,Venmo,Annually,1.0,1.0,0.9625000000000001,0.14285714285714285,0.0,0.040000000000000036,0.25364285714285717,Low Value
10.0,57.0,Male,Handbag,Accessories,31.0,Missouri,M,Pink,Spring,4.8,Yes,2-Day Shipping,1.0,1.0,4.0,Cash,Quarterly,4.0,1.0,0.1375,0.061224489795918366,0.058823529411764705,0.9199999999999999,0.16163685474189676,Low Value
11.0,53.0,Male,Shoes,Footwear,34.0,Arkansas,L,Purple,Fall,4.1,Yes,Store Pickup,1.0,1.0,26.0,Bank Transfer,Bi-Weekly,,1.0,0.17500000000000004,0.510204081632653,,0.6399999999999999,,Low Value
12.0,30.0,Male,Shorts,Clothing,68.0,Hawaii,S,Olive,Winter,4.9,Yes,Store Pickup,1.0,1.0,10.0,Bank Transfer,Fortnightly,26.0,1.0,0.6000000000000001,0.18367346938775508,0.49019607843137253,0.9600000000000002,0.43652821128451386,Low Value
13.0,61.0,Male,Coat,Outerwear,72.0,Delaware,M,Gold,Winter,4.5,Yes,Express,1.0,1.0,37.0,Venmo,Fortnightly,26.0,1.0,0.65,0.7346938775510203,0.49019607843137253,0.8,0.65093637454982,Medium Value
14.0,65.0,Male,Dress,Clothing,51.0,New Hampshire,M,Violet,Spring,4.7,Yes,Express,1.0,1.0,31.0,PayPal,Weekly,52.0,1.0,0.38750000000000007,0.6122448979591836,0.9999999999999999,0.8800000000000001,0.7103979591836733,Medium Value
15.0,64.0,Male,Coat,Outerwear,53.0,New York,L,Teal,Winter,4.7,Yes,Free Shipping,1.0,1.0,34.0,Debit Card,Weekly,52.0,1.0,0.4125000000000001,0.673469387755102,0.9999999999999999,0.8800000000000001,0.7398877551020409,Medium Value
16.0,64.0,Male,Skirt,Clothing,81.0,Rhode Island,M,Teal,Winter,2.8,Yes,Store Pickup,1.0,1.0,8.0,PayPal,Monthly,12.0,1.0,0.7625,0.14285714285714285,0.21568627450980393,0.11999999999999988,0.2863487394957983,Low Value
17.0,25.0,Male,Sunglasses,Accessories,36.0,Alabama,S,Gray,Spring,4.1,Yes,Next Day Air,1.0,1.0,44.0,Debit Card,Bi-Weekly,,1.0,0.2,0.8775510204081631,,0.6399999999999999,,Low Value
18.0,53.0,Male,Dress,Clothing,38.0,Mississippi,XL,Lavender,Winter,4.7,Yes,2-Day Shipping,1.0,1.0,36.0,Venmo,Quarterly,4.0,1.0,0.22500000000000003,0.7142857142857142,0.058823529411764705,0.8800000000000001,0.4363613445378151,Low Value
19.0,52.0,Male,Sweater,Clothing,48.0,Montana,S,Black,Summer,4.6,Yes,Free Shipping,1.0,1.0,17.0,Cash,Weekly,52.0,1.0,0.3500000000000001,0.32653061224489793,0.9999999999999999,0.8399999999999999,0.5846122448979592,Medium Value
20.0,66.0,Male,Pants,Clothing,90.0,Rhode Island,M,Green,Summer,3.3,Yes,Standard,1.0,1.0,46.0,Debit Card,Bi-Weekly,,1.0,0.875,0.9183673469387754,,0.32000000000000006,,Low Value
21.0,21.0,Male,Pants,Clothing,51.0,Louisiana,M,Black,Winter,2.8,Yes,Express,1.0,1.0,50.0,Cash,Every 3 Months,,1.0,0.38750000000000007,1.0,,0.11999999999999988,,Low Value
22.0,31.0,Male,Pants,Clothing,62.0,North Carolina,M,Charcoal,Winter,4.1,Yes,Store Pickup,1.0,1.0,22.0,Debit Card,Quarterly,4.0,1.0,0.525,0.4285714285714285,0.058823529411764705,0.6399999999999999,0.3580756302521008,Low Value
23.0,56.0,Male,Pants,Clothing,37.0,California,M,Peach,Summer,3.2,Yes,Store Pickup,1.0,1.0,32.0,Debit Card,Annually,1.0,1.0,0.21250000000000002,0.6326530612244897,0.0,0.28000000000000025,0.32356122448979596,Low Value
24.0,31.0,Male,Pants,Clothing,88.0,Oklahoma,XL,White,Winter,4.4,Yes,Express,1.0,1.0,40.0,Credit Card,Weekly,52.0,1.0,0.8500000000000001,0.7959183673469387,0.9999999999999999,0.7600000000000002,0.8643673469387755,High Value
25.0,18.0,Male,Jacket,Outerwear,22.0,Florida,M,Green,Fall,2.9,Yes,Store Pickup,1.0,1.0,16.0,Debit Card,Weekly,52.0,1.0,0.025000000000000022,0.3061224489795918,0.9999999999999999,0.15999999999999992,0.44344897959183666,Low Value
26.0,18.0,Male,Hoodie,Clothing,25.0,Texas,M,Silver,Summer,3.6,Yes,Express,1.0,1.0,14.0,PayPal,Annually,1.0,1.0,0.0625,0.26530612244897955,0.0,0.44000000000000017,0.16262244897959185,Low Value
27.0,38.0,Male,Jewelry,Accessories,20.0,Nevada,M,Red,Spring,3.6,Yes,Next Day Air,1.0,1.0,13.0,Credit Card,Annually,1.0,1.0,0.0,0.24489795918367344,0.0,0.44000000000000017,0.1419591836734694,Low Value
28.0,56.0,Male,Shorts,Clothing,56.0,Kentucky,L,Cyan,Summer,5.0,Yes,Next Day Air,1.0,1.0,7.0,Bank Transfer,Every 3 Months,,1.0,0.45000000000000007,0.12244897959183673,,1.0,,Low Value
29.0,54.0,Male,Handbag,Accessories,94.0,North Carolina,M,Gray,Fall,4.4,Yes,Free Shipping,1.0,1.0,41.0,PayPal,Every 3 Months,,1.0,0.925,0.8163265306122448,,0.7600000000000002,,Low Value
30.0,31.0,Male,Dress,Clothing,48.0,Wyoming,S,Black,Fall,4.1,Yes,Store Pickup,1.0,1.0,14.0,Credit Card,Weekly,52.0,1.0,0.3500000000000001,0.26530612244897955,0.9999999999999999,0.6399999999999999,0.5401224489795917,Medium Value
31.0,57.0,Male,Jewelry,Accessories,31.0,North Carolina,L,Black,Winter,4.7,Yes,Standard,1.0,1.0,16.0,Credit Card,Monthly,12.0,1.0,0.1375,0.3061224489795918,0.21568627450980393,0.8800000000000001,0.3026548619447779,Low Value
32.0,33.0,Male,Dress,Clothing,79.0,West Virginia,L,Brown,Winter,4.7,Yes,Store Pickup,1.0,1.0,45.0,Venmo,Monthly,12.0,1.0,0.7375,0.8979591836734693,0.21568627450980393,0.8800000000000001,0.659389555822329,Medium Value
33.0,36.0,Male,Jacket,Outerwear,67.0,Kansas,M,Silver,Summer,4.9,Yes,Free Shipping,1.0,1.0,37.0,Venmo,Annually,1.0,1.0,0.5875,0.7346938775510203,0.0,0.9600000000000002,0.5073775510204082,Medium Value
34.0,54.0,Male,Pants,Clothing,38.0,Colorado,L,Green,Summer,3.3,Yes,Store Pickup,1.0,1.0,45.0,Cash,Quarterly,4.0,1.0,0.22500000000000003,0.8979591836734693,0.058823529411764705,0.32000000000000006,0.45383073229291715,Medium Value
35.0,36.0,Male,T-shirt,Clothing,91.0,North Dakota,L,Violet,Spring,4.6,Yes,2-Day Shipping,1.0,1.0,38.0,PayPal,Quarterly,4.0,1.0,0.8875,0.7551020408163265,0.058823529411764705,0.8399999999999999,0.58118787515006,Medium Value
36.0,54.0,Male,Blouse,Clothing,33.0,Massachusetts,M,Cyan,Summer,4.0,Yes,2-Day Shipping,1.0,1.0,48.0,Credit Card,Bi-Weekly,,1.0,0.16250000000000003,0.9591836734693877,,0.6000000000000001,,Low Value
37.0,35.0,Male,T-shirt,Clothing,69.0,Illinois,M,Maroon,Winter,4.6,Yes,Free Shipping,1.0,1.0,44.0,PayPal,Fortnightly,26.0,1.0,0.6125,0.8775510204081631,0.49019607843137253,0.8399999999999999,0.704579231692677,Medium Value
38.0,35.0,Male,Jeans,Clothing,45.0,Indiana,S,Cyan,Summer,2.8,Yes,Store Pickup,1.0,1.0,10.0,PayPal,Weekly,52.0,1.0,0.3125,0.18367346938775508,0.9999999999999999,0.11999999999999988,0.447969387755102,Low Value
40.0,70.0,Male,Pants,Clothing,60.0,Arizona,S,Turquoise,Summer,4.2,Yes,Express,1.0,1.0,18.0,Credit Card,Monthly,12.0,1.0,0.7000000000000001,0.6122448979591836,0.058823529411764705,0.8399999999999999,0.48654501800720285,Medium Value
41.0,69.0,Male,Handbag,Accessories,76.0,Louisiana,L,Beige,Winter,4.6,Yes,Next Day Air,1.0,1.0,31.0,Debit Card,Quarterly,4.0,1.0,0.23750000000000004,0.7959183673469387,0.0,0.8,0.44586734693877556,Low Value
42.0,67.0,Male,Scarf,Accessories,39.0,Alaska,M,Orange,Spring,4.5,Yes,Standard,1.0,1.0,40.0,Venmo,Annually,1.0,1.0,1.0,0.28571428571428564,0.0,0.6399999999999999,0.3782857142857143,Low Value
43.0,20.0,Male,Coat,Outerwear,100.0,Tennessee,M,Beige,Spring,4.1,Yes,Free Shipping,1.0,1.0,15.0,PayPal,Annually,1.0,1.0,0.6125,0.36734693877551017,0.49019607843137253,0.4800000000000002,0.46449759903961585,Medium Value
44.0,25.0,Male,Scarf,Accessories,69.0,Ohio,L,Lavender,Fall,3.7,Yes,Store Pickup,1.0,1.0,19.0,PayPal,Fortnightly,26.0,1.0,0.4125000000000001,0.8979591836734693,0.9999999999999999,0.8399999999999999,0.8256836734693876,High Value
45.0,39.0,Male,Hat,Accessories,53.0,Kentucky,S,Silver,Summer,4.6,Yes,Free Shipping,1.0,1.0,45.0,PayPal,Weekly,52.0,1.0,0.012500000000000011,0.4897959183673469,0.0,0.15999999999999992,0.21441836734693878,Low Value
46.0,50.0,Male,Socks,Clothing,21.0,Tennessee,XL,Indigo,Fall,2.9,Yes,2-Day Shipping,1.0,1.0,25.0,PayPal,Annually,1.0,1.0,0.2875,0.8979591836734693,0.058823529411764705,0.15999999999999992,0.45033073229291715,Medium Value
47.0,57.0,Male,Shirt,Clothing,43.0,California,L,White,Summer,2.9,Yes,Store Pickup,1.0,1.0,45.0,Cash,Quarterly,4.0,1.0,0.42500000000000004,0.7142857142857142,0.9999999999999999,0.8,0.7507142857142857,High Value
48.0,55.0,Male,Jewelry,Accessories,54.0,Montana,M,Charcoal,Winter,4.5,Yes,Free Shipping,1.0,1.0,36.0,Cash,Weekly,52.0,1.0,0.4375,0.7551020408163265,0.21568627450980393,0.08000000000000007,0.4622466986794718,Medium Value
49.0,42.0,Male,Shirt,Clothing,55.0,Nevada,M,Orange,Summer,2.7,Yes,Store Pickup,1.0,1.0,38.0,Cash,Monthly,12.0,1.0,0.125,0.673469387755102,,0.8399999999999999,,Low Value
50.0,68.0,Male,Hoodie,Clothing,30.0,New Jersey,S,Indigo,Spring,4.6,Yes,Next Day Air,1.0,1.0,34.0,Debit Card,Bi-Weekly,,1.0,0.48750000000000004,0.12244897959183673,0.058823529411764705,0.8800000000000001,0.25212665066026413,Low Value
52.0,59.0,Male,Skirt,Clothing,59.0,Vermont,XL,Gray,Winter,4.7,Yes,2-Day Shipping,1.0,1.0,7.0,Credit Card,Quarterly,4.0,1.0,0.050000000000000044,0.693877551020408,0.9999999999999999,0.56,0.6435510204081631,Medium Value
53.0,42.0,Male,T-shirt,Clothing,20.0,Alaska,M,Green,Summer,2.6,Yes,Free Shipping,1.0,1.0,26.0,Credit Card,Weekly,52.0,1.0,0.925,0.693877551020408,,0.6800000000000002,,Low Value
54.0,29.0,Male,Skirt,Clothing,24.0,Mississippi,S,Peach,Winter,3.9,Yes,Next Day Air,1.0,1.0,35.0,Credit Card,Weekly,52.0,1.0,0.10000000000000003,0.9795918367346937,0.0,0.20000000000000018,0.43183673469387757,Low Value
55.0,47.0,Male,Coat,Outerwear,94.0,New Mexico,M,Brown,Summer,4.2,Yes,Next Day Air,1.0,1.0,35.0,Debit Card,Bi-Weekly,,1.0,0.6625000000000001,0.9183673469387754,0.9999999999999999,0.8800000000000001,0.8878469387755101,High Value
56.0,40.0,Male,Jacket,Outerwear,28.0,South Carolina,M,Lavender,Winter,3.0,Yes,2-Day Shipping,1.0,1.0,49.0,Credit Card,Annually,1.0,1.0,0.55,0.32653061224489793,0.49019607843137253,0.7600000000000002,0.4636710684273709,Medium Value
57.0,41.0,Male,Backpack,Accessories,73.0,Mississippi,XL,Brown,Summer,4.7,Yes,Store Pickup,1.0,1.0,46.0,Credit Card,Weekly,52.0,1.0,0.42500000000000004,0.5714285714285714,0.21568627450980393,0.6800000000000002,0.4462773109243698,Low Value
58.0,21.0,Male,Coat,Outerwear,64.0,West Virginia,M,White,Summer,4.4,Yes,Store Pickup,1.0,1.0,17.0,Debit Card,Fortnightly,26.0,1.0,0.7375,0.061224489795918366,0.9999999999999999,0.8399999999999999,0.5559897959183673,Medium Value
59.0,69.0,Male,Hoodie,Clothing,54.0,Missouri,M,Charcoal,Summer,4.2,Yes,Free Shipping,1.0,1.0,29.0,Venmo,Monthly,12.0,1.0,0.21250000000000002,0.32653061224489793,0.9999999999999999,0.6000000000000001,0.5331122448979592,Medium Value
60.0,63.0,Male,Belt,Accessories,79.0,Louisiana,L,Yellow,Spring,4.6,Yes,Standard,1.0,1.0,4.0,Debit Card,Weekly,52.0,1.0,0.6000000000000001,0.4081632653061224,,0.8800000000000001,,Low Value
61.0,50.0,Male,Sweater,Clothing,37.0,Idaho,L,Brown,Summer,4.0,Yes,Express,1.0,1.0,17.0,Cash,Weekly,52.0,1.0,0.012500000000000011,0.6122448979591836,0.49019607843137253,0.52,0.4464567827130852,Low Value
62.0,55.0,Male,Scarf,Accessories,68.0,Texas,M,Orange,Winter,4.7,Yes,Store Pickup,1.0,1.0,21.0,Credit Card,Every 3 Months,,1.0,0.7375,0.8571428571428571,0.9999999999999999,0.08000000000000007,0.7983571428571428,High Value
63.0,30.0,Male,Sneakers,Footwear,21.0,Mississippi,S,Magenta,Spring,3.8,Yes,Free Shipping,1.0,1.0,31.0,Credit Card,Fortnightly,26.0,1.0,0.7875000000000001,0.346938775510204,0.49019607843137253,0.9199999999999999,0.5353343337334934,Medium Value
64.0,33.0,Male,Sunglasses,Accessories,79.0,Arizona,L,Lavender,Winter,2.7,Yes,2-Day Shipping,1.0,1.0,43.0,Credit Card,Weekly,52.0,1.0,0.2,0.8775510204081631,,0.9199999999999999,,Low Value
65.0,65.0,Male,Boots,Footwear,83.0,Alabama,S,Green,Fall,4.8,Yes,Standard,1.0,1.0,18.0,Debit Card,Fortnightly,26.0,1.0,0.925,0.04081632653061225,,0.8800000000000001,,Low Value
66.0,65.0,Male,Backpack,Accessories,36.0,New Jersey,M,Purple,Spring,4.8,Yes,2-Day Shipping,1.0,1.0,44.0,Venmo,Every 3 Months,,1.0,0.16250000000000003,0.9795918367346937,0.21568627450980393,0.7600000000000002,0.5650426170468188,Medium Value
67.0,31.0,Male,Blouse,Clothing,94.0,Pennsylvania,S,Magenta,Winter,4.7,Yes,2-Day Shipping,1.0,1.0,3.0,Venmo,Every 3 Months,,1.0,0.32500000000000007,0.4081632653061224,,0.56,,Low Value
68.0,45.0,Male,Coat,Outerwear,33.0,Connecticut,L,Gray,Winter,4.4,Yes,Store Pickup,1.0,1.0,49.0,Debit Card,Monthly,12.0,1.0,0.625,0.08163265306122448,0.9999999999999999,0.7600000000000002,0.5336530612244897,Medium Value
69.0,57.0,Male,Handbag,Accessories,46.0,Utah,L,Silver,Summer,3.9,Yes,Next Day Air,1.0,1.0,21.0,Cash,Every 3 Months,,1.0,0.11250000000000004,0.6326530612244897,,0.6800000000000002,,Low Value
70.0,48.0,Male,Belt,Accessories,70.0,Tennessee,S,Cyan,Summer,4.4,Yes,Express,1.0,1.0,5.0,Cash,Weekly,52.0,1.0,0.3500000000000001,0.673469387755102,0.0,0.15999999999999992,0.35538775510204085,Low Value
71.0,22.0,Male,Belt,Accessories,29.0,Alabama,M,Magenta,Fall,4.2,Yes,Express,1.0,1.0,32.0,Debit Card,Every 3 Months,,1.0,0.07500000000000001,0.4081632653061224,,0.15999999999999992,,Low Value
72.0,36.0,Male,Dress,Clothing,48.0,Virginia,L,Gold,Summer,2.9,Yes,Express,1.0,1.0,34.0,Bank Transfer,Annually,1.0,1.0,0.8125,0.8571428571428571,,0.08000000000000007,,Low Value
73.0,18.0,Male,Dress,Clothing,26.0,Georgia,M,Olive,Winter,2.9,Yes,Store Pickup,1.0,1.0,21.0,Bank Transfer,Every 3 Months,,1.0,0.4750000000000001,0.04081632653061225,0.21568627450980393,0.8,0.25603241296518614,Low Value
74.0,48.0,Male,Pants,Clothing,85.0,Hawaii,M,Teal,Spring,2.7,Yes,Free Shipping,1.0,1.0,43.0,Bank Transfer,Bi-Weekly,,1.0,0.8125,0.4081632653061224,0.0,0.08000000000000007,0.333765306122449,Low Value
75.0,49.0,Male,Gloves,Accessories,58.0,Indiana,L,Violet,Spring,4.5,Yes,Express,1.0,1.0,3.0,Cash,Monthly,12.0,1.0,0.2875,0.6326530612244897,0.21568627450980393,0.6800000000000002,0.44326710684273707,Low Value
76.0,64.0,Male,Scarf,Accessories,85.0,Utah,M,Blue,Summer,2.7,Yes,Free Shipping,1.0,1.0,21.0,Credit Card,Annually,1.0,1.0,0.4125000000000001,0.7142857142857142,0.49019607843137253,0.32000000000000006,0.5472731092436975,Medium Value
77.0,50.0,Male,Hat,Accessories,43.0,Delaware,S,Teal,Summer,4.2,Yes,Free Shipping,1.0,1.0,32.0,Venmo,Monthly,12.0,1.0,0.8875,1.0,0.49019607843137253,0.8800000000000001,0.8125588235294119,High Value
78.0,22.0,Male,Dress,Clothing,53.0,Delaware,L,Gold,Summer,3.3,Yes,Next Day Air,1.0,1.0,36.0,Debit Card,Fortnightly,26.0,1.0,0.9500000000000002,0.8571428571428571,,0.040000000000000036,,Low Value
79.0,50.0,Male,Skirt,Clothing,91.0,Nebraska,M,Maroon,Spring,4.7,Yes,Free Shipping,1.0,1.0,50.0,Venmo,Fortnightly,26.0,1.0,0.9500000000000002,0.7142857142857142,,0.040000000000000036,,Low Value
80.0,38.0,Male,Jacket,Outerwear,96.0,Iowa,M,Olive,Winter,2.6,Yes,2-Day Shipping,1.0,1.0,43.0,Bank Transfer,Every 3 Months,,1.0,0.10000000000000003,0.4081632653061224,,0.6000000000000001,,Low Value
82.0,67.0,Male,Shoes,Footwear,96.0,Virginia,L,Maroon,Summer,2.6,Yes,Express,1.0,1.0,36.0,Credit Card,Every 3 Months,,1.0,0.15000000000000002,0.836734693877551,,0.7600000000000002,,Low Value
83.0,19.0,Male,Pants,Clothing,28.0,Georgia,S,Olive,Spring,4.0,Yes,2-Day Shipping,1.0,1.0,21.0,Credit Card,Every 3 Months,,1.0,0.9375,0.02040816326530612,,0.8,,Low Value
84.0,36.0,Male,Dress,Clothing,40.0,Texas,M,Turquoise,Summer,4.1,Yes,Standard,1.0,1.0,34.0,Bank Transfer,Weekly,52.0,1.0,0.26250000000000007,0.9387755102040816,,0.4800000000000002,,Low Value
85.0,52.0,Male,Coat,Outerwear,32.0,Arizona,S,Peach,Spring,4.4,Yes,Standard,1.0,1.0,42.0,Bank Transfer,Every 3 Months,,1.0,0.4125000000000001,0.8775510204081631,0.49019607843137253,0.4800000000000002,0.628579231692677,Medium Value
86.0,53.0,Male,Sunglasses,Accessories,95.0,New Mexico,M,Charcoal,Winter,4.5,Yes,Next Day Air,1.0,1.0,2.0,Debit Card,Bi-Weekly,,1.0,0.3375,0.693877551020408,0.21568627450980393,0.40000000000000013,0.4497569027611044,Low Value
87.0,24.0,Male,Hoodie,Clothing,41.0,Nevada,L,Pink,Spring,3.7,Yes,2-Day Shipping,1.0,1.0,47.0,Cash,Bi-Weekly,,1.0,0.7875000000000001,0.28571428571428564,0.058823529411764705,0.44000000000000017,0.33343277310924374,Low Value
88.0,52.0,Male,Shoes,Footwear,53.0,Ohio,M,Green,Fall,3.7,Yes,2-Day Shipping,1.0,1.0,44.0,Debit Card,Fortnightly,26.0,1.0,0.3500000000000001,0.5714285714285714,0.21568627450980393,0.15999999999999992,0.3792773109243698,Low Value
89.0,33.0,Male,T-shirt,Clothing,47.0,Wyoming,M,Orange,Fall,3.5,Yes,Free Shipping,1.0,1.0,35.0,Credit Card,Monthly,12.0,1.0,0.9875,0.346938775510204,,0.8399999999999999,,Low Value
90.0,47.0,Male,Jacket,Outerwear,83.0,California,XL,Pink,Fall,3.6,Yes,Next Day Air,1.0,1.0,15.0,Cash,Quarterly,4.0,1.0,0.8375000000000001,0.24489795918367344,,0.7600000000000002,,Low Value
91.0,25.0,Male,Hat,Accessories,48.0,South Carolina,L,Violet,Summer,2.9,Yes,Express,1.0,1.0,29.0,Credit Card,Monthly,12.0,1.0,0.525,0.9183673469387754,0.9999999999999999,0.8,0.85234693877551,High Value
92.0,44.0,Male,Scarf,Accessories,99.0,South Carolina,S,Green,Winter,4.6,Yes,Standard,1.0,1.0,18.0,Credit Card,Every 3 Months,,1.0,0.7000000000000001,0.5510204081632653,0.9999999999999999,0.8399999999999999,0.744408163265306,Medium Value
93.0,61.0,Male,Jacket,Outerwear,87.0,Texas,M,Olive,Winter,4.4,Yes,2-Day Shipping,1.0,1.0,13.0,Venmo,Every 3 Months,,1.0,1.0,0.9591836734693877,0.21568627450980393,0.52,0.7003793517406963,Medium Value
94.0,37.0,Male,Sweater,Clothing,62.0,Florida,M,Purple,Fall,4.5,Yes,Standard,1.0,1.0,46.0,Credit Card,Weekly,52.0,1.0,0.9000000000000001,0.7346938775510203,0.0,0.9199999999999999,0.5658775510204082,Medium Value
95.0,58.0,Male,Skirt,Clothing,76.0,Nevada,S,Silver,Spring,4.6,Yes,Free Shipping,1.0,1.0,28.0,Credit Card,Weekly,52.0,1.0,0.5875,0.38775510204081626,0.0,0.040000000000000036,0.2766020408163265,Low Value
96.0,37.0,Male,Sneakers,Footwear,100.0,Missouri,L,Pink,Fall,3.8,Yes,Free Shipping,1.0,1.0,48.0,PayPal,Monthly,12.0,1.0,0.25,0.6530612244897959,0.058823529411764705,0.4800000000000002,0.37687154861944777,Low Value
98.0,21.0,Male,Shoes,Footwear,92.0,Virginia,M,Teal,Winter,4.8,Yes,Store Pickup,1.0,1.0,37.0,Cash,Annually,1.0,1.0,0.8125,1.0,,0.8399999999999999,,Low Value
99.0,20.0,Male,Jeans,Clothing,67.0,New York,XL,Teal,Spring,2.6,Yes,Next Day Air,1.0,1.0,20.0,Bank Transfer,Annually,1.0,1.0,0.5875,0.693877551020408,0.058823529411764705,0.9199999999999999,0.5046980792316926,Medium Value
100.0,26.0,Male,Hoodie,Clothing,40.0,Missouri,XL,Indigo,Summer,3.7,Yes,Express,1.0,1.0,33.0,Debit Card,Quarterly,4.0,1.0,0.8625,0.4285714285714285,,0.6000000000000001,,Low Value
101.0,62.0,Male,Sunglasses,Accessories,98.0,South Dakota,M,Maroon,Fall,2.7,Yes,Express,1.0,1.0,31.0,Cash,Fortnightly,26.0,1.0,0.050000000000000044,0.0,0.21568627450980393,0.7600000000000002,0.15070588235294122,Low Value
102.0,27.0,Male,Coat,Outerwear,85.0,North Dakota,XL,White,Spring,4.6,Yes,Express,1.0,1.0,50.0,Credit Card,Bi-Weekly,,1.0,0.9500000000000002,0.061224489795918366,0.0,0.44000000000000017,0.25848979591836746,Low Value
103.0,51.0,Male,Socks,Clothing,67.0,Oklahoma,L,Violet,Winter,4.8,Yes,Next Day Air,1.0,1.0,35.0,Credit Card,Quarterly,4.0,1.0,0.1875,0.6122448979591836,0.21568627450980393,0.4800000000000002,0.3951038415366147,Low Value
104.0,54.0,Male,Boots,Footwear,89.0,West Virginia,L,Red,Winter,4.0,Yes,Next Day Air,1.0,1.0,22.0,Venmo,Bi-Weekly,,1.0,0.5875,0.9183673469387754,0.49019607843137253,0.2400000000000002,0.6559057623049219,Medium Value
105.0,55.0,Male,Sunglasses,Accessories,24.0,New Hampshire,L,Pink,Spring,4.4,Yes,2-Day Shipping,1.0,1.0,1.0,PayPal,Monthly,12.0,1.0,0.7375,0.6326530612244897,,0.3600000000000001,,Low Value
106.0,69.0,Male,Backpack,Accessories,96.0,New York,M,Charcoal,Fall,3.6,Yes,Next Day Air,1.0,1.0,4.0,Bank Transfer,Annually,1.0,1.0,0.8125,0.8571428571428571,0.49019607843137253,0.040000000000000036,0.6564159663865546,Medium Value
107.0,64.0,Male,Jacket,Outerwear,35.0,Minnesota,L,White,Summer,3.7,Yes,Standard,1.0,1.0,31.0,Credit Card,Monthly,12.0,1.0,0.07500000000000001,0.510204081632653,0.49019607843137253,0.6000000000000001,0.4261404561824729,Low Value
108.0,28.0,Male,Sneakers,Footwear,67.0,Maryland,L,Olive,Winter,3.1,Yes,Next Day Air,1.0,1.0,46.0,PayPal,Fortnightly,26.0,1.0,0.6875,0.16326530612244897,0.0,1.0,0.30280612244897964,Low Value
109.0,70.0,Male,Socks,Clothing,79.0,Montana,L,Purple,Spring,3.4,Yes,Next Day Air,1.0,1.0,32.0,Bank Transfer,Bi-Weekly,,1.0,0.5625,0.5510204081632653,,0.72,,Low Value
110.0,58.0,Male,T-shirt,Clothing,85.0,Alabama,M,Violet,Spring,2.6,Yes,Next Day Air,1.0,1.0,43.0,Bank Transfer,Fortnightly,26.0,1.0,0.42500000000000004,0.38775510204081626,0.058823529411764705,0.2400000000000002,0.28174909963985595,Low Value
111.0,56.0,Male,Backpack,Accessories,26.0,New York,M,Black,Summer,4.0,Yes,Standard,1.0,1.0,26.0,Venmo,Fortnightly,26.0,1.0,0.9375,0.16326530612244897,0.9999999999999999,0.4800000000000002,0.6008061224489796,Medium Value
112.0,26.0,Male,Belt,Accessories,75.0,Massachusetts,L,Purple,Summer,5.0,Yes,Free Shipping,1.0,1.0,9.0,Credit Card,Annually,1.0,1.0,0.925,0.9591836734693877,,0.52,,Low Value
113.0,37.0,Male,Gloves,Accessories,65.0,Florida,M,Red,Spring,4.3,Yes,Free Shipping,1.0,1.0,28.0,PayPal,Bi-Weekly,,1.0,0.825,0.22448979591836735,0.0,0.3600000000000001,0.290795918367347,Low Value
114.0,44.0,Male,Hat,Accessories,54.0,New Jersey,L,Maroon,Winter,3.1,Yes,Next Day Air,1.0,1.0,20.0,PayPal,Quarterly,4.0,1.0,0.15000000000000002,0.5714285714285714,0.49019607843137253,0.8399999999999999,0.4896302521008403,Medium Value
115.0,70.0,Male,Coat,Outerwear,95.0,Massachusetts,S,Blue,Summer,3.7,Yes,Store Pickup,1.0,1.0,9.0,Cash,Weekly,52.0,1.0,0.3125,0.5306122448979591,,0.9199999999999999,,Low Value
116.0,53.0,Male,Skirt,Clothing,94.0,Wyoming,M,Gray,Spring,3.8,Yes,Standard,1.0,1.0,48.0,Debit Card,Every 3 Months,,1.0,0.7000000000000001,0.8775510204081631,0.0,0.72,0.5630204081632653,Medium Value
117.0,55.0,Male,Shoes,Footwear,86.0,Virginia,S,Blue,Spring,3.4,Yes,Free Shipping,1.0,1.0,12.0,Venmo,Annually,1.0,1.0,0.8,0.6326530612244897,0.0,0.6000000000000001,0.47306122448979593,Medium Value
118.0,50.0,Male,Sandals,Footwear,32.0,South Dakota,L,Yellow,Summer,4.6,Yes,Express,1.0,1.0,29.0,Cash,Fortnightly,26.0,1.0,0.65,0.2040816326530612,0.49019607843137253,0.6800000000000002,0.4266914765906362,Low Value
119.0,50.0,Male,Sweater,Clothing,45.0,Kentucky,L,Orange,Fall,4.8,Yes,2-Day Shipping,1.0,1.0,27.0,Cash,Bi-Weekly,,1.0,0.25,0.8775510204081631,0.49019607843137253,0.9199999999999999,0.640079231692677,Medium Value
120.0,38.0,Male,Coat,Outerwear,76.0,Wyoming,M,Orange,Fall,4.3,Yes,Express,1.0,1.0,44.0,Cash,Annually,1.0,1.0,0.8625,0.9183673469387754,0.9999999999999999,0.2400000000000002,0.8638469387755101,High Value
121.0,64.0,Male,Hat,Accessories,84.0,West Virginia,L,Red,Summer,4.0,Yes,Express,1.0,1.0,32.0,Bank Transfer,Annually,1.0,1.0,0.825,1.0,0.0,0.2400000000000002,0.5890000000000001,Medium Value
122.0,19.0,Male,Shorts,Clothing,72.0,Virginia,M,Olive,Winter,4.2,Yes,Standard,1.0,1.0,11.0,Cash,Fortnightly,26.0,1.0,0.42500000000000004,0.8979591836734693,,0.44000000000000017,,Low Value
123.0,40.0,Male,Backpack,Accessories,40.0,Washington,L,Brown,Spring,4.8,Yes,2-Day Shipping,1.0,1.0,44.0,Cash,Fortnightly,26.0,1.0,0.2,0.9591836734693877,,0.56,,Low Value
124.0,57.0,Male,Sweater,Clothing,89.0,Louisiana,L,Brown,Fall,3.1,Yes,Free Shipping,1.0,1.0,46.0,Cash,Weekly,52.0,1.0,0.8625,0.510204081632653,0.9999999999999999,0.9199999999999999,0.7685816326530611,High Value
125.0,44.0,Male,Sweater,Clothing,86.0,Nevada,M,Gray,Spring,3.1,Yes,Next Day Air,1.0,1.0,50.0,PayPal,Annually,1.0,1.0,0.15000000000000002,0.4081632653061224,0.49019607843137253,0.8800000000000001,0.4283241296518608,Low Value
126.0,49.0,Male,Shorts,Clothing,54.0,California,M,Indigo,Winter,3.6,Yes,Next Day Air,1.0,1.0,45.0,Venmo,Every 3 Months,,1.0,0.5875,0.9795918367346937,,0.6800000000000002,,Low Value
127.0,43.0,Male,Shorts,Clothing,36.0,Mississippi,L,Pink,Spring,3.9,Yes,Store Pickup,1.0,1.0,48.0,Cash,Every 3 Months,,1.0,0.23750000000000004,0.24489795918367344,0.49019607843137253,0.4800000000000002,0.34051800720288117,Low Value
128.0,24.0,Male,Sweater,Clothing,89.0,Mississippi,M,Gray,Winter,4.8,Yes,Next Day Air,1.0,1.0,26.0,Credit Card,Weekly,52.0,1.0,0.11250000000000004,0.9183673469387754,0.9999999999999999,0.56,0.7458469387755101,Medium Value
129.0,20.0,Male,Scarf,Accessories,32.0,California,M,Gold,Spring,4.7,Yes,Standard,1.0,1.0,21.0,Credit Card,Fortnightly,26.0,1.0,0.4750000000000001,0.836734693877551,0.9999999999999999,0.8800000000000001,0.8176938775510205,High Value
130.0,24.0,Male,Dress,Clothing,67.0,Pennsylvania,XL,Olive,Summer,4.2,Yes,2-Day Shipping,1.0,1.0,49.0,PayPal,Bi-Weekly,,1.0,0.5625,0.4897959183673469,0.0,0.0,0.3084183673469388,Low Value
131.0,44.0,Male,Scarf,Accessories,39.0,Kentucky,L,Violet,Fall,3.7,Yes,Next Day Air,1.0,1.0,13.0,PayPal,Fortnightly,26.0,1.0,0.925,0.4897959183673469,0.21568627450980393,0.9600000000000002,0.54162424969988,Medium Value
132.0,28.0,Male,Skirt,Clothing,29.0,Maine,L,Indigo,Summer,3.9,Yes,Standard,1.0,1.0,46.0,Credit Card,Weekly,52.0,1.0,0.7625,0.22448979591836735,0.058823529411764705,0.6399999999999999,0.32394297719087634,Low Value
133.0,30.0,Male,Backpack,Accessories,58.0,New Mexico,M,Orange,Fall,4.7,Yes,2-Day Shipping,1.0,1.0,42.0,PayPal,Weekly,52.0,1.0,0.825,0.061224489795918366,0.058823529411764705,0.32000000000000006,0.23913685474189678,Low Value
134.0,52.0,Male,Sweater,Clothing,65.0,Montana,M,Violet,Winter,2.5,Yes,Next Day Air,1.0,1.0,25.0,Venmo,Annually,1.0,1.0,0.2875,0.7551020408163265,0.9999999999999999,0.8800000000000001,0.7475408163265305,Medium Value
135.0,43.0,Male,Hat,Accessories,94.0,Texas,L,Gray,Fall,4.9,Yes,Store Pickup,1.0,1.0,25.0,Cash,Monthly,12.0,1.0,0.11250000000000004,0.836734693877551,0.9999999999999999,0.7600000000000002,0.7331938775510204,Medium Value
136.0,43.0,Male,Sandals,Footwear,81.0,Kansas,M,Purple,Fall,4.1,Yes,Express,1.0,1.0,12.0,PayPal,Quarterly,4.0,1.0,0.9375,0.5918367346938774,0.0,0.52,0.47623469387755096,Medium Value
137.0,39.0,Male,Blouse,Clothing,86.0,South Carolina,M,White,Winter,3.3,Yes,Free Shipping,1.0,1.0,4.0,Debit Card,Quarterly,4.0,1.0,0.10000000000000003,1.0,0.9999999999999999,0.56,0.776,High Value
138.0,68.0,Male,Sneakers,Footwear,43.0,Colorado,M,Turquoise,Spring,4.7,Yes,Free Shipping,1.0,1.0,38.0,PayPal,Weekly,52.0,1.0,0.32500000000000007,0.8979591836734693,0.9999999999999999,0.9600000000000002,0.8201836734693877,High Value
139.0,68.0,Male,Skirt,Clothing,29.0,Georgia,M,Maroon,Winter,4.4,Yes,Store Pickup,1.0,1.0,42.0,Bank Transfer,Weekly,52.0,1.0,0.4750000000000001,0.6530612244897959,0.49019607843137253,0.2400000000000002,0.5272833133253301,Medium Value
140.0,49.0,Male,Coat,Outerwear,95.0,Florida,M,White,Fall,3.8,Yes,Store Pickup,1.0,1.0,30.0,Venmo,Annually,1.0,1.0,0.3500000000000001,0.4897959183673469,0.058823529411764705,0.08000000000000007,0.2915654261704682,Low Value
141.0,63.0,Male,Shirt,Clothing,28.0,North Carolina,L,Yellow,Fall,3.9,Yes,2-Day Shipping,1.0,1.0,50.0,Credit Card,Weekly,52.0,1.0,0.2875,0.4897959183673469,0.21568627450980393,0.28000000000000025,0.34612424969988,Low Value
142.0,56.0,Male,Gloves,Accessories,46.0,Virginia,M,Turquoise,Fall,4.9,Yes,Free Shipping,1.0,1.0,45.0,PayPal,Weekly,52.0,1.0,0.9375,0.8775510204081631,0.058823529411764705,0.8,0.6361674669867947,Medium Value
143.0,37.0,Male,Jacket,Outerwear,58.0,Nebraska,L,Violet,Fall,3.1,Yes,Free Shipping,1.0,1.0,33.0,Credit Card,Fortnightly,26.0,1.0,0.125,0.4081632653061224,0.49019607843137253,0.6000000000000001,0.39532412965186076,Low Value
144.0,30.0,Male,Coat,Outerwear,48.0,Missouri,M,Beige,Fall,2.7,Yes,Store Pickup,1.0,1.0,25.0,PayPal,Quarterly,4.0,1.0,0.55,0.6122448979591836,0.49019607843137253,0.40000000000000013,0.5419567827130852,Medium Value
145.0,19.0,Male,Shoes,Footwear,43.0,New Jersey,M,Silver,Fall,3.2,Yes,Express,1.0,1.0,25.0,Cash,Monthly,12.0,1.0,0.875,0.9387755102040816,0.0,0.040000000000000036,0.5545102040816327,Medium Value
146.0,24.0,Male,Jewelry,Accessories,95.0,Missouri,M,Teal,Fall,4.5,Yes,Standard,1.0,1.0,44.0,Debit Card,Quarterly,4.0,1.0,0.7000000000000001,0.26530612244897955,0.21568627450980393,0.28000000000000025,0.33882833133253304,Low Value
147.0,52.0,Male,Skirt,Clothing,30.0,Colorado,S,Black,Fall,4.0,Yes,Standard,1.0,1.0,21.0,Venmo,Fortnightly,26.0,1.0,0.9500000000000002,0.32653061224489793,,0.9600000000000002,,Low Value
148.0,63.0,Male,Shoes,Footwear,64.0,Idaho,M,Purple,Summer,3.5,Yes,2-Day Shipping,1.0,1.0,31.0,Bank Transfer,Fortnightly,26.0,1.0,0.3375,0.04081632653061225,0.0,0.8,0.16382653061224492,Low Value
149.0,37.0,Male,Gloves,Accessories,90.0,Wyoming,M,Gray,Fall,2.6,Yes,Store Pickup,1.0,1.0,47.0,Debit Card,Annually,1.0,1.0,0.8125,0.836734693877551,0.0,0.72,0.5691938775510204,Medium Value
150.0,38.0,Male,Pants,Clothing,76.0,Delaware,M,White,Summer,3.2,Yes,Free Shipping,1.0,1.0,14.0,PayPal,Monthly,12.0,1.0,0.4375,0.4285714285714285,0.0,0.28000000000000025,0.2869285714285714,Low Value
151.0,35.0,Male,Boots,Footwear,96.0,California,L,Cyan,Fall,4.9,Yes,Standard,1.0,1.0,17.0,Debit Card,Every 3 Months,,1.0,0.9750000000000001,0.4081632653061224,0.058823529411764705,0.44000000000000017,0.41991236494597844,Low Value
152.0,28.0,Male,Sunglasses,Accessories,47.0,North Dakota,L,Turquoise,Fall,4.5,Yes,Next Day Air,1.0,1.0,3.0,Venmo,Annually,1.0,1.0,0.7125,0.4081632653061224,0.058823529411764705,0.72,0.39541236494597837,Low Value
153.0,30.0,Male,Shirt,Clothing,85.0,South Carolina,S,Brown,Summer,4.3,Yes,Express,1.0,1.0,42.0,Venmo,Annually,1.0,1.0,0.07500000000000001,0.7959183673469387,0.0,0.6000000000000001,0.3933673469387755,Low Value
154.0,69.0,Male,Hoodie,Clothing,55.0,North Carolina,M,Maroon,Winter,3.2,Yes,Standard,1.0,1.0,22.0,Debit Card,Annually,1.0,1.0,0.6000000000000001,0.0,0.49019607843137253,0.20000000000000018,0.2870588235294118,Low Value
155.0,41.0,Male,Dress,Clothing,98.0,Oklahoma,M,Charcoal,Fall,3.6,Yes,Next Day Air,1.0,1.0,21.0,Venmo,Quarterly,4.0,1.0,0.6625000000000001,1.0,0.21568627450980393,0.6399999999999999,0.6612058823529412,Medium Value
156.0,63.0,Male,Socks,Clothing,77.0,Maine,S,Olive,Spring,4.3,Yes,Free Shipping,1.0,1.0,21.0,Bank Transfer,Quarterly,4.0,1.0,0.08750000000000002,0.7755102040816325,,0.52,,Low Value
157.0,35.0,Male,Shorts,Clothing,26.0,Missouri,M,Lavender,Fall,4.0,Yes,Standard,1.0,1.0,40.0,Debit Card,Annually,1.0,1.0,0.03750000000000003,0.673469387755102,0.21568627450980393,0.8399999999999999,0.425593637454982,Low Value
158.0,36.0,Male,Hat,Accessories,68.0,Vermont,S,Yellow,Fall,3.0,Yes,Next Day Air,1.0,1.0,1.0,Bank Transfer,Fortnightly,26.0,1.0,0.36250000000000004,0.5714285714285714,0.49019607843137253,0.20000000000000018,0.46813025210084036,Medium Value
159.0,25.0,Male,Shirt,Clothing,73.0,Connecticut,XL,Teal,Fall,4.1,Yes,Standard,1.0,1.0,50.0,Bank Transfer,Monthly,12.0,1.0,0.675,0.6122448979591836,,0.20000000000000018,,Low Value
160.0,58.0,Male,Gloves,Accessories,27.0,New Hampshire,M,Charcoal,Fall,3.8,Yes,Store Pickup,1.0,1.0,39.0,Bank Transfer,Every 3 Months,,1.0,0.5875,0.14285714285714285,0.9999999999999999,0.3600000000000001,0.5106428571428571,Medium Value
161.0,27.0,Male,Gloves,Accessories,23.0,Texas,M,Orange,Summer,4.6,Yes,Free Shipping,1.0,1.0,34.0,Venmo,Monthly,12.0,1.0,0.5625,0.08163265306122448,0.49019607843137253,0.040000000000000036,0.29621188475390153,Low Value
162.0,65.0,Male,Backpack,Accessories,49.0,North Dakota,M,Olive,Fall,3.0,Yes,Express,1.0,1.0,29.0,Venmo,Fortnightly,26.0,1.0,0.5,0.12244897959183673,0.21568627450980393,0.11999999999999988,0.22568547418967586,Low Value
163.0,54.0,Male,Sunglasses,Accessories,74.0,California,M,Turquoise,Summer,3.0,Yes,Store Pickup,1.0,1.0,31.0,PayPal,Bi-Weekly,,1.0,0.1375,0.5918367346938774,0.21568627450980393,0.6000000000000001,0.38894057623049216,Low Value
164.0,54.0,Male,Skirt,Clothing,67.0,Virginia,M,Purple,Summer,3.4,Yes,Standard,1.0,1.0,8.0,Debit Card,Weekly,52.0,1.0,0.08750000000000002,0.26530612244897955,,0.6000000000000001,,Low Value
165.0,59.0,Male,Handbag,Accessories,65.0,Delaware,S,Purple,Spring,2.6,Yes,Free Shipping,1.0,1.0,5.0,Credit Card,Fortnightly,26.0,1.0,0.75,0.08163265306122448,0.49019607843137253,0.20000000000000018,0.3497118847539016,Low Value
166.0,42.0,Male,Handbag,Accessories,60.0,Kentucky,S,Yellow,Winter,2.8,Yes,Store Pickup,1.0,1.0,7.0,Cash,Monthly,12.0,1.0,0.125,0.04081632653061225,,0.32000000000000006,,Low Value
167.0,46.0,Male,Sneakers,Footwear,31.0,Delaware,XL,Indigo,Fall,4.0,Yes,Store Pickup,1.0,1.0,30.0,Cash,Monthly,12.0,1.0,0.0625,0.9183673469387754,,0.040000000000000036,,Low Value
168.0,33.0,Male,Gloves,Accessories,27.0,Arkansas,M,Green,Fall,4.0,Yes,Express,1.0,1.0,14.0,Credit Card,Every 3 Months,,1.0,0.1875,0.061224489795918366,0.9999999999999999,0.44000000000000017,0.40598979591836737,Low Value
169.0,34.0,Male,Shoes,Footwear,80.0,Louisiana,M,Magenta,Summer,3.0,Yes,Express,1.0,1.0,5.0,Cash,Fortnightly,26.0,1.0,0.5875,0.836734693877551,,0.56,,Low Value
170.0,27.0,Male,Jacket,Outerwear,30.0,Nevada,S,Gold,Summer,3.3,Yes,Standard,1.0,1.0,3.0,PayPal,Every 3 Months,,1.0,0.32500000000000007,0.5918367346938774,0.0,0.3600000000000001,0.337734693877551,Low Value
171.0,52.0,Male,Shirt,Clothing,25.0,Wyoming,M,Maroon,Fall,2.6,Yes,Store Pickup,1.0,1.0,46.0,Venmo,Bi-Weekly,,1.0,0.1875,0.7346938775510203,0.0,0.40000000000000013,0.37137755102040815,Low Value
172.0,29.0,Male,Shorts,Clothing,35.0,Virginia,M,Blue,Summer,3.6,Yes,Store Pickup,1.0,1.0,4.0,Credit Card,Weekly,52.0,1.0,0.825,0.02040816326530612,0.0,0.11999999999999988,0.18516326530612243,Low Value
173.0,54.0,Male,Jewelry,Accessories,67.0,Nebraska,M,Violet,Summer,3.9,Yes,Next Day Air,1.0,1.0,42.0,Credit Card,Bi-Weekly,,1.0,0.7625,0.5918367346938774,0.058823529411764705,0.08000000000000007,0.4148817527010804,Low Value
174.0,25.0,Male,Hat,Accessories,46.0,Hawaii,M,Turquoise,Fall,3.4,Yes,Standard,1.0,1.0,30.0,Cash,Annually,1.0,1.0,0.275,0.9387755102040816,0.21568627450980393,0.4800000000000002,0.5432160864345739,Medium Value
175.0,41.0,Male,Shoes,Footwear,35.0,Vermont,L,Brown,Winter,3.5,Yes,Express,1.0,1.0,37.0,Venmo,Annually,1.0,1.0,0.2875,0.4081632653061224,0.058823529411764705,0.72,0.31041236494597835,Low Value
176.0,53.0,Male,Coat,Outerwear,86.0,Oklahoma,L,Violet,Fall,2.8,Yes,Next Day Air,1.0,1.0,2.0,Bank Transfer,Annually,1.0,1.0,0.1375,0.16326530612244897,0.49019607843137253,0.9600000000000002,0.33586494597839134,Low Value
177.0,53.0,Male,Backpack,Accessories,81.0,New Hampshire,L,Black,Spring,2.7,Yes,Next Day Air,1.0,1.0,30.0,Credit Card,Quarterly,4.0,1.0,0.7625,0.22448979591836735,0.49019607843137253,0.32000000000000006,0.4213547418967587,Low Value
178.0,21.0,Male,Hoodie,Clothing,42.0,Kansas,L,Magenta,Fall,3.7,Yes,Next Day Air,1.0,1.0,47.0,Bank Transfer,Monthly,12.0,1.0,0.5125000000000001,0.061224489795918366,0.9999999999999999,0.8800000000000001,0.5149897959183674,Medium Value
179.0,61.0,Male,Skirt,Clothing,43.0,Idaho,L,Lavender,Fall,4.3,Yes,2-Day Shipping,1.0,1.0,21.0,PayPal,Quarterly,4.0,1.0,0.9500000000000002,0.18367346938775508,0.0,0.11999999999999988,0.2754693877551021,Low Value
180.0,64.0,Male,Boots,Footwear,31.0,Illinois,M,Violet,Fall,4.9,Yes,Store Pickup,1.0,1.0,9.0,Bank Transfer,Fortnightly,26.0,1.0,0.11250000000000004,0.510204081632653,0.9999999999999999,0.44000000000000017,0.5705816326530612,Medium Value
181.0,51.0,Male,Sandals,Footwear,81.0,South Dakota,L,Green,Fall,3.3,Yes,Store Pickup,1.0,1.0,12.0,Debit Card,Fortnightly,26.0,1.0,0.16250000000000003,0.7959183673469387,0.49019607843137253,0.20000000000000018,0.5179261704681872,Medium Value
182.0,32.0,Male,Pants,Clothing,61.0,Massachusetts,M,Beige,Summer,4.7,Yes,Next Day Air,1.0,1.0,4.0,Bank Transfer,Weekly,52.0,1.0,0.15000000000000002,0.673469387755102,0.49019607843137253,0.8,0.5264465786314526,Medium Value
183.0,38.0,Male,Gloves,Accessories,96.0,Alabama,XL,Purple,Summer,2.8,Yes,Store Pickup,1.0,1.0,10.0,Debit Card,Annually,1.0,1.0,0.45000000000000007,0.6122448979591836,0.0,0.15999999999999992,0.3508979591836735,Low Value
184.0,58.0,Male,Skirt,Clothing,29.0,Ohio,XL,Beige,Spring,3.6,Yes,2-Day Shipping,1.0,1.0,26.0,Credit Card,Weekly,52.0,1.0,0.925,0.0,,0.32000000000000006,,Low Value
185.0,32.0,Male,Sneakers,Footwear,33.0,Hawaii,L,Cyan,Spring,3.0,Yes,Express,1.0,1.0,40.0,Cash,Fortnightly,26.0,1.0,0.4125000000000001,0.08163265306122448,,0.2400000000000002,,Low Value
186.0,46.0,Male,T-shirt,Clothing,32.0,Wisconsin,XL,Silver,Summer,4.5,Yes,Store Pickup,1.0,1.0,34.0,Bank Transfer,Fortnightly,26.0,1.0,0.7750000000000001,0.061224489795918366,0.9999999999999999,0.7600000000000002,0.5554897959183673,Medium Value
187.0,39.0,Male,Backpack,Accessories,56.0,Minnesota,S,Lavender,Summer,2.9,Yes,Standard,1.0,1.0,31.0,Debit Card,Annually,1.0,1.0,0.625,0.9591836734693877,0.058823529411764705,0.20000000000000018,0.5463205282112845,Medium Value
188.0,19.0,Male,Shoes,Footwear,94.0,Georgia,S,Purple,Spring,3.3,Yes,Store Pickup,1.0,1.0,1.0,Bank Transfer,Bi-Weekly,,1.0,0.7000000000000001,0.5714285714285714,,0.56,,Low Value
189.0,50.0,Male,Hoodie,Clothing,53.0,Arkansas,M,Pink,Spring,3.1,Yes,Express,1.0,1.0,5.0,Bank Transfer,Bi-Weekly,,1.0,0.11250000000000004,0.22448979591836735,,0.15999999999999992,,Low Value
190.0,36.0,Male,Blouse,Clothing,82.0,West Virginia,M,Maroon,Fall,4.4,Yes,Next Day Air,1.0,1.0,4.0,Credit Card,Weekly,52.0,1.0,1.0,0.5714285714285714,0.0,0.20000000000000018,0.4485714285714286,Low Value
191.0,65.0,Male,Coat,Outerwear,70.0,Indiana,XL,Beige,Fall,3.0,Yes,Free Shipping,1.0,1.0,48.0,Venmo,Quarterly,4.0,1.0,0.925,0.28571428571428564,0.058823529411764705,0.2400000000000002,0.34093277310924375,Low Value
192.0,64.0,Male,Hat,Accessories,76.0,Utah,M,Gray,Fall,3.9,Yes,Free Shipping,1.0,1.0,29.0,Cash,Every 3 Months,,1.0,0.0625,0.673469387755102,0.21568627450980393,0.72,0.418593637454982,Low Value
193.0,46.0,Male,Shoes,Footwear,29.0,Nebraska,L,Turquoise,Summer,2.9,Yes,Express,1.0,1.0,12.0,PayPal,Bi-Weekly,,1.0,0.8500000000000001,0.8163265306122448,0.49019607843137253,0.56,0.6995894357743098,Medium Value
194.0,36.0,Male,Belt,Accessories,100.0,North Dakota,S,Silver,Fall,3.0,Yes,Standard,1.0,1.0,29.0,Venmo,Annually,1.0,1.0,0.7250000000000001,0.8163265306122448,0.21568627450980393,0.28000000000000025,0.5642364945978391,Medium Value
195.0,51.0,Male,Backpack,Accessories,94.0,Missouri,M,Olive,Spring,3.1,Yes,Express,1.0,1.0,15.0,Debit Card,Quarterly,4.0,1.0,0.3125,0.7755102040816325,0.49019607843137253,0.9199999999999999,0.6117629051620647,Medium Value
196.0,51.0,Male,Jacket,Outerwear,25.0,New York,M,Magenta,Fall,4.3,Yes,Free Shipping,1.0,1.0,34.0,Credit Card,Monthly,12.0,1.0,0.6625000000000001,0.6326530612244897,0.9999999999999999,0.52,0.737561224489796,Medium Value
197.0,38.0,Male,Boots,Footwear,88.0,Washington,M,Lavender,Summer,3.9,Yes,Next Day Air,1.0,1.0,41.0,Credit Card,Fortnightly,26.0,1.0,0.5125000000000001,0.5714285714285714,0.21568627450980393,0.32000000000000006,0.4277773109243698,Low Value
198.0,59.0,Male,Scarf,Accessories,78.0,South Carolina,M,Black,Fall,3.2,Yes,2-Day Shipping,1.0,1.0,41.0,Credit Card,Monthly,12.0,1.0,0.025000000000000022,0.28571428571428564,0.0,0.72,0.19128571428571428,Low Value
199.0,57.0,Male,Jewelry,Accessories,45.0,Utah,M,Turquoise,Winter,4.8,Yes,Standard,1.0,1.0,39.0,Credit Card,Fortnightly,26.0,1.0,0.22500000000000003,0.6530612244897959,0.0,0.08000000000000007,0.3142244897959183,Low Value
200.0,54.0,Male,Hat,Accessories,73.0,Idaho,XL,Green,Summer,3.8,Yes,Express,1.0,1.0,32.0,Cash,Weekly,52.0,1.0,0.22500000000000003,0.346938775510204,0.9999999999999999,0.28000000000000025,0.5117755102040816,Medium Value
201.0,25.0,Male,Dress,Clothing,61.0,Pennsylvania,S,Teal,Summer,3.3,Yes,Next Day Air,1.0,1.0,29.0,Venmo,Monthly,12.0,1.0,1.0,0.693877551020408,,0.6000000000000001,,Low Value
202.0,69.0,Male,Blouse,Clothing,22.0,Missouri,S,Beige,Fall,4.3,Yes,Free Shipping,1.0,1.0,15.0,Bank Transfer,Annually,1.0,1.0,0.55,0.4897959183673469,0.9999999999999999,0.20000000000000018,0.6259183673469387,Medium Value
203.0,57.0,Male,Hat,Accessories,38.0,Nebraska,L,Magenta,Spring,2.7,Yes,Express,1.0,1.0,33.0,Venmo,Annually,1.0,1.0,0.4375,0.10204081632653061,0.49019607843137253,0.6800000000000002,0.343375150060024,Low Value
204.0,70.0,Male,Scarf,Accessories,38.0,Indiana,S,Yellow,Fall,3.2,Yes,Next Day Air,1.0,1.0,18.0,Bank Transfer,Weekly,52.0,1.0,0.8875,0.32653061224489793,,0.15999999999999992,,Low Value
205.0,24.0,Male,Sneakers,Footwear,100.0,Arizona,M,Yellow,Fall,4.0,Yes,Store Pickup,1.0,1.0,35.0,Cash,Bi-Weekly,,1.0,0.22500000000000003,0.32653061224489793,0.21568627450980393,0.6399999999999999,0.30431812725090035,Low Value
206.0,67.0,Male,Shirt,Clothing,64.0,Hawaii,M,Silver,Winter,3.0,Yes,Standard,1.0,1.0,25.0,PayPal,Weekly,52.0,1.0,0.9625000000000001,0.8775510204081631,,0.28000000000000025,,Low Value
207.0,24.0,Male,T-shirt,Clothing,55.0,Wisconsin,L,Silver,Summer,4.2,Yes,Free Shipping,1.0,1.0,6.0,Venmo,Fortnightly,26.0,1.0,0.025000000000000022,0.10204081632653061,0.49019607843137253,0.20000000000000018,0.212875150060024,Low Value
208.0,62.0,Male,Gloves,Accessories,91.0,Rhode Island,M,Silver,Summer,2.9,Yes,Express,1.0,1.0,17.0,Bank Transfer,Bi-Weekly,,1.0,0.9000000000000001,0.8979591836734693,0.49019607843137253,0.6800000000000002,0.7542424969987996,High Value
209.0,57.0,Male,Skirt,Clothing,38.0,Wisconsin,M,Gold,Spring,4.1,Yes,Store Pickup,1.0,1.0,17.0,Credit Card,Monthly,12.0,1.0,0.8,0.12244897959183673,0.0,0.6800000000000002,0.27697959183673476,Low Value
210.0,55.0,Male,Sandals,Footwear,97.0,Minnesota,S,Olive,Winter,3.2,Yes,Store Pickup,1.0,1.0,44.0,Cash,Every 3 Months,,1.0,0.9125000000000001,0.2040816326530612,,0.7600000000000002,,Low Value
211.0,45.0,Male,Jacket,Outerwear,22.0,Vermont,L,Teal,Fall,3.0,Yes,2-Day Shipping,1.0,1.0,6.0,PayPal,Fortnightly,26.0,1.0,0.375,0.8163265306122448,,0.6800000000000002,,Low Value
212.0,69.0,Male,Skirt,Clothing,92.0,South Dakota,L,Maroon,Fall,4.2,Yes,2-Day Shipping,1.0,1.0,45.0,Debit Card,Fortnightly,26.0,1.0,0.55,0.4693877551020408,,0.11999999999999988,,Low Value
213.0,67.0,Male,Handbag,Accessories,84.0,Virginia,L,Blue,Fall,4.2,Yes,Express,1.0,1.0,7.0,Debit Card,Annually,1.0,1.0,0.5125000000000001,0.4081632653061224,0.9999999999999999,0.4800000000000002,0.613765306122449,Medium Value
214.0,30.0,Male,Handbag,Accessories,93.0,Nevada,L,Peach,Fall,4.4,Yes,Store Pickup,1.0,1.0,11.0,Debit Card,Every 3 Months,,1.0,0.3500000000000001,0.4693877551020408,0.0,0.40000000000000013,0.2977551020408164,Low Value
215.0,24.0,Male,Jacket,Outerwear,50.0,Hawaii,L,Blue,Summer,4.2,Yes,Next Day Air,1.0,1.0,41.0,Cash,Every 3 Months,,1.0,0.3125,0.14285714285714285,0.058823529411764705,0.15999999999999992,0.15328991596638655,Low Value
216.0,62.0,Male,Scarf,Accessories,64.0,New Jersey,S,Orange,Spring,2.8,Yes,2-Day Shipping,1.0,1.0,24.0,PayPal,Bi-Weekly,,1.0,0.8500000000000001,0.22448979591836735,0.49019607843137253,0.20000000000000018,0.42685474189675876,Low Value
217.0,43.0,Male,Shorts,Clothing,61.0,Massachusetts,L,Yellow,Spring,3.7,Yes,Free Shipping,1.0,1.0,21.0,Venmo,Weekly,52.0,1.0,0.4625,0.9591836734693877,0.49019607843137253,0.4800000000000002,0.6712322929171669,Medium Value
218.0,35.0,Male,Sunglasses,Accessories,48.0,Oklahoma,M,Purple,Winter,3.5,Yes,Next Day Air,1.0,1.0,24.0,Bank Transfer,Annually,1.0,1.0,0.6000000000000001,0.10204081632653061,0.058823529411764705,0.7600000000000002,0.2544633853541417,Low Value
219.0,28.0,Male,T-shirt,Clothing,45.0,California,S,Magenta,Spring,2.9,Yes,Store Pickup,1.0,1.0,8.0,Credit Card,Quarterly,4.0,1.0,0.925,0.26530612244897955,0.49019607843137253,0.8,0.5181812725090036,Medium Value
220.0,32.0,Male,Belt,Accessories,88.0,Nevada,M,Cyan,Spring,3.0,Yes,Free Shipping,1.0,1.0,12.0,Cash,Fortnightly,26.0,1.0,0.26250000000000007,0.673469387755102,0.0,0.9199999999999999,0.4138877551020408,Low Value
221.0,39.0,Male,Sneakers,Footwear,57.0,Arizona,S,Indigo,Spring,3.7,Yes,Express,1.0,1.0,48.0,Debit Card,Fortnightly,26.0,1.0,0.7875000000000001,0.22448979591836735,,0.15999999999999992,,Low Value
222.0,28.0,Male,Hat,Accessories,68.0,North Carolina,XL,Magenta,Summer,4.4,Yes,Store Pickup,1.0,1.0,6.0,Bank Transfer,Quarterly,4.0,1.0,0.025000000000000022,0.2040816326530612,0.0,0.28000000000000025,0.11463265306122451,Low Value
223.0,47.0,Male,Gloves,Accessories,94.0,New York,XL,Gray,Spring,4.5,Yes,2-Day Shipping,1.0,1.0,14.0,PayPal,Fortnightly,26.0,1.0,0.675,0.08163265306122448,0.21568627450980393,0.32000000000000006,0.264358943577431,Low Value
224.0,20.0,Male,Pants,Clothing,41.0,Wyoming,M,Turquoise,Spring,4.8,Yes,Free Shipping,1.0,1.0,34.0,PayPal,Annually,1.0,1.0,0.875,0.4897959183673469,0.49019607843137253,0.6800000000000002,0.5859771908763506,Medium Value
225.0,63.0,Male,Socks,Clothing,83.0,South Dakota,S,Beige,Summer,2.9,Yes,Free Shipping,1.0,1.0,12.0,Cash,Every 3 Months,,1.0,0.7375,0.2040816326530612,0.0,0.15999999999999992,0.24513265306122448,Low Value
226.0,25.0,Male,Jacket,Outerwear,22.0,Arkansas,M,Olive,Spring,3.2,Yes,Next Day Air,1.0,1.0,11.0,Bank Transfer,Annually,1.0,1.0,0.10000000000000003,0.5306122448979591,,0.8399999999999999,,Low Value
227.0,29.0,Male,Shoes,Footwear,74.0,Texas,L,Violet,Spring,3.3,Yes,Free Shipping,1.0,1.0,5.0,PayPal,Monthly,12.0,1.0,0.8500000000000001,0.8571428571428571,0.0,0.6399999999999999,0.5768571428571428,Medium Value
228.0,50.0,Male,Jeans,Clothing,90.0,Rhode Island,M,Turquoise,Winter,4.2,Yes,Standard,1.0,1.0,25.0,Venmo,Fortnightly,26.0,1.0,0.07500000000000001,0.346938775510204,,0.2400000000000002,,Low Value
229.0,18.0,Male,Socks,Clothing,79.0,New Hampshire,M,White,Spring,2.9,Yes,Store Pickup,1.0,1.0,11.0,Credit Card,Annually,1.0,1.0,0.08750000000000002,0.6326530612244897,,0.6800000000000002,,Low Value
230.0,70.0,Male,Sandals,Footwear,28.0,Ohio,S,Silver,Spring,4.6,Yes,Next Day Air,1.0,1.0,27.0,PayPal,Every 3 Months,,1.0,0.7875000000000001,0.5306122448979591,,0.8,,Low Value
231.0,66.0,Male,Scarf,Accessories,88.0,Utah,L,Olive,Fall,4.1,Yes,Standard,1.0,1.0,43.0,Credit Card,Annually,1.0,1.0,0.23750000000000004,0.4693877551020408,0.9999999999999999,0.4800000000000002,0.5832551020408163,Medium Value
232.0,28.0,Male,Blouse,Clothing,26.0,Tennessee,M,Blue,Spring,3.1,Yes,2-Day Shipping,1.0,1.0,18.0,Debit Card,Every 3 Months,,1.0,0.8625,0.6122448979591836,0.058823529411764705,0.4800000000000002,0.4830450180072029,Medium Value
233.0,54.0,Male,Jewelry,Accessories,27.0,Hawaii,L,Purple,Winter,4.2,Yes,Express,1.0,1.0,32.0,Bank Transfer,Bi-Weekly,,1.0,0.6000000000000001,0.7755102040816325,0.49019607843137253,0.3600000000000001,0.6132629051620648,Medium Value
234.0,19.0,Male,Sweater,Clothing,83.0,Arizona,XL,Yellow,Fall,4.5,Yes,Next Day Air,1.0,1.0,27.0,Bank Transfer,Every 3 Months,,1.0,0.875,0.7142857142857142,0.49019607843137253,0.20000000000000018,0.6277731092436974,Medium Value
235.0,20.0,Male,Gloves,Accessories,39.0,South Dakota,S,Silver,Summer,3.7,Yes,Next Day Air,1.0,1.0,24.0,Credit Card,Weekly,52.0,1.0,0.17500000000000004,0.08163265306122448,0.0,0.6800000000000002,0.13565306122448983,Low Value
236.0,43.0,Male,Sunglasses,Accessories,89.0,New Jersey,M,Cyan,Winter,3.7,Yes,Free Shipping,1.0,1.0,31.0,Debit Card,Quarterly,4.0,1.0,0.38750000000000007,0.9387755102040816,,0.15999999999999992,,Low Value
237.0,38.0,Male,Coat,Outerwear,68.0,North Dakota,L,Green,Winter,3.4,Yes,Next Day Air,1.0,1.0,39.0,PayPal,Fortnightly,26.0,1.0,0.3125,0.5714285714285714,0.49019607843137253,0.40000000000000013,0.47813025210084037,Medium Value
238.0,50.0,Male,Dress,Clothing,90.0,Iowa,M,Beige,Summer,3.0,Yes,Store Pickup,1.0,1.0,36.0,Debit Card,Fortnightly,26.0,1.0,0.8500000000000001,0.8571428571428571,,0.6399999999999999,,Low Value
239.0,64.0,Male,Skirt,Clothing,34.0,Ohio,M,Peach,Fall,4.2,Yes,Free Shipping,1.0,1.0,5.0,Cash,Annually,1.0,1.0,0.8125,0.7959183673469387,,0.72,,Low Value
240.0,49.0,Male,Pants,Clothing,51.0,Vermont,L,Yellow,Summer,2.9,Yes,Express,1.0,1.0,47.0,Credit Card,Bi-Weekly,,1.0,1.0,0.061224489795918366,0.21568627450980393,0.11999999999999988,0.30119567827130855,Low Value
241.0,47.0,Male,Sweater,Clothing,45.0,Montana,XL,Turquoise,Winter,3.5,Yes,Free Shipping,1.0,1.0,29.0,Bank Transfer,Fortnightly,26.0,1.0,0.275,0.7755102040816325,0.9999999999999999,0.9600000000000002,0.7612040816326531,High Value
242.0,36.0,Male,Hoodie,Clothing,88.0,Delaware,M,Peach,Winter,4.1,Yes,Free Shipping,1.0,1.0,43.0,Venmo,Bi-Weekly,,1.0,0.4125000000000001,0.8979591836734693,0.49019607843137253,0.32000000000000006,0.6207424969987996,Medium Value
243.0,55.0,Male,Coat,Outerwear,85.0,New York,L,Gray,Summer,4.3,Yes,Store Pickup,1.0,1.0,40.0,Debit Card,Every 3 Months,,1.0,0.825,0.38775510204081626,,0.28000000000000025,,Low Value
244.0,25.0,Male,Jewelry,Accessories,100.0,Kentucky,M,Olive,Winter,2.8,Yes,2-Day Shipping,1.0,1.0,4.0,Debit Card,Monthly,12.0,1.0,0.5750000000000001,0.26530612244897955,0.9999999999999999,0.7600000000000002,0.5971224489795919,Medium Value
245.0,53.0,Male,Belt,Accessories,42.0,Oregon,S,Indigo,Spring,4.9,Yes,2-Day Shipping,1.0,1.0,39.0,PayPal,Weekly,52.0,1.0,1.0,0.6530612244897959,0.9999999999999999,0.9199999999999999,0.8532244897959181,High Value
246.0,49.0,Male,Sandals,Footwear,53.0,Rhode Island,L,Charcoal,Summer,3.3,Yes,Next Day Air,1.0,1.0,45.0,Venmo,Fortnightly,26.0,1.0,0.3375,0.346938775510204,0.0,0.6800000000000002,0.27427551020408164,Low Value
247.0,35.0,Male,Sunglasses,Accessories,86.0,Nevada,XL,Beige,Spring,3.2,Yes,Express,1.0,1.0,20.0,Venmo,Bi-Weekly,,1.0,0.0625,0.16326530612244897,0.9999999999999999,0.6000000000000001,0.43780612244897954,Low Value
248.0,29.0,Male,Sweater,Clothing,66.0,Montana,XL,Brown,Spring,4.4,Yes,Standard,1.0,1.0,14.0,Debit Card,Weekly,52.0,1.0,0.38750000000000007,0.673469387755102,0.0,0.0,0.34688775510204084,Low Value
249.0,47.0,Male,Belt,Accessories,100.0,Pennsylvania,M,Blue,Winter,4.8,Yes,Express,1.0,1.0,33.0,PayPal,Weekly,52.0,1.0,0.26250000000000007,0.6530612244897959,0.49019607843137253,0.56,0.5167833133253301,Medium Value
250.0,53.0,Male,Handbag,Accessories,47.0,Alaska,S,Teal,Fall,4.2,Yes,Standard,1.0,1.0,18.0,Credit Card,Annually,1.0,1.0,0.6625000000000001,0.28571428571428564,,0.9600000000000002,,Low Value
251.0,33.0,Male,Skirt,Clothing,25.0,Mississippi,L,Black,Fall,4.0,Yes,Express,1.0,1.0,9.0,Bank Transfer,Weekly,52.0,1.0,0.275,0.061224489795918366,,0.40000000000000013,,Low Value
252.0,21.0,Male,Handbag,Accessories,51.0,Wyoming,XL,Gold,Winter,2.5,Yes,Standard,1.0,1.0,34.0,PayPal,Annually,1.0,1.0,0.0,0.4897959183673469,0.0,0.6800000000000002,0.2639183673469388,Low Value
253.0,32.0,Male,Shorts,Clothing,41.0,Delaware,M,Violet,Summer,3.9,Yes,Free Shipping,1.0,1.0,33.0,Venmo,Fortnightly,26.0,1.0,0.125,0.38775510204081626,,0.8800000000000001,,Low Value
254.0,52.0,Male,Boots,Footwear,73.0,Oklahoma,L,Cyan,Winter,4.9,Yes,2-Day Shipping,1.0,1.0,15.0,Bank Transfer,Bi-Weekly,,1.0,0.4125000000000001,0.08163265306122448,0.058823529411764705,0.8,0.21280012004801924,Low Value
255.0,67.0,Male,Sunglasses,Accessories,42.0,Indiana,M,White,Winter,3.5,Yes,Store Pickup,1.0,1.0,4.0,PayPal,Bi-Weekly,,1.0,0.675,0.3061224489795918,0.058823529411764705,0.11999999999999988,0.28709603841536613,Low Value
256.0,43.0,Male,Scarf,Accessories,20.0,Maryland,M,Charcoal,Spring,4.2,Yes,Free Shipping,1.0,1.0,25.0,Debit Card,Annually,1.0,1.0,0.4625,0.24489795918367344,0.0,0.15999999999999992,0.20645918367346938,Low Value
257.0,58.0,Male,Jewelry,Accessories,30.0,South Dakota,XL,Violet,Spring,4.7,Yes,Express,1.0,1.0,20.0,Credit Card,Every 3 Months,,1.0,0.4625,0.2040816326530612,,0.28000000000000025,,Low Value
258.0,20.0,Male,Handbag,Accessories,53.0,West Virginia,M,Red,Summer,4.5,Yes,Express,1.0,1.0,5.0,Credit Card,Quarterly,4.0,1.0,0.7125,0.4081632653061224,0.0,0.9600000000000002,0.40176530612244904,Low Value
259.0,61.0,Male,Gloves,Accessories,74.0,Alabama,S,Lavender,Spring,2.8,Yes,Express,1.0,1.0,16.0,Cash,Quarterly,4.0,1.0,0.32500000000000007,0.5714285714285714,0.21568627450980393,0.72,0.43027731092436977,Low Value
260.0,32.0,Male,Jeans,Clothing,57.0,Louisiana,M,Gold,Fall,2.9,Yes,Standard,1.0,1.0,13.0,Debit Card,Annually,1.0,1.0,0.7250000000000001,0.28571428571428564,0.0,0.56,0.3152857142857143,Low Value
261.0,38.0,Male,Hat,Accessories,57.0,Montana,S,Red,Winter,3.2,Yes,2-Day Shipping,1.0,1.0,11.0,Credit Card,Every 3 Months,,1.0,0.48750000000000004,0.32653061224489793,,0.28000000000000025,,Low Value
262.0,21.0,Male,Jeans,Clothing,77.0,California,L,Magenta,Winter,4.9,Yes,Standard,1.0,1.0,21.0,Credit Card,Annually,1.0,1.0,0.6875,0.6326530612244897,0.9999999999999999,0.2400000000000002,0.7145612244897959,Medium Value
264.0,27.0,Male,Shorts,Clothing,46.0,Iowa,M,Purple,Summer,4.3,Yes,Store Pickup,1.0,1.0,29.0,Venmo,Monthly,12.0,1.0,0.275,0.4081632653061224,0.21568627450980393,0.040000000000000036,0.28697118847539016,Low Value
265.0,36.0,Male,Pants,Clothing,78.0,Colorado,S,Charcoal,Fall,3.9,Yes,Store Pickup,1.0,1.0,15.0,Cash,Annually,1.0,1.0,0.30000000000000004,0.16326530612244897,,0.32000000000000006,,Low Value
266.0,32.0,Male,Backpack,Accessories,59.0,Michigan,M,Gray,Spring,3.2,Yes,2-Day Shipping,1.0,1.0,17.0,Bank Transfer,Bi-Weekly,,1.0,0.4,0.3061224489795918,0.0,0.8399999999999999,0.2864489795918367,Low Value
267.0,51.0,Male,Jewelry,Accessories,75.0,Louisiana,L,White,Summer,3.1,Yes,Express,1.0,1.0,32.0,Credit Card,Weekly,52.0,1.0,0.6125,0.836734693877551,0.49019607843137253,0.8399999999999999,0.6882527010804321,Medium Value
268.0,64.0,Male,Sweater,Clothing,54.0,Maryland,M,Olive,Spring,3.9,Yes,2-Day Shipping,1.0,1.0,42.0,Venmo,Annually,1.0,1.0,0.07500000000000001,0.7346938775510203,,0.7600000000000002,,Low Value
269.0,68.0,Male,Shoes,Footwear,42.0,Georgia,M,Charcoal,Spring,2.6,Yes,Store Pickup,1.0,1.0,21.0,Cash,Monthly,12.0,1.0,0.16250000000000003,0.6326530612244897,0.058823529411764705,0.6800000000000002,0.37120828331332534,Low Value
270.0,68.0,Male,Blouse,Clothing,44.0,Georgia,M,Charcoal,Winter,3.3,Yes,Next Day Air,1.0,1.0,9.0,Cash,Bi-Weekly,,1.0,0.15000000000000002,0.5510204081632653,,0.20000000000000018,,Low Value
271.0,33.0,Male,Jeans,Clothing,52.0,North Dakota,XL,Orange,Fall,4.6,Yes,Free Shipping,1.0,1.0,16.0,Bank Transfer,Annually,1.0,1.0,0.8125,0.24489795918367344,0.9999999999999999,0.6000000000000001,0.6204591836734694,Medium Value
272.0,65.0,Male,Sunglasses,Accessories,69.0,Maryland,XL,Yellow,Summer,4.6,Yes,Express,1.0,1.0,42.0,Credit Card,Fortnightly,26.0,1.0,0.125,0.2040816326530612,0.49019607843137253,0.40000000000000013,0.29369147659063627,Low Value
273.0,48.0,Male,Jewelry,Accessories,26.0,Oregon,M,Beige,Summer,4.4,Yes,2-Day Shipping,1.0,1.0,37.0,Debit Card,Bi-Weekly,,1.0,0.11250000000000004,0.7142857142857142,,0.20000000000000018,,Low Value
274.0,69.0,Male,Coat,Outerwear,33.0,North Dakota,S,Silver,Spring,4.2,Yes,Express,1.0,1.0,32.0,Debit Card,Quarterly,4.0,1.0,0.9375,0.44897959183673464,0.0,0.4800000000000002,0.4150918367346939,Low Value
275.0,59.0,Male,Jewelry,Accessories,32.0,Maryland,M,Indigo,Spring,3.0,Yes,Express,1.0,1.0,28.0,Cash,Bi-Weekly,,1.0,0.6125,0.7346938775510203,0.21568627450980393,0.6000000000000001,0.5410834333733493,Medium Value
276.0,48.0,Male,Backpack,Accessories,85.0,Virginia,XL,Lavender,Winter,4.0,Yes,Express,1.0,1.0,13.0,Credit Card,Weekly,52.0,1.0,0.6125,0.4081632653061224,,0.6800000000000002,,Low Value
277.0,25.0,Male,Skirt,Clothing,30.0,South Dakota,XL,Turquoise,Fall,3.5,Yes,Express,1.0,1.0,11.0,Bank Transfer,Fortnightly,26.0,1.0,0.5125000000000001,0.4285714285714285,,0.0,,Low Value
278.0,29.0,Male,Shirt,Clothing,29.0,Georgia,M,Green,Winter,3.0,Yes,Store Pickup,1.0,1.0,36.0,Bank Transfer,Bi-Weekly,,1.0,0.925,0.16326530612244897,0.21568627450980393,0.20000000000000018,0.33501200480192084,Low Value
279.0,57.0,Male,Sweater,Clothing,95.0,Hawaii,M,Orange,Spring,3.7,Yes,Express,1.0,1.0,23.0,Debit Card,Annually,1.0,1.0,0.125,0.3061224489795918,0.0,0.28000000000000025,0.17544897959183675,Low Value
280.0,23.0,Male,Sneakers,Footwear,69.0,Arkansas,L,Turquoise,Summer,4.0,Yes,Standard,1.0,1.0,37.0,Bank Transfer,Monthly,12.0,1.0,0.3125,0.061224489795918366,0.058823529411764705,0.40000000000000013,0.14463685474189678,Low Value
281.0,45.0,Male,Sandals,Footwear,69.0,Montana,S,Cyan,Fall,4.2,Yes,2-Day Shipping,1.0,1.0,21.0,Cash,Bi-Weekly,,1.0,0.23750000000000004,0.04081632653061225,,0.9199999999999999,,Low Value
282.0,38.0,Male,Belt,Accessories,61.0,Oklahoma,XL,Charcoal,Spring,2.5,Yes,Standard,1.0,1.0,22.0,Debit Card,Bi-Weekly,,1.0,0.38750000000000007,0.10204081632653061,0.0,0.040000000000000036,0.12231632653061227,Low Value
283.0,21.0,Male,Skirt,Clothing,94.0,Minnesota,M,Teal,Summer,3.0,Yes,2-Day Shipping,1.0,1.0,9.0,Cash,Monthly,12.0,1.0,0.21250000000000002,0.346938775510204,0.49019607843137253,0.3600000000000001,0.36433433373349333,Low Value
284.0,32.0,Male,Sweater,Clothing,30.0,Montana,S,Maroon,Fall,3.2,Yes,Next Day Air,1.0,1.0,16.0,Venmo,Annually,1.0,1.0,0.525,0.673469387755102,,0.4800000000000002,,Low Value
285.0,63.0,Male,Skirt,Clothing,45.0,Ohio,M,Red,Summer,3.5,Yes,Standard,1.0,1.0,4.0,PayPal,Quarterly,4.0,1.0,0.8125,0.510204081632653,0.21568627450980393,0.8,0.5112875150060023,Medium Value
286.0,29.0,Male,Handbag,Accessories,39.0,Kentucky,XL,Yellow,Summer,4.8,Yes,Express,1.0,1.0,3.0,Debit Card,Bi-Weekly,,1.0,0.16250000000000003,1.0,0.9999999999999999,0.4800000000000002,0.7805,High Value
287.0,27.0,Male,Jewelry,Accessories,51.0,Nebraska,L,Gray,Summer,2.6,Yes,Store Pickup,1.0,1.0,6.0,Debit Card,Annually,1.0,1.0,0.07500000000000001,0.7959183673469387,0.21568627450980393,0.32000000000000006,0.4300732292917167,Low Value
288.0,56.0,Male,Scarf,Accessories,37.0,Delaware,L,Blue,Spring,3.4,Yes,2-Day Shipping,1.0,1.0,18.0,Venmo,Fortnightly,26.0,1.0,0.9875,0.4693877551020408,0.058823529411764705,0.8800000000000001,0.49090216086434574,Medium Value
289.0,30.0,Male,T-shirt,Clothing,62.0,North Carolina,M,Lavender,Winter,3.7,Yes,2-Day Shipping,1.0,1.0,34.0,Venmo,Bi-Weekly,,1.0,0.23750000000000004,0.6530612244897959,0.0,0.08000000000000007,0.3167244897959184,Low Value
290.0,49.0,Male,Coat,Outerwear,85.0,New York,M,Yellow,Fall,4.5,Yes,2-Day Shipping,1.0,1.0,26.0,Credit Card,Monthly,12.0,1.0,0.0,0.36734693877551017,,0.8399999999999999,,Low Value
291.0,58.0,Male,T-shirt,Clothing,33.0,Colorado,M,Indigo,Winter,3.7,Yes,Standard,1.0,1.0,50.0,PayPal,Weekly,52.0,1.0,0.275,0.4693877551020408,0.058823529411764705,0.08000000000000007,0.26840216086434576,Low Value
292.0,57.0,Male,Dress,Clothing,26.0,Delaware,XL,Violet,Fall,3.3,Yes,Next Day Air,1.0,1.0,40.0,Bank Transfer,Monthly,12.0,1.0,0.675,0.36734693877551017,0.9999999999999999,0.9199999999999999,0.673938775510204,Medium Value
293.0,60.0,Male,Shoes,Footwear,99.0,Utah,M,Green,Spring,4.7,Yes,Free Shipping,1.0,1.0,24.0,Cash,Quarterly,4.0,1.0,0.07500000000000001,0.061224489795918366,,0.7600000000000002,,Low Value
294.0,69.0,Male,Handbag,Accessories,39.0,Connecticut,M,White,Spring,2.7,Yes,Express,1.0,1.0,33.0,PayPal,Annually,1.0,1.0,0.4125000000000001,0.2040816326530612,,0.6000000000000001,,Low Value
295.0,70.0,Male,Skirt,Clothing,20.0,New Jersey,M,Gold,Spring,4.6,Yes,Store Pickup,1.0,1.0,19.0,Credit Card,Every 3 Months,,1.0,0.75,0.5510204081632653,0.49019607843137253,0.28000000000000025,0.545466986794718,Medium Value
296.0,53.0,Male,Sunglasses,Accessories,42.0,West Virginia,M,Indigo,Winter,2.7,Yes,Store Pickup,1.0,1.0,24.0,Credit Card,Quarterly,4.0,1.0,0.9750000000000001,0.4693877551020408,0.9999999999999999,0.7600000000000002,0.7587551020408164,High Value
297.0,25.0,Male,Sandals,Footwear,74.0,Indiana,S,Lavender,Spring,4.8,Yes,2-Day Shipping,1.0,1.0,19.0,Credit Card,Weekly,52.0,1.0,0.9375,0.4897959183673469,,0.52,,Low Value
298.0,48.0,Male,Shoes,Footwear,26.0,Delaware,XL,Purple,Summer,4.4,Yes,Standard,1.0,1.0,4.0,Credit Card,Bi-Weekly,,1.0,0.30000000000000004,0.5306122448979591,,0.44000000000000017,,Low Value
299.0,69.0,Male,T-shirt,Clothing,53.0,Maryland,M,Lavender,Winter,4.0,Yes,Standard,1.0,1.0,11.0,Venmo,Every 3 Months,,1.0,0.5,0.9795918367346937,0.9999999999999999,0.32000000000000006,0.8238367346938774,High Value
300.0,25.0,Male,Sneakers,Footwear,80.0,Pennsylvania,M,Maroon,Summer,3.2,Yes,Next Day Air,1.0,1.0,28.0,PayPal,Fortnightly,26.0,1.0,0.8,0.8979591836734693,,0.3600000000000001,,Low Value
301.0,29.0,Male,Hat,Accessories,98.0,Iowa,M,Teal,Spring,4.4,Yes,Store Pickup,1.0,1.0,24.0,PayPal,Weekly,52.0,1.0,0.48750000000000004,0.510204081632653,0.0,0.40000000000000013,0.34158163265306124,Low Value
302.0,46.0,Male,Skirt,Clothing,95.0,Pennsylvania,M,Green,Spring,3.8,Yes,Standard,1.0,1.0,25.0,Credit Card,Every 3 Months,,1.0,0.36250000000000004,0.061224489795918366,0.0,0.44000000000000017,0.14098979591836738,Low Value
303.0,37.0,Male,Sweater,Clothing,44.0,Delaware,L,Olive,Summer,3.6,Yes,Express,1.0,1.0,27.0,Bank Transfer,Every 3 Months,,1.0,0.15000000000000002,0.04081632653061225,,0.28000000000000025,,Low Value
304.0,20.0,Male,Sandals,Footwear,60.0,Oregon,M,Turquoise,Summer,3.3,Yes,Next Day Air,1.0,1.0,49.0,Venmo,Weekly,52.0,1.0,0.11250000000000004,0.8979591836734693,,0.4800000000000002,,Low Value
305.0,40.0,Male,Dress,Clothing,84.0,Oregon,M,Green,Winter,3.4,Yes,Next Day Air,1.0,1.0,45.0,Credit Card,Bi-Weekly,,1.0,0.025000000000000022,0.4081632653061224,0.49019607843137253,0.8,0.39532412965186076,Low Value
306.0,60.0,Male,Sweater,Clothing,59.0,Utah,M,Teal,Fall,3.5,Yes,2-Day Shipping,1.0,1.0,26.0,PayPal,Annually,1.0,1.0,0.8125,1.0,0.49019607843137253,0.8399999999999999,0.7935588235294118,High Value
307.0,26.0,Male,Jacket,Outerwear,49.0,North Dakota,S,White,Summer,3.6,Yes,Express,1.0,1.0,4.0,Cash,Annually,1.0,1.0,0.4,0.36734693877551017,0.21568627450980393,0.6399999999999999,0.35564465786314525,Low Value
308.0,29.0,Male,Gloves,Accessories,32.0,Florida,M,Orange,Winter,3.2,Yes,Free Shipping,1.0,1.0,3.0,Credit Card,Every 3 Months,,1.0,0.8625,0.10204081632653061,0.0,0.3600000000000001,0.24931632653061228,Low Value
309.0,66.0,Male,Handbag,Accessories,29.0,Maryland,M,Beige,Fall,3.7,Yes,Standard,1.0,1.0,45.0,Venmo,Bi-Weekly,,1.0,0.7125,1.0,,0.4800000000000002,,Low Value
310.0,66.0,Male,Dress,Clothing,22.0,Minnesota,M,Yellow,Spring,4.5,Yes,Standard,1.0,1.0,21.0,Cash,Fortnightly,26.0,1.0,0.050000000000000044,0.32653061224489793,,0.32000000000000006,,Low Value
311.0,56.0,Male,Pants,Clothing,85.0,Montana,M,Charcoal,Winter,4.6,Yes,Standard,1.0,1.0,50.0,Cash,Fortnightly,26.0,1.0,0.050000000000000044,0.4693877551020408,0.0,0.8,0.2777551020408163,Low Value
312.0,69.0,Male,Jeans,Clothing,52.0,Rhode Island,L,Silver,Winter,4.1,Yes,Store Pickup,1.0,1.0,19.0,Bank Transfer,Monthly,12.0,1.0,0.025000000000000022,0.9183673469387754,0.21568627450980393,0.32000000000000006,0.46905282112845137,Medium Value
313.0,38.0,Male,Pants,Clothing,89.0,Massachusetts,L,Green,Spring,3.4,Yes,Next Day Air,1.0,1.0,6.0,PayPal,Annually,1.0,1.0,0.7750000000000001,0.836734693877551,,0.72,,Low Value
314.0,42.0,Male,Dress,Clothing,77.0,Vermont,M,Pink,Spring,3.7,Yes,Express,1.0,1.0,50.0,Credit Card,Every 3 Months,,1.0,0.5875,0.18367346938775508,0.0,0.0,0.19096938775510203,Low Value
315.0,30.0,Male,Pants,Clothing,24.0,New Jersey,M,Purple,Summer,3.3,Yes,Store Pickup,1.0,1.0,17.0,Debit Card,Every 3 Months,,1.0,0.675,0.0,,0.040000000000000036,,Low Value
316.0,66.0,Male,Jewelry,Accessories,24.0,Wisconsin,XL,Orange,Spring,4.5,Yes,Express,1.0,1.0,24.0,Debit Card,Annually,1.0,1.0,0.65,0.5510204081632653,0.058823529411764705,0.9600000000000002,0.46405522208883554,Medium Value
317.0,36.0,Male,Handbag,Accessories,22.0,California,M,Charcoal,Fall,3.3,Yes,Free Shipping,1.0,1.0,46.0,Venmo,Monthly,12.0,1.0,0.2,0.9591836734693877,0.058823529411764705,0.8800000000000001,0.5293205282112845,Medium Value
318.0,58.0,Male,Sweater,Clothing,82.0,West Virginia,L,Teal,Fall,4.3,Yes,Standard,1.0,1.0,42.0,Cash,Every 3 Months,,1.0,0.9375,0.9387755102040816,0.21568627450980393,0.20000000000000018,0.6477160864345739,Medium Value
319.0,45.0,Male,Backpack,Accessories,67.0,South Dakota,M,Beige,Winter,2.5,Yes,Standard,1.0,1.0,10.0,Cash,Annually,1.0,1.0,0.7250000000000001,0.5714285714285714,,0.40000000000000013,,Low Value
320.0,47.0,Male,Shorts,Clothing,74.0,Maine,XL,White,Spring,2.6,Yes,Standard,1.0,1.0,1.0,Cash,Every 3 Months,,1.0,0.7750000000000001,0.7346938775510203,0.058823529411764705,0.9199999999999999,0.5585246098439376,Medium Value
321.0,66.0,Male,Jewelry,Accessories,72.0,Kansas,L,White,Summer,4.9,Yes,Standard,1.0,1.0,28.0,Debit Card,Quarterly,4.0,1.0,0.625,0.7551020408163265,0.0,0.72,0.49904081632653063,Medium Value
322.0,41.0,Male,Sneakers,Footwear,36.0,Vermont,L,Orange,Summer,4.7,Yes,Free Shipping,1.0,1.0,48.0,Debit Card,Quarterly,4.0,1.0,0.26250000000000007,0.9591836734693877,0.9999999999999999,0.28000000000000025,0.7641734693877551,High Value
323.0,41.0,Male,Belt,Accessories,95.0,Tennessee,S,Cyan,Winter,3.0,Yes,Standard,1.0,1.0,47.0,Credit Card,Monthly,12.0,1.0,0.275,0.7142857142857142,0.9999999999999999,0.2400000000000002,0.6647142857142857,Medium Value
324.0,66.0,Male,Hoodie,Clothing,78.0,Tennessee,M,Orange,Winter,3.5,Yes,Next Day Air,1.0,1.0,29.0,PayPal,Bi-Weekly,,1.0,0.375,0.16326530612244897,0.9999999999999999,0.11999999999999988,0.45230612244897955,Medium Value
325.0,37.0,Male,Shirt,Clothing,82.0,Wyoming,M,Olive,Summer,4.8,Yes,Standard,1.0,1.0,37.0,Venmo,Quarterly,4.0,1.0,0.1375,0.673469387755102,0.21568627450980393,0.15999999999999992,0.37759363745498203,Low Value
326.0,70.0,Male,Pants,Clothing,70.0,Vermont,M,Charcoal,Winter,4.3,Yes,Free Shipping,1.0,1.0,38.0,Debit Card,Annually,1.0,1.0,0.9750000000000001,0.9183673469387754,0.058823529411764705,0.32000000000000006,0.6119939975990396,Medium Value
327.0,62.0,Male,Scarf,Accessories,41.0,New Jersey,M,White,Fall,3.2,Yes,Store Pickup,1.0,1.0,48.0,Bank Transfer,Weekly,52.0,1.0,0.825,0.08163265306122448,0.21568627450980393,0.11999999999999988,0.27435894357743096,Low Value
328.0,61.0,Male,Coat,Outerwear,42.0,Iowa,M,Teal,Summer,3.1,Yes,Free Shipping,1.0,1.0,36.0,PayPal,Weekly,52.0,1.0,0.55,0.28571428571428564,,0.8,,Low Value
329.0,48.0,Male,Coat,Outerwear,50.0,Florida,M,Yellow,Fall,2.8,Yes,Free Shipping,1.0,1.0,9.0,Credit Card,Weekly,52.0,1.0,0.32500000000000007,0.5918367346938774,0.0,0.040000000000000036,0.305734693877551,Low Value
330.0,70.0,Male,Socks,Clothing,31.0,Nevada,S,White,Summer,2.9,Yes,2-Day Shipping,1.0,1.0,34.0,Bank Transfer,Monthly,12.0,1.0,0.8125,0.8775510204081631,,0.4800000000000002,,Low Value
332.0,31.0,Male,Shirt,Clothing,98.0,Florida,L,Beige,Fall,3.3,Yes,Store Pickup,1.0,1.0,46.0,PayPal,Quarterly,4.0,1.0,0.48750000000000004,0.3061224489795918,0.0,0.72,0.29194897959183674,Low Value
333.0,19.0,Male,Shirt,Clothing,86.0,New York,M,Maroon,Winter,2.8,Yes,2-Day Shipping,1.0,1.0,5.0,Credit Card,Monthly,12.0,1.0,0.7375,0.3061224489795918,0.9999999999999999,0.40000000000000013,0.6099489795918367,Medium Value
334.0,39.0,Male,Sweater,Clothing,64.0,Alaska,M,Teal,Winter,4.5,Yes,Standard,1.0,1.0,15.0,Bank Transfer,Bi-Weekly,,1.0,0.16250000000000003,0.4081632653061224,,0.52,,Low Value
335.0,41.0,Male,Blouse,Clothing,46.0,Kansas,M,Lavender,Fall,2.6,Yes,Next Day Air,1.0,1.0,30.0,Credit Card,Annually,1.0,1.0,0.3375,0.7755102040816325,,0.40000000000000013,,Low Value
336.0,20.0,Male,Sweater,Clothing,85.0,Oregon,L,Maroon,Spring,3.7,Yes,Standard,1.0,1.0,44.0,Venmo,Every 3 Months,,1.0,0.0,0.7959183673469387,,0.8399999999999999,,Low Value
337.0,36.0,Male,Hat,Accessories,81.0,Rhode Island,S,Orange,Fall,4.4,Yes,Express,1.0,1.0,16.0,PayPal,Annually,1.0,1.0,0.2,0.9591836734693877,,0.040000000000000036,,Low Value
338.0,32.0,Male,Sweater,Clothing,59.0,New Mexico,M,Cyan,Winter,4.3,Yes,2-Day Shipping,1.0,1.0,16.0,Bank Transfer,Annually,1.0,1.0,0.23750000000000004,0.510204081632653,0.21568627450980393,0.7600000000000002,0.3922875150060024,Low Value
339.0,69.0,Male,Hoodie,Clothing,79.0,Massachusetts,M,Silver,Winter,3.5,Yes,Express,1.0,1.0,16.0,Cash,Weekly,52.0,1.0,0.6375000000000001,0.9183673469387754,0.21568627450980393,0.6000000000000001,0.6195528211284514,Medium Value
340.0,40.0,Male,Shorts,Clothing,33.0,Pennsylvania,M,Teal,Spring,3.8,Yes,2-Day Shipping,1.0,1.0,21.0,Credit Card,Every 3 Months,,1.0,0.48750000000000004,0.5306122448979591,0.0,0.7600000000000002,0.3857448979591837,Low Value
341.0,40.0,Male,Shorts,Clothing,47.0,New Jersey,L,Blue,Summer,3.5,Yes,Express,1.0,1.0,39.0,Venmo,Every 3 Months,,1.0,0.375,0.08163265306122448,0.9999999999999999,0.8800000000000001,0.49565306122448977,Medium Value
342.0,20.0,Male,Hat,Accessories,20.0,Utah,S,Blue,Summer,4.6,Yes,Store Pickup,1.0,1.0,40.0,Debit Card,Bi-Weekly,,1.0,0.26250000000000007,0.8571428571428571,0.49019607843137253,0.56,0.5984159663865547,Medium Value
343.0,64.0,Male,Coat,Outerwear,36.0,Kentucky,M,Olive,Spring,2.6,Yes,Next Day Air,1.0,1.0,48.0,Credit Card,Every 3 Months,,1.0,0.48750000000000004,0.32653061224489793,0.49019607843137253,0.08000000000000007,0.3831710684273709,Low Value
344.0,27.0,Male,Sandals,Footwear,39.0,Nebraska,M,Purple,Summer,4.4,Yes,Next Day Air,1.0,1.0,26.0,Venmo,Monthly,12.0,1.0,0.8375000000000001,0.04081632653061225,,0.4800000000000002,,Low Value
345.0,24.0,Male,Skirt,Clothing,71.0,Virginia,M,Charcoal,Winter,4.0,Yes,Standard,1.0,1.0,46.0,Debit Card,Monthly,12.0,1.0,0.6000000000000001,0.9387755102040816,0.49019607843137253,0.040000000000000036,0.6465690276110444,Medium Value
346.0,48.0,Male,Shoes,Footwear,59.0,Wyoming,S,Olive,Winter,4.4,Yes,Next Day Air,1.0,1.0,27.0,Bank Transfer,Annually,1.0,1.0,0.875,0.4693877551020408,,0.56,,Low Value
347.0,49.0,Male,Jeans,Clothing,50.0,New Mexico,L,Violet,Spring,4.7,Yes,Next Day Air,1.0,1.0,5.0,Cash,Weekly,52.0,1.0,0.6375000000000001,0.22448979591836735,,0.9600000000000002,,Low Value
348.0,36.0,Male,Sandals,Footwear,41.0,Oregon,L,Red,Fall,3.9,Yes,Store Pickup,1.0,1.0,43.0,PayPal,Fortnightly,26.0,1.0,0.55,0.693877551020408,0.21568627450980393,0.6399999999999999,0.5162569027611044,Medium Value
349.0,56.0,Male,Blouse,Clothing,59.0,South Carolina,M,Beige,Fall,2.7,Yes,Free Shipping,1.0,1.0,17.0,PayPal,Fortnightly,26.0,1.0,0.7000000000000001,0.836734693877551,0.9999999999999999,0.20000000000000018,0.7946938775510204,High Value
350.0,37.0,Male,Hat,Accessories,87.0,Arizona,M,Green,Winter,3.7,Yes,2-Day Shipping,1.0,1.0,3.0,Bank Transfer,Bi-Weekly,,1.0,0.275,0.0,,0.6399999999999999,,Low Value
351.0,42.0,Male,Sweater,Clothing,68.0,Kentucky,M,Violet,Spring,2.6,Yes,2-Day Shipping,1.0,1.0,47.0,Bank Transfer,Fortnightly,26.0,1.0,0.45000000000000007,0.3061224489795918,,0.6000000000000001,,Low Value
352.0,28.0,Male,Skirt,Clothing,90.0,New York,M,Teal,Winter,3.9,Yes,Standard,1.0,1.0,24.0,Debit Card,Bi-Weekly,,1.0,0.0625,0.7142857142857142,,0.44000000000000017,,Low Value
353.0,27.0,Male,Jeans,Clothing,71.0,Texas,XL,Yellow,Fall,4.9,Yes,Next Day Air,1.0,1.0,12.0,Cash,Every 3 Months,,1.0,0.675,0.5918367346938774,,0.20000000000000018,,Low Value
354.0,63.0,Male,Sneakers,Footwear,64.0,Missouri,L,Yellow,Fall,4.1,Yes,Store Pickup,1.0,1.0,35.0,Debit Card,Monthly,12.0,1.0,0.125,0.346938775510204,0.49019607843137253,0.20000000000000018,0.33083433373349336,Low Value
355.0,58.0,Male,Jewelry,Accessories,76.0,Pennsylvania,S,Olive,Fall,3.0,Yes,Free Shipping,1.0,1.0,42.0,Venmo,Weekly,52.0,1.0,0.9500000000000002,0.8979591836734693,0.0,0.040000000000000036,0.5531836734693878,Medium Value
356.0,37.0,Male,Jewelry,Accessories,42.0,Oregon,XL,Magenta,Fall,4.1,Yes,2-Day Shipping,1.0,1.0,1.0,PayPal,Every 3 Months,,1.0,0.55,0.0,0.49019607843137253,0.3600000000000001,0.2930588235294118,Low Value
358.0,18.0,Male,Belt,Accessories,56.0,Arkansas,M,Olive,Spring,4.0,Yes,Standard,1.0,1.0,16.0,Credit Card,Bi-Weekly,,1.0,0.8500000000000001,0.12244897959183673,,0.20000000000000018,,Low Value
359.0,48.0,Male,Hat,Accessories,25.0,Minnesota,XL,Magenta,Summer,3.6,Yes,Express,1.0,1.0,36.0,Credit Card,Every 3 Months,,1.0,0.8500000000000001,1.0,0.058823529411764705,0.4800000000000002,0.6356470588235295,Medium Value
360.0,31.0,Male,Sneakers,Footwear,74.0,Georgia,M,Olive,Winter,3.0,Yes,Store Pickup,1.0,1.0,30.0,Credit Card,Every 3 Months,,1.0,0.2,0.7346938775510203,0.49019607843137253,0.40000000000000013,0.5209363745498199,Medium Value
361.0,51.0,Male,Pants,Clothing,30.0,Rhode Island,M,Teal,Summer,3.0,Yes,Standard,1.0,1.0,18.0,Debit Card,Fortnightly,26.0,1.0,0.25,0.346938775510204,0.21568627450980393,0.11999999999999988,0.2654813925570228,Low Value
362.0,65.0,Male,T-shirt,Clothing,96.0,Nevada,M,White,Spring,2.6,Yes,Free Shipping,1.0,1.0,45.0,Cash,Annually,1.0,1.0,0.23750000000000004,0.5714285714285714,0.21568627450980393,0.8,0.4207773109243698,Low Value
363.0,53.0,Male,Sneakers,Footwear,64.0,Texas,M,Charcoal,Fall,3.4,Yes,Free Shipping,1.0,1.0,1.0,Venmo,Fortnightly,26.0,1.0,0.25,0.8979591836734693,0.058823529411764705,0.32000000000000006,0.45883073229291715,Medium Value
364.0,55.0,Male,Shorts,Clothing,88.0,Florida,L,Yellow,Winter,3.1,Yes,Free Shipping,1.0,1.0,42.0,Bank Transfer,Fortnightly,26.0,1.0,0.17500000000000004,0.24489795918367344,0.9999999999999999,0.3600000000000001,0.4689591836734694,Medium Value
365.0,62.0,Male,Shoes,Footwear,88.0,North Dakota,L,Charcoal,Summer,3.0,Yes,Free Shipping,1.0,1.0,7.0,Venmo,Every 3 Months,,1.0,0.7875000000000001,0.9387755102040816,0.21568627450980393,0.28000000000000025,0.6257160864345739,Medium Value
366.0,55.0,Male,Gloves,Accessories,88.0,West Virginia,XL,Gray,Summer,3.7,Yes,Standard,1.0,1.0,50.0,PayPal,Quarterly,4.0,1.0,0.8125,0.12244897959183673,0.9999999999999999,0.4800000000000002,0.5594795918367347,Medium Value
367.0,64.0,Male,Socks,Clothing,36.0,Nebraska,M,Turquoise,Spring,3.5,Yes,Store Pickup,1.0,1.0,37.0,Venmo,Fortnightly,26.0,1.0,0.08750000000000002,0.2040816326530612,,0.8399999999999999,,Low Value
368.0,52.0,Male,Dress,Clothing,40.0,Tennessee,XL,Cyan,Spring,2.8,Yes,Store Pickup,1.0,1.0,18.0,Bank Transfer,Monthly,12.0,1.0,0.7250000000000001,0.7755102040816325,0.21568627450980393,1.0,0.6199099639855942,Medium Value
369.0,24.0,Male,Handbag,Accessories,39.0,Oklahoma,M,Charcoal,Spring,4.5,Yes,Standard,1.0,1.0,29.0,Cash,Monthly,12.0,1.0,0.15000000000000002,0.10204081632653061,0.058823529411764705,0.7600000000000002,0.16446338535414168,Low Value
370.0,38.0,Male,Belt,Accessories,40.0,Wisconsin,M,Silver,Summer,3.3,Yes,Store Pickup,1.0,1.0,45.0,PayPal,Quarterly,4.0,1.0,0.38750000000000007,0.02040816326530612,,0.9600000000000002,,Low Value
371.0,59.0,Male,Scarf,Accessories,34.0,Oregon,M,Olive,Winter,3.4,Yes,Express,1.0,1.0,13.0,PayPal,Weekly,52.0,1.0,0.15000000000000002,0.7755102040816325,,0.6399999999999999,,Low Value
372.0,27.0,Male,Sneakers,Footwear,83.0,North Carolina,S,Pink,Winter,3.2,Yes,2-Day Shipping,1.0,1.0,47.0,PayPal,Monthly,12.0,1.0,0.525,0.44897959183673464,0.21568627450980393,0.9600000000000002,0.4452977190876351,Low Value
373.0,24.0,Male,Sweater,Clothing,85.0,Pennsylvania,L,Orange,Summer,3.7,Yes,Standard,1.0,1.0,7.0,Debit Card,Weekly,52.0,1.0,0.11250000000000004,0.9183673469387754,,0.8800000000000001,,Low Value
374.0,23.0,Male,Coat,Outerwear,27.0,North Dakota,L,White,Summer,4.6,Yes,Express,1.0,1.0,11.0,Venmo,Bi-Weekly,,1.0,0.6125,0.36734693877551017,0.9999999999999999,0.20000000000000018,0.5894387755102041,Medium Value
375.0,69.0,Male,Jewelry,Accessories,78.0,Ohio,S,Purple,Spring,5.0,Yes,Store Pickup,1.0,1.0,39.0,Bank Transfer,Monthly,12.0,1.0,0.0625,0.04081632653061225,,0.3600000000000001,,Low Value
376.0,59.0,Male,Sunglasses,Accessories,32.0,Oklahoma,M,Olive,Summer,4.4,Yes,Standard,1.0,1.0,6.0,Debit Card,Quarterly,4.0,1.0,0.7000000000000001,0.9387755102040816,0.058823529411764705,0.28000000000000025,0.5611572629051621,Medium Value
377.0,51.0,Male,Shoes,Footwear,51.0,South Carolina,S,Gray,Fall,4.9,Yes,Express,1.0,1.0,2.0,Venmo,Bi-Weekly,,1.0,0.16250000000000003,0.10204081632653061,0.0,0.8,0.15331632653061228,Low Value
378.0,63.0,Male,Scarf,Accessories,32.0,Maine,M,Silver,Spring,4.1,Yes,Standard,1.0,1.0,39.0,Credit Card,Every 3 Months,,1.0,0.9125000000000001,0.22448979591836735,,0.08000000000000007,,Low Value
379.0,54.0,Male,Dress,Clothing,62.0,Nevada,L,Orange,Winter,4.9,Yes,Next Day Air,1.0,1.0,23.0,Credit Card,Monthly,12.0,1.0,0.23750000000000004,0.7959183673469387,0.058823529411764705,0.3600000000000001,0.4195144057623049,Low Value
380.0,32.0,Male,T-shirt,Clothing,29.0,Montana,S,Magenta,Fall,4.7,Yes,2-Day Shipping,1.0,1.0,46.0,Debit Card,Bi-Weekly,,1.0,0.9125000000000001,0.7551020408163265,0.49019607843137253,0.8399999999999999,0.7155996398559423,Medium Value
381.0,39.0,Male,Backpack,Accessories,69.0,New Hampshire,XL,Beige,Fall,3.0,Yes,Store Pickup,1.0,1.0,19.0,Bank Transfer,Weekly,52.0,1.0,0.7750000000000001,0.18367346938775508,0.058823529411764705,0.08000000000000007,0.25411644657863147,Low Value
382.0,66.0,Male,Jewelry,Accessories,25.0,Maine,L,Lavender,Winter,3.4,Yes,Store Pickup,1.0,1.0,3.0,Credit Card,Every 3 Months,,1.0,0.275,0.5510204081632653,0.21568627450980393,0.6800000000000002,0.40811404561824727,Low Value
383.0,28.0,Male,Jeans,Clothing,76.0,California,M,Peach,Winter,3.2,Yes,Store Pickup,1.0,1.0,47.0,PayPal,Quarterly,4.0,1.0,0.6375000000000001,0.36734693877551017,0.0,0.28000000000000025,0.30243877551020415,Low Value
385.0,70.0,Male,Sweater,Clothing,33.0,California,M,Beige,Fall,4.5,Yes,2-Day Shipping,1.0,1.0,6.0,Venmo,Annually,1.0,1.0,0.7750000000000001,0.7551020408163265,0.0,0.32000000000000006,0.4890408163265307,Medium Value
386.0,67.0,Male,Shorts,Clothing,93.0,West Virginia,S,Yellow,Fall,2.7,Yes,Next Day Air,1.0,1.0,12.0,Credit Card,Bi-Weekly,,1.0,0.5625,0.10204081632653061,0.49019607843137253,0.6800000000000002,0.36837515006002397,Low Value
387.0,64.0,Male,Jewelry,Accessories,39.0,Louisiana,L,Brown,Spring,3.4,Yes,Express,1.0,1.0,40.0,PayPal,Quarterly,4.0,1.0,0.11250000000000004,0.12244897959183673,,0.9199999999999999,,Low Value
388.0,45.0,Male,Coat,Outerwear,93.0,Georgia,L,Silver,Summer,4.6,Yes,Store Pickup,1.0,1.0,38.0,PayPal,Fortnightly,26.0,1.0,0.5625,0.02040816326530612,0.0,0.9600000000000002,0.21666326530612248,Low Value
389.0,22.0,Male,Handbag,Accessories,82.0,Washington,M,Orange,Summer,2.7,Yes,Store Pickup,1.0,1.0,10.0,PayPal,Quarterly,4.0,1.0,0.8500000000000001,0.4693877551020408,0.0,0.56,0.4137551020408164,Low Value
390.0,27.0,Male,Boots,Footwear,42.0,Virginia,L,Purple,Spring,4.2,Yes,Standard,1.0,1.0,28.0,Bank Transfer,Monthly,12.0,1.0,0.32500000000000007,0.510204081632653,0.0,0.20000000000000018,0.28908163265306125,Low Value
391.0,25.0,Male,Gloves,Accessories,71.0,Indiana,M,Indigo,Winter,3.2,Yes,2-Day Shipping,1.0,1.0,19.0,PayPal,Annually,1.0,1.0,0.5875,0.4897959183673469,,0.8399999999999999,,Low Value
392.0,37.0,Male,Sweater,Clothing,86.0,Minnesota,L,Gray,Spring,4.8,Yes,Standard,1.0,1.0,25.0,Cash,Fortnightly,26.0,1.0,0.1875,0.18367346938775508,0.21568627450980393,0.40000000000000013,0.21567527010804322,Low Value
393.0,26.0,Male,T-shirt,Clothing,82.0,Idaho,XL,Black,Spring,3.3,Yes,Next Day Air,1.0,1.0,38.0,Credit Card,Annually,1.0,1.0,0.5750000000000001,0.26530612244897955,0.49019607843137253,0.9199999999999999,0.46018127250900354,Medium Value
394.0,33.0,Male,Shoes,Footwear,65.0,Vermont,L,Maroon,Fall,4.2,Yes,Standard,1.0,1.0,6.0,PayPal,Fortnightly,26.0,1.0,0.8875,0.4081632653061224,0.058823529411764705,0.9199999999999999,0.45041236494597836,Medium Value
395.0,43.0,Male,Scarf,Accessories,29.0,North Dakota,M,Beige,Spring,4.8,Yes,Store Pickup,1.0,1.0,7.0,Debit Card,Bi-Weekly,,1.0,0.7250000000000001,0.510204081632653,0.21568627450980393,0.20000000000000018,0.43378751500600243,Low Value
396.0,37.0,Male,Sneakers,Footwear,65.0,Rhode Island,L,Brown,Winter,4.9,Yes,Store Pickup,1.0,1.0,2.0,PayPal,Annually,1.0,1.0,0.3125,0.22448979591836735,0.0,0.8,0.23229591836734698,Low Value
397.0,46.0,Male,Dress,Clothing,88.0,South Carolina,S,Black,Fall,3.9,Yes,Standard,1.0,1.0,24.0,Bank Transfer,Annually,1.0,1.0,0.9125000000000001,0.2040816326530612,0.21568627450980393,0.9199999999999999,0.4208385354141657,Low Value
398.0,22.0,Male,Belt,Accessories,46.0,Mississippi,M,Indigo,Fall,3.0,Yes,Free Shipping,1.0,1.0,26.0,Cash,Annually,1.0,1.0,0.675,0.28571428571428564,0.0,0.52,0.30128571428571427,Low Value
399.0,20.0,Male,Boots,Footwear,67.0,Montana,S,Silver,Winter,4.6,Yes,Free Shipping,1.0,1.0,25.0,Debit Card,Every 3 Months,,1.0,0.4375,0.24489795918367344,0.21568627450980393,0.8399999999999999,0.3341650660264106,Low Value
400.0,60.0,Male,Scarf,Accessories,35.0,Idaho,L,Blue,Fall,3.5,Yes,2-Day Shipping,1.0,1.0,10.0,Debit Card,Monthly,12.0,1.0,0.7000000000000001,0.08163265306122448,,0.2400000000000002,,Low Value
401.0,39.0,Male,Boots,Footwear,66.0,Utah,M,Green,Winter,4.8,Yes,Free Shipping,1.0,1.0,14.0,PayPal,Fortnightly,26.0,1.0,0.5750000000000001,0.7142857142857142,0.49019607843137253,0.3600000000000001,0.5837731092436975,Medium Value
402.0,43.0,Male,T-shirt,Clothing,91.0,Oklahoma,L,Orange,Fall,4.8,Yes,Standard,1.0,1.0,21.0,Cash,Quarterly,4.0,1.0,0.38750000000000007,0.6326530612244897,0.21568627450980393,0.32000000000000006,0.4272671068427371,Low Value
403.0,31.0,Male,Backpack,Accessories,78.0,California,L,Cyan,Fall,3.0,Yes,Express,1.0,1.0,26.0,PayPal,Monthly,12.0,1.0,0.07500000000000001,0.0,0.058823529411764705,0.9199999999999999,0.12464705882352942,Low Value
404.0,19.0,Male,Sneakers,Footwear,45.0,Nevada,M,Orange,Winter,4.5,Yes,Next Day Air,1.0,1.0,12.0,Bank Transfer,Annually,1.0,1.0,0.11250000000000004,0.28571428571428564,0.0,0.11999999999999988,0.14878571428571427,Low Value
405.0,35.0,Male,T-shirt,Clothing,93.0,Delaware,M,Indigo,Spring,4.8,Yes,Store Pickup,1.0,1.0,11.0,Credit Card,Monthly,12.0,1.0,0.675,0.04081632653061225,0.9999999999999999,0.2400000000000002,0.47532653061224484,Medium Value
406.0,41.0,Male,Jeans,Clothing,74.0,South Carolina,S,Silver,Summer,3.8,Yes,Standard,1.0,1.0,15.0,Cash,Annually,1.0,1.0,0.9875,0.9591836734693877,0.21568627450980393,0.8399999999999999,0.7298793517406962,Medium Value
407.0,52.0,Male,Gloves,Accessories,55.0,Maryland,M,Peach,Spring,4.6,Yes,Express,1.0,1.0,13.0,Cash,Monthly,12.0,1.0,0.8500000000000001,0.5918367346938774,0.9999999999999999,0.040000000000000036,0.710734693877551,Medium Value
408.0,45.0,Male,Hoodie,Clothing,76.0,North Carolina,XL,Teal,Spring,3.1,Yes,Next Day Air,1.0,1.0,5.0,Credit Card,Bi-Weekly,,1.0,0.1375,0.7959183673469387,0.21568627450980393,0.040000000000000036,0.4145732292917167,Low Value
409.0,34.0,Male,Sneakers,Footwear,66.0,Alabama,L,White,Spring,3.4,Yes,Express,1.0,1.0,36.0,Cash,Fortnightly,26.0,1.0,0.4375,0.4693877551020408,0.49019607843137253,0.52,0.47431392557022806,Medium Value
410.0,35.0,Male,Shorts,Clothing,51.0,Minnesota,M,Brown,Winter,3.3,Yes,2-Day Shipping,1.0,1.0,32.0,Bank Transfer,Monthly,12.0,1.0,0.7625,0.9591836734693877,0.058823529411764705,0.8,0.6338205282112845,Medium Value
411.0,29.0,Male,Sweater,Clothing,26.0,Virginia,L,Lavender,Spring,4.8,Yes,2-Day Shipping,1.0,1.0,1.0,Credit Card,Quarterly,4.0,1.0,0.6625000000000001,0.5306122448979591,,0.20000000000000018,,Low Value
412.0,59.0,Male,Jeans,Clothing,29.0,Michigan,M,Indigo,Summer,2.8,Yes,Express,1.0,1.0,15.0,PayPal,Annually,1.0,1.0,0.42500000000000004,0.346938775510204,,0.52,,Low Value
413.0,24.0,Male,Jacket,Outerwear,74.0,Maine,M,Yellow,Summer,3.1,Yes,Store Pickup,1.0,1.0,3.0,Bank Transfer,Weekly,52.0,1.0,0.25,0.9591836734693877,,0.40000000000000013,,Low Value
414.0,70.0,Male,Jewelry,Accessories,99.0,Nevada,S,White,Summer,4.6,Yes,Free Shipping,1.0,1.0,48.0,Cash,Monthly,12.0,1.0,0.48750000000000004,0.6326530612244897,0.0,0.2400000000000002,0.37456122448979595,Low Value
415.0,29.0,Male,Backpack,Accessories,88.0,Wyoming,L,Violet,Winter,2.6,Yes,Store Pickup,1.0,1.0,30.0,Debit Card,Weekly,52.0,1.0,0.07500000000000001,0.4081632653061224,,0.20000000000000018,,Low Value
416.0,67.0,Male,Coat,Outerwear,31.0,Connecticut,M,Lavender,Winter,2.6,Yes,Express,1.0,1.0,40.0,Bank Transfer,Monthly,12.0,1.0,0.03750000000000003,0.836734693877551,0.49019607843137253,0.72,0.5612527010804321,Medium Value
417.0,36.0,Male,Belt,Accessories,55.0,Oregon,L,Olive,Spring,3.8,Yes,Free Shipping,1.0,1.0,24.0,Bank Transfer,Fortnightly,26.0,1.0,0.8375000000000001,0.061224489795918366,0.058823529411764705,0.32000000000000006,0.2416368547418968,Low Value
418.0,23.0,Male,Sandals,Footwear,81.0,Mississippi,L,Beige,Fall,4.5,Yes,Free Shipping,1.0,1.0,48.0,Debit Card,Quarterly,4.0,1.0,0.6375000000000001,0.36734693877551017,0.058823529411764705,0.8800000000000001,0.3800858343337335,Low Value
419.0,18.0,Male,Sweater,Clothing,73.0,Illinois,L,Purple,Spring,3.0,Yes,Standard,1.0,1.0,27.0,Venmo,Bi-Weekly,,1.0,0.8875,0.10204081632653061,0.058823529411764705,0.8,0.3159633853541417,Low Value
421.0,32.0,Male,Socks,Clothing,54.0,North Carolina,S,Peach,Spring,3.8,Yes,Free Shipping,1.0,1.0,18.0,Debit Card,Bi-Weekly,,1.0,0.925,0.4081632653061224,0.49019607843137253,0.6399999999999999,0.5593241296518607,Medium Value
422.0,38.0,Male,Shirt,Clothing,40.0,Kentucky,M,Violet,Winter,3.5,Yes,Standard,1.0,1.0,48.0,Cash,Bi-Weekly,,1.0,0.25,0.7959183673469387,0.0,0.40000000000000013,0.4083673469387755,Low Value
423.0,47.0,Male,Pants,Clothing,59.0,Minnesota,M,Purple,Fall,3.1,Yes,Store Pickup,1.0,1.0,32.0,Debit Card,Annually,1.0,1.0,0.7000000000000001,0.6530612244897959,0.49019607843137253,0.3600000000000001,0.5842833133253301,Medium Value
424.0,46.0,Male,Scarf,Accessories,26.0,New York,L,Teal,Spring,3.0,Yes,Store Pickup,1.0,1.0,21.0,Credit Card,Bi-Weekly,,1.0,0.825,0.510204081632653,0.9999999999999999,0.32000000000000006,0.7010816326530612,Medium Value
425.0,66.0,Male,Sweater,Clothing,23.0,Illinois,M,Gold,Winter,4.3,Yes,Standard,1.0,1.0,42.0,PayPal,Fortnightly,26.0,1.0,0.9000000000000001,0.44897959183673464,0.49019607843137253,0.28000000000000025,0.5346506602641057,Medium Value
426.0,40.0,Male,Jeans,Clothing,87.0,North Dakota,S,Teal,Winter,3.3,Yes,Store Pickup,1.0,1.0,4.0,Credit Card,Quarterly,4.0,1.0,0.4,0.7755102040816325,,0.6000000000000001,,Low Value
427.0,43.0,Male,Pants,Clothing,71.0,Louisiana,M,Violet,Winter,4.7,Yes,Express,1.0,1.0,19.0,Credit Card,Quarterly,4.0,1.0,0.10000000000000003,0.836734693877551,0.21568627450980393,0.44000000000000017,0.46339975990396165,Medium Value
428.0,58.0,Male,Backpack,Accessories,91.0,Illinois,L,Black,Winter,4.5,Yes,Store Pickup,1.0,1.0,6.0,Credit Card,Quarterly,4.0,1.0,0.32500000000000007,0.8163265306122448,0.9999999999999999,0.8399999999999999,0.7755306122448979,High Value
429.0,21.0,Male,Coat,Outerwear,64.0,Wyoming,XL,Gold,Winter,2.9,Yes,Free Shipping,1.0,1.0,2.0,Debit Card,Fortnightly,26.0,1.0,0.375,0.8163265306122448,0.0,0.040000000000000036,0.40553061224489795,Low Value
430.0,42.0,Male,Sandals,Footwear,94.0,Washington,M,Gold,Winter,4.1,Yes,2-Day Shipping,1.0,1.0,21.0,Cash,Fortnightly,26.0,1.0,0.03750000000000003,0.22448979591836735,0.49019607843137253,0.72,0.3163547418967587,Low Value
431.0,24.0,Male,Shirt,Clothing,40.0,Texas,M,Brown,Summer,3.5,Yes,Store Pickup,1.0,1.0,40.0,Debit Card,Annually,1.0,1.0,0.375,0.6122448979591836,0.21568627450980393,0.3600000000000001,0.4206038415366147,Low Value
432.0,43.0,Male,Hat,Accessories,76.0,New Hampshire,L,Cyan,Winter,3.4,Yes,Store Pickup,1.0,1.0,33.0,Cash,Fortnightly,26.0,1.0,0.8625,0.673469387755102,0.49019607843137253,0.40000000000000013,0.6289465786314526,Medium Value
433.0,47.0,Male,Shirt,Clothing,86.0,Indiana,S,Indigo,Fall,3.3,Yes,Free Shipping,1.0,1.0,26.0,Venmo,Weekly,52.0,1.0,0.7625,0.6326530612244897,0.0,0.6800000000000002,0.47356122448979593,Medium Value
434.0,49.0,Male,Skirt,Clothing,92.0,Alabama,M,Orange,Fall,3.2,Yes,Store Pickup,1.0,1.0,23.0,Credit Card,Fortnightly,26.0,1.0,0.5875,0.4693877551020408,0.0,0.44000000000000017,0.3492551020408164,Low Value
435.0,50.0,Male,Shoes,Footwear,52.0,Oklahoma,L,Pink,Spring,4.0,Yes,Store Pickup,1.0,1.0,39.0,PayPal,Every 3 Months,,1.0,0.0,0.6122448979591836,0.0,0.72,0.3168979591836734,Low Value
436.0,51.0,Male,Coat,Outerwear,28.0,Montana,XL,Olive,Winter,3.6,Yes,Next Day Air,1.0,1.0,42.0,Bank Transfer,Monthly,12.0,1.0,0.11250000000000004,0.346938775510204,0.0,0.9600000000000002,0.2572755102040817,Low Value
437.0,40.0,Male,Pants,Clothing,46.0,Tennessee,L,Cyan,Summer,4.6,Yes,Free Shipping,1.0,1.0,41.0,Bank Transfer,Weekly,52.0,1.0,0.675,0.28571428571428564,0.21568627450980393,0.6399999999999999,0.37799159663865545,Low Value
438.0,45.0,Male,Jewelry,Accessories,50.0,New Mexico,M,Peach,Summer,2.6,Yes,Next Day Air,1.0,1.0,41.0,PayPal,Annually,1.0,1.0,0.7750000000000001,0.12244897959183673,,0.44000000000000017,,Low Value
439.0,52.0,Male,Belt,Accessories,23.0,Iowa,M,Turquoise,Winter,4.3,Yes,Express,1.0,1.0,12.0,Credit Card,Fortnightly,26.0,1.0,0.03750000000000003,0.693877551020408,0.49019607843137253,0.3600000000000001,0.468109843937575,Medium Value
440.0,62.0,Male,Jacket,Outerwear,50.0,Idaho,M,Turquoise,Summer,3.4,Yes,Free Shipping,1.0,1.0,31.0,Cash,Monthly,12.0,1.0,0.3125,0.693877551020408,0.21568627450980393,0.15999999999999992,0.4207569027611044,Low Value
441.0,20.0,Male,Shirt,Clothing,89.0,Oklahoma,XL,Maroon,Winter,3.5,Yes,Store Pickup,1.0,1.0,34.0,Debit Card,Fortnightly,26.0,1.0,0.012500000000000011,0.36734693877551017,0.21568627450980393,0.08000000000000007,0.22214465786314525,Low Value
442.0,43.0,Male,Hoodie,Clothing,81.0,Florida,M,Maroon,Winter,4.2,Yes,Standard,1.0,1.0,32.0,Credit Card,Annually,1.0,1.0,0.1375,0.510204081632653,0.49019607843137253,0.72,0.45064045618247295,Medium Value
444.0,22.0,Male,Sunglasses,Accessories,67.0,Hawaii,M,Magenta,Summer,3.6,Yes,Free Shipping,1.0,1.0,24.0,PayPal,Annually,1.0,1.0,0.9625000000000001,0.26530612244897955,,0.28000000000000025,,Low Value
445.0,48.0,Male,Dress,Clothing,20.0,California,M,Red,Summer,4.3,Yes,Store Pickup,1.0,1.0,31.0,Debit Card,Annually,1.0,1.0,1.0,1.0,0.49019607843137253,0.44000000000000017,0.7910588235294118,High Value
446.0,42.0,Male,Boots,Footwear,29.0,Iowa,M,Olive,Fall,4.9,Yes,Standard,1.0,1.0,18.0,Venmo,Annually,1.0,1.0,0.9500000000000002,0.6530612244897959,0.058823529411764705,0.6000000000000001,0.5288715486194479,Medium Value
447.0,19.0,Male,Shirt,Clothing,74.0,West Virginia,M,Silver,Summer,4.1,Yes,Store Pickup,1.0,1.0,15.0,Venmo,Monthly,12.0,1.0,0.9875,0.9591836734693877,,0.9600000000000002,,Low Value
448.0,60.0,Male,Shorts,Clothing,82.0,Washington,S,Turquoise,Spring,3.6,Yes,Standard,1.0,1.0,7.0,Bank Transfer,Every 3 Months,,1.0,0.8875,0.9591836734693877,0.21568627450980393,0.6000000000000001,0.6858793517406963,Medium Value
449.0,32.0,Male,Gloves,Accessories,23.0,Missouri,M,Yellow,Summer,3.4,Yes,Next Day Air,1.0,1.0,35.0,Bank Transfer,Fortnightly,26.0,1.0,0.125,0.5306122448979591,0.49019607843137253,0.52,0.4363037214885954,Low Value
450.0,26.0,Male,Jewelry,Accessories,45.0,New York,L,Peach,Summer,2.9,Yes,2-Day Shipping,1.0,1.0,35.0,Bank Transfer,Monthly,12.0,1.0,0.9125000000000001,0.38775510204081626,0.9999999999999999,0.56,0.6936020408163265,Medium Value
451.0,25.0,Male,Boots,Footwear,21.0,Connecticut,L,Beige,Summer,2.7,Yes,Store Pickup,1.0,1.0,19.0,Credit Card,Monthly,12.0,1.0,0.7625,0.9591836734693877,,0.32000000000000006,,Low Value
452.0,66.0,Male,Jewelry,Accessories,31.0,Virginia,M,Pink,Summer,4.3,Yes,Express,1.0,1.0,26.0,Credit Card,Fortnightly,26.0,1.0,0.7625,0.5714285714285714,0.9999999999999999,0.08000000000000007,0.6890714285714284,Medium Value
454.0,54.0,Male,Jewelry,Accessories,56.0,Nebraska,XL,Peach,Winter,2.8,Yes,Next Day Air,1.0,1.0,22.0,Credit Card,Weekly,52.0,1.0,0.8500000000000001,0.4897959183673469,0.058823529411764705,0.11999999999999988,0.39556542617046825,Low Value
455.0,37.0,Male,Jacket,Outerwear,97.0,New Jersey,S,Gold,Summer,3.2,Yes,Next Day Air,1.0,1.0,14.0,Cash,Bi-Weekly,,1.0,0.050000000000000044,0.4897959183673469,0.9999999999999999,0.8399999999999999,0.5899183673469387,Medium Value
456.0,54.0,Male,Blouse,Clothing,100.0,Utah,XL,Gold,Fall,3.6,Yes,Store Pickup,1.0,1.0,50.0,Debit Card,Fortnightly,26.0,1.0,0.38750000000000007,0.7346938775510203,,0.8,,Low Value
457.0,50.0,Male,Blouse,Clothing,96.0,North Carolina,S,Indigo,Fall,4.0,Yes,2-Day Shipping,1.0,1.0,33.0,Credit Card,Quarterly,4.0,1.0,0.22500000000000003,0.3061224489795918,0.058823529411764705,1.0,0.2850960384153661,Low Value
458.0,25.0,Male,Gloves,Accessories,99.0,Rhode Island,M,Blue,Spring,4.9,Yes,Next Day Air,1.0,1.0,48.0,Debit Card,Every 3 Months,,1.0,0.32500000000000007,0.5918367346938774,,0.6399999999999999,,Low Value
459.0,47.0,Male,Shorts,Clothing,91.0,Arkansas,L,Black,Winter,4.0,Yes,2-Day Shipping,1.0,1.0,48.0,PayPal,Monthly,12.0,1.0,0.5375000000000001,0.10204081632653061,,0.8399999999999999,,Low Value
460.0,63.0,Male,Hat,Accessories,30.0,Maryland,L,Black,Winter,3.8,Yes,Standard,1.0,1.0,27.0,PayPal,Fortnightly,26.0,1.0,0.65,0.7142857142857142,0.058823529411764705,0.9600000000000002,0.5293613445378151,Medium Value
462.0,18.0,Male,Boots,Footwear,93.0,Ohio,M,Yellow,Winter,3.9,Yes,Express,1.0,1.0,20.0,Venmo,Weekly,52.0,1.0,0.275,0.5714285714285714,,0.56,,Low Value
463.0,59.0,Male,Jacket,Outerwear,81.0,Illinois,M,White,Fall,3.3,Yes,Express,1.0,1.0,48.0,Venmo,Every 3 Months,,1.0,0.7000000000000001,0.28571428571428564,0.058823529411764705,0.040000000000000036,0.2759327731092437,Low Value
464.0,37.0,Male,Jewelry,Accessories,81.0,Georgia,S,Orange,Summer,2.7,Yes,Standard,1.0,1.0,29.0,Venmo,Weekly,52.0,1.0,0.5750000000000001,0.346938775510204,0.0,0.08000000000000007,0.26177551020408163,Low Value
465.0,23.0,Male,Sunglasses,Accessories,52.0,Alabama,M,Silver,Winter,4.7,Yes,Next Day Air,1.0,1.0,45.0,PayPal,Monthly,12.0,1.0,0.875,0.02040816326530612,0.49019607843137253,0.40000000000000013,0.3702220888355342,Low Value
466.0,54.0,Male,Skirt,Clothing,88.0,Oklahoma,M,Pink,Summer,2.8,Yes,Next Day Air,1.0,1.0,25.0,Cash,Quarterly,4.0,1.0,0.45000000000000007,0.9795918367346937,0.9999999999999999,0.4800000000000002,0.8298367346938775,High Value
467.0,38.0,Male,Jeans,Clothing,24.0,Vermont,L,Turquoise,Winter,4.6,Yes,Free Shipping,1.0,1.0,25.0,PayPal,Weekly,52.0,1.0,0.2875,0.9591836734693877,0.0,0.28000000000000025,0.4691734693877551,Medium Value
468.0,19.0,Male,Backpack,Accessories,51.0,Nebraska,S,Orange,Spring,4.5,Yes,2-Day Shipping,1.0,1.0,37.0,Debit Card,Every 3 Months,,1.0,0.8,0.8571428571428571,0.21568627450980393,0.32000000000000006,0.5995630252100841,Medium Value
469.0,34.0,Male,Backpack,Accessories,38.0,Georgia,S,Peach,Fall,5.0,Yes,Free Shipping,1.0,1.0,16.0,Cash,Quarterly,4.0,1.0,0.8500000000000001,0.5918367346938774,,0.9199999999999999,,Low Value
470.0,21.0,Male,Shorts,Clothing,46.0,Alabama,L,Pink,Fall,4.1,Yes,2-Day Shipping,1.0,1.0,30.0,Debit Card,Bi-Weekly,,1.0,0.8500000000000001,0.18367346938775508,0.49019607843137253,0.28000000000000025,0.41852821128451384,Low Value
471.0,50.0,Male,Dress,Clothing,63.0,Minnesota,L,Teal,Summer,4.6,Yes,Express,1.0,1.0,6.0,Cash,Every 3 Months,,1.0,0.275,0.2040816326530612,0.0,0.0,0.1366326530612245,Low Value
472.0,55.0,Male,Scarf,Accessories,72.0,Missouri,XL,White,Winter,4.9,Yes,2-Day Shipping,1.0,1.0,36.0,Bank Transfer,Quarterly,4.0,1.0,0.6625000000000001,0.22448979591836735,0.9999999999999999,0.56,0.578295918367347,Medium Value
473.0,20.0,Male,Jeans,Clothing,39.0,Georgia,L,Gray,Winter,3.9,Yes,Free Shipping,1.0,1.0,3.0,Bank Transfer,Quarterly,4.0,1.0,0.6625000000000001,0.5510204081632653,0.058823529411764705,0.8800000000000001,0.45855522208883553,Medium Value
474.0,34.0,Male,Coat,Outerwear,42.0,West Virginia,L,Olive,Spring,3.9,Yes,Store Pickup,1.0,1.0,29.0,PayPal,Every 3 Months,,1.0,0.30000000000000004,0.7142857142857142,0.49019607843137253,0.040000000000000036,0.49677310924369744,Medium Value
475.0,62.0,Male,Sweater,Clothing,76.0,Arkansas,XL,Maroon,Summer,2.6,Yes,2-Day Shipping,1.0,1.0,15.0,Cash,Quarterly,4.0,1.0,0.5375000000000001,0.7346938775510203,,0.11999999999999988,,Low Value
476.0,21.0,Male,Sneakers,Footwear,66.0,Ohio,L,Magenta,Summer,2.7,Yes,Free Shipping,1.0,1.0,18.0,Debit Card,Annually,1.0,1.0,0.6000000000000001,0.4285714285714285,0.058823529411764705,0.7600000000000002,0.38507563025210084,Low Value
477.0,21.0,Male,Scarf,Accessories,90.0,Connecticut,M,Magenta,Spring,3.5,Yes,Free Shipping,1.0,1.0,2.0,Debit Card,Fortnightly,26.0,1.0,0.11250000000000004,0.6326530612244897,0.9999999999999999,0.8399999999999999,0.6595612244897958,Medium Value
478.0,42.0,Male,Sweater,Clothing,56.0,North Dakota,M,Green,Summer,3.7,Yes,Free Shipping,1.0,1.0,49.0,Debit Card,Weekly,52.0,1.0,0.8125,0.7959183673469387,0.0,0.28000000000000025,0.5088673469387756,Medium Value
479.0,35.0,Male,Jewelry,Accessories,43.0,Kansas,XL,Turquoise,Winter,3.2,Yes,Free Shipping,1.0,1.0,48.0,Venmo,Annually,1.0,1.0,0.275,0.9387755102040816,0.21568627450980393,0.6800000000000002,0.5632160864345739,Medium Value
480.0,39.0,Male,Handbag,Accessories,84.0,Iowa,L,Yellow,Winter,3.3,Yes,Store Pickup,1.0,1.0,43.0,Venmo,Monthly,12.0,1.0,0.525,0.2040816326530612,0.9999999999999999,0.56,0.5426326530612244,Medium Value
481.0,68.0,Male,Hoodie,Clothing,88.0,Vermont,M,Gray,Summer,4.8,Yes,Standard,1.0,1.0,30.0,Debit Card,Bi-Weekly,,1.0,0.3500000000000001,0.36734693877551017,,0.8800000000000001,,Low Value
482.0,46.0,Male,Hat,Accessories,88.0,Wisconsin,L,Peach,Fall,3.2,Yes,2-Day Shipping,1.0,1.0,10.0,PayPal,Fortnightly,26.0,1.0,0.6000000000000001,0.836734693877551,0.9999999999999999,0.8,0.8346938775510204,High Value
483.0,41.0,Male,Belt,Accessories,42.0,Connecticut,M,Yellow,Winter,2.5,Yes,2-Day Shipping,1.0,1.0,11.0,Venmo,Annually,1.0,1.0,0.2,0.10204081632653061,0.49019607843137253,0.32000000000000006,0.259875150060024,Low Value
484.0,23.0,Male,Hoodie,Clothing,73.0,Oklahoma,M,White,Fall,3.9,Yes,Store Pickup,1.0,1.0,12.0,Debit Card,Weekly,52.0,1.0,0.5375000000000001,0.6122448979591836,0.49019607843137253,0.32000000000000006,0.5314567827130853,Medium Value
485.0,68.0,Male,Hat,Accessories,73.0,Missouri,L,Lavender,Summer,4.7,Yes,Free Shipping,1.0,1.0,28.0,Bank Transfer,Quarterly,4.0,1.0,0.23750000000000004,0.6122448979591836,0.9999999999999999,0.8399999999999999,0.6763979591836733,Medium Value
486.0,48.0,Male,Shoes,Footwear,44.0,Tennessee,S,Blue,Spring,2.6,Yes,Next Day Air,1.0,1.0,36.0,Debit Card,Fortnightly,26.0,1.0,0.7250000000000001,0.5306122448979591,0.21568627450980393,0.44000000000000017,0.4659507803121249,Medium Value
487.0,38.0,Male,Sandals,Footwear,63.0,New Mexico,M,Charcoal,Fall,2.8,Yes,Store Pickup,1.0,1.0,37.0,Venmo,Every 3 Months,,1.0,0.9875,0.4693877551020408,0.21568627450980393,0.9199999999999999,0.5419609843937575,Medium Value
488.0,41.0,Male,Jacket,Outerwear,68.0,Iowa,L,Red,Winter,4.4,Yes,Store Pickup,1.0,1.0,22.0,Credit Card,Quarterly,4.0,1.0,0.1375,0.693877551020408,,0.9199999999999999,,Low Value
489.0,58.0,Male,Sweater,Clothing,29.0,Maine,L,Olive,Spring,4.6,Yes,Standard,1.0,1.0,32.0,Venmo,Weekly,52.0,1.0,0.3125,0.4081632653061224,0.0,0.15999999999999992,0.24176530612244895,Low Value
490.0,49.0,Male,Socks,Clothing,85.0,South Dakota,M,Green,Summer,3.2,Yes,Standard,1.0,1.0,40.0,PayPal,Annually,1.0,1.0,0.125,0.14285714285714285,0.49019607843137253,0.11999999999999988,0.24120168067226885,Low Value
491.0,57.0,Male,Sneakers,Footwear,42.0,Colorado,M,Silver,Winter,4.2,Yes,2-Day Shipping,1.0,1.0,47.0,Cash,Monthly,12.0,1.0,0.050000000000000044,0.510204081632653,0.058823529411764705,0.28000000000000025,0.2597286914765906,Low Value
493.0,50.0,Male,Shirt,Clothing,62.0,Michigan,M,Black,Fall,3.9,Yes,Standard,1.0,1.0,11.0,Debit Card,Weekly,52.0,1.0,0.5375000000000001,0.16326530612244897,,0.72,,Low Value
494.0,28.0,Male,Backpack,Accessories,48.0,Nevada,XL,Red,Summer,4.7,Yes,Store Pickup,1.0,1.0,19.0,Cash,Bi-Weekly,,1.0,0.25,0.9591836734693877,0.0,0.08000000000000007,0.4416734693877551,Low Value
495.0,38.0,Male,Boots,Footwear,68.0,Indiana,M,Indigo,Winter,4.5,Yes,Express,1.0,1.0,42.0,Debit Card,Weekly,52.0,1.0,0.0,0.6530612244897959,0.49019607843137253,1.0,0.50828331332533,Medium Value
496.0,33.0,Male,Handbag,Accessories,36.0,Michigan,XL,Cyan,Fall,3.3,Yes,Free Shipping,1.0,1.0,6.0,Debit Card,Fortnightly,26.0,1.0,0.0,0.6122448979591836,0.058823529411764705,0.4800000000000002,0.3105450180072029,Low Value
497.0,30.0,Male,Dress,Clothing,63.0,California,S,Maroon,Fall,3.3,Yes,Express,1.0,1.0,31.0,Venmo,Fortnightly,26.0,1.0,0.75,0.32653061224489793,0.9999999999999999,0.56,0.6366122448979592,Medium Value
498.0,43.0,Male,Sneakers,Footwear,39.0,Oklahoma,S,Silver,Winter,4.6,Yes,Free Shipping,1.0,1.0,31.0,Cash,Weekly,52.0,1.0,0.8375000000000001,0.4285714285714285,0.0,0.56,0.39492857142857146,Low Value
499.0,43.0,Male,Boots,Footwear,78.0,Iowa,M,Lavender,Spring,3.6,Yes,Free Shipping,1.0,1.0,27.0,Bank Transfer,Monthly,12.0,1.0,0.32500000000000007,0.14285714285714285,0.0,0.2400000000000002,0.14614285714285719,Low Value
500.0,36.0,Male,Shoes,Footwear,99.0,Rhode Island,L,Silver,Winter,4.8,Yes,Express,1.0,1.0,24.0,PayPal,Monthly,12.0,1.0,0.5625,0.8979591836734693,0.0,0.44000000000000017,0.5156836734693877,Medium Value
501.0,36.0,Male,T-shirt,Clothing,31.0,Washington,L,Purple,Fall,4.8,Yes,Next Day Air,1.0,1.0,35.0,Venmo,Every 3 Months,,1.0,0.525,0.9387755102040816,0.058823529411764705,0.72,0.570157262905162,Medium Value
502.0,64.0,Male,Boots,Footwear,45.0,Florida,M,Cyan,Spring,2.9,Yes,Next Day Air,1.0,1.0,21.0,Venmo,Annually,1.0,1.0,0.5875,0.12244897959183673,0.21568627450980393,0.8,0.3111854741896759,Low Value
503.0,59.0,Male,Pants,Clothing,30.0,South Carolina,S,Cyan,Fall,2.8,Yes,Express,1.0,1.0,8.0,PayPal,Fortnightly,26.0,1.0,0.26250000000000007,0.36734693877551017,,0.11999999999999988,,Low Value
504.0,55.0,Male,Shoes,Footwear,24.0,West Virginia,M,Lavender,Summer,3.2,Yes,Next Day Air,1.0,1.0,26.0,Bank Transfer,Quarterly,4.0,1.0,0.36250000000000004,0.8775510204081631,,0.08000000000000007,,Low Value
505.0,42.0,Male,Shoes,Footwear,22.0,Missouri,M,Maroon,Winter,3.9,Yes,Free Shipping,1.0,1.0,26.0,PayPal,Annually,1.0,1.0,1.0,0.3061224489795918,,0.15999999999999992,,Low Value
506.0,61.0,Male,T-shirt,Clothing,63.0,Maine,L,Gray,Spring,4.3,Yes,Express,1.0,1.0,9.0,Cash,Bi-Weekly,,1.0,0.42500000000000004,0.32653061224489793,0.058823529411764705,0.7600000000000002,0.30925930372148863,Low Value
507.0,28.0,Male,Scarf,Accessories,40.0,Georgia,M,Olive,Fall,2.7,Yes,2-Day Shipping,1.0,1.0,48.0,Debit Card,Annually,1.0,1.0,0.8,0.38775510204081626,0.058823529411764705,0.56,0.38874909963985593,Low Value
508.0,65.0,Male,Shorts,Clothing,20.0,Maine,M,Magenta,Spring,5.0,Yes,Store Pickup,1.0,1.0,33.0,Debit Card,Fortnightly,26.0,1.0,0.26250000000000007,1.0,0.0,0.40000000000000013,0.49250000000000005,Medium Value
509.0,27.0,Male,Jewelry,Accessories,20.0,Illinois,S,Yellow,Winter,3.7,Yes,Store Pickup,1.0,1.0,31.0,PayPal,Quarterly,4.0,1.0,0.8500000000000001,0.7346938775510203,0.058823529411764705,0.0,0.4815246098439376,Medium Value
510.0,41.0,Male,T-shirt,Clothing,80.0,Delaware,L,Cyan,Summer,3.9,Yes,Free Shipping,1.0,1.0,17.0,Debit Card,Weekly,52.0,1.0,0.25,0.08163265306122448,0.058823529411764705,0.9600000000000002,0.19630012004801922,Low Value
511.0,21.0,Male,Shirt,Clothing,87.0,West Virginia,M,Teal,Fall,3.9,Yes,2-Day Shipping,1.0,1.0,22.0,Venmo,Annually,1.0,1.0,0.23750000000000004,0.8775510204081631,0.0,0.9199999999999999,0.49052040816326525,Medium Value
512.0,61.0,Male,Shirt,Clothing,46.0,Hawaii,L,Yellow,Fall,3.1,Yes,Free Shipping,1.0,1.0,8.0,PayPal,Annually,1.0,1.0,0.21250000000000002,0.8163265306122448,0.21568627450980393,0.28000000000000025,0.46173649459783916,Medium Value
514.0,22.0,Male,Scarf,Accessories,65.0,New Mexico,M,Peach,Fall,3.6,Yes,Store Pickup,1.0,1.0,45.0,Venmo,Annually,1.0,1.0,0.03750000000000003,0.9387755102040816,,0.72,,Low Value
515.0,64.0,Male,Skirt,Clothing,62.0,Indiana,S,Olive,Winter,4.3,Yes,Standard,1.0,1.0,47.0,PayPal,Quarterly,4.0,1.0,0.8500000000000001,0.7959183673469387,0.0,0.28000000000000025,0.5163673469387755,Medium Value
516.0,28.0,Male,Hat,Accessories,67.0,Kentucky,L,Charcoal,Spring,4.5,Yes,Next Day Air,1.0,1.0,7.0,Cash,Monthly,12.0,1.0,0.8,0.10204081632653061,0.21568627450980393,0.4800000000000002,0.31352220888355353,Low Value
517.0,34.0,Male,Hoodie,Clothing,41.0,West Virginia,L,Indigo,Fall,2.8,Yes,2-Day Shipping,1.0,1.0,19.0,Debit Card,Bi-Weekly,,1.0,0.21250000000000002,0.4897959183673469,,0.28000000000000025,,Low Value
518.0,61.0,Male,Boots,Footwear,49.0,North Dakota,L,Silver,Fall,2.7,Yes,Free Shipping,1.0,1.0,44.0,Cash,Every 3 Months,,1.0,0.38750000000000007,0.836734693877551,0.9999999999999999,0.3600000000000001,0.7481938775510204,Medium Value
519.0,24.0,Male,Blouse,Clothing,100.0,Oregon,M,Beige,Fall,2.9,Yes,Next Day Air,1.0,1.0,16.0,Venmo,Every 3 Months,,1.0,0.7000000000000001,0.693877551020408,,0.6399999999999999,,Low Value
520.0,19.0,Male,Belt,Accessories,54.0,Minnesota,L,Blue,Summer,4.4,Yes,2-Day Shipping,1.0,1.0,17.0,Bank Transfer,Quarterly,4.0,1.0,0.5,0.32653061224489793,0.9999999999999999,0.8,0.6106122448979592,Medium Value
521.0,51.0,Male,Sunglasses,Accessories,84.0,South Carolina,M,White,Spring,3.9,Yes,Free Shipping,1.0,1.0,20.0,Debit Card,Quarterly,4.0,1.0,0.65,0.061224489795918366,0.058823529411764705,0.8,0.2521368547418968,Low Value
522.0,36.0,Male,Shorts,Clothing,41.0,Vermont,L,Gold,Winter,3.5,Yes,Standard,1.0,1.0,50.0,Bank Transfer,Annually,1.0,1.0,0.3125,0.4693877551020408,0.9999999999999999,0.28000000000000025,0.5782551020408163,Medium Value
523.0,65.0,Male,Gloves,Accessories,88.0,Minnesota,M,Blue,Spring,2.5,Yes,Store Pickup,1.0,1.0,37.0,Cash,Quarterly,4.0,1.0,0.8,0.3061224489795918,,0.7600000000000002,,Low Value
524.0,46.0,Male,Sandals,Footwear,40.0,Delaware,M,Orange,Spring,4.9,Yes,Express,1.0,1.0,5.0,PayPal,Quarterly,4.0,1.0,0.36250000000000004,0.26530612244897955,0.0,0.20000000000000018,0.19862244897959186,Low Value
525.0,59.0,Male,Shirt,Clothing,39.0,Pennsylvania,M,Gold,Summer,4.8,Yes,Free Shipping,1.0,1.0,44.0,PayPal,Annually,1.0,1.0,0.025000000000000022,0.8571428571428571,0.9999999999999999,0.28000000000000025,0.6758571428571428,Medium Value
526.0,51.0,Male,Coat,Outerwear,37.0,Iowa,M,Cyan,Spring,3.2,Yes,Next Day Air,1.0,1.0,41.0,Debit Card,Monthly,12.0,1.0,0.3500000000000001,0.9795918367346937,0.9999999999999999,0.6000000000000001,0.8218367346938775,High Value
527.0,51.0,Male,Pants,Clothing,52.0,New Jersey,S,Red,Winter,4.9,Yes,Standard,1.0,1.0,19.0,Cash,Monthly,12.0,1.0,0.21250000000000002,0.6530612244897959,,0.2400000000000002,,Low Value
528.0,21.0,Male,T-shirt,Clothing,23.0,South Carolina,L,Yellow,Winter,4.3,Yes,Next Day Air,1.0,1.0,47.0,Bank Transfer,Every 3 Months,,1.0,0.08750000000000002,0.8979591836734693,,0.11999999999999988,,Low Value
529.0,34.0,Male,Sneakers,Footwear,88.0,Maryland,S,Beige,Winter,3.2,Yes,Express,1.0,1.0,40.0,Cash,Annually,1.0,1.0,0.7375,0.693877551020408,,0.8399999999999999,,Low Value
530.0,32.0,Male,Shorts,Clothing,84.0,California,M,Orange,Fall,3.7,Yes,Standard,1.0,1.0,6.0,Credit Card,Monthly,12.0,1.0,0.9750000000000001,0.2040816326530612,0.21568627450980393,0.72,0.4133385354141657,Low Value
531.0,48.0,Male,Coat,Outerwear,37.0,Montana,XL,Magenta,Winter,3.2,Yes,Store Pickup,1.0,1.0,25.0,Credit Card,Bi-Weekly,,1.0,0.55,0.5918367346938774,,0.32000000000000006,,Low Value
532.0,50.0,Male,Sandals,Footwear,51.0,Vermont,L,Purple,Fall,3.4,Yes,Next Day Air,1.0,1.0,42.0,Cash,Weekly,52.0,1.0,0.15000000000000002,0.9591836734693877,0.0,0.40000000000000013,0.45367346938775516,Medium Value
533.0,26.0,Male,Pants,Clothing,76.0,Texas,L,Black,Winter,4.1,Yes,Express,1.0,1.0,35.0,Bank Transfer,Every 3 Months,,1.0,0.675,0.8979591836734693,,0.3600000000000001,,Low Value
534.0,57.0,Male,Sandals,Footwear,60.0,North Carolina,L,Pink,Spring,4.5,Yes,Next Day Air,1.0,1.0,17.0,Debit Card,Weekly,52.0,1.0,0.375,0.510204081632653,0.9999999999999999,0.11999999999999988,0.5910816326530612,Medium Value
535.0,65.0,Male,Gloves,Accessories,72.0,Florida,L,Pink,Fall,4.5,Yes,Next Day Air,1.0,1.0,4.0,PayPal,Quarterly,4.0,1.0,0.55,0.8163265306122448,,0.8399999999999999,,Low Value
536.0,56.0,Male,T-shirt,Clothing,45.0,West Virginia,L,Maroon,Spring,3.2,Yes,Free Shipping,1.0,1.0,24.0,Bank Transfer,Weekly,52.0,1.0,0.11250000000000004,0.7346938775510203,,0.44000000000000017,,Low Value
537.0,44.0,Male,Jacket,Outerwear,84.0,Illinois,S,Maroon,Fall,4.4,Yes,Store Pickup,1.0,1.0,16.0,Debit Card,Every 3 Months,,1.0,0.525,0.22448979591836735,0.9999999999999999,0.32000000000000006,0.526795918367347,Medium Value
538.0,50.0,Male,Blouse,Clothing,49.0,Virginia,S,Turquoise,Summer,3.0,Yes,Store Pickup,1.0,1.0,14.0,Debit Card,Annually,1.0,1.0,0.7250000000000001,0.5306122448979591,,0.2400000000000002,,Low Value
539.0,27.0,Male,Socks,Clothing,22.0,Virginia,XL,Green,Spring,3.2,Yes,Free Shipping,1.0,1.0,43.0,Cash,Weekly,52.0,1.0,0.925,0.346938775510204,0.9999999999999999,0.40000000000000013,0.6637755102040817,Medium Value
540.0,49.0,Male,Coat,Outerwear,48.0,Wyoming,M,Violet,Winter,4.0,Yes,Store Pickup,1.0,1.0,49.0,Debit Card,Weekly,52.0,1.0,0.48750000000000004,0.28571428571428564,0.058823529411764705,0.28000000000000025,0.25743277310924373,Low Value
541.0,49.0,Male,Dress,Clothing,37.0,South Carolina,M,Lavender,Spring,3.1,Yes,Next Day Air,1.0,1.0,33.0,Cash,Every 3 Months,,1.0,0.3375,0.673469387755102,0.9999999999999999,0.20000000000000018,0.6568877551020408,Medium Value
542.0,52.0,Male,Jacket,Outerwear,27.0,Connecticut,L,Gray,Fall,2.8,Yes,Next Day Air,1.0,1.0,45.0,Cash,Bi-Weekly,,1.0,0.4625,0.7346938775510203,0.0,0.9199999999999999,0.47837755102040813,Medium Value
543.0,27.0,Male,Boots,Footwear,79.0,Illinois,XL,Teal,Spring,4.6,Yes,Next Day Air,1.0,1.0,35.0,Cash,Bi-Weekly,,1.0,0.875,0.4081632653061224,0.49019607843137253,1.0,0.5853241296518608,Medium Value
544.0,53.0,Male,Skirt,Clothing,98.0,Alabama,S,Red,Spring,4.3,Yes,Express,1.0,1.0,11.0,Credit Card,Monthly,12.0,1.0,0.5,0.6122448979591836,0.9999999999999999,0.15999999999999992,0.6608979591836733,Medium Value
545.0,34.0,Male,Sandals,Footwear,64.0,Washington,S,Yellow,Summer,3.3,Yes,Standard,1.0,1.0,30.0,Bank Transfer,Every 3 Months,,1.0,0.7125,0.8571428571428571,,0.28000000000000025,,Low Value
546.0,33.0,Male,Coat,Outerwear,32.0,Alabama,L,Magenta,Summer,3.5,Yes,2-Day Shipping,1.0,1.0,48.0,Debit Card,Annually,1.0,1.0,0.26250000000000007,0.4285714285714285,0.21568627450980393,0.15999999999999992,0.30463445378151266,Low Value
547.0,62.0,Male,Hoodie,Clothing,74.0,New Mexico,M,Brown,Winter,3.4,Yes,Free Shipping,1.0,1.0,45.0,Venmo,Bi-Weekly,,1.0,0.5625,0.4897959183673469,0.49019607843137253,0.040000000000000036,0.4594771908763505,Medium Value
548.0,38.0,Male,Jacket,Outerwear,50.0,Nevada,M,Blue,Winter,2.8,Yes,Free Shipping,1.0,1.0,26.0,Venmo,Weekly,52.0,1.0,0.525,0.7959183673469387,0.0,0.40000000000000013,0.46336734693877557,Medium Value
549.0,36.0,Male,Backpack,Accessories,64.0,Nebraska,M,Black,Winter,4.6,Yes,Store Pickup,1.0,1.0,41.0,Debit Card,Every 3 Months,,1.0,0.9875,0.3061224489795918,0.058823529411764705,0.7600000000000002,0.41359603841536613,Low Value
550.0,31.0,Male,Backpack,Accessories,29.0,Arizona,S,Olive,Fall,3.6,Yes,Express,1.0,1.0,37.0,Venmo,Bi-Weekly,,1.0,0.4750000000000001,0.5918367346938774,0.9999999999999999,0.3600000000000001,0.667734693877551,Medium Value
551.0,62.0,Male,Belt,Accessories,62.0,Georgia,M,Olive,Summer,3.3,Yes,Store Pickup,1.0,1.0,12.0,PayPal,Weekly,52.0,1.0,0.2875,0.18367346938775508,0.9999999999999999,0.6800000000000002,0.49896938775510197,Medium Value
552.0,29.0,Male,Coat,Outerwear,78.0,Idaho,XL,Green,Fall,3.1,Yes,2-Day Shipping,1.0,1.0,27.0,Cash,Bi-Weekly,,1.0,0.9125000000000001,0.0,0.49019607843137253,0.44000000000000017,0.37355882352941183,Low Value
553.0,24.0,Male,T-shirt,Clothing,94.0,Missouri,M,Peach,Fall,3.5,Yes,Express,1.0,1.0,18.0,Bank Transfer,Weekly,52.0,1.0,0.375,0.4693877551020408,0.49019607843137253,0.20000000000000018,0.4298139255702281,Low Value
554.0,63.0,Male,Sunglasses,Accessories,59.0,Florida,M,White,Winter,3.2,Yes,Express,1.0,1.0,15.0,Credit Card,Quarterly,4.0,1.0,0.8500000000000001,0.7142857142857142,0.21568627450980393,0.6000000000000001,0.580420168067227,Medium Value
555.0,56.0,Male,Sneakers,Footwear,47.0,Minnesota,M,Red,Summer,3.0,Yes,Express,1.0,1.0,34.0,Bank Transfer,Weekly,52.0,1.0,0.16250000000000003,0.9183673469387754,,0.7600000000000002,,Low Value
556.0,63.0,Male,Gloves,Accessories,57.0,Maine,M,White,Fall,4.8,Yes,Express,1.0,1.0,37.0,Venmo,Annually,1.0,1.0,0.9875,0.38775510204081626,0.0,0.6399999999999999,0.4166020408163265,Low Value
557.0,40.0,Male,Coat,Outerwear,90.0,Montana,L,Indigo,Winter,5.0,Yes,Store Pickup,1.0,1.0,21.0,Cash,Fortnightly,26.0,1.0,0.7000000000000001,0.7346938775510203,0.9999999999999999,0.44000000000000017,0.7778775510204081,High Value
558.0,18.0,Male,Shirt,Clothing,60.0,Alaska,M,White,Spring,2.9,Yes,Free Shipping,1.0,1.0,31.0,Debit Card,Weekly,52.0,1.0,0.9625000000000001,0.510204081632653,0.0,0.8399999999999999,0.4805816326530612,Medium Value
559.0,50.0,Male,Sneakers,Footwear,77.0,Iowa,L,Teal,Fall,3.2,Yes,Express,1.0,1.0,43.0,Debit Card,Every 3 Months,,1.0,0.6000000000000001,0.44897959183673464,,0.28000000000000025,,Low Value
560.0,66.0,Male,Scarf,Accessories,41.0,Arizona,M,Indigo,Fall,2.9,Yes,Store Pickup,1.0,1.0,22.0,Bank Transfer,Monthly,12.0,1.0,0.7375,0.38775510204081626,,0.9199999999999999,,Low Value
562.0,65.0,Male,Jacket,Outerwear,65.0,Alabama,M,Blue,Fall,2.6,Yes,Next Day Air,1.0,1.0,25.0,PayPal,Fortnightly,26.0,1.0,0.6000000000000001,0.08163265306122448,,1.0,,Low Value
563.0,53.0,Male,Jeans,Clothing,62.0,Missouri,M,Blue,Summer,3.5,Yes,Standard,1.0,1.0,40.0,Debit Card,Annually,1.0,1.0,0.4,0.8163265306122448,0.0,0.4800000000000002,0.454530612244898,Medium Value
564.0,61.0,Male,Shoes,Footwear,99.0,Idaho,M,Black,Fall,4.4,Yes,Standard,1.0,1.0,16.0,Debit Card,Quarterly,4.0,1.0,0.875,0.4285714285714285,0.49019607843137253,0.8399999999999999,0.5774873949579832,Medium Value
565.0,67.0,Male,Hoodie,Clothing,58.0,Florida,M,Olive,Winter,3.4,Yes,Next Day Air,1.0,1.0,30.0,Bank Transfer,Weekly,52.0,1.0,0.26250000000000007,0.9591836734693877,0.0,0.4800000000000002,0.4841734693877552,Medium Value
566.0,59.0,Male,Backpack,Accessories,43.0,Idaho,L,Lavender,Fall,4.2,Yes,Store Pickup,1.0,1.0,10.0,Venmo,Weekly,52.0,1.0,0.75,0.18367346938775508,0.9999999999999999,0.6399999999999999,0.5874693877551019,Medium Value
567.0,55.0,Male,Sneakers,Footwear,93.0,Alabama,M,Indigo,Spring,3.6,Yes,Store Pickup,1.0,1.0,1.0,Debit Card,Fortnightly,26.0,1.0,1.0,0.22448979591836735,,0.08000000000000007,,Low Value
568.0,21.0,Male,Blouse,Clothing,50.0,New Hampshire,S,Red,Winter,3.0,Yes,Next Day Air,1.0,1.0,24.0,Venmo,Fortnightly,26.0,1.0,0.7125,0.02040816326530612,0.058823529411764705,0.9600000000000002,0.26431032412965194,Low Value
569.0,44.0,Male,Pants,Clothing,88.0,Utah,L,Red,Summer,4.0,Yes,Free Shipping,1.0,1.0,36.0,PayPal,Monthly,12.0,1.0,0.7250000000000001,0.7551020408163265,0.21568627450980393,0.6000000000000001,0.5717466986794719,Medium Value
570.0,65.0,Male,Skirt,Clothing,33.0,Alabama,M,Pink,Fall,4.4,Yes,Express,1.0,1.0,46.0,Credit Card,Every 3 Months,,1.0,0.925,0.38775510204081626,0.21568627450980393,0.8800000000000001,0.49280792316926775,Medium Value
571.0,65.0,Male,T-shirt,Clothing,99.0,Iowa,XL,Purple,Fall,4.1,Yes,Standard,1.0,1.0,20.0,Cash,Annually,1.0,1.0,0.03750000000000003,0.08163265306122448,,0.11999999999999988,,Low Value
572.0,54.0,Male,Jacket,Outerwear,76.0,Kentucky,XL,Cyan,Spring,3.6,Yes,Free Shipping,1.0,1.0,37.0,Venmo,Weekly,52.0,1.0,0.0,0.16326530612244897,0.0,0.9600000000000002,0.16130612244897963,Low Value
573.0,56.0,Male,Scarf,Accessories,97.0,South Carolina,XL,Cyan,Summer,4.6,Yes,Next Day Air,1.0,1.0,26.0,Bank Transfer,Annually,1.0,1.0,0.825,0.9591836734693877,,0.6800000000000002,,Low Value
574.0,58.0,Male,Pants,Clothing,68.0,California,M,Charcoal,Summer,3.2,Yes,2-Day Shipping,1.0,1.0,23.0,Credit Card,Bi-Weekly,,1.0,0.5,0.16326530612244897,0.058823529411764705,0.20000000000000018,0.20295318127250903,Low Value
575.0,54.0,Male,Sneakers,Footwear,79.0,Maine,L,Red,Fall,4.8,Yes,Free Shipping,1.0,1.0,20.0,Bank Transfer,Bi-Weekly,,1.0,0.625,0.7959183673469387,0.0,0.3600000000000001,0.47936734693877553,Medium Value
576.0,58.0,Male,Jeans,Clothing,86.0,Nebraska,M,Peach,Fall,4.8,Yes,Express,1.0,1.0,38.0,PayPal,Monthly,12.0,1.0,0.23750000000000004,0.5918367346938774,0.49019607843137253,0.8399999999999999,0.5152935174069627,Medium Value
577.0,48.0,Male,Hat,Accessories,68.0,Washington,M,Black,Winter,5.0,Yes,2-Day Shipping,1.0,1.0,5.0,Credit Card,Every 3 Months,,1.0,0.21250000000000002,0.10204081632653061,,0.6800000000000002,,Low Value
578.0,19.0,Male,Skirt,Clothing,52.0,Alabama,M,Black,Fall,3.7,Yes,Store Pickup,1.0,1.0,41.0,Venmo,Annually,1.0,1.0,0.11250000000000004,0.836734693877551,,0.28000000000000025,,Low Value
579.0,69.0,Male,Sandals,Footwear,90.0,Maine,M,Purple,Fall,4.6,Yes,Next Day Air,1.0,1.0,22.0,Credit Card,Fortnightly,26.0,1.0,0.1875,0.16326530612244897,,0.7600000000000002,,Low Value
580.0,58.0,Male,Sandals,Footwear,41.0,California,M,Violet,Winter,3.7,Yes,Free Shipping,1.0,1.0,48.0,Credit Card,Annually,1.0,1.0,0.7875000000000001,0.10204081632653061,0.21568627450980393,0.0,0.26302220888355343,Low Value
581.0,49.0,Male,Sweater,Clothing,80.0,Iowa,M,Orange,Spring,4.1,Yes,Free Shipping,1.0,1.0,10.0,PayPal,Weekly,52.0,1.0,0.7125,0.9387755102040816,0.058823529411764705,0.44000000000000017,0.5796572629051622,Medium Value
582.0,32.0,Male,Sweater,Clothing,100.0,Iowa,XL,Charcoal,Winter,2.7,Yes,Store Pickup,1.0,1.0,12.0,Bank Transfer,Every 3 Months,,1.0,0.21250000000000002,0.7142857142857142,0.0,0.8,0.4082142857142857,Low Value
583.0,40.0,Male,Jacket,Outerwear,77.0,Colorado,L,Turquoise,Spring,4.9,Yes,Store Pickup,1.0,1.0,2.0,Bank Transfer,Quarterly,4.0,1.0,0.6125,0.36734693877551017,0.49019607843137253,0.3600000000000001,0.45249759903961584,Medium Value
584.0,25.0,Male,Shorts,Clothing,78.0,California,L,Yellow,Spring,4.0,Yes,Store Pickup,1.0,1.0,38.0,PayPal,Monthly,12.0,1.0,0.5750000000000001,0.5918367346938774,,0.28000000000000025,,Low Value
585.0,70.0,Male,Socks,Clothing,94.0,Indiana,M,White,Spring,4.7,Yes,Free Shipping,1.0,1.0,20.0,Debit Card,Monthly,12.0,1.0,0.07500000000000001,0.5306122448979591,,0.6800000000000002,,Low Value
586.0,69.0,Male,Socks,Clothing,23.0,South Carolina,M,Gray,Fall,2.8,Yes,Next Day Air,1.0,1.0,5.0,Cash,Every 3 Months,,1.0,0.5375000000000001,0.4897959183673469,0.21568627450980393,1.0,0.46812424969988,Medium Value
587.0,45.0,Male,Hoodie,Clothing,20.0,Wisconsin,S,Blue,Winter,4.9,Yes,2-Day Shipping,1.0,1.0,9.0,Venmo,Annually,1.0,1.0,0.22500000000000003,0.08163265306122448,0.49019607843137253,0.8800000000000001,0.31271188475390155,Low Value
588.0,29.0,Male,Socks,Clothing,86.0,Washington,S,Maroon,Fall,4.2,Yes,Express,1.0,1.0,48.0,Debit Card,Every 3 Months,,1.0,0.4750000000000001,0.18367346938775508,,0.6800000000000002,,Low Value
589.0,47.0,Male,Boots,Footwear,60.0,South Dakota,M,Violet,Fall,3.0,Yes,Standard,1.0,1.0,9.0,Debit Card,Quarterly,4.0,1.0,0.32500000000000007,0.510204081632653,,0.3600000000000001,,Low Value
590.0,28.0,Male,Shirt,Clothing,70.0,Minnesota,M,Orange,Fall,3.4,Yes,2-Day Shipping,1.0,1.0,40.0,PayPal,Annually,1.0,1.0,0.9000000000000001,0.2040816326530612,,0.7600000000000002,,Low Value
591.0,64.0,Male,Belt,Accessories,39.0,Alaska,S,Turquoise,Fall,4.6,Yes,Standard,1.0,1.0,30.0,Venmo,Fortnightly,26.0,1.0,0.15000000000000002,0.32653061224489793,0.9999999999999999,0.6800000000000002,0.5286122448979592,Medium Value
592.0,47.0,Male,Backpack,Accessories,37.0,Kentucky,L,Olive,Fall,4.2,Yes,Store Pickup,1.0,1.0,6.0,Debit Card,Bi-Weekly,,1.0,0.875,0.8775510204081631,0.21568627450980393,0.8,0.6707262905162066,Medium Value
593.0,60.0,Male,Boots,Footwear,29.0,North Dakota,M,Brown,Fall,3.2,Yes,Free Shipping,1.0,1.0,42.0,Venmo,Every 3 Months,,1.0,0.03750000000000003,0.8775510204081631,0.21568627450980393,0.11999999999999988,0.4352262905162065,Low Value
594.0,67.0,Male,Coat,Outerwear,35.0,Alaska,S,Green,Winter,4.4,Yes,Store Pickup,1.0,1.0,9.0,PayPal,Every 3 Months,,1.0,0.0625,0.4081632653061224,,0.32000000000000006,,Low Value
595.0,35.0,Male,Hoodie,Clothing,83.0,Oklahoma,S,Brown,Winter,2.5,Yes,Next Day Air,1.0,1.0,6.0,Debit Card,Monthly,12.0,1.0,0.42500000000000004,0.9795918367346937,0.49019607843137253,0.8399999999999999,0.7078955582232892,Medium Value
596.0,30.0,Male,Shoes,Footwear,77.0,Delaware,M,Silver,Summer,3.6,Yes,Next Day Air,1.0,1.0,47.0,PayPal,Quarterly,4.0,1.0,0.65,0.5306122448979591,,0.0,,Low Value
597.0,23.0,Male,Shoes,Footwear,37.0,Montana,XL,White,Summer,4.5,Yes,Store Pickup,1.0,1.0,36.0,Venmo,Annually,1.0,1.0,0.16250000000000003,0.36734693877551017,0.21568627450980393,0.8800000000000001,0.3321446578631453,Low Value
598.0,70.0,Male,Jewelry,Accessories,69.0,Alaska,L,Gold,Summer,3.4,Yes,Standard,1.0,1.0,19.0,Bank Transfer,Fortnightly,26.0,1.0,0.2875,0.6530612244897959,0.058823529411764705,0.8399999999999999,0.4203715486194477,Low Value
599.0,21.0,Male,Dress,Clothing,66.0,California,L,Green,Winter,3.2,Yes,2-Day Shipping,1.0,1.0,30.0,Cash,Every 3 Months,,1.0,0.38750000000000007,0.9183673469387754,,0.040000000000000036,,Low Value
600.0,51.0,Male,Boots,Footwear,26.0,Massachusetts,L,Teal,Spring,4.2,Yes,Standard,1.0,1.0,27.0,Debit Card,Every 3 Months,,1.0,0.8125,0.4081632653061224,,0.6000000000000001,,Low Value
601.0,22.0,Male,Hat,Accessories,63.0,South Carolina,M,Charcoal,Spring,5.0,Yes,2-Day Shipping,1.0,1.0,25.0,Venmo,Monthly,12.0,1.0,1.0,0.44897959183673464,0.0,0.040000000000000036,0.3835918367346939,Low Value
602.0,32.0,Male,Backpack,Accessories,38.0,West Virginia,M,Maroon,Summer,4.7,Yes,Store Pickup,1.0,1.0,5.0,Cash,Fortnightly,26.0,1.0,0.65,0.7551020408163265,,0.8399999999999999,,Low Value
603.0,37.0,Male,Shoes,Footwear,58.0,Oregon,L,Lavender,Summer,4.2,Yes,Next Day Air,1.0,1.0,10.0,Cash,Every 3 Months,,1.0,0.4625,0.02040816326530612,0.058823529411764705,0.040000000000000036,0.12231032412965187,Low Value
604.0,31.0,Male,Handbag,Accessories,46.0,Massachusetts,L,Green,Winter,3.4,Yes,2-Day Shipping,1.0,1.0,26.0,PayPal,Every 3 Months,,1.0,0.925,0.4081632653061224,,0.6000000000000001,,Low Value
605.0,44.0,Male,Sunglasses,Accessories,92.0,West Virginia,S,Pink,Fall,4.4,Yes,Store Pickup,1.0,1.0,11.0,Credit Card,Every 3 Months,,1.0,0.17500000000000004,0.0,,0.8399999999999999,,Low Value
606.0,40.0,Male,Hat,Accessories,32.0,California,XL,Charcoal,Winter,4.2,Yes,Standard,1.0,1.0,17.0,Bank Transfer,Weekly,52.0,1.0,0.8625,0.18367346938775508,,0.4800000000000002,,Low Value
607.0,27.0,Male,Scarf,Accessories,90.0,Colorado,M,Blue,Spring,4.5,Yes,Standard,1.0,1.0,44.0,PayPal,Monthly,12.0,1.0,0.08750000000000002,0.8979591836734693,0.9999999999999999,0.7600000000000002,0.7526836734693877,High Value
608.0,47.0,Male,Hoodie,Clothing,23.0,Indiana,L,Purple,Fall,2.8,Yes,Next Day Air,1.0,1.0,44.0,Cash,Monthly,12.0,1.0,0.5375000000000001,0.8775510204081631,0.49019607843137253,0.6000000000000001,0.6655792316926771,Medium Value
609.0,41.0,Male,Backpack,Accessories,25.0,Delaware,S,Gold,Fall,3.3,Yes,Next Day Air,1.0,1.0,21.0,Venmo,Every 3 Months,,1.0,0.625,0.9591836734693877,,0.8800000000000001,,Low Value
610.0,51.0,Male,Sweater,Clothing,54.0,Ohio,L,Purple,Fall,4.6,Yes,Next Day Air,1.0,1.0,49.0,Credit Card,Fortnightly,26.0,1.0,0.8375000000000001,0.4081632653061224,0.0,0.3600000000000001,0.36676530612244906,Low Value
611.0,53.0,Male,Shorts,Clothing,72.0,Oklahoma,M,Charcoal,Summer,2.5,Yes,Free Shipping,1.0,1.0,27.0,Bank Transfer,Every 3 Months,,1.0,0.7375,0.0,0.9999999999999999,0.6000000000000001,0.5075,Medium Value
612.0,43.0,Male,Scarf,Accessories,33.0,California,M,Black,Winter,4.7,Yes,Store Pickup,1.0,1.0,19.0,Cash,Monthly,12.0,1.0,0.7375,0.18367346938775508,0.0,0.56,0.27696938775510205,Low Value
613.0,67.0,Male,Hat,Accessories,43.0,New Hampshire,L,Lavender,Fall,4.6,Yes,Express,1.0,1.0,33.0,Credit Card,Quarterly,4.0,1.0,0.30000000000000004,0.4693877551020408,0.21568627450980393,0.6399999999999999,0.3764609843937575,Low Value
614.0,61.0,Male,Coat,Outerwear,51.0,Pennsylvania,L,Lavender,Fall,2.6,Yes,Standard,1.0,1.0,46.0,Cash,Bi-Weekly,,1.0,0.875,0.2040816326530612,0.0,0.8800000000000001,0.34463265306122454,Low Value
615.0,68.0,Male,Jewelry,Accessories,85.0,Idaho,M,Lavender,Winter,4.0,Yes,Standard,1.0,1.0,21.0,Credit Card,Bi-Weekly,,1.0,0.925,0.6530612244897959,0.0,0.72,0.5182244897959183,Medium Value
616.0,67.0,Male,Sandals,Footwear,100.0,Maryland,L,Olive,Summer,2.6,Yes,Next Day Air,1.0,1.0,23.0,Venmo,Annually,1.0,1.0,0.6000000000000001,0.5306122448979591,0.49019607843137253,0.6399999999999999,0.5433037214885954,Medium Value
617.0,29.0,Male,Gloves,Accessories,72.0,Pennsylvania,L,Teal,Spring,4.6,Yes,Free Shipping,1.0,1.0,38.0,Credit Card,Every 3 Months,,1.0,0.38750000000000007,0.36734693877551017,0.49019607843137253,0.56,0.4274975990396158,Low Value
618.0,50.0,Male,Backpack,Accessories,57.0,Colorado,M,Maroon,Fall,2.6,Yes,Standard,1.0,1.0,2.0,Bank Transfer,Quarterly,4.0,1.0,0.16250000000000003,1.0,0.058823529411764705,0.15999999999999992,0.46614705882352947,Medium Value
619.0,61.0,Male,Jacket,Outerwear,94.0,Indiana,L,Cyan,Spring,4.0,Yes,Express,1.0,1.0,21.0,Debit Card,Bi-Weekly,,1.0,0.5,0.9183673469387754,0.9999999999999999,0.56,0.8233469387755101,High Value
620.0,19.0,Male,Backpack,Accessories,34.0,Nebraska,M,Charcoal,Summer,4.6,Yes,Store Pickup,1.0,1.0,1.0,Debit Card,Every 3 Months,,1.0,0.48750000000000004,0.5510204081632653,0.058823529411764705,0.72,0.40755522208883554,Low Value
621.0,33.0,Male,Backpack,Accessories,89.0,Rhode Island,M,Black,Fall,3.7,Yes,2-Day Shipping,1.0,1.0,10.0,Venmo,Every 3 Months,,1.0,0.125,0.26530612244897955,,0.11999999999999988,,Low Value
622.0,51.0,Male,Sunglasses,Accessories,27.0,Kansas,S,Red,Fall,4.4,Yes,Store Pickup,1.0,1.0,45.0,Credit Card,Weekly,52.0,1.0,0.0,0.9183673469387754,0.49019607843137253,0.3600000000000001,0.5504057623049219,Medium Value
623.0,69.0,Male,Socks,Clothing,63.0,Georgia,S,Peach,Spring,4.0,Yes,Next Day Air,1.0,1.0,44.0,Bank Transfer,Fortnightly,26.0,1.0,0.0,0.8163265306122448,0.21568627450980393,0.08000000000000007,0.3992364945978391,Low Value
624.0,19.0,Male,Shoes,Footwear,70.0,Nevada,M,White,Fall,4.7,Yes,Standard,1.0,1.0,48.0,PayPal,Bi-Weekly,,1.0,0.050000000000000044,1.0,0.0,0.6000000000000001,0.47000000000000003,Medium Value
625.0,55.0,Male,Pants,Clothing,87.0,South Carolina,XL,Pink,Fall,3.4,Yes,Express,1.0,1.0,21.0,PayPal,Annually,1.0,1.0,0.8500000000000001,0.5510204081632653,0.49019607843137253,0.7600000000000002,0.613466986794718,Medium Value
626.0,49.0,Male,Jewelry,Accessories,79.0,Delaware,M,Red,Fall,4.0,Yes,Next Day Air,1.0,1.0,1.0,Venmo,Weekly,52.0,1.0,0.7250000000000001,0.44897959183673464,,0.56,,Low Value
627.0,31.0,Male,Sunglasses,Accessories,79.0,New Hampshire,M,Indigo,Spring,3.9,Yes,Standard,1.0,1.0,10.0,Venmo,Annually,1.0,1.0,0.0625,0.26530612244897955,,0.11999999999999988,,Low Value
628.0,42.0,Male,Sandals,Footwear,44.0,Oregon,L,Black,Winter,4.1,Yes,Express,1.0,1.0,24.0,PayPal,Monthly,12.0,1.0,0.4625,0.18367346938775508,,0.28000000000000025,,Low Value
630.0,26.0,Male,Shoes,Footwear,90.0,Vermont,L,Beige,Spring,4.7,Yes,Standard,1.0,1.0,11.0,Debit Card,Annually,1.0,1.0,0.275,0.28571428571428564,,0.6800000000000002,,Low Value
631.0,41.0,Male,Jewelry,Accessories,94.0,Mississippi,S,Silver,Fall,4.3,Yes,2-Day Shipping,1.0,1.0,33.0,Debit Card,Annually,1.0,1.0,0.42500000000000004,0.36734693877551017,,0.9600000000000002,,Low Value
632.0,55.0,Male,Boots,Footwear,68.0,Washington,S,Violet,Summer,4.1,Yes,Store Pickup,1.0,1.0,27.0,Cash,Fortnightly,26.0,1.0,0.625,0.44897959183673464,0.49019607843137253,0.4800000000000002,0.49965066026410565,Medium Value
633.0,35.0,Male,Backpack,Accessories,51.0,Wyoming,M,Red,Winter,3.9,Yes,Next Day Air,1.0,1.0,19.0,Venmo,Fortnightly,26.0,1.0,0.1375,0.693877551020408,0.9999999999999999,0.6399999999999999,0.669051020408163,Medium Value
634.0,66.0,Male,Sandals,Footwear,33.0,Minnesota,M,Orange,Spring,2.9,Yes,Express,1.0,1.0,50.0,Debit Card,Quarterly,4.0,1.0,0.9125000000000001,0.6530612244897959,,0.6800000000000002,,Low Value
635.0,36.0,Male,Sneakers,Footwear,60.0,Ohio,M,Teal,Summer,3.9,Yes,Standard,1.0,1.0,46.0,PayPal,Weekly,52.0,1.0,0.25,0.22448979591836735,0.0,0.56,0.19579591836734694,Low Value
636.0,27.0,Male,Hoodie,Clothing,59.0,South Carolina,M,Brown,Fall,4.3,Yes,2-Day Shipping,1.0,1.0,28.0,Cash,Quarterly,4.0,1.0,0.15000000000000002,0.8163265306122448,0.49019607843137253,0.15999999999999992,0.5195894357743097,Medium Value
637.0,41.0,Male,Handbag,Accessories,30.0,Wisconsin,M,Indigo,Summer,2.8,Yes,Store Pickup,1.0,1.0,14.0,Bank Transfer,Every 3 Months,,1.0,0.08750000000000002,0.5306122448979591,0.9999999999999999,0.2400000000000002,0.5537448979591836,Medium Value
638.0,21.0,Male,Sweater,Clothing,20.0,Tennessee,M,Cyan,Winter,3.4,Yes,2-Day Shipping,1.0,1.0,46.0,Cash,Fortnightly,26.0,1.0,0.6000000000000001,0.8979591836734693,0.49019607843137253,0.44000000000000017,0.6702424969987996,Medium Value
639.0,53.0,Male,Sandals,Footwear,20.0,Maryland,S,Blue,Summer,2.7,Yes,Express,1.0,1.0,41.0,PayPal,Monthly,12.0,1.0,0.48750000000000004,0.44897959183673464,0.0,0.7600000000000002,0.3530918367346939,Low Value
640.0,54.0,Male,Dress,Clothing,24.0,Mississippi,L,Olive,Spring,4.0,Yes,2-Day Shipping,1.0,1.0,50.0,Credit Card,Annually,1.0,1.0,0.2,0.36734693877551017,0.21568627450980393,0.2400000000000002,0.2756446578631453,Low Value
641.0,53.0,Male,Skirt,Clothing,88.0,Minnesota,M,Gray,Summer,4.4,Yes,Store Pickup,1.0,1.0,28.0,Debit Card,Fortnightly,26.0,1.0,0.03750000000000003,0.10204081632653061,0.058823529411764705,0.56,0.12196338535414168,Low Value
642.0,47.0,Male,Blouse,Clothing,78.0,Alaska,M,Red,Winter,3.9,Yes,2-Day Shipping,1.0,1.0,23.0,Credit Card,Every 3 Months,,1.0,0.75,0.10204081632653061,0.058823529411764705,0.72,0.28046338535414167,Low Value
643.0,64.0,Male,Skirt,Clothing,25.0,Arkansas,L,Red,Spring,2.8,Yes,2-Day Shipping,1.0,1.0,14.0,Debit Card,Bi-Weekly,,1.0,0.21250000000000002,0.38775510204081626,0.9999999999999999,0.9600000000000002,0.5936020408163265,Medium Value
644.0,18.0,Male,Sweater,Clothing,57.0,Oregon,XL,Green,Winter,3.2,Yes,Next Day Air,1.0,1.0,10.0,Bank Transfer,Every 3 Months,,1.0,0.4,0.14285714285714285,0.9999999999999999,0.44000000000000017,0.48114285714285715,Medium Value
645.0,68.0,Male,Backpack,Accessories,93.0,Louisiana,S,Blue,Summer,4.3,Yes,Next Day Air,1.0,1.0,37.0,Cash,Weekly,52.0,1.0,0.7375,0.7755102040816325,0.058823529411764705,1.0,0.5753511404561824,Medium Value
646.0,62.0,Male,Hoodie,Clothing,42.0,Oklahoma,S,Purple,Summer,4.2,Yes,Express,1.0,1.0,15.0,Venmo,Bi-Weekly,,1.0,0.6000000000000001,0.7755102040816325,0.058823529411764705,0.6399999999999999,0.5118511404561824,Medium Value
647.0,51.0,Male,Boots,Footwear,54.0,Indiana,XL,Pink,Spring,4.9,Yes,Standard,1.0,1.0,19.0,Venmo,Bi-Weekly,,1.0,0.9750000000000001,0.7755102040816325,,0.11999999999999988,,Low Value
648.0,54.0,Male,Blouse,Clothing,70.0,Mississippi,XL,Charcoal,Summer,3.7,Yes,Express,1.0,1.0,23.0,Credit Card,Fortnightly,26.0,1.0,0.7875000000000001,0.44897959183673464,0.21568627450980393,0.8800000000000001,0.4897977190876351,Medium Value
649.0,22.0,Male,Hoodie,Clothing,31.0,Michigan,M,Brown,Winter,4.1,Yes,Store Pickup,1.0,1.0,35.0,Credit Card,Weekly,52.0,1.0,0.7875000000000001,0.8163265306122448,,0.7600000000000002,,Low Value
650.0,53.0,Male,Pants,Clothing,93.0,Delaware,L,Orange,Spring,4.2,Yes,Store Pickup,1.0,1.0,33.0,PayPal,Every 3 Months,,1.0,0.4375,1.0,0.0,0.9600000000000002,0.5835000000000001,Medium Value
651.0,34.0,Male,Gloves,Accessories,40.0,Florida,M,Magenta,Spring,3.9,Yes,Next Day Air,1.0,1.0,12.0,Bank Transfer,Annually,1.0,1.0,0.07500000000000001,0.5918367346938774,0.058823529411764705,0.2400000000000002,0.2933817527010804,Low Value
652.0,32.0,Male,Hat,Accessories,32.0,Arkansas,L,Yellow,Summer,2.9,Yes,Next Day Air,1.0,1.0,41.0,Venmo,Fortnightly,26.0,1.0,0.7000000000000001,0.6326530612244897,0.058823529411764705,0.040000000000000036,0.4147082833133253,Low Value
653.0,64.0,Male,Sunglasses,Accessories,27.0,Minnesota,M,Beige,Winter,3.1,Yes,Free Shipping,1.0,1.0,27.0,Venmo,Weekly,52.0,1.0,0.8125,0.693877551020408,0.21568627450980393,0.15999999999999992,0.5207569027611044,Medium Value
654.0,20.0,Male,Scarf,Accessories,68.0,North Dakota,M,Olive,Winter,3.6,Yes,2-Day Shipping,1.0,1.0,45.0,Cash,Fortnightly,26.0,1.0,0.8625,0.8979591836734693,,0.32000000000000006,,Low Value
655.0,24.0,Male,Handbag,Accessories,59.0,California,L,Gray,Summer,4.4,Yes,2-Day Shipping,1.0,1.0,23.0,Venmo,Annually,1.0,1.0,0.26250000000000007,0.7346938775510203,,0.9199999999999999,,Low Value
656.0,20.0,Male,Handbag,Accessories,36.0,Mississippi,S,Purple,Fall,3.1,Yes,Free Shipping,1.0,1.0,19.0,Venmo,Monthly,12.0,1.0,0.125,0.8979591836734693,0.9999999999999999,0.8800000000000001,0.7721836734693877,High Value
657.0,42.0,Male,Jeans,Clothing,23.0,Pennsylvania,M,Beige,Summer,3.9,Yes,Standard,1.0,1.0,6.0,PayPal,Quarterly,4.0,1.0,0.4125000000000001,0.5714285714285714,0.058823529411764705,0.32000000000000006,0.36071848739495804,Low Value
658.0,48.0,Male,Jacket,Outerwear,80.0,Arizona,M,White,Winter,4.3,Yes,Free Shipping,1.0,1.0,6.0,PayPal,Quarterly,4.0,1.0,0.5750000000000001,0.5306122448979591,,0.6800000000000002,,Low Value
659.0,62.0,Male,Backpack,Accessories,37.0,Louisiana,S,White,Fall,4.9,Yes,Store Pickup,1.0,1.0,20.0,Venmo,Weekly,52.0,1.0,0.16250000000000003,0.7142857142857142,0.0,0.8800000000000001,0.40621428571428575,Low Value
660.0,62.0,Male,Shorts,Clothing,52.0,Virginia,S,Gold,Spring,3.6,Yes,2-Day Shipping,1.0,1.0,8.0,Cash,Weekly,52.0,1.0,0.825,0.16326530612244897,0.0,0.040000000000000036,0.23430612244897958,Low Value
661.0,50.0,Male,Coat,Outerwear,79.0,Montana,M,Olive,Fall,5.0,Yes,2-Day Shipping,1.0,1.0,39.0,Credit Card,Quarterly,4.0,1.0,0.5,0.7551020408163265,,0.15999999999999992,,Low Value
662.0,57.0,Male,Shirt,Clothing,68.0,Iowa,XL,Green,Fall,4.1,Yes,Store Pickup,1.0,1.0,39.0,Credit Card,Quarterly,4.0,1.0,0.525,0.8163265306122448,0.0,0.08000000000000007,0.439530612244898,Low Value
663.0,24.0,Male,Gloves,Accessories,98.0,Illinois,L,Magenta,Fall,2.8,Yes,Express,1.0,1.0,39.0,Venmo,Bi-Weekly,,1.0,0.675,0.4897959183673469,,0.32000000000000006,,Low Value
664.0,59.0,Male,Dress,Clothing,83.0,Alaska,M,Charcoal,Fall,4.7,Yes,Express,1.0,1.0,23.0,Credit Card,Monthly,12.0,1.0,0.9375,0.7346938775510203,0.49019607843137253,0.3600000000000001,0.6644363745498199,Medium Value
665.0,63.0,Male,Pants,Clothing,83.0,Colorado,M,Indigo,Winter,4.4,Yes,Express,1.0,1.0,41.0,PayPal,Bi-Weekly,,1.0,0.0625,0.04081632653061225,0.0,0.6800000000000002,0.09682653061224492,Low Value
666.0,41.0,Male,Pants,Clothing,55.0,New Mexico,M,Peach,Spring,4.9,Yes,2-Day Shipping,1.0,1.0,50.0,Credit Card,Annually,1.0,1.0,0.48750000000000004,0.4693877551020408,,0.52,,Low Value
667.0,35.0,Male,Hoodie,Clothing,26.0,Colorado,L,Turquoise,Winter,3.1,Yes,Free Shipping,1.0,1.0,30.0,Debit Card,Quarterly,4.0,1.0,0.11250000000000004,0.9795918367346937,,0.6000000000000001,,Low Value
668.0,34.0,Male,Sunglasses,Accessories,76.0,Arizona,S,Blue,Winter,2.6,Yes,Standard,1.0,1.0,32.0,Bank Transfer,Quarterly,4.0,1.0,0.2,0.04081632653061225,0.21568627450980393,0.08000000000000007,0.12903241296518608,Low Value
669.0,49.0,Male,T-shirt,Clothing,85.0,Hawaii,S,Turquoise,Fall,2.9,Yes,Express,1.0,1.0,35.0,Bank Transfer,Monthly,12.0,1.0,0.7750000000000001,0.836734693877551,0.21568627450980393,0.8800000000000001,0.6423997599039617,Medium Value
670.0,43.0,Male,Jacket,Outerwear,89.0,Illinois,M,Gray,Spring,3.3,Yes,Free Shipping,1.0,1.0,45.0,Venmo,Bi-Weekly,,1.0,0.6375000000000001,0.6326530612244897,0.49019607843137253,0.40000000000000013,0.5676200480192077,Medium Value
671.0,63.0,Male,Sweater,Clothing,41.0,Louisiana,XL,Purple,Spring,4.8,Yes,Next Day Air,1.0,1.0,37.0,Cash,Bi-Weekly,,1.0,0.1875,0.6530612244897959,0.49019607843137253,0.20000000000000018,0.4657833133253301,Medium Value
672.0,38.0,Male,Jacket,Outerwear,30.0,Iowa,L,Black,Winter,4.7,Yes,Express,1.0,1.0,45.0,Cash,Weekly,52.0,1.0,0.22500000000000003,0.9183673469387754,0.058823529411764705,0.32000000000000006,0.4619939975990396,Medium Value
673.0,59.0,Male,Socks,Clothing,53.0,Washington,M,Peach,Winter,3.3,Yes,2-Day Shipping,1.0,1.0,29.0,Cash,Quarterly,4.0,1.0,0.48750000000000004,0.8775510204081631,0.21568627450980393,0.8800000000000001,0.6012262905162065,Medium Value
674.0,35.0,Male,Shirt,Clothing,66.0,Oklahoma,M,Indigo,Spring,4.2,Yes,Free Shipping,1.0,1.0,27.0,Venmo,Bi-Weekly,,1.0,0.8875,0.693877551020408,,0.8800000000000001,,Low Value
675.0,48.0,Male,Jewelry,Accessories,33.0,Washington,XL,Beige,Winter,4.7,Yes,Store Pickup,1.0,1.0,36.0,Bank Transfer,Annually,1.0,1.0,0.6000000000000001,0.8979591836734693,0.9999999999999999,0.9199999999999999,0.8711836734693876,High Value
676.0,64.0,Male,Sunglasses,Accessories,86.0,Arkansas,M,Yellow,Spring,2.6,Yes,2-Day Shipping,1.0,1.0,9.0,Cash,Annually,1.0,1.0,0.012500000000000011,0.7346938775510203,,0.15999999999999992,,Low Value
677.0,28.0,Male,Pants,Clothing,60.0,Connecticut,M,Peach,Winter,2.9,Yes,2-Day Shipping,1.0,1.0,38.0,Venmo,Bi-Weekly,,1.0,0.9375,0.7959183673469387,,0.6000000000000001,,Low Value
678.0,60.0,Male,Socks,Clothing,62.0,Washington,S,Turquoise,Summer,2.7,Yes,Express,1.0,1.0,41.0,PayPal,Annually,1.0,1.0,0.4,0.5918367346938774,,0.2400000000000002,,Low Value
679.0,27.0,Male,Blouse,Clothing,74.0,Maine,M,Teal,Fall,3.3,Yes,Store Pickup,1.0,1.0,25.0,Debit Card,Every 3 Months,,1.0,0.012500000000000011,0.7551020408163265,,0.40000000000000013,,Low Value
680.0,56.0,Male,Sandals,Footwear,95.0,Michigan,M,Turquoise,Fall,3.4,Yes,Express,1.0,1.0,37.0,Venmo,Fortnightly,26.0,1.0,0.5875,0.28571428571428564,,0.4800000000000002,,Low Value
681.0,58.0,Male,Sneakers,Footwear,25.0,Tennessee,M,Magenta,Spring,4.2,Yes,Express,1.0,1.0,3.0,PayPal,Annually,1.0,1.0,0.275,0.9795918367346937,0.21568627450980393,0.11999999999999988,0.5235426170468187,Medium Value
682.0,30.0,Male,Shirt,Clothing,59.0,Louisiana,XL,Purple,Winter,3.8,Yes,2-Day Shipping,1.0,1.0,24.0,Credit Card,Every 3 Months,,1.0,0.5375000000000001,0.7959183673469387,0.058823529411764705,0.8399999999999999,0.5275144057623049,Medium Value
683.0,23.0,Male,Jacket,Outerwear,29.0,Missouri,M,Brown,Summer,4.0,Yes,Standard,1.0,1.0,49.0,Credit Card,Bi-Weekly,,1.0,0.26250000000000007,0.7959183673469387,0.9999999999999999,0.52,0.7228673469387754,Medium Value
684.0,33.0,Male,Sandals,Footwear,36.0,Michigan,S,Violet,Winter,2.7,Yes,Free Shipping,1.0,1.0,3.0,Bank Transfer,Monthly,12.0,1.0,0.32500000000000007,0.08163265306122448,0.9999999999999999,0.040000000000000036,0.40165306122448974,Low Value
685.0,63.0,Male,Hat,Accessories,82.0,Alabama,M,Yellow,Summer,4.7,Yes,Express,1.0,1.0,42.0,Debit Card,Monthly,12.0,1.0,0.7375,0.08163265306122448,0.21568627450980393,0.6399999999999999,0.308858943577431,Low Value
686.0,70.0,Male,Blouse,Clothing,71.0,Massachusetts,XL,Magenta,Winter,3.5,Yes,Standard,1.0,1.0,32.0,Cash,Fortnightly,26.0,1.0,0.875,0.08163265306122448,,0.32000000000000006,,Low Value
687.0,70.0,Male,Sweater,Clothing,35.0,Indiana,L,Beige,Fall,3.0,Yes,2-Day Shipping,1.0,1.0,33.0,Venmo,Fortnightly,26.0,1.0,0.6375000000000001,0.0,0.9999999999999999,0.3600000000000001,0.4635,Medium Value
688.0,19.0,Male,Gloves,Accessories,38.0,West Virginia,XL,Turquoise,Winter,3.3,Yes,Free Shipping,1.0,1.0,46.0,Bank Transfer,Quarterly,4.0,1.0,0.8375000000000001,0.4081632653061224,0.9999999999999999,0.20000000000000018,0.650765306122449,Medium Value
689.0,25.0,Male,Scarf,Accessories,59.0,Michigan,S,Peach,Summer,4.7,Yes,Store Pickup,1.0,1.0,44.0,Venmo,Monthly,12.0,1.0,0.5750000000000001,0.346938775510204,0.0,0.28000000000000025,0.28177551020408165,Low Value
690.0,19.0,Male,Hoodie,Clothing,91.0,Pennsylvania,M,Orange,Summer,4.7,Yes,Express,1.0,1.0,35.0,Credit Card,Every 3 Months,,1.0,0.875,0.9795918367346937,0.058823529411764705,0.8,0.664483793517407,Medium Value
691.0,25.0,Male,Shorts,Clothing,68.0,Alaska,XL,Red,Spring,4.8,Yes,Standard,1.0,1.0,45.0,Bank Transfer,Weekly,52.0,1.0,0.3375,0.5306122448979591,0.9999999999999999,0.9199999999999999,0.6717448979591836,Medium Value
692.0,60.0,Male,Backpack,Accessories,21.0,Massachusetts,L,Silver,Summer,2.9,Yes,Standard,1.0,1.0,37.0,PayPal,Bi-Weekly,,1.0,0.22500000000000003,0.4081632653061224,0.0,0.4800000000000002,0.256265306122449,Low Value
693.0,35.0,Male,Sunglasses,Accessories,95.0,North Dakota,M,Cyan,Spring,4.0,Yes,2-Day Shipping,1.0,1.0,40.0,Debit Card,Every 3 Months,,1.0,0.375,0.36734693877551017,0.49019607843137253,0.3600000000000001,0.40499759903961585,Low Value
694.0,46.0,Male,Shorts,Clothing,52.0,Vermont,L,Turquoise,Spring,3.1,Yes,Free Shipping,1.0,1.0,30.0,Cash,Every 3 Months,,1.0,0.7375,0.44897959183673464,0.21568627450980393,0.8399999999999999,0.475797719087635,Medium Value
695.0,41.0,Male,Dress,Clothing,21.0,Kentucky,S,Charcoal,Fall,3.5,Yes,2-Day Shipping,1.0,1.0,38.0,Venmo,Every 3 Months,,1.0,0.8875,0.510204081632653,0.49019607843137253,0.6399999999999999,0.5926404561824729,Medium Value
696.0,30.0,Male,Shorts,Clothing,67.0,Nevada,XL,Peach,Summer,3.7,Yes,Next Day Air,1.0,1.0,15.0,Debit Card,Every 3 Months,,1.0,0.5,0.24489795918367344,,0.40000000000000013,,Low Value
697.0,44.0,Male,Belt,Accessories,42.0,Utah,L,Green,Fall,2.8,Yes,Standard,1.0,1.0,49.0,Cash,Monthly,12.0,1.0,0.7625,0.7142857142857142,0.058823529411764705,0.52,0.5078613445378152,Medium Value
698.0,61.0,Male,Scarf,Accessories,63.0,North Dakota,XL,Brown,Summer,4.6,Yes,Free Shipping,1.0,1.0,40.0,Debit Card,Quarterly,4.0,1.0,0.875,0.7755102040816325,,0.040000000000000036,,Low Value
699.0,55.0,Male,Boots,Footwear,41.0,Iowa,M,Yellow,Winter,3.8,Yes,Standard,1.0,1.0,40.0,Debit Card,Weekly,52.0,1.0,0.625,0.7959183673469387,0.49019607843137253,0.7600000000000002,0.6664261704681873,Medium Value
700.0,50.0,Male,Handbag,Accessories,46.0,Connecticut,M,Charcoal,Fall,2.6,Yes,2-Day Shipping,1.0,1.0,5.0,PayPal,Weekly,52.0,1.0,0.5375000000000001,0.7346938775510203,0.058823529411764705,0.040000000000000036,0.4230246098439376,Low Value
701.0,57.0,Male,Pants,Clothing,79.0,Wisconsin,L,Olive,Winter,4.1,Yes,Standard,1.0,1.0,5.0,PayPal,Monthly,12.0,1.0,0.11250000000000004,0.16326530612244897,,0.44000000000000017,,Low Value
702.0,51.0,Male,Boots,Footwear,90.0,Idaho,L,Red,Fall,3.3,Yes,Next Day Air,1.0,1.0,5.0,Debit Card,Every 3 Months,,1.0,0.875,0.12244897959183673,,0.6800000000000002,,Low Value
703.0,18.0,Male,Shirt,Clothing,71.0,Montana,M,White,Winter,3.4,Yes,Store Pickup,1.0,1.0,1.0,Cash,Weekly,52.0,1.0,0.025000000000000022,0.4897959183673469,0.0,0.8399999999999999,0.28491836734693876,Low Value
704.0,63.0,Male,Dress,Clothing,87.0,Connecticut,L,Pink,Summer,3.0,Yes,Standard,1.0,1.0,21.0,Venmo,Weekly,52.0,1.0,0.025000000000000022,0.836734693877551,,0.32000000000000006,,Low Value
705.0,34.0,Male,Hoodie,Clothing,66.0,Idaho,S,Black,Spring,3.2,Yes,Express,1.0,1.0,18.0,PayPal,Annually,1.0,1.0,0.525,0.36734693877551017,0.9999999999999999,0.3600000000000001,0.587938775510204,Medium Value
706.0,25.0,Male,Pants,Clothing,90.0,Arkansas,XL,Indigo,Summer,4.5,Yes,Free Shipping,1.0,1.0,49.0,Cash,Quarterly,4.0,1.0,0.4625,0.8163265306122448,,0.7600000000000002,,Low Value
707.0,46.0,Male,Jeans,Clothing,47.0,Iowa,L,Turquoise,Summer,4.8,Yes,Express,1.0,1.0,27.0,Debit Card,Weekly,52.0,1.0,0.15000000000000002,1.0,,0.72,,Low Value
708.0,59.0,Male,Shirt,Clothing,38.0,Louisiana,L,Purple,Spring,3.7,Yes,Next Day Air,1.0,1.0,21.0,Venmo,Annually,1.0,1.0,0.4125000000000001,0.8571428571428571,0.21568627450980393,0.40000000000000013,0.5300630252100841,Medium Value
709.0,37.0,Male,Backpack,Accessories,50.0,Kentucky,L,Beige,Summer,3.4,Yes,Store Pickup,1.0,1.0,19.0,Cash,Fortnightly,26.0,1.0,0.7375,0.7142857142857142,,0.8800000000000001,,Low Value
710.0,49.0,Male,Jacket,Outerwear,79.0,Massachusetts,L,Charcoal,Summer,4.6,Yes,Standard,1.0,1.0,23.0,Debit Card,Monthly,12.0,1.0,0.5125000000000001,0.6530612244897959,0.49019607843137253,0.2400000000000002,0.5347833133253301,Medium Value
711.0,22.0,Male,Scarf,Accessories,91.0,Virginia,L,Turquoise,Spring,4.1,Yes,Standard,1.0,1.0,26.0,PayPal,Fortnightly,26.0,1.0,0.7250000000000001,0.38775510204081626,,0.44000000000000017,,Low Value
712.0,64.0,Male,Boots,Footwear,60.0,New Hampshire,M,Maroon,Spring,3.5,Yes,2-Day Shipping,1.0,1.0,13.0,Bank Transfer,Bi-Weekly,,1.0,0.9625000000000001,0.7346938775510203,,0.9199999999999999,,Low Value
713.0,42.0,Male,Blouse,Clothing,81.0,New Hampshire,XL,Black,Summer,3.8,Yes,Next Day Air,1.0,1.0,36.0,Bank Transfer,Quarterly,4.0,1.0,0.7250000000000001,0.22448979591836735,,0.4800000000000002,,Low Value
714.0,37.0,Male,Hoodie,Clothing,90.0,Oregon,M,Lavender,Summer,2.6,Yes,Express,1.0,1.0,39.0,Bank Transfer,Bi-Weekly,,1.0,0.45000000000000007,0.9183673469387754,,0.28000000000000025,,Low Value
715.0,26.0,Male,Jacket,Outerwear,70.0,South Dakota,M,Magenta,Fall,4.4,Yes,Store Pickup,1.0,1.0,40.0,Debit Card,Fortnightly,26.0,1.0,0.0625,0.5510204081632653,0.49019607843137253,0.56,0.43596698679471785,Low Value
716.0,33.0,Male,Jeans,Clothing,63.0,Delaware,L,Green,Spring,2.6,Yes,Express,1.0,1.0,37.0,Debit Card,Quarterly,4.0,1.0,0.10000000000000003,0.5918367346938774,0.49019607843137253,0.40000000000000013,0.44379351740696277,Low Value
717.0,30.0,Male,Jewelry,Accessories,29.0,Missouri,M,Olive,Spring,3.6,Yes,Express,1.0,1.0,9.0,Venmo,Bi-Weekly,,1.0,0.4625,0.5510204081632653,,0.11999999999999988,,Low Value
718.0,21.0,Male,Socks,Clothing,90.0,Alaska,L,Green,Spring,4.2,Yes,Express,1.0,1.0,7.0,Venmo,Every 3 Months,,1.0,0.2,0.38775510204081626,,0.08000000000000007,,Low Value
719.0,22.0,Male,Shirt,Clothing,22.0,Florida,M,Peach,Summer,4.6,Yes,Standard,1.0,1.0,25.0,Bank Transfer,Annually,1.0,1.0,0.6125,0.7755102040816325,,0.2400000000000002,,Low Value
720.0,63.0,Male,Shorts,Clothing,22.0,Mississippi,L,Turquoise,Summer,3.3,Yes,Next Day Air,1.0,1.0,42.0,Venmo,Bi-Weekly,,1.0,0.3500000000000001,0.9591836734693877,,0.44000000000000017,,Low Value
721.0,33.0,Male,Jewelry,Accessories,62.0,New Mexico,L,Orange,Fall,3.4,Yes,Free Shipping,1.0,1.0,19.0,Debit Card,Weekly,52.0,1.0,0.4750000000000001,0.6326530612244897,,0.15999999999999992,,Low Value
722.0,43.0,Male,Blouse,Clothing,57.0,California,L,Silver,Summer,4.4,Yes,Next Day Air,1.0,1.0,41.0,Debit Card,Every 3 Months,,1.0,0.050000000000000044,0.5510204081632653,0.0,0.44000000000000017,0.27440816326530615,Low Value
723.0,27.0,Male,Sweater,Clothing,32.0,Wyoming,S,Blue,Summer,4.3,Yes,Store Pickup,1.0,1.0,50.0,Cash,Bi-Weekly,,1.0,0.1375,0.5306122448979591,0.058823529411764705,0.40000000000000013,0.29739195678271313,Low Value
724.0,35.0,Male,Jewelry,Accessories,53.0,Missouri,L,Cyan,Fall,3.5,Yes,Express,1.0,1.0,43.0,PayPal,Monthly,12.0,1.0,0.11250000000000004,0.510204081632653,,0.40000000000000013,,Low Value
725.0,37.0,Male,T-shirt,Clothing,79.0,New Hampshire,XL,Green,Fall,4.7,Yes,Store Pickup,1.0,1.0,36.0,Venmo,Every 3 Months,,1.0,0.6125,0.4285714285714285,0.49019607843137253,0.11999999999999988,0.4529873949579832,Medium Value
726.0,61.0,Male,Hat,Accessories,61.0,Texas,L,Silver,Winter,3.1,Yes,Standard,1.0,1.0,33.0,Debit Card,Fortnightly,26.0,1.0,0.7375,0.44897959183673464,,0.8800000000000001,,Low Value
727.0,32.0,Male,Shorts,Clothing,78.0,North Dakota,L,Yellow,Summer,3.6,Yes,Next Day Air,1.0,1.0,20.0,Bank Transfer,Every 3 Months,,1.0,0.23750000000000004,0.4081632653061224,0.058823529411764705,0.2400000000000002,0.2524123649459784,Low Value
728.0,62.0,Male,Sweater,Clothing,97.0,Arkansas,S,Gray,Winter,4.8,Yes,Next Day Air,1.0,1.0,37.0,Venmo,Every 3 Months,,1.0,0.8,0.7142857142857142,0.9999999999999999,0.9600000000000002,0.8417142857142856,High Value
729.0,29.0,Male,Jeans,Clothing,78.0,Nebraska,M,Pink,Winter,3.7,Yes,Next Day Air,1.0,1.0,12.0,PayPal,Every 3 Months,,1.0,0.5750000000000001,0.836734693877551,,0.6399999999999999,,Low Value
730.0,41.0,Male,Sunglasses,Accessories,56.0,Minnesota,L,Beige,Summer,3.2,Yes,Express,1.0,1.0,46.0,PayPal,Every 3 Months,,1.0,0.9000000000000001,0.061224489795918366,0.21568627450980393,0.8800000000000001,0.3571956782713086,Low Value
731.0,48.0,Male,Boots,Footwear,25.0,Massachusetts,M,Indigo,Summer,3.9,Yes,Standard,1.0,1.0,28.0,Venmo,Fortnightly,26.0,1.0,0.3125,0.9387755102040816,0.0,0.0,0.43801020408163266,Low Value
732.0,43.0,Male,Coat,Outerwear,28.0,Arkansas,M,Red,Spring,3.5,Yes,Free Shipping,1.0,1.0,30.0,PayPal,Fortnightly,26.0,1.0,0.675,0.24489795918367344,0.9999999999999999,0.7600000000000002,0.6089591836734694,Medium Value
733.0,34.0,Male,Shirt,Clothing,57.0,New Hampshire,L,Blue,Spring,2.8,Yes,Express,1.0,1.0,28.0,Cash,Bi-Weekly,,1.0,0.23750000000000004,0.14285714285714285,0.058823529411764705,0.56,0.17828991596638658,Low Value
734.0,45.0,Male,Dress,Clothing,36.0,Rhode Island,L,Cyan,Fall,2.7,Yes,2-Day Shipping,1.0,1.0,20.0,Debit Card,Bi-Weekly,,1.0,0.6375000000000001,0.2040816326530612,0.058823529411764705,0.4800000000000002,0.274779711884754,Low Value
735.0,65.0,Male,Shirt,Clothing,69.0,New Jersey,S,Violet,Winter,3.1,Yes,Express,1.0,1.0,39.0,Bank Transfer,Every 3 Months,,1.0,0.9375,0.08163265306122448,0.0,0.3600000000000001,0.25615306122448983,Low Value
736.0,61.0,Male,Sunglasses,Accessories,48.0,Montana,M,Orange,Fall,3.6,Yes,2-Day Shipping,1.0,1.0,48.0,Cash,Bi-Weekly,,1.0,0.65,0.0,0.21568627450980393,0.9199999999999999,0.28670588235294114,Low Value
737.0,18.0,Male,Dress,Clothing,58.0,Colorado,L,Maroon,Spring,2.9,Yes,2-Day Shipping,1.0,1.0,32.0,Credit Card,Every 3 Months,,1.0,0.8125,0.32653061224489793,,0.6800000000000002,,Low Value
738.0,47.0,Male,Sunglasses,Accessories,24.0,Nebraska,M,Teal,Spring,3.6,Yes,Store Pickup,1.0,1.0,28.0,PayPal,Annually,1.0,1.0,0.42500000000000004,0.5306122448979591,0.058823529411764705,0.3600000000000001,0.3508919567827131,Low Value
739.0,56.0,Male,Sunglasses,Accessories,31.0,Minnesota,L,Orange,Winter,3.5,Yes,2-Day Shipping,1.0,1.0,27.0,Venmo,Quarterly,4.0,1.0,0.26250000000000007,0.04081632653061225,0.058823529411764705,0.15999999999999992,0.10247358943577431,Low Value
740.0,64.0,Male,Shorts,Clothing,29.0,Minnesota,S,Purple,Summer,3.5,Yes,Free Shipping,1.0,1.0,26.0,Venmo,Bi-Weekly,,1.0,0.050000000000000044,0.4285714285714285,0.9999999999999999,0.32000000000000006,0.5134285714285713,Medium Value
741.0,26.0,Male,Jeans,Clothing,69.0,South Dakota,M,Orange,Summer,2.8,Yes,Next Day Air,1.0,1.0,22.0,Credit Card,Fortnightly,26.0,1.0,0.9875,0.4693877551020408,0.49019607843137253,0.9199999999999999,0.624313925570228,Medium Value
742.0,22.0,Male,T-shirt,Clothing,79.0,West Virginia,XL,Yellow,Summer,4.7,Yes,Free Shipping,1.0,1.0,23.0,Bank Transfer,Every 3 Months,,1.0,0.15000000000000002,0.346938775510204,0.058823529411764705,0.52,0.238422569027611,Low Value
743.0,64.0,Male,Pants,Clothing,39.0,Nevada,M,Charcoal,Summer,3.1,Yes,Express,1.0,1.0,21.0,Debit Card,Quarterly,4.0,1.0,0.6375000000000001,0.7755102040816325,,0.8399999999999999,,Low Value
744.0,21.0,Male,Sunglasses,Accessories,84.0,North Carolina,L,Gray,Fall,4.9,Yes,Free Shipping,1.0,1.0,36.0,Cash,Weekly,52.0,1.0,0.36250000000000004,0.4897959183673469,0.49019607843137253,0.040000000000000036,0.41947719087635055,Low Value
745.0,67.0,Male,Boots,Footwear,66.0,Illinois,S,Charcoal,Spring,4.1,Yes,Next Day Air,1.0,1.0,42.0,Debit Card,Bi-Weekly,,1.0,0.375,0.10204081632653061,0.0,0.3600000000000001,0.15181632653061228,Low Value
746.0,46.0,Male,T-shirt,Clothing,92.0,Michigan,L,Orange,Fall,4.7,Yes,Standard,1.0,1.0,4.0,Venmo,Monthly,12.0,1.0,0.8875,0.510204081632653,0.9999999999999999,0.6800000000000002,0.7495816326530612,Medium Value
747.0,40.0,Male,Sandals,Footwear,45.0,Michigan,M,Red,Winter,2.5,Yes,Free Shipping,1.0,1.0,47.0,Credit Card,Annually,1.0,1.0,0.32500000000000007,0.8571428571428571,0.49019607843137253,0.56,0.6109159663865547,Medium Value
748.0,51.0,Male,Shorts,Clothing,74.0,Oklahoma,L,Gold,Spring,4.4,Yes,Next Day Air,1.0,1.0,13.0,Bank Transfer,Weekly,52.0,1.0,0.375,0.10204081632653061,0.21568627450980393,0.15999999999999992,0.19652220888355343,Low Value
749.0,35.0,Male,Hat,Accessories,39.0,South Dakota,L,Brown,Fall,3.9,Yes,Free Shipping,1.0,1.0,8.0,Bank Transfer,Quarterly,4.0,1.0,0.23750000000000004,0.10204081632653061,0.058823529411764705,0.6800000000000002,0.1739633853541417,Low Value
750.0,56.0,Male,Scarf,Accessories,71.0,Oklahoma,M,Olive,Winter,3.7,Yes,Standard,1.0,1.0,11.0,Debit Card,Quarterly,4.0,1.0,0.9875,0.24489795918367344,0.058823529411764705,0.20000000000000018,0.33310624249699883,Low Value
751.0,25.0,Male,T-shirt,Clothing,95.0,Maryland,L,Violet,Fall,3.4,Yes,Free Shipping,1.0,1.0,5.0,Venmo,Annually,1.0,1.0,0.3500000000000001,0.24489795918367344,0.21568627450980393,0.44000000000000017,0.2766650660264106,Low Value
752.0,65.0,Male,Gloves,Accessories,72.0,Ohio,L,Indigo,Fall,4.8,Yes,Free Shipping,1.0,1.0,1.0,Credit Card,Monthly,12.0,1.0,0.7125,0.2040816326530612,0.0,0.0,0.22413265306122448,Low Value
753.0,39.0,Male,Scarf,Accessories,85.0,Ohio,L,Yellow,Fall,4.2,Yes,2-Day Shipping,1.0,1.0,17.0,PayPal,Every 3 Months,,1.0,0.9375,0.8979591836734693,0.9999999999999999,0.040000000000000036,0.8506836734693877,High Value
754.0,47.0,Male,Boots,Footwear,54.0,Massachusetts,M,Teal,Fall,3.4,Yes,Store Pickup,1.0,1.0,27.0,Venmo,Quarterly,4.0,1.0,1.0,0.14285714285714285,0.21568627450980393,0.72,0.39384873949579835,Low Value
755.0,36.0,Male,Gloves,Accessories,41.0,North Carolina,L,Pink,Spring,2.9,Yes,Store Pickup,1.0,1.0,3.0,Debit Card,Quarterly,4.0,1.0,0.42500000000000004,0.14285714285714285,0.0,0.32000000000000006,0.17414285714285715,Low Value
756.0,66.0,Male,Coat,Outerwear,24.0,Florida,M,Violet,Spring,3.3,Yes,Free Shipping,1.0,1.0,22.0,PayPal,Weekly,52.0,1.0,0.6000000000000001,0.673469387755102,0.49019607843137253,0.040000000000000036,0.5404465786314526,Medium Value
757.0,62.0,Male,Belt,Accessories,99.0,Montana,S,Orange,Summer,4.8,Yes,Standard,1.0,1.0,24.0,Cash,Fortnightly,26.0,1.0,0.025000000000000022,0.7959183673469387,,0.44000000000000017,,Low Value
758.0,41.0,Male,Hoodie,Clothing,32.0,Minnesota,M,Red,Fall,3.8,Yes,Store Pickup,1.0,1.0,18.0,Debit Card,Quarterly,4.0,1.0,0.8,0.26530612244897955,,0.040000000000000036,,Low Value
759.0,66.0,Male,Shoes,Footwear,71.0,Massachusetts,L,Peach,Summer,4.6,Yes,2-Day Shipping,1.0,1.0,39.0,Bank Transfer,Every 3 Months,,1.0,0.32500000000000007,0.2040816326530612,0.058823529411764705,0.40000000000000013,0.20427971188475394,Low Value
760.0,51.0,Male,Dress,Clothing,49.0,Rhode Island,XL,Green,Winter,2.6,Yes,Next Day Air,1.0,1.0,25.0,Credit Card,Fortnightly,26.0,1.0,0.4125000000000001,0.14285714285714285,0.21568627450980393,0.20000000000000018,0.22434873949579837,Low Value
761.0,33.0,Male,Gloves,Accessories,50.0,Minnesota,XL,Violet,Fall,3.4,Yes,Free Shipping,1.0,1.0,6.0,Cash,Annually,1.0,1.0,0.5,0.14285714285714285,,1.0,,Low Value
762.0,57.0,Male,Jewelry,Accessories,91.0,Nevada,L,Yellow,Fall,4.2,Yes,Express,1.0,1.0,26.0,Bank Transfer,Weekly,52.0,1.0,0.15000000000000002,0.7346938775510203,0.9999999999999999,0.0,0.6238775510204081,Medium Value
763.0,45.0,Male,Belt,Accessories,46.0,New Mexico,M,Pink,Fall,3.9,Yes,Standard,1.0,1.0,43.0,Debit Card,Fortnightly,26.0,1.0,0.375,0.44897959183673464,0.0,0.15999999999999992,0.2705918367346939,Low Value
764.0,61.0,Male,Sweater,Clothing,50.0,North Carolina,M,Brown,Spring,2.9,Yes,2-Day Shipping,1.0,1.0,6.0,Credit Card,Monthly,12.0,1.0,0.925,0.7551020408163265,0.0,0.8399999999999999,0.5710408163265306,Medium Value
765.0,55.0,Male,Skirt,Clothing,39.0,Virginia,XL,Silver,Fall,4.2,Yes,Free Shipping,1.0,1.0,6.0,Debit Card,Quarterly,4.0,1.0,0.07500000000000001,0.7551020408163265,0.058823529411764705,0.44000000000000017,0.3786878751500601,Low Value
766.0,54.0,Male,Sneakers,Footwear,99.0,Alaska,M,Pink,Summer,3.0,Yes,Store Pickup,1.0,1.0,13.0,Cash,Quarterly,4.0,1.0,0.30000000000000004,0.22448979591836735,0.49019607843137253,0.20000000000000018,0.3168547418967587,Low Value
767.0,57.0,Male,Gloves,Accessories,48.0,Nevada,M,Cyan,Winter,3.6,Yes,Next Day Air,1.0,1.0,13.0,PayPal,Monthly,12.0,1.0,0.4625,0.28571428571428564,0.9999999999999999,0.8,0.5867857142857142,Medium Value
768.0,27.0,Male,Coat,Outerwear,77.0,Pennsylvania,M,Brown,Fall,2.5,Yes,Next Day Air,1.0,1.0,11.0,Cash,Annually,1.0,1.0,0.5625,0.7551020408163265,0.49019607843137253,0.8,0.6415996398559425,Medium Value
769.0,64.0,Male,Backpack,Accessories,95.0,Illinois,XL,Red,Spring,2.6,Yes,Express,1.0,1.0,45.0,Venmo,Weekly,52.0,1.0,0.65,0.8163265306122448,,0.28000000000000025,,Low Value
770.0,52.0,Male,Socks,Clothing,100.0,Delaware,M,Silver,Spring,4.3,Yes,Store Pickup,1.0,1.0,8.0,PayPal,Monthly,12.0,1.0,0.525,0.7346938775510203,0.49019607843137253,0.6000000000000001,0.60593637454982,Medium Value
771.0,19.0,Male,Sneakers,Footwear,54.0,Vermont,M,Gray,Spring,3.3,Yes,Express,1.0,1.0,8.0,Credit Card,Annually,1.0,1.0,0.012500000000000011,0.3061224489795918,,0.9199999999999999,,Low Value
772.0,22.0,Male,Sweater,Clothing,68.0,Hawaii,L,Cyan,Fall,2.6,Yes,Next Day Air,1.0,1.0,34.0,Bank Transfer,Fortnightly,26.0,1.0,0.8125,0.4897959183673469,0.9999999999999999,0.4800000000000002,0.7064183673469387,Medium Value
773.0,18.0,Male,Jeans,Clothing,22.0,Illinois,L,Teal,Fall,3.6,Yes,Free Shipping,1.0,1.0,40.0,Debit Card,Bi-Weekly,,1.0,0.38750000000000007,0.346938775510204,0.058823529411764705,0.52,0.28592256902761104,Low Value
774.0,29.0,Male,Hat,Accessories,84.0,California,L,Indigo,Winter,2.6,Yes,Express,1.0,1.0,14.0,Debit Card,Bi-Weekly,,1.0,0.8,0.061224489795918366,,0.08000000000000007,,Low Value
775.0,42.0,Male,Hat,Accessories,46.0,Nevada,M,Yellow,Summer,3.5,Yes,Standard,1.0,1.0,11.0,Credit Card,Quarterly,4.0,1.0,0.21250000000000002,0.22448979591836735,0.058823529411764705,0.9600000000000002,0.2459429771908764,Low Value
776.0,49.0,Male,Handbag,Accessories,53.0,Kentucky,S,Gold,Winter,3.0,Yes,Store Pickup,1.0,1.0,8.0,PayPal,Monthly,12.0,1.0,0.30000000000000004,0.693877551020408,0.49019607843137253,0.2400000000000002,0.508609843937575,Medium Value
777.0,49.0,Male,Shirt,Clothing,60.0,Alabama,M,Maroon,Spring,5.0,Yes,Standard,1.0,1.0,8.0,Venmo,Every 3 Months,,1.0,0.3125,0.8979591836734693,0.9999999999999999,0.6800000000000002,0.7896836734693877,High Value
778.0,55.0,Male,Socks,Clothing,32.0,Wyoming,XL,Silver,Spring,2.5,Yes,Express,1.0,1.0,37.0,Venmo,Weekly,52.0,1.0,0.1875,0.3061224489795918,0.21568627450980393,0.52,0.2766548619447779,Low Value
779.0,29.0,Male,Socks,Clothing,50.0,Massachusetts,M,Yellow,Summer,2.9,Yes,Store Pickup,1.0,1.0,23.0,Debit Card,Annually,1.0,1.0,0.375,0.18367346938775508,0.49019607843137253,0.6800000000000002,0.3635282112845138,Low Value
780.0,60.0,Male,Dress,Clothing,94.0,Utah,M,Blue,Spring,4.6,Yes,Express,1.0,1.0,38.0,Cash,Annually,1.0,1.0,0.07500000000000001,0.673469387755102,0.0,0.8399999999999999,0.3683877551020408,Low Value
781.0,34.0,Male,Shoes,Footwear,26.0,New York,M,Turquoise,Spring,3.6,Yes,Free Shipping,1.0,1.0,38.0,Cash,Quarterly,4.0,1.0,0.7250000000000001,0.8571428571428571,0.0,0.6000000000000001,0.5478571428571429,Medium Value
782.0,30.0,Male,Scarf,Accessories,44.0,Vermont,L,Indigo,Winter,3.0,Yes,Store Pickup,1.0,1.0,12.0,Credit Card,Fortnightly,26.0,1.0,0.7750000000000001,0.7551020408163265,0.9999999999999999,0.6000000000000001,0.8170408163265306,High Value
783.0,28.0,Male,Hoodie,Clothing,57.0,Hawaii,M,Green,Summer,4.5,Yes,Standard,1.0,1.0,15.0,Cash,Weekly,52.0,1.0,0.23750000000000004,0.9591836734693877,,0.52,,Low Value
784.0,63.0,Male,T-shirt,Clothing,65.0,Louisiana,L,Purple,Winter,4.5,Yes,Next Day Air,1.0,1.0,38.0,PayPal,Fortnightly,26.0,1.0,0.0,0.38775510204081626,,0.040000000000000036,,Low Value
785.0,31.0,Male,Jeans,Clothing,72.0,Alabama,M,Peach,Winter,3.2,Yes,Store Pickup,1.0,1.0,41.0,Bank Transfer,Every 3 Months,,1.0,0.11250000000000004,0.22448979591836735,0.49019607843137253,0.9600000000000002,0.35535474189675875,Low Value
786.0,46.0,Male,Shorts,Clothing,62.0,Louisiana,S,Purple,Spring,4.0,Yes,Next Day Air,1.0,1.0,37.0,PayPal,Fortnightly,26.0,1.0,0.26250000000000007,0.02040816326530612,0.9999999999999999,0.40000000000000013,0.4006632653061224,Low Value
787.0,70.0,Male,Hat,Accessories,21.0,Indiana,S,Teal,Winter,4.8,Yes,Express,1.0,1.0,16.0,Bank Transfer,Every 3 Months,,1.0,0.22500000000000003,0.5918367346938774,,0.11999999999999988,,Low Value
788.0,53.0,Male,Handbag,Accessories,85.0,Michigan,S,Green,Spring,3.7,Yes,Free Shipping,1.0,1.0,25.0,Venmo,Weekly,52.0,1.0,0.3375,0.5510204081632653,0.058823529411764705,0.040000000000000036,0.3095552220888355,Low Value
789.0,50.0,Male,Pants,Clothing,51.0,Rhode Island,XL,Yellow,Summer,3.8,Yes,Store Pickup,1.0,1.0,18.0,Bank Transfer,Quarterly,4.0,1.0,0.125,0.7959183673469387,0.21568627450980393,0.4800000000000002,0.45607322929171673,Medium Value
790.0,33.0,Male,Handbag,Accessories,84.0,Idaho,S,Purple,Fall,2.7,Yes,Standard,1.0,1.0,4.0,Credit Card,Bi-Weekly,,1.0,0.45000000000000007,0.9183673469387754,0.058823529411764705,0.08000000000000007,0.4829939975990396,Medium Value
791.0,22.0,Male,Sweater,Clothing,37.0,Louisiana,M,Indigo,Summer,4.9,Yes,Store Pickup,1.0,1.0,12.0,Bank Transfer,Quarterly,4.0,1.0,0.8625,0.28571428571428564,0.9999999999999999,0.32000000000000006,0.6187857142857143,Medium Value
792.0,50.0,Male,Scarf,Accessories,44.0,North Carolina,S,Magenta,Summer,3.1,Yes,2-Day Shipping,1.0,1.0,35.0,PayPal,Fortnightly,26.0,1.0,0.9500000000000002,0.7551020408163265,,0.8399999999999999,,Low Value
793.0,34.0,Male,Sneakers,Footwear,45.0,New Jersey,M,Violet,Spring,4.2,Yes,Next Day Air,1.0,1.0,45.0,Venmo,Weekly,52.0,1.0,0.7625,0.5918367346938774,,0.9600000000000002,,Low Value
794.0,24.0,Male,Pants,Clothing,35.0,Alabama,L,Maroon,Summer,3.8,Yes,Free Shipping,1.0,1.0,16.0,Credit Card,Monthly,12.0,1.0,0.7875000000000001,0.6326530612244897,,0.9600000000000002,,Low Value
795.0,69.0,Male,Backpack,Accessories,50.0,Kentucky,XL,Yellow,Winter,4.2,Yes,Store Pickup,1.0,1.0,10.0,Debit Card,Fortnightly,26.0,1.0,0.1875,0.7142857142857142,0.058823529411764705,0.08000000000000007,0.34886134453781514,Low Value
796.0,39.0,Male,Sandals,Footwear,26.0,New York,M,Beige,Summer,4.6,Yes,Store Pickup,1.0,1.0,34.0,Venmo,Annually,1.0,1.0,0.45000000000000007,0.6326530612244897,0.9999999999999999,0.28000000000000025,0.671061224489796,Medium Value
797.0,42.0,Male,Socks,Clothing,78.0,Arizona,XL,Black,Fall,4.0,Yes,2-Day Shipping,1.0,1.0,43.0,Credit Card,Annually,1.0,1.0,0.3125,0.26530612244897955,0.0,0.15999999999999992,0.18462244897959182,Low Value
798.0,42.0,Male,Coat,Outerwear,82.0,Maryland,M,Violet,Fall,4.0,Yes,2-Day Shipping,1.0,1.0,38.0,Debit Card,Weekly,52.0,1.0,0.525,0.14285714285714285,0.21568627450980393,0.52,0.27884873949579836,Low Value
799.0,29.0,Male,Socks,Clothing,39.0,Alaska,M,Violet,Spring,3.8,Yes,2-Day Shipping,1.0,1.0,48.0,PayPal,Every 3 Months,,1.0,0.8,0.5306122448979591,,0.20000000000000018,,Low Value
801.0,32.0,Male,Socks,Clothing,20.0,Utah,S,Gold,Summer,2.6,Yes,Free Shipping,1.0,1.0,20.0,Cash,Every 3 Months,,1.0,0.012500000000000011,0.5918367346938774,0.49019607843137253,0.8800000000000001,0.47429351740696274,Medium Value
802.0,25.0,Male,Belt,Accessories,29.0,New Mexico,L,Blue,Fall,4.9,Yes,Express,1.0,1.0,12.0,Credit Card,Fortnightly,26.0,1.0,0.8875,0.673469387755102,0.21568627450980393,0.9600000000000002,0.607593637454982,Medium Value
803.0,38.0,Male,Pants,Clothing,41.0,Delaware,M,Teal,Winter,3.5,Yes,Next Day Air,1.0,1.0,2.0,Bank Transfer,Weekly,52.0,1.0,0.2,0.5510204081632653,0.058823529411764705,0.9199999999999999,0.37005522208883546,Low Value
804.0,32.0,Male,Shorts,Clothing,38.0,Connecticut,L,Silver,Winter,2.8,Yes,Express,1.0,1.0,30.0,Venmo,Every 3 Months,,1.0,0.23750000000000004,0.5306122448979591,0.21568627450980393,0.0,0.3244507803121248,Low Value
805.0,43.0,Male,Boots,Footwear,47.0,Mississippi,M,Maroon,Summer,2.6,Yes,Store Pickup,1.0,1.0,28.0,Venmo,Quarterly,4.0,1.0,0.23750000000000004,0.6122448979591836,,0.56,,Low Value
806.0,41.0,Male,Dress,Clothing,30.0,Connecticut,L,White,Summer,3.7,Yes,Next Day Air,1.0,1.0,40.0,Debit Card,Monthly,12.0,1.0,0.48750000000000004,0.44897959183673464,0.0,0.3600000000000001,0.31309183673469393,Low Value
807.0,56.0,Male,Jeans,Clothing,56.0,Florida,L,Charcoal,Summer,2.7,Yes,Standard,1.0,1.0,46.0,PayPal,Quarterly,4.0,1.0,0.08750000000000002,0.2040816326530612,0.058823529411764705,0.0,0.1167797118847539,Low Value
808.0,27.0,Male,T-shirt,Clothing,89.0,New York,S,Brown,Winter,3.3,Yes,Express,1.0,1.0,15.0,Credit Card,Weekly,52.0,1.0,0.925,0.9591836734693877,0.058823529411764705,0.20000000000000018,0.6063205282112846,Medium Value
809.0,46.0,Male,Shoes,Footwear,96.0,Wisconsin,L,Lavender,Fall,4.6,Yes,Next Day Air,1.0,1.0,38.0,Cash,Every 3 Months,,1.0,0.925,0.32653061224489793,0.21568627450980393,0.44000000000000017,0.42431812725090046,Low Value
810.0,48.0,Male,Boots,Footwear,81.0,South Carolina,M,Violet,Fall,4.9,Yes,Next Day Air,1.0,1.0,30.0,PayPal,Bi-Weekly,,1.0,0.925,0.7142857142857142,0.9999999999999999,0.44000000000000017,0.8147142857142857,High Value
811.0,52.0,Male,Scarf,Accessories,83.0,South Dakota,S,Lavender,Fall,4.9,Yes,Store Pickup,1.0,1.0,32.0,Debit Card,Bi-Weekly,,1.0,0.38750000000000007,0.6530612244897959,0.49019607843137253,0.6399999999999999,0.54978331332533,Medium Value
812.0,18.0,Male,Sneakers,Footwear,35.0,Illinois,M,Green,Winter,2.7,Yes,Free Shipping,1.0,1.0,36.0,Venmo,Quarterly,4.0,1.0,0.525,0.5306122448979591,,0.4800000000000002,,Low Value
813.0,64.0,Male,Boots,Footwear,56.0,Alaska,M,Olive,Summer,3.2,Yes,Standard,1.0,1.0,32.0,Credit Card,Weekly,52.0,1.0,0.7000000000000001,0.08163265306122448,0.0,0.6800000000000002,0.24065306122448982,Low Value
814.0,54.0,Male,Handbag,Accessories,45.0,Montana,S,Olive,Summer,2.9,Yes,Store Pickup,1.0,1.0,14.0,Debit Card,Annually,1.0,1.0,0.5375000000000001,0.9387755102040816,,0.72,,Low Value
815.0,31.0,Male,Shirt,Clothing,62.0,Minnesota,M,Pink,Winter,3.8,Yes,Express,1.0,1.0,8.0,PayPal,Monthly,12.0,1.0,0.75,0.5510204081632653,,0.0,,Low Value
816.0,30.0,Male,Hat,Accessories,84.0,West Virginia,L,Teal,Spring,3.0,Yes,Next Day Air,1.0,1.0,27.0,Venmo,Bi-Weekly,,1.0,0.6000000000000001,0.2040816326530612,0.0,0.40000000000000013,0.24163265306122453,Low Value
817.0,26.0,Male,Sweater,Clothing,24.0,Illinois,L,Cyan,Summer,3.9,Yes,Store Pickup,1.0,1.0,24.0,Debit Card,Monthly,12.0,1.0,0.8625,0.346938775510204,0.9999999999999999,0.2400000000000002,0.6352755102040816,Medium Value
818.0,25.0,Male,Handbag,Accessories,21.0,Nevada,S,Gray,Spring,4.7,Yes,Store Pickup,1.0,1.0,30.0,PayPal,Fortnightly,26.0,1.0,0.07500000000000001,0.4081632653061224,0.9999999999999999,0.0,0.4782653061224489,Medium Value
819.0,59.0,Male,Shirt,Clothing,91.0,Idaho,M,Peach,Winter,4.9,Yes,Store Pickup,1.0,1.0,34.0,Debit Card,Monthly,12.0,1.0,0.875,0.4285714285714285,,0.56,,Low Value
820.0,55.0,Male,Sunglasses,Accessories,36.0,Colorado,S,Teal,Winter,4.8,Yes,Next Day Air,1.0,1.0,28.0,Debit Card,Quarterly,4.0,1.0,0.10000000000000003,0.6530612244897959,,0.9600000000000002,,Low Value
821.0,56.0,Male,Sneakers,Footwear,39.0,Louisiana,M,Turquoise,Spring,2.5,Yes,2-Day Shipping,1.0,1.0,27.0,Debit Card,Monthly,12.0,1.0,0.11250000000000004,0.9795918367346937,0.0,0.72,0.48633673469387756,Medium Value
822.0,62.0,Male,Hoodie,Clothing,39.0,Vermont,M,Green,Spring,3.9,Yes,Standard,1.0,1.0,31.0,Credit Card,Bi-Weekly,,1.0,0.1375,0.18367346938775508,,0.040000000000000036,,Low Value
823.0,35.0,Male,Shirt,Clothing,59.0,Mississippi,L,Magenta,Winter,3.4,Yes,Standard,1.0,1.0,23.0,Bank Transfer,Annually,1.0,1.0,0.050000000000000044,0.346938775510204,0.9999999999999999,0.6800000000000002,0.5167755102040816,Medium Value
824.0,51.0,Male,Sunglasses,Accessories,27.0,Georgia,M,Green,Winter,2.5,Yes,Free Shipping,1.0,1.0,11.0,Credit Card,Quarterly,4.0,1.0,0.8500000000000001,0.5510204081632653,0.49019607843137253,0.040000000000000036,0.5414669867947179,Medium Value
825.0,61.0,Male,Blouse,Clothing,94.0,Georgia,M,White,Spring,3.0,Yes,Store Pickup,1.0,1.0,48.0,Cash,Quarterly,4.0,1.0,0.8375000000000001,0.4897959183673469,0.9999999999999999,0.44000000000000017,0.7074183673469387,Medium Value
826.0,27.0,Male,Belt,Accessories,94.0,Nebraska,XL,Brown,Fall,3.6,Yes,Next Day Air,1.0,1.0,17.0,Cash,Monthly,12.0,1.0,0.75,0.10204081632653061,0.9999999999999999,0.28000000000000025,0.5188163265306123,Medium Value
827.0,54.0,Male,Dress,Clothing,94.0,Massachusetts,M,Purple,Winter,3.6,Yes,Standard,1.0,1.0,36.0,PayPal,Weekly,52.0,1.0,0.3500000000000001,0.8775510204081631,,0.7600000000000002,,Low Value
828.0,31.0,Male,Shoes,Footwear,51.0,Colorado,S,Green,Fall,4.1,Yes,Free Shipping,1.0,1.0,33.0,Bank Transfer,Fortnightly,26.0,1.0,0.012500000000000011,0.5918367346938774,0.21568627450980393,0.4800000000000002,0.3519405762304922,Low Value
829.0,24.0,Male,Socks,Clothing,62.0,Nevada,M,Peach,Fall,3.7,Yes,2-Day Shipping,1.0,1.0,27.0,PayPal,Bi-Weekly,,1.0,0.65,0.836734693877551,0.058823529411764705,0.4800000000000002,0.5303409363745498,Medium Value
831.0,41.0,Male,Shorts,Clothing,76.0,Wyoming,M,Maroon,Fall,4.2,Yes,Express,1.0,1.0,5.0,Credit Card,Annually,1.0,1.0,0.6625000000000001,0.6530612244897959,,0.44000000000000017,,Low Value
832.0,66.0,Male,Gloves,Accessories,63.0,Washington,M,Red,Summer,4.3,Yes,Express,1.0,1.0,47.0,Cash,Every 3 Months,,1.0,0.5125000000000001,0.4693877551020408,0.058823529411764705,0.72,0.37990216086434575,Low Value
833.0,58.0,Male,Jacket,Outerwear,80.0,California,L,Blue,Fall,2.5,Yes,Express,1.0,1.0,28.0,Cash,Bi-Weekly,,1.0,0.0,0.24489795918367344,0.21568627450980393,0.040000000000000036,0.16666506602641057,Low Value
834.0,43.0,Male,Handbag,Accessories,68.0,Oklahoma,M,Purple,Fall,3.5,Yes,Standard,1.0,1.0,11.0,Credit Card,Annually,1.0,1.0,0.825,0.36734693877551017,0.21568627450980393,0.15999999999999992,0.3926446578631453,Low Value
835.0,52.0,Male,Backpack,Accessories,89.0,Nevada,M,Indigo,Summer,3.1,Yes,Free Shipping,1.0,1.0,18.0,Credit Card,Weekly,52.0,1.0,0.5,0.44897959183673464,,0.6800000000000002,,Low Value
836.0,35.0,Male,Boots,Footwear,26.0,Maryland,L,Indigo,Summer,2.5,Yes,Next Day Air,1.0,1.0,21.0,Debit Card,Weekly,52.0,1.0,0.2875,0.693877551020408,0.21568627450980393,0.6000000000000001,0.45975690276110437,Medium Value
837.0,23.0,Male,Gloves,Accessories,90.0,West Virginia,L,Violet,Winter,3.9,Yes,Store Pickup,1.0,1.0,22.0,Cash,Bi-Weekly,,1.0,0.30000000000000004,0.4285714285714285,0.21568627450980393,0.72,0.3681344537815126,Low Value
838.0,25.0,Male,Hoodie,Clothing,28.0,Illinois,L,Brown,Spring,4.9,Yes,Express,1.0,1.0,33.0,Cash,Every 3 Months,,1.0,0.7000000000000001,0.26530612244897955,0.058823529411764705,0.20000000000000018,0.28376950780312127,Low Value
839.0,33.0,Male,Coat,Outerwear,29.0,Kentucky,M,Gray,Spring,4.3,Yes,Express,1.0,1.0,49.0,Credit Card,Annually,1.0,1.0,0.16250000000000003,0.9387755102040816,0.49019607843137253,0.40000000000000013,0.5950690276110444,Medium Value
840.0,48.0,Male,Shirt,Clothing,31.0,Illinois,L,Teal,Spring,2.6,Yes,Free Shipping,1.0,1.0,10.0,Debit Card,Every 3 Months,,1.0,0.5,1.0,,0.20000000000000018,,Low Value
841.0,42.0,Male,Shirt,Clothing,24.0,Alabama,L,Teal,Summer,4.2,Yes,2-Day Shipping,1.0,1.0,18.0,PayPal,Weekly,52.0,1.0,0.07500000000000001,0.6530612244897959,0.9999999999999999,0.2400000000000002,0.6002244897959182,Medium Value
842.0,55.0,Male,Sweater,Clothing,88.0,Texas,M,Beige,Summer,2.6,Yes,Store Pickup,1.0,1.0,28.0,PayPal,Fortnightly,26.0,1.0,0.6625000000000001,0.12244897959183673,0.21568627450980393,0.6000000000000001,0.3061854741896759,Low Value
843.0,59.0,Male,Shirt,Clothing,87.0,Missouri,M,Violet,Spring,3.6,Yes,Express,1.0,1.0,25.0,PayPal,Weekly,52.0,1.0,0.8375000000000001,0.04081632653061225,0.21568627450980393,0.6399999999999999,0.31253241296518613,Low Value
844.0,65.0,Male,Hoodie,Clothing,80.0,Pennsylvania,S,Beige,Summer,3.2,Yes,Express,1.0,1.0,6.0,PayPal,Weekly,52.0,1.0,0.8,0.24489795918367344,0.49019607843137253,0.9600000000000002,0.5010180072028811,Medium Value
845.0,59.0,Male,Sandals,Footwear,48.0,Missouri,L,Purple,Winter,4.4,Yes,Express,1.0,1.0,44.0,Venmo,Bi-Weekly,,1.0,0.26250000000000007,0.836734693877551,0.49019607843137253,0.56,0.5902527010804323,Medium Value
846.0,31.0,Male,Belt,Accessories,21.0,Michigan,XL,Charcoal,Winter,3.7,Yes,Standard,1.0,1.0,30.0,Venmo,Monthly,12.0,1.0,0.48750000000000004,0.08163265306122448,0.0,0.56,0.18615306122448982,Low Value
847.0,49.0,Male,Boots,Footwear,72.0,Kentucky,M,Pink,Spring,3.7,Yes,Express,1.0,1.0,42.0,Debit Card,Quarterly,4.0,1.0,0.07500000000000001,0.44897959183673464,0.0,0.9199999999999999,0.2865918367346939,Low Value
848.0,53.0,Male,Hoodie,Clothing,44.0,New Jersey,L,Blue,Fall,4.1,Yes,Standard,1.0,1.0,30.0,PayPal,Monthly,12.0,1.0,0.6125,0.2040816326530612,,0.08000000000000007,,Low Value
849.0,48.0,Male,Sandals,Footwear,73.0,Delaware,M,Lavender,Fall,3.6,Yes,Store Pickup,1.0,1.0,33.0,Credit Card,Bi-Weekly,,1.0,0.0,0.44897959183673464,0.49019607843137253,0.2400000000000002,0.35065066026410563,Low Value
850.0,23.0,Male,Jeans,Clothing,61.0,Missouri,S,Charcoal,Spring,4.3,Yes,Express,1.0,1.0,24.0,PayPal,Quarterly,4.0,1.0,0.7875000000000001,0.02040816326530612,,0.28000000000000025,,Low Value
851.0,68.0,Male,Shoes,Footwear,20.0,Connecticut,L,Turquoise,Winter,2.6,Yes,Store Pickup,1.0,1.0,13.0,Venmo,Monthly,12.0,1.0,0.42500000000000004,0.6530612244897959,0.9999999999999999,0.08000000000000007,0.6542244897959182,Medium Value
852.0,35.0,Male,Sandals,Footwear,86.0,Massachusetts,M,Red,Summer,2.9,Yes,Express,1.0,1.0,19.0,Debit Card,Monthly,12.0,1.0,0.5750000000000001,0.10204081632653061,,0.0,,Low Value
853.0,34.0,Male,Dress,Clothing,60.0,Florida,L,Yellow,Spring,4.2,Yes,Next Day Air,1.0,1.0,23.0,Debit Card,Every 3 Months,,1.0,0.275,0.8979591836734693,0.058823529411764705,0.040000000000000036,0.43583073229291713,Low Value
854.0,62.0,Male,Hat,Accessories,43.0,Delaware,L,Orange,Winter,4.0,Yes,Free Shipping,1.0,1.0,35.0,Cash,Monthly,12.0,1.0,0.16250000000000003,0.4897959183673469,0.058823529411764705,0.15999999999999992,0.2620654261704682,Low Value
855.0,21.0,Male,Pants,Clothing,44.0,California,L,Blue,Spring,4.3,Yes,Free Shipping,1.0,1.0,22.0,Venmo,Monthly,12.0,1.0,0.7125,0.4693877551020408,0.058823529411764705,0.6800000000000002,0.4159021608643458,Low Value
856.0,70.0,Male,Socks,Clothing,76.0,Oregon,L,Gold,Spring,3.0,Yes,2-Day Shipping,1.0,1.0,14.0,Credit Card,Quarterly,4.0,1.0,0.5625,0.18367346938775508,,0.7600000000000002,,Low Value
857.0,55.0,Male,Shirt,Clothing,33.0,Alaska,M,Gold,Summer,3.5,Yes,Express,1.0,1.0,47.0,Debit Card,Fortnightly,26.0,1.0,0.23750000000000004,0.12244897959183673,,0.6399999999999999,,Low Value
858.0,43.0,Male,Shorts,Clothing,60.0,Missouri,L,Cyan,Fall,3.0,Yes,Standard,1.0,1.0,50.0,Debit Card,Every 3 Months,,1.0,0.38750000000000007,0.0,0.9999999999999999,0.52,0.42949999999999994,Low Value
859.0,19.0,Male,Jacket,Outerwear,26.0,Oklahoma,L,Olive,Fall,3.1,Yes,Free Shipping,1.0,1.0,33.0,PayPal,Weekly,52.0,1.0,0.5625,0.8979591836734693,,0.9600000000000002,,Low Value
860.0,47.0,Male,Hoodie,Clothing,73.0,Wisconsin,M,Teal,Winter,4.0,Yes,Next Day Air,1.0,1.0,7.0,Debit Card,Monthly,12.0,1.0,0.8625,0.7346938775510203,0.9999999999999999,0.9600000000000002,0.8623775510204081,High Value
861.0,26.0,Male,Shoes,Footwear,87.0,South Carolina,M,Maroon,Spring,4.1,Yes,Standard,1.0,1.0,3.0,Cash,Monthly,12.0,1.0,0.7000000000000001,0.26530612244897955,0.058823529411764705,0.6399999999999999,0.32776950780312125,Low Value
863.0,19.0,Male,Coat,Outerwear,84.0,Arkansas,M,Charcoal,Winter,4.9,Yes,Standard,1.0,1.0,13.0,PayPal,Fortnightly,26.0,1.0,0.5125000000000001,0.346938775510204,0.0,0.08000000000000007,0.24927551020408162,Low Value
864.0,49.0,Male,Sneakers,Footwear,41.0,Vermont,M,Cyan,Summer,3.9,Yes,Standard,1.0,1.0,42.0,PayPal,Fortnightly,26.0,1.0,0.1875,0.7346938775510203,,0.52,,Low Value
865.0,51.0,Male,Jeans,Clothing,59.0,Kentucky,S,Charcoal,Winter,3.9,Yes,Next Day Air,1.0,1.0,5.0,PayPal,Annually,1.0,1.0,0.21250000000000002,0.5918367346938774,0.21568627450980393,0.72,0.41594057623049213,Low Value
866.0,64.0,Male,Blouse,Clothing,26.0,Colorado,L,Charcoal,Winter,4.8,Yes,Store Pickup,1.0,1.0,23.0,Venmo,Annually,1.0,1.0,0.8875,0.673469387755102,0.9999999999999999,0.6399999999999999,0.8108877551020407,High Value
867.0,67.0,Male,Sunglasses,Accessories,69.0,New Mexico,M,Lavender,Summer,2.7,Yes,Free Shipping,1.0,1.0,11.0,PayPal,Bi-Weekly,,1.0,0.9875,0.9795918367346937,,0.7600000000000002,,Low Value
868.0,37.0,Male,Jacket,Outerwear,20.0,Colorado,M,Turquoise,Spring,3.1,Yes,Free Shipping,1.0,1.0,23.0,Bank Transfer,Fortnightly,26.0,1.0,0.42500000000000004,0.9591836734693877,0.21568627450980393,0.44000000000000017,0.5773793517406963,Medium Value
869.0,40.0,Male,Dress,Clothing,83.0,North Carolina,M,Green,Summer,3.2,Yes,Next Day Air,1.0,1.0,2.0,Credit Card,Every 3 Months,,1.0,0.3375,0.6530612244897959,0.49019607843137253,0.32000000000000006,0.5077833133253301,Medium Value
870.0,38.0,Male,Hat,Accessories,54.0,New Hampshire,M,Silver,Spring,2.7,Yes,2-Day Shipping,1.0,1.0,33.0,PayPal,Weekly,52.0,1.0,0.8,1.0,0.9999999999999999,0.11999999999999988,0.872,High Value
871.0,66.0,Male,Hoodie,Clothing,66.0,West Virginia,M,Blue,Fall,2.5,Yes,Standard,1.0,1.0,6.0,Bank Transfer,Bi-Weekly,,1.0,0.38750000000000007,0.9387755102040816,0.21568627450980393,0.72,0.5897160864345737,Medium Value
872.0,47.0,Male,Handbag,Accessories,42.0,Hawaii,M,Charcoal,Spring,2.6,Yes,Next Day Air,1.0,1.0,45.0,Debit Card,Quarterly,4.0,1.0,0.07500000000000001,0.4693877551020408,,0.56,,Low Value
873.0,56.0,Male,Jeans,Clothing,33.0,North Dakota,M,Pink,Spring,2.9,Yes,Standard,1.0,1.0,25.0,Cash,Quarterly,4.0,1.0,0.55,0.8571428571428571,0.21568627450980393,0.08000000000000007,0.525563025210084,Medium Value
874.0,51.0,Male,Boots,Footwear,77.0,Mississippi,M,Pink,Summer,4.2,Yes,Free Shipping,1.0,1.0,24.0,Venmo,Quarterly,4.0,1.0,0.38750000000000007,0.26530612244897955,0.21568627450980393,0.8800000000000001,0.33632833133253304,Low Value
875.0,25.0,Male,Jacket,Outerwear,65.0,Maine,M,Magenta,Fall,4.4,Yes,Free Shipping,1.0,1.0,10.0,Venmo,Every 3 Months,,1.0,0.5,0.04081632653061225,0.058823529411764705,0.52,0.1859735894357743,Low Value
876.0,37.0,Male,Sandals,Footwear,39.0,North Dakota,L,Gray,Summer,4.1,Yes,Free Shipping,1.0,1.0,7.0,Bank Transfer,Every 3 Months,,1.0,0.6125,0.6530612244897959,0.058823529411764705,0.8800000000000001,0.48937154861944776,Medium Value
877.0,41.0,Male,Belt,Accessories,51.0,Nebraska,L,Gray,Summer,3.8,Yes,2-Day Shipping,1.0,1.0,1.0,Debit Card,Weekly,52.0,1.0,0.11250000000000004,0.7551020408163265,0.49019607843137253,0.8800000000000001,0.5595996398559424,Medium Value
878.0,64.0,Male,Handbag,Accessories,65.0,Nebraska,M,Orange,Winter,4.9,Yes,Next Day Air,1.0,1.0,45.0,Venmo,Every 3 Months,,1.0,0.8875,0.9183673469387754,0.9999999999999999,0.3600000000000001,0.8808469387755101,High Value
879.0,23.0,Male,Sunglasses,Accessories,89.0,Tennessee,S,Black,Summer,4.9,Yes,Express,1.0,1.0,37.0,Debit Card,Weekly,52.0,1.0,0.625,0.36734693877551017,,0.40000000000000013,,Low Value
880.0,62.0,Male,Skirt,Clothing,76.0,Wyoming,S,Lavender,Spring,4.1,Yes,Free Shipping,1.0,1.0,14.0,PayPal,Quarterly,4.0,1.0,0.4750000000000001,0.38775510204081626,0.0,0.6000000000000001,0.31010204081632653,Low Value
881.0,39.0,Male,Backpack,Accessories,75.0,Nevada,L,Red,Spring,3.1,Yes,Express,1.0,1.0,25.0,Debit Card,Monthly,12.0,1.0,0.9750000000000001,0.836734693877551,0.058823529411764705,0.32000000000000006,0.5793409363745499,Medium Value
882.0,52.0,Male,Sandals,Footwear,61.0,South Carolina,M,Silver,Summer,2.7,Yes,Next Day Air,1.0,1.0,18.0,Venmo,Annually,1.0,1.0,0.6000000000000001,0.673469387755102,0.21568627450980393,0.8800000000000001,0.5420936374549821,Medium Value
883.0,50.0,Male,Boots,Footwear,35.0,Virginia,M,Cyan,Fall,3.8,Yes,Next Day Air,1.0,1.0,37.0,Cash,Every 3 Months,,1.0,0.30000000000000004,0.08163265306122448,0.21568627450980393,0.11999999999999988,0.16935894357743095,Low Value
884.0,28.0,Male,Sneakers,Footwear,37.0,Pennsylvania,S,Gold,Fall,4.3,Yes,Free Shipping,1.0,1.0,30.0,Bank Transfer,Monthly,12.0,1.0,0.3125,0.04081632653061225,0.058823529411764705,0.32000000000000006,0.1284735894357743,Low Value
885.0,67.0,Male,Skirt,Clothing,91.0,Hawaii,L,Yellow,Winter,4.1,Yes,Express,1.0,1.0,34.0,Bank Transfer,Weekly,52.0,1.0,0.9875,0.9183673469387754,,0.15999999999999992,,Low Value
886.0,41.0,Male,Dress,Clothing,99.0,Ohio,L,Purple,Fall,4.4,Yes,Free Shipping,1.0,1.0,49.0,Debit Card,Every 3 Months,,1.0,0.6000000000000001,0.3061224489795918,0.0,0.11999999999999988,0.25444897959183677,Low Value
887.0,19.0,Male,Shorts,Clothing,54.0,Utah,S,Brown,Summer,3.6,Yes,Express,1.0,1.0,48.0,Bank Transfer,Monthly,12.0,1.0,0.45000000000000007,0.4081632653061224,,0.6800000000000002,,Low Value
888.0,70.0,Male,Handbag,Accessories,47.0,Minnesota,L,Turquoise,Winter,3.3,Yes,2-Day Shipping,1.0,1.0,33.0,PayPal,Fortnightly,26.0,1.0,0.2875,0.673469387755102,,0.7600000000000002,,Low Value
890.0,59.0,Male,Belt,Accessories,84.0,Arizona,S,Olive,Fall,2.8,Yes,Free Shipping,1.0,1.0,50.0,Venmo,Weekly,52.0,1.0,0.45000000000000007,0.7142857142857142,0.9999999999999999,0.08000000000000007,0.6837142857142857,Medium Value
891.0,52.0,Male,Gloves,Accessories,51.0,New York,S,Purple,Spring,4.3,Yes,2-Day Shipping,1.0,1.0,47.0,Credit Card,Monthly,12.0,1.0,0.0625,0.4285714285714285,0.21568627450980393,0.3600000000000001,0.28463445378151264,Low Value
892.0,20.0,Male,Skirt,Clothing,26.0,Pennsylvania,S,Lavender,Summer,3.9,Yes,Store Pickup,1.0,1.0,24.0,PayPal,Every 3 Months,,1.0,0.675,0.02040816326530612,0.058823529411764705,0.11999999999999988,0.17281032412965186,Low Value
893.0,31.0,Male,Shorts,Clothing,64.0,New Mexico,L,Gray,Summer,2.7,Yes,Free Shipping,1.0,1.0,43.0,Debit Card,Monthly,12.0,1.0,0.45000000000000007,0.6326530612244897,0.21568627450980393,0.3600000000000001,0.4437671068427371,Low Value
894.0,33.0,Male,Backpack,Accessories,51.0,Nebraska,M,Red,Spring,4.7,Yes,Express,1.0,1.0,14.0,Venmo,Monthly,12.0,1.0,0.3375,0.5714285714285714,,0.040000000000000036,,Low Value
895.0,44.0,Male,Hoodie,Clothing,60.0,Wyoming,L,Purple,Spring,3.8,Yes,Free Shipping,1.0,1.0,3.0,Debit Card,Quarterly,4.0,1.0,0.5875,0.5306122448979591,,0.6399999999999999,,Low Value
896.0,40.0,Male,Hat,Accessories,69.0,Mississippi,XL,Olive,Spring,4.7,Yes,Next Day Air,1.0,1.0,33.0,Debit Card,Quarterly,4.0,1.0,0.025000000000000022,0.6530612244897959,0.49019607843137253,0.15999999999999992,0.4292833133253301,Low Value
897.0,69.0,Male,Jewelry,Accessories,29.0,Arkansas,M,Lavender,Spring,4.7,Yes,Express,1.0,1.0,38.0,Cash,Fortnightly,26.0,1.0,0.17500000000000004,0.3061224489795918,0.21568627450980393,0.08000000000000007,0.2301548619447779,Low Value
898.0,29.0,Male,Shirt,Clothing,91.0,Illinois,M,Gray,Spring,3.4,Yes,Express,1.0,1.0,46.0,Venmo,Weekly,52.0,1.0,0.55,0.2040816326530612,0.058823529411764705,0.4800000000000002,0.25727971188475396,Low Value
899.0,54.0,Male,Belt,Accessories,70.0,Nevada,L,Red,Spring,3.5,Yes,2-Day Shipping,1.0,1.0,19.0,Bank Transfer,Every 3 Months,,1.0,0.275,0.2040816326530612,0.49019607843137253,0.72,0.3556914765906362,Low Value
900.0,65.0,Male,Sweater,Clothing,58.0,Rhode Island,M,Peach,Summer,4.0,Yes,Standard,1.0,1.0,20.0,PayPal,Annually,1.0,1.0,0.7750000000000001,0.32653061224489793,,0.040000000000000036,,Low Value
901.0,54.0,Male,Hat,Accessories,98.0,West Virginia,L,Gray,Fall,3.3,Yes,Free Shipping,1.0,1.0,42.0,Bank Transfer,Quarterly,4.0,1.0,0.7625,0.7346938775510203,0.9999999999999999,0.72,0.818377551020408,High Value
902.0,60.0,Male,Scarf,Accessories,68.0,Missouri,L,Violet,Summer,4.7,Yes,2-Day Shipping,1.0,1.0,34.0,Cash,Monthly,12.0,1.0,0.050000000000000044,0.346938775510204,0.9999999999999999,0.6399999999999999,0.5127755102040815,Medium Value
903.0,43.0,Male,Hat,Accessories,44.0,Kentucky,M,Beige,Summer,2.8,Yes,Next Day Air,1.0,1.0,5.0,Cash,Monthly,12.0,1.0,0.5,0.24489795918367344,0.21568627450980393,0.6800000000000002,0.3306650660264106,Low Value
904.0,44.0,Male,Jacket,Outerwear,45.0,Washington,M,Blue,Winter,3.3,Yes,Express,1.0,1.0,3.0,PayPal,Quarterly,4.0,1.0,0.050000000000000044,0.12244897959183673,0.9999999999999999,0.6800000000000002,0.4269795918367347,Low Value
905.0,69.0,Male,T-shirt,Clothing,99.0,Alaska,L,Magenta,Spring,2.9,Yes,Free Shipping,1.0,1.0,46.0,PayPal,Every 3 Months,,1.0,0.7250000000000001,0.7346938775510203,0.058823529411764705,0.2400000000000002,0.4805246098439376,Medium Value
906.0,46.0,Male,Dress,Clothing,68.0,Mississippi,S,Cyan,Spring,2.8,Yes,Standard,1.0,1.0,16.0,Venmo,Annually,1.0,1.0,0.8500000000000001,0.14285714285714285,0.21568627450980393,0.9600000000000002,0.3878487394957984,Low Value
907.0,41.0,Male,Pants,Clothing,56.0,South Carolina,M,Red,Spring,4.2,Yes,Standard,1.0,1.0,21.0,Debit Card,Bi-Weekly,,1.0,0.5375000000000001,0.2040816326530612,,0.7600000000000002,,Low Value
908.0,32.0,Male,Sweater,Clothing,43.0,Missouri,L,Cyan,Winter,4.4,Yes,Express,1.0,1.0,34.0,Credit Card,Bi-Weekly,,1.0,0.7250000000000001,0.14285714285714285,,0.7600000000000002,,Low Value
909.0,26.0,Male,Sunglasses,Accessories,99.0,New Jersey,M,Turquoise,Winter,3.6,Yes,Free Shipping,1.0,1.0,9.0,PayPal,Every 3 Months,,1.0,0.21250000000000002,0.6122448979591836,,0.3600000000000001,,Low Value
910.0,61.0,Male,Belt,Accessories,56.0,Louisiana,L,Silver,Fall,2.7,Yes,Express,1.0,1.0,36.0,PayPal,Weekly,52.0,1.0,0.925,0.510204081632653,0.49019607843137253,0.8,0.616140456182473,Medium Value
911.0,49.0,Male,Hoodie,Clothing,25.0,South Carolina,S,Pink,Spring,3.4,Yes,Express,1.0,1.0,22.0,Credit Card,Monthly,12.0,1.0,0.7250000000000001,0.38775510204081626,,0.8,,Low Value
912.0,53.0,Male,Pants,Clothing,74.0,Vermont,M,Black,Winter,2.8,Yes,2-Day Shipping,1.0,1.0,2.0,Bank Transfer,Quarterly,4.0,1.0,0.2,0.4693877551020408,0.49019607843137253,0.6399999999999999,0.4388139255702281,Low Value
913.0,24.0,Male,Hoodie,Clothing,56.0,Arkansas,M,Green,Winter,3.4,Yes,Next Day Air,1.0,1.0,32.0,Bank Transfer,Monthly,12.0,1.0,0.050000000000000044,0.8979591836734693,,0.28000000000000025,,Low Value
914.0,37.0,Male,Sneakers,Footwear,47.0,Utah,M,Yellow,Fall,2.6,Yes,Next Day Air,1.0,1.0,29.0,Cash,Every 3 Months,,1.0,0.8,0.6530612244897959,0.21568627450980393,0.08000000000000007,0.49393037214885954,Medium Value
915.0,43.0,Male,Dress,Clothing,67.0,Washington,L,Purple,Summer,4.1,Yes,Standard,1.0,1.0,27.0,Venmo,Every 3 Months,,1.0,0.3375,0.4081632653061224,0.21568627450980393,0.4800000000000002,0.3434711884753902,Low Value
916.0,31.0,Male,Dress,Clothing,22.0,Rhode Island,L,Purple,Winter,2.9,Yes,Store Pickup,1.0,1.0,33.0,Credit Card,Fortnightly,26.0,1.0,0.38750000000000007,0.02040816326530612,0.49019607843137253,0.040000000000000036,0.2367220888355342,Low Value
917.0,49.0,Male,Jeans,Clothing,34.0,Illinois,S,Blue,Spring,2.7,Yes,Standard,1.0,1.0,16.0,Venmo,Monthly,12.0,1.0,0.8,0.5510204081632653,0.9999999999999999,0.08000000000000007,0.6884081632653061,Medium Value
918.0,69.0,Male,Sweater,Clothing,64.0,Missouri,M,Maroon,Spring,3.7,Yes,Standard,1.0,1.0,11.0,Bank Transfer,Quarterly,4.0,1.0,0.050000000000000044,0.346938775510204,0.058823529411764705,0.08000000000000007,0.17442256902761102,Low Value
919.0,65.0,Male,Shorts,Clothing,42.0,North Carolina,M,Orange,Spring,4.3,Yes,2-Day Shipping,1.0,1.0,11.0,Cash,Fortnightly,26.0,1.0,0.9625000000000001,0.4081632653061224,0.49019607843137253,0.9199999999999999,0.5948241296518607,Medium Value
920.0,41.0,Male,Shirt,Clothing,82.0,Massachusetts,L,Green,Winter,2.6,Yes,2-Day Shipping,1.0,1.0,17.0,Debit Card,Bi-Weekly,,1.0,0.8625,0.4693877551020408,0.21568627450980393,0.9199999999999999,0.5169609843937575,Medium Value
921.0,37.0,Male,Belt,Accessories,81.0,Arkansas,XL,Gold,Summer,4.3,Yes,Free Shipping,1.0,1.0,37.0,Cash,Weekly,52.0,1.0,0.30000000000000004,0.28571428571428564,,0.040000000000000036,,Low Value
922.0,70.0,Male,Coat,Outerwear,24.0,South Dakota,L,Silver,Summer,4.1,Yes,Express,1.0,1.0,18.0,PayPal,Weekly,52.0,1.0,0.1875,0.7551020408163265,,0.8,,Low Value
923.0,63.0,Male,Sneakers,Footwear,60.0,Georgia,M,Cyan,Fall,4.2,Yes,Standard,1.0,1.0,13.0,Credit Card,Monthly,12.0,1.0,0.8875,0.7551020408163265,,0.28000000000000025,,Low Value
924.0,55.0,Male,Shirt,Clothing,24.0,Arkansas,M,Silver,Spring,4.2,Yes,2-Day Shipping,1.0,1.0,7.0,PayPal,Weekly,52.0,1.0,0.5375000000000001,0.24489795918367344,0.49019607843137253,0.52,0.40451800720288117,Low Value
925.0,52.0,Male,Socks,Clothing,78.0,Kansas,XL,Beige,Winter,3.1,Yes,Standard,1.0,1.0,37.0,Cash,Quarterly,4.0,1.0,0.9625000000000001,0.7755102040816325,,0.9199999999999999,,Low Value
926.0,22.0,Male,Jeans,Clothing,88.0,Arizona,L,Teal,Winter,4.9,Yes,Express,1.0,1.0,8.0,Cash,Monthly,12.0,1.0,0.22500000000000003,0.14285714285714285,,0.6399999999999999,,Low Value
927.0,54.0,Male,Jeans,Clothing,63.0,Massachusetts,XL,Green,Spring,4.4,Yes,Express,1.0,1.0,11.0,Cash,Bi-Weekly,,1.0,0.050000000000000044,0.061224489795918366,0.058823529411764705,0.11999999999999988,0.06413685474189676,Low Value
928.0,28.0,Male,Sneakers,Footwear,78.0,New Mexico,L,Black,Summer,4.4,Yes,Standard,1.0,1.0,8.0,Venmo,Bi-Weekly,,1.0,0.15000000000000002,0.10204081632653061,,0.56,,Low Value
929.0,67.0,Male,Dress,Clothing,37.0,Arkansas,XL,Yellow,Winter,3.4,Yes,Store Pickup,1.0,1.0,31.0,Cash,Every 3 Months,,1.0,0.875,0.2040816326530612,,0.9600000000000002,,Low Value
930.0,59.0,Male,Boots,Footwear,94.0,Nebraska,M,White,Fall,4.5,Yes,2-Day Shipping,1.0,1.0,26.0,Debit Card,Fortnightly,26.0,1.0,0.2,0.9795918367346937,0.21568627450980393,0.3600000000000001,0.5325426170468187,Medium Value
931.0,26.0,Male,T-shirt,Clothing,78.0,Hawaii,L,Green,Fall,4.5,Yes,Store Pickup,1.0,1.0,20.0,Credit Card,Bi-Weekly,,1.0,0.21250000000000002,0.5918367346938774,0.058823529411764705,0.6399999999999999,0.3608817527010804,Low Value
932.0,24.0,Male,Coat,Outerwear,36.0,Nebraska,M,Silver,Winter,4.1,Yes,Standard,1.0,1.0,24.0,Bank Transfer,Fortnightly,26.0,1.0,0.38750000000000007,0.673469387755102,0.21568627450980393,0.15999999999999992,0.427593637454982,Low Value
933.0,62.0,Male,Skirt,Clothing,24.0,Indiana,L,Blue,Winter,3.2,Yes,Standard,1.0,1.0,45.0,Debit Card,Bi-Weekly,,1.0,0.6375000000000001,0.5510204081632653,0.21568627450980393,0.2400000000000002,0.43661404561824735,Low Value
934.0,70.0,Male,Sneakers,Footwear,84.0,Colorado,M,Magenta,Spring,2.7,Yes,Store Pickup,1.0,1.0,33.0,Debit Card,Monthly,12.0,1.0,0.375,0.7142857142857142,0.058823529411764705,0.44000000000000017,0.42236134453781515,Low Value
935.0,45.0,Male,Jeans,Clothing,47.0,Oregon,S,Yellow,Spring,3.7,Yes,Express,1.0,1.0,21.0,Bank Transfer,Monthly,12.0,1.0,0.675,0.346938775510204,,0.40000000000000013,,Low Value
936.0,58.0,Male,Hoodie,Clothing,51.0,Ohio,L,White,Fall,2.6,Yes,Store Pickup,1.0,1.0,2.0,Bank Transfer,Fortnightly,26.0,1.0,0.6875,0.061224489795918366,0.21568627450980393,0.3600000000000001,0.2626956782713086,Low Value
937.0,31.0,Male,Shoes,Footwear,84.0,Maine,M,Pink,Summer,2.7,Yes,Free Shipping,1.0,1.0,28.0,Cash,Weekly,52.0,1.0,0.9875,0.836734693877551,0.058823529411764705,0.15999999999999992,0.5658409363745498,Medium Value
938.0,32.0,Male,Shorts,Clothing,24.0,Iowa,M,Magenta,Summer,2.7,Yes,Express,1.0,1.0,18.0,Venmo,Quarterly,4.0,1.0,0.03750000000000003,0.2040816326530612,0.058823529411764705,0.8800000000000001,0.19477971188475393,Low Value
939.0,36.0,Male,Blouse,Clothing,97.0,Wisconsin,S,Teal,Fall,4.8,Yes,Free Shipping,1.0,1.0,21.0,Debit Card,Fortnightly,26.0,1.0,0.4125000000000001,0.6122448979591836,,0.7600000000000002,,Low Value
940.0,25.0,Male,T-shirt,Clothing,89.0,New York,L,Indigo,Winter,4.8,Yes,Next Day Air,1.0,1.0,24.0,Credit Card,Monthly,12.0,1.0,0.9875,0.22448979591836735,0.49019607843137253,0.040000000000000036,0.4383547418967587,Low Value
941.0,48.0,Male,Belt,Accessories,44.0,Colorado,S,Maroon,Spring,2.6,Yes,Store Pickup,1.0,1.0,15.0,PayPal,Every 3 Months,,1.0,0.3500000000000001,0.38775510204081626,0.058823529411764705,0.7600000000000002,0.3187490996398559,Low Value
942.0,39.0,Male,Handbag,Accessories,35.0,Illinois,L,Black,Winter,4.5,Yes,2-Day Shipping,1.0,1.0,38.0,PayPal,Every 3 Months,,1.0,0.65,0.7346938775510203,0.058823529411764705,0.4800000000000002,0.4895246098439376,Medium Value
943.0,26.0,Male,Dress,Clothing,91.0,Arizona,M,Cyan,Winter,3.2,Yes,Express,1.0,1.0,38.0,PayPal,Bi-Weekly,,1.0,0.55,0.510204081632653,0.49019607843137253,0.7600000000000002,0.537140456182473,Medium Value
944.0,32.0,Male,Hat,Accessories,63.0,Oklahoma,L,Cyan,Winter,3.8,Yes,Next Day Air,1.0,1.0,13.0,Venmo,Fortnightly,26.0,1.0,0.5375000000000001,0.26530612244897955,0.9999999999999999,0.0,0.5136224489795918,Medium Value
945.0,54.0,Male,Belt,Accessories,97.0,Indiana,S,Gray,Spring,4.8,Yes,Express,1.0,1.0,39.0,Cash,Bi-Weekly,,1.0,0.38750000000000007,0.22448979591836735,,0.040000000000000036,,Low Value
946.0,38.0,Male,Boots,Footwear,38.0,Minnesota,M,Violet,Summer,4.1,Yes,Store Pickup,1.0,1.0,8.0,Venmo,Every 3 Months,,1.0,0.4375,0.18367346938775508,0.0,1.0,0.26096938775510203,Low Value
947.0,46.0,Male,Coat,Outerwear,24.0,Pennsylvania,XL,Blue,Spring,2.8,Yes,Next Day Air,1.0,1.0,4.0,PayPal,Quarterly,4.0,1.0,0.4375,0.36734693877551017,0.0,0.9600000000000002,0.3304387755102041,Low Value
948.0,57.0,Male,Blouse,Clothing,32.0,Indiana,M,Charcoal,Winter,3.9,Yes,Store Pickup,1.0,1.0,6.0,Cash,Every 3 Months,,1.0,0.07500000000000001,0.061224489795918366,0.9999999999999999,0.4800000000000002,0.38748979591836735,Low Value
949.0,49.0,Male,Hat,Accessories,90.0,Alabama,L,Olive,Summer,4.9,Yes,Express,1.0,1.0,11.0,Venmo,Every 3 Months,,1.0,0.5875,0.9591836734693877,0.058823529411764705,0.2400000000000002,0.5428205282112846,Medium Value
950.0,33.0,Male,Jeans,Clothing,36.0,Montana,M,Olive,Summer,3.4,Yes,Standard,1.0,1.0,49.0,Venmo,Monthly,12.0,1.0,0.1375,0.7346938775510203,0.21568627450980393,0.28000000000000025,0.41408343337334935,Low Value
951.0,54.0,Male,Backpack,Accessories,37.0,New Mexico,XL,Turquoise,Winter,4.1,Yes,Free Shipping,1.0,1.0,30.0,PayPal,Quarterly,4.0,1.0,0.5750000000000001,0.061224489795918366,0.21568627450980393,0.7600000000000002,0.2801956782713086,Low Value
952.0,47.0,Male,Dress,Clothing,51.0,Alaska,M,Cyan,Summer,2.9,Yes,Express,1.0,1.0,34.0,Bank Transfer,Monthly,12.0,1.0,0.5875,0.28571428571428564,0.9999999999999999,0.72,0.6037857142857141,Medium Value
953.0,36.0,Male,Hat,Accessories,71.0,Idaho,S,Red,Fall,3.1,Yes,2-Day Shipping,1.0,1.0,28.0,PayPal,Monthly,12.0,1.0,0.5125000000000001,0.6530612244897959,0.9999999999999999,0.20000000000000018,0.6837244897959183,Medium Value
954.0,68.0,Male,Sunglasses,Accessories,50.0,Utah,S,Cyan,Spring,3.6,Yes,2-Day Shipping,1.0,1.0,36.0,Venmo,Quarterly,4.0,1.0,0.6875,0.5918367346938774,0.058823529411764705,0.40000000000000013,0.4318817527010804,Low Value
955.0,60.0,Male,Hat,Accessories,74.0,Louisiana,S,Turquoise,Fall,3.5,Yes,Standard,1.0,1.0,18.0,Credit Card,Every 3 Months,,1.0,0.875,0.44897959183673464,0.21568627450980393,0.44000000000000017,0.46329771908763506,Medium Value
956.0,55.0,Male,Dress,Clothing,75.0,Mississippi,L,Lavender,Summer,3.4,Yes,Free Shipping,1.0,1.0,4.0,PayPal,Monthly,12.0,1.0,0.25,0.02040816326530612,0.9999999999999999,0.52,0.41016326530612235,Low Value
957.0,29.0,Male,Shirt,Clothing,99.0,Mississippi,XL,Cyan,Spring,2.9,Yes,2-Day Shipping,1.0,1.0,42.0,Debit Card,Quarterly,4.0,1.0,0.875,1.0,,0.44000000000000017,,Low Value
958.0,38.0,Male,Scarf,Accessories,23.0,Indiana,XL,Violet,Spring,4.7,Yes,Store Pickup,1.0,1.0,11.0,Cash,Quarterly,4.0,1.0,0.0,0.673469387755102,,0.8399999999999999,,Low Value
959.0,70.0,Male,Sneakers,Footwear,53.0,Washington,XL,Beige,Winter,4.4,Yes,Free Shipping,1.0,1.0,31.0,Credit Card,Bi-Weekly,,1.0,0.25,0.6530612244897959,0.9999999999999999,0.0,0.6112244897959183,Medium Value
960.0,36.0,Male,Skirt,Clothing,99.0,Nevada,M,Cyan,Spring,2.6,Yes,Standard,1.0,1.0,12.0,Cash,Fortnightly,26.0,1.0,0.16250000000000003,0.673469387755102,0.21568627450980393,0.40000000000000013,0.40659363745498206,Low Value
961.0,18.0,Male,Jewelry,Accessories,48.0,Louisiana,XL,Indigo,Spring,4.4,Yes,Standard,1.0,1.0,20.0,Venmo,Quarterly,4.0,1.0,0.9750000000000001,0.7755102040816325,,0.6000000000000001,,Low Value
962.0,62.0,Male,Boots,Footwear,72.0,Pennsylvania,L,Olive,Fall,3.7,Yes,Next Day Air,1.0,1.0,37.0,Debit Card,Quarterly,4.0,1.0,0.275,0.9387755102040816,0.058823529411764705,0.40000000000000013,0.4881572629051621,Medium Value
963.0,29.0,Male,Sunglasses,Accessories,64.0,Michigan,L,Green,Spring,4.4,Yes,Standard,1.0,1.0,26.0,Debit Card,Fortnightly,26.0,1.0,0.525,0.7346938775510203,0.21568627450980393,0.28000000000000025,0.4915834333733493,Medium Value
964.0,21.0,Male,Boots,Footwear,63.0,South Carolina,L,Green,Spring,2.5,Yes,2-Day Shipping,1.0,1.0,14.0,Credit Card,Weekly,52.0,1.0,0.3125,0.7959183673469387,,0.40000000000000013,,Low Value
965.0,42.0,Male,Sandals,Footwear,51.0,Arizona,M,Beige,Spring,2.6,Yes,Next Day Air,1.0,1.0,12.0,Venmo,Bi-Weekly,,1.0,0.7250000000000001,0.14285714285714285,,0.3600000000000001,,Low Value
966.0,43.0,Male,Boots,Footwear,55.0,Delaware,L,Black,Spring,5.0,Yes,Store Pickup,1.0,1.0,10.0,Credit Card,Annually,1.0,1.0,0.75,0.22448979591836735,0.0,1.0,0.339795918367347,Low Value
967.0,58.0,Male,Dress,Clothing,55.0,Kentucky,M,Brown,Spring,4.9,Yes,Express,1.0,1.0,19.0,Cash,Annually,1.0,1.0,0.9500000000000002,0.7142857142857142,0.21568627450980393,0.8,0.620420168067227,Medium Value
968.0,27.0,Male,Hoodie,Clothing,26.0,Georgia,S,Silver,Summer,3.7,Yes,Store Pickup,1.0,1.0,4.0,Cash,Weekly,52.0,1.0,0.3375,0.9591836734693877,0.9999999999999999,0.11999999999999988,0.7631734693877551,High Value
969.0,57.0,Male,Shorts,Clothing,67.0,North Carolina,L,Gray,Summer,3.1,Yes,Next Day Air,1.0,1.0,48.0,Bank Transfer,Quarterly,4.0,1.0,0.8,0.9387755102040816,0.49019607843137253,0.9600000000000002,0.7785690276110444,High Value
970.0,40.0,Male,Coat,Outerwear,31.0,California,S,Pink,Fall,3.2,Yes,Express,1.0,1.0,37.0,PayPal,Monthly,12.0,1.0,0.1375,0.02040816326530612,0.21568627450980393,0.2400000000000002,0.12436914765906365,Low Value
971.0,45.0,Male,Jeans,Clothing,66.0,California,S,Maroon,Winter,4.4,Yes,Free Shipping,1.0,1.0,4.0,Cash,Monthly,12.0,1.0,0.5375000000000001,0.4693877551020408,0.9999999999999999,0.9199999999999999,0.6872551020408163,Medium Value
972.0,47.0,Male,Sunglasses,Accessories,67.0,Indiana,M,Cyan,Summer,4.3,Yes,Next Day Air,1.0,1.0,15.0,Credit Card,Weekly,52.0,1.0,0.9625000000000001,0.7959183673469387,,0.08000000000000007,,Low Value
973.0,61.0,Male,Sneakers,Footwear,61.0,Colorado,L,Gold,Winter,3.0,Yes,Standard,1.0,1.0,33.0,Credit Card,Weekly,52.0,1.0,0.9875,1.0,0.9999999999999999,0.8399999999999999,0.9814999999999999,High Value
974.0,60.0,Male,Jacket,Outerwear,75.0,Colorado,M,Teal,Fall,3.5,Yes,2-Day Shipping,1.0,1.0,30.0,Bank Transfer,Quarterly,4.0,1.0,0.875,0.4897959183673469,0.9999999999999999,0.7600000000000002,0.7469183673469388,Medium Value
975.0,69.0,Male,Skirt,Clothing,90.0,North Carolina,M,Beige,Spring,3.6,Yes,2-Day Shipping,1.0,1.0,23.0,Bank Transfer,Monthly,12.0,1.0,0.6000000000000001,0.38775510204081626,0.21568627450980393,0.28000000000000025,0.3678079231692677,Low Value
976.0,58.0,Male,Sweater,Clothing,40.0,Washington,M,Olive,Summer,3.8,Yes,2-Day Shipping,1.0,1.0,2.0,Bank Transfer,Weekly,52.0,1.0,0.75,0.18367346938775508,0.9999999999999999,0.20000000000000018,0.543469387755102,Medium Value
977.0,34.0,Male,T-shirt,Clothing,90.0,Florida,M,Gray,Fall,3.6,Yes,Express,1.0,1.0,50.0,Credit Card,Every 3 Months,,1.0,0.8875,0.6326530612244897,0.058823529411764705,0.9600000000000002,0.5442082833133253,Medium Value
978.0,20.0,Male,Belt,Accessories,20.0,Washington,M,Black,Spring,4.6,Yes,Express,1.0,1.0,34.0,Cash,Bi-Weekly,,1.0,0.125,0.6122448979591836,0.49019607843137253,0.44000000000000017,0.46095678271308527,Medium Value
979.0,56.0,Male,Gloves,Accessories,40.0,Colorado,M,Turquoise,Summer,2.5,Yes,Standard,1.0,1.0,33.0,Credit Card,Weekly,52.0,1.0,0.875,0.9591836734693877,,0.52,,Low Value
980.0,64.0,Male,Hat,Accessories,33.0,New Hampshire,S,Brown,Fall,3.5,Yes,Store Pickup,1.0,1.0,34.0,Debit Card,Monthly,12.0,1.0,0.10000000000000003,0.44897959183673464,0.21568627450980393,0.15999999999999992,0.28029771908763507,Low Value
981.0,56.0,Male,Boots,Footwear,98.0,Maryland,S,Magenta,Spring,4.0,Yes,Free Shipping,1.0,1.0,39.0,PayPal,Every 3 Months,,1.0,0.32500000000000007,0.0,,0.56,,Low Value
982.0,27.0,Male,Belt,Accessories,42.0,Maryland,M,Silver,Spring,3.5,Yes,Next Day Air,1.0,1.0,47.0,Credit Card,Quarterly,4.0,1.0,0.5,0.061224489795918366,0.49019607843137253,0.44000000000000017,0.3155486194477791,Low Value
983.0,35.0,Male,Coat,Outerwear,62.0,Texas,S,Red,Summer,3.2,Yes,Standard,1.0,1.0,37.0,PayPal,Monthly,12.0,1.0,0.48750000000000004,0.04081632653061225,,0.40000000000000013,,Low Value
984.0,24.0,Male,Hat,Accessories,45.0,New Mexico,L,Indigo,Winter,3.5,Yes,Free Shipping,1.0,1.0,40.0,Venmo,Bi-Weekly,,1.0,0.6000000000000001,0.04081632653061225,,0.6000000000000001,,Low Value
985.0,26.0,Male,Shoes,Footwear,78.0,Utah,M,Green,Summer,3.4,Yes,Free Shipping,1.0,1.0,8.0,Credit Card,Bi-Weekly,,1.0,0.7375,0.8775510204081631,0.0,0.9199999999999999,0.5905204081632653,Medium Value
986.0,32.0,Male,Handbag,Accessories,80.0,West Virginia,M,Gray,Fall,5.0,Yes,Express,1.0,1.0,12.0,Bank Transfer,Annually,1.0,1.0,0.925,0.08163265306122448,,0.56,,Low Value
987.0,54.0,Male,Scarf,Accessories,96.0,Connecticut,S,Peach,Spring,4.5,Yes,Store Pickup,1.0,1.0,36.0,Bank Transfer,Monthly,12.0,1.0,0.7875000000000001,1.0,0.058823529411764705,0.8,0.6551470588235295,Medium Value
988.0,62.0,Male,Handbag,Accessories,47.0,West Virginia,M,Charcoal,Summer,2.8,Yes,Express,1.0,1.0,48.0,PayPal,Weekly,52.0,1.0,0.525,0.02040816326530612,0.0,0.9199999999999999,0.20516326530612244,Low Value
989.0,50.0,Male,Pants,Clothing,84.0,Ohio,M,Orange,Winter,4.9,Yes,2-Day Shipping,1.0,1.0,47.0,PayPal,Fortnightly,26.0,1.0,0.8125,0.5714285714285714,0.0,0.040000000000000036,0.3950714285714286,Low Value
990.0,70.0,Male,Shoes,Footwear,31.0,Texas,M,Beige,Spring,3.1,Yes,Store Pickup,1.0,1.0,2.0,Bank Transfer,Monthly,12.0,1.0,0.125,0.2040816326530612,0.0,0.2400000000000002,0.1306326530612245,Low Value
991.0,48.0,Male,Sunglasses,Accessories,63.0,Washington,S,Yellow,Spring,4.8,Yes,Store Pickup,1.0,1.0,24.0,Cash,Weekly,52.0,1.0,0.050000000000000044,0.7346938775510203,0.49019607843137253,0.8800000000000001,0.5389363745498199,Medium Value
992.0,20.0,Male,Shorts,Clothing,97.0,Wisconsin,XL,White,Spring,2.7,Yes,Standard,1.0,1.0,40.0,Bank Transfer,Bi-Weekly,,1.0,0.0625,0.6326530612244897,0.49019607843137253,0.15999999999999992,0.42862004801920767,Low Value
993.0,46.0,Male,Jacket,Outerwear,99.0,Louisiana,M,Gray,Winter,4.6,Yes,Express,1.0,1.0,50.0,Debit Card,Weekly,52.0,1.0,0.21250000000000002,0.5306122448979591,0.0,0.52,0.30674489795918364,Low Value
994.0,51.0,Male,Sandals,Footwear,90.0,Iowa,M,Peach,Winter,4.4,Yes,Store Pickup,1.0,1.0,25.0,Cash,Weekly,52.0,1.0,0.6125,0.6122448979591836,,0.52,,Low Value
995.0,53.0,Male,Shoes,Footwear,68.0,New York,L,Violet,Fall,3.2,Yes,Express,1.0,1.0,20.0,Debit Card,Monthly,12.0,1.0,0.9625000000000001,0.7142857142857142,0.49019607843137253,0.20000000000000018,0.6452731092436975,Medium Value
996.0,44.0,Male,Jewelry,Accessories,80.0,Idaho,M,Magenta,Spring,3.0,Yes,2-Day Shipping,1.0,1.0,10.0,Venmo,Weekly,52.0,1.0,0.050000000000000044,0.673469387755102,0.9999999999999999,0.6399999999999999,0.6433877551020407,Medium Value
997.0,29.0,Male,Sandals,Footwear,91.0,Delaware,L,Maroon,Summer,4.9,Yes,Standard,1.0,1.0,32.0,Bank Transfer,Quarterly,4.0,1.0,0.125,0.28571428571428564,,0.3600000000000001,,Low Value
998.0,64.0,Male,Pants,Clothing,30.0,Kentucky,M,Cyan,Spring,3.6,Yes,Express,1.0,1.0,31.0,Cash,Fortnightly,26.0,1.0,0.4125000000000001,0.26530612244897955,0.0,0.0,0.18862244897959185,Low Value
999.0,51.0,Male,Shoes,Footwear,90.0,Connecticut,M,White,Spring,3.8,Yes,Next Day Air,1.0,1.0,48.0,Bank Transfer,Bi-Weekly,,1.0,0.625,0.9183673469387754,0.9999999999999999,0.9600000000000002,0.8883469387755101,High Value
1000.0,50.0,Male,Socks,Clothing,28.0,New Mexico,L,Brown,Spring,2.9,Yes,Standard,1.0,1.0,23.0,Debit Card,Monthly,12.0,1.0,0.7000000000000001,0.6530612244897959,,0.11999999999999988,,Low Value
1001.0,43.0,Male,Socks,Clothing,46.0,Georgia,M,Red,Winter,3.9,Yes,Express,1.0,1.0,1.0,Bank Transfer,Bi-Weekly,,1.0,0.9375,0.8163265306122448,0.0,0.8,0.594030612244898,Medium Value
1002.0,61.0,Male,Dress,Clothing,60.0,Washington,M,Orange,Fall,3.6,Yes,Standard,1.0,1.0,4.0,Debit Card,Fortnightly,26.0,1.0,0.38750000000000007,0.7755102040816325,0.9999999999999999,0.9600000000000002,0.783704081632653,High Value
1003.0,55.0,Male,Shoes,Footwear,59.0,North Dakota,M,White,Spring,3.5,Yes,Store Pickup,1.0,1.0,3.0,Bank Transfer,Bi-Weekly,,1.0,0.26250000000000007,0.12244897959183673,0.0,0.9600000000000002,0.19747959183673475,Low Value
1004.0,56.0,Male,Hat,Accessories,68.0,Ohio,M,Green,Fall,4.0,Yes,Store Pickup,1.0,1.0,3.0,Cash,Bi-Weekly,,1.0,0.6375000000000001,0.5714285714285714,,0.40000000000000013,,Low Value
1005.0,33.0,Male,Backpack,Accessories,79.0,Tennessee,M,Black,Summer,4.8,Yes,2-Day Shipping,1.0,1.0,44.0,Cash,Annually,1.0,1.0,0.5750000000000001,0.346938775510204,0.058823529411764705,0.40000000000000013,0.31142256902761106,Low Value
1006.0,43.0,Male,Backpack,Accessories,94.0,New York,M,Gold,Winter,3.9,Yes,Store Pickup,1.0,1.0,5.0,Debit Card,Bi-Weekly,,1.0,0.8,0.28571428571428564,0.0,0.9600000000000002,0.37028571428571433,Low Value
1007.0,21.0,Male,Pants,Clothing,83.0,Michigan,S,Lavender,Summer,4.5,Yes,Next Day Air,1.0,1.0,50.0,Venmo,Quarterly,4.0,1.0,0.9375,0.7755102040816325,,0.20000000000000018,,Low Value
1008.0,58.0,Male,Gloves,Accessories,62.0,Georgia,XL,Turquoise,Spring,4.8,Yes,Standard,1.0,1.0,2.0,Credit Card,Annually,1.0,1.0,0.875,0.2040816326530612,0.21568627450980393,0.11999999999999988,0.3333385354141657,Low Value
1009.0,41.0,Male,Scarf,Accessories,85.0,New Mexico,M,Pink,Spring,2.6,Yes,Store Pickup,1.0,1.0,29.0,PayPal,Annually,1.0,1.0,0.2,0.061224489795918366,0.49019607843137253,0.4800000000000002,0.2595486194477791,Low Value
1010.0,39.0,Male,Hoodie,Clothing,30.0,Louisiana,M,Silver,Summer,3.1,Yes,Express,1.0,1.0,11.0,Venmo,Annually,1.0,1.0,0.025000000000000022,0.6530612244897959,,0.44000000000000017,,Low Value
1011.0,54.0,Male,Jeans,Clothing,24.0,South Dakota,XL,Gray,Spring,4.7,Yes,2-Day Shipping,1.0,1.0,37.0,Credit Card,Fortnightly,26.0,1.0,0.8625,0.7346938775510203,0.058823529411764705,0.32000000000000006,0.5160246098439376,Medium Value
1012.0,43.0,Male,Backpack,Accessories,25.0,Montana,L,Indigo,Spring,2.9,Yes,Next Day Air,1.0,1.0,32.0,Debit Card,Fortnightly,26.0,1.0,0.375,0.6326530612244897,0.058823529411764705,0.3600000000000001,0.38170828331332535,Low Value
1013.0,28.0,Male,Sandals,Footwear,37.0,New Mexico,L,Teal,Summer,3.8,Yes,Express,1.0,1.0,27.0,Credit Card,Annually,1.0,1.0,0.2,0.8775510204081631,0.058823529411764705,0.6000000000000001,0.4686674669867947,Medium Value
1014.0,59.0,Male,Belt,Accessories,69.0,South Carolina,XL,Green,Summer,3.8,Yes,2-Day Shipping,1.0,1.0,31.0,Venmo,Bi-Weekly,,1.0,0.4,0.8163265306122448,0.058823529411764705,0.8399999999999999,0.5081776710684274,Medium Value
1015.0,28.0,Male,Shoes,Footwear,97.0,Ohio,M,Violet,Summer,3.0,Yes,Standard,1.0,1.0,36.0,Debit Card,Fortnightly,26.0,1.0,0.11250000000000004,0.8775510204081631,0.9999999999999999,0.6800000000000002,0.7415204081632653,Medium Value
1016.0,68.0,Male,Gloves,Accessories,24.0,North Carolina,M,Cyan,Summer,4.1,Yes,Standard,1.0,1.0,34.0,Cash,Weekly,52.0,1.0,0.8625,0.6326530612244897,0.0,0.11999999999999988,0.43756122448979595,Low Value
1017.0,20.0,Male,Belt,Accessories,30.0,Idaho,XL,Blue,Summer,3.4,Yes,Express,1.0,1.0,15.0,Bank Transfer,Every 3 Months,,1.0,0.3375,0.24489795918367344,0.21568627450980393,0.4800000000000002,0.2781650660264106,Low Value
1018.0,21.0,Male,Jacket,Outerwear,53.0,Oklahoma,L,Orange,Fall,2.5,Yes,Express,1.0,1.0,14.0,Credit Card,Annually,1.0,1.0,0.0625,0.9591836734693877,0.058823529411764705,0.3600000000000001,0.44982052821128454,Low Value
1019.0,50.0,Male,Dress,Clothing,70.0,Georgia,XL,Charcoal,Spring,4.9,Yes,Next Day Air,1.0,1.0,46.0,Cash,Weekly,52.0,1.0,0.675,0.04081632653061225,0.9999999999999999,0.20000000000000018,0.47132653061224483,Medium Value
1020.0,32.0,Male,Shirt,Clothing,76.0,Kentucky,S,Beige,Winter,2.8,Yes,Standard,1.0,1.0,33.0,Venmo,Bi-Weekly,,1.0,0.32500000000000007,0.7755102040816325,0.21568627450980393,0.9199999999999999,0.5319099639855942,Medium Value
1021.0,24.0,Male,Scarf,Accessories,95.0,Delaware,M,Black,Fall,4.5,Yes,Express,1.0,1.0,41.0,Debit Card,Annually,1.0,1.0,0.025000000000000022,0.12244897959183673,0.49019607843137253,0.6000000000000001,0.26103841536614647,Low Value
1022.0,55.0,Male,Coat,Outerwear,51.0,Massachusetts,S,Lavender,Winter,4.9,Yes,2-Day Shipping,1.0,1.0,39.0,PayPal,Weekly,52.0,1.0,0.0625,0.2040816326530612,0.49019607843137253,0.9600000000000002,0.33719147659063625,Low Value
1023.0,61.0,Male,Handbag,Accessories,41.0,Nebraska,M,Lavender,Winter,4.9,Yes,Store Pickup,1.0,1.0,7.0,Cash,Annually,1.0,1.0,0.75,0.9387755102040816,0.9999999999999999,0.9600000000000002,0.9215102040816325,High Value
1024.0,61.0,Male,Sunglasses,Accessories,71.0,Maine,S,Turquoise,Winter,3.5,Yes,Free Shipping,1.0,1.0,29.0,Bank Transfer,Every 3 Months,,1.0,0.7000000000000001,0.5510204081632653,0.49019607843137253,0.32000000000000006,0.5394669867947179,Medium Value
1025.0,28.0,Male,T-shirt,Clothing,66.0,Pennsylvania,M,Purple,Summer,3.5,Yes,Free Shipping,1.0,1.0,18.0,Venmo,Quarterly,4.0,1.0,0.125,0.32653061224489793,,0.7600000000000002,,Low Value
1026.0,60.0,Male,Shirt,Clothing,84.0,Nebraska,M,Olive,Winter,4.9,Yes,Free Shipping,1.0,1.0,15.0,Credit Card,Annually,1.0,1.0,0.7375,0.2040816326530612,,0.40000000000000013,,Low Value
1027.0,49.0,Male,Handbag,Accessories,95.0,Virginia,L,Turquoise,Winter,3.0,Yes,Express,1.0,1.0,39.0,PayPal,Bi-Weekly,,1.0,0.025000000000000022,0.22448979591836735,0.0,0.6800000000000002,0.16279591836734697,Low Value
1028.0,33.0,Male,Jewelry,Accessories,90.0,Ohio,L,Teal,Summer,2.8,Yes,Next Day Air,1.0,1.0,11.0,Cash,Monthly,12.0,1.0,0.2,0.12244897959183673,0.49019607843137253,0.6800000000000002,0.30403841536614645,Low Value
1029.0,45.0,Male,Hoodie,Clothing,36.0,Nebraska,S,Lavender,Summer,3.7,Yes,Standard,1.0,1.0,4.0,Cash,Fortnightly,26.0,1.0,0.7125,0.36734693877551017,0.49019607843137253,0.08000000000000007,0.44449759903961583,Low Value
1030.0,29.0,Male,Gloves,Accessories,22.0,Ohio,M,Purple,Spring,3.6,Yes,2-Day Shipping,1.0,1.0,33.0,Venmo,Bi-Weekly,,1.0,0.16250000000000003,0.4693877551020408,0.058823529411764705,0.11999999999999988,0.24990216086434572,Low Value
1031.0,58.0,Male,Coat,Outerwear,89.0,Kentucky,L,Blue,Winter,3.3,Yes,Next Day Air,1.0,1.0,37.0,Debit Card,Quarterly,4.0,1.0,0.55,0.36734693877551017,0.21568627450980393,0.52,0.3736446578631452,Low Value
1032.0,22.0,Male,Sandals,Footwear,50.0,Tennessee,M,Teal,Spring,3.4,Yes,Free Shipping,1.0,1.0,32.0,Cash,Quarterly,4.0,1.0,0.4125000000000001,0.7755102040816325,0.0,0.040000000000000036,0.396704081632653,Low Value
1033.0,55.0,Male,Boots,Footwear,36.0,Maine,M,Lavender,Fall,4.0,Yes,Free Shipping,1.0,1.0,44.0,Credit Card,Quarterly,4.0,1.0,0.2,0.0,0.49019607843137253,0.20000000000000018,0.20705882352941177,Low Value
1034.0,19.0,Male,Pants,Clothing,52.0,Montana,S,Silver,Spring,4.6,Yes,Free Shipping,1.0,1.0,41.0,Bank Transfer,Quarterly,4.0,1.0,0.625,0.18367346938775508,,0.32000000000000006,,Low Value
1035.0,68.0,Male,Socks,Clothing,29.0,Maryland,M,Olive,Fall,4.2,Yes,Next Day Air,1.0,1.0,44.0,Bank Transfer,Weekly,52.0,1.0,0.9500000000000002,0.9591836734693877,0.058823529411764705,0.9600000000000002,0.6873205282112846,Medium Value
1036.0,61.0,Male,Blouse,Clothing,89.0,Georgia,M,Brown,Fall,2.8,Yes,Express,1.0,1.0,32.0,Venmo,Annually,1.0,1.0,0.08750000000000002,0.4693877551020408,0.0,0.32000000000000006,0.23725510204081635,Low Value
1037.0,68.0,Male,Handbag,Accessories,47.0,Hawaii,M,Yellow,Fall,3.7,Yes,2-Day Shipping,1.0,1.0,13.0,Bank Transfer,Monthly,12.0,1.0,0.55,0.836734693877551,0.49019607843137253,0.15999999999999992,0.6077527010804322,Medium Value
1038.0,52.0,Male,Jewelry,Accessories,25.0,Rhode Island,XL,Brown,Spring,3.4,Yes,Standard,1.0,1.0,48.0,Debit Card,Quarterly,4.0,1.0,0.03750000000000003,0.38775510204081626,0.9999999999999999,0.7600000000000002,0.5386020408163265,Medium Value
1039.0,41.0,Male,Pants,Clothing,74.0,Nebraska,XL,Cyan,Fall,3.0,Yes,Express,1.0,1.0,3.0,Bank Transfer,Weekly,52.0,1.0,0.16250000000000003,0.9795918367346937,,0.2400000000000002,,Low Value
1040.0,29.0,Male,Belt,Accessories,46.0,Michigan,M,Magenta,Fall,4.8,Yes,Standard,1.0,1.0,39.0,Venmo,Monthly,12.0,1.0,0.17500000000000004,0.4897959183673469,0.21568627450980393,0.0,0.29562424969988,Low Value
1041.0,68.0,Male,Jeans,Clothing,22.0,North Carolina,S,Magenta,Fall,4.0,Yes,Next Day Air,1.0,1.0,7.0,Cash,Fortnightly,26.0,1.0,0.1875,0.4081632653061224,,0.040000000000000036,,Low Value
1042.0,36.0,Male,Shirt,Clothing,25.0,Minnesota,M,Orange,Summer,4.9,Yes,Next Day Air,1.0,1.0,11.0,Cash,Fortnightly,26.0,1.0,0.525,0.22448979591836735,,0.7600000000000002,,Low Value
1043.0,55.0,Male,Belt,Accessories,80.0,Maryland,M,Maroon,Spring,4.9,Yes,Next Day Air,1.0,1.0,47.0,Credit Card,Weekly,52.0,1.0,0.6875,0.4081632653061224,,0.040000000000000036,,Low Value
1044.0,28.0,Male,Jeans,Clothing,76.0,Hawaii,M,Green,Spring,3.3,Yes,2-Day Shipping,1.0,1.0,28.0,Debit Card,Fortnightly,26.0,1.0,0.11250000000000004,0.693877551020408,0.21568627450980393,0.32000000000000006,0.3967569027611044,Low Value
1045.0,39.0,Male,Jeans,Clothing,30.0,Oregon,L,Teal,Summer,4.4,Yes,Next Day Air,1.0,1.0,17.0,Bank Transfer,Every 3 Months,,1.0,0.10000000000000003,0.836734693877551,,0.40000000000000013,,Low Value
1046.0,54.0,Male,Sweater,Clothing,79.0,New Mexico,L,Black,Fall,3.5,Yes,2-Day Shipping,1.0,1.0,11.0,PayPal,Bi-Weekly,,1.0,0.0,0.04081632653061225,,0.6399999999999999,,Low Value
1047.0,40.0,Male,Sneakers,Footwear,22.0,Illinois,M,Magenta,Winter,4.2,Yes,Standard,1.0,1.0,12.0,Venmo,Annually,1.0,1.0,0.9500000000000002,0.2040816326530612,,0.6000000000000001,,Low Value
1048.0,31.0,Male,Socks,Clothing,36.0,Utah,S,Olive,Fall,4.2,Yes,Standard,1.0,1.0,7.0,Credit Card,Fortnightly,26.0,1.0,0.2875,0.4285714285714285,0.058823529411764705,0.08000000000000007,0.25457563025210084,Low Value
1049.0,30.0,Male,Socks,Clothing,77.0,Maine,L,Yellow,Fall,2.7,Yes,Standard,1.0,1.0,19.0,Venmo,Fortnightly,26.0,1.0,0.925,0.9387755102040816,0.9999999999999999,0.0,0.8605102040816326,High Value
1050.0,45.0,Male,Sunglasses,Accessories,33.0,Virginia,S,Purple,Fall,2.8,Yes,Store Pickup,1.0,1.0,24.0,Cash,Quarterly,4.0,1.0,0.7625,0.6530612244897959,,0.72,,Low Value
1051.0,48.0,Male,Sneakers,Footwear,64.0,Florida,M,Beige,Winter,3.8,Yes,Next Day Air,1.0,1.0,19.0,Venmo,Monthly,12.0,1.0,0.6875,1.0,0.9999999999999999,0.32000000000000006,0.8694999999999999,High Value
1052.0,45.0,Male,Socks,Clothing,53.0,Ohio,M,Indigo,Fall,2.6,Yes,Free Shipping,1.0,1.0,39.0,PayPal,Annually,1.0,1.0,0.7625,0.9183673469387754,0.21568627450980393,0.040000000000000036,0.5885528211284513,Medium Value
1053.0,60.0,Male,Shoes,Footwear,36.0,Virginia,XL,Pink,Fall,3.0,Yes,2-Day Shipping,1.0,1.0,1.0,Credit Card,Fortnightly,26.0,1.0,0.9500000000000002,0.6530612244897959,0.21568627450980393,0.6000000000000001,0.5759303721488596,Medium Value
1054.0,59.0,Male,Blouse,Clothing,70.0,Kansas,M,Blue,Spring,3.3,No,2-Day Shipping,1.0,1.0,10.0,Debit Card,Bi-Weekly,,1.0,0.6375000000000001,0.8979591836734693,0.49019607843137253,0.040000000000000036,0.6377424969987996,Medium Value
1055.0,18.0,Male,Shorts,Clothing,96.0,Arkansas,L,Cyan,Winter,4.9,No,Express,1.0,1.0,48.0,PayPal,Quarterly,4.0,1.0,0.375,0.6326530612244897,,0.9600000000000002,,Low Value
1056.0,70.0,Male,Jacket,Outerwear,27.0,Massachusetts,M,Orange,Spring,3.3,No,Next Day Air,1.0,1.0,24.0,Debit Card,Annually,1.0,1.0,0.65,0.9387755102040816,,0.15999999999999992,,Low Value
1057.0,20.0,Male,Sweater,Clothing,64.0,Idaho,L,Black,Winter,2.9,No,2-Day Shipping,1.0,1.0,42.0,Venmo,Fortnightly,26.0,1.0,0.10000000000000003,0.08163265306122448,0.058823529411764705,0.4800000000000002,0.11830012004801924,Low Value
1058.0,65.0,Male,Jacket,Outerwear,23.0,Wisconsin,S,Maroon,Spring,4.4,No,2-Day Shipping,1.0,1.0,20.0,Credit Card,Weekly,52.0,1.0,0.48750000000000004,0.9795918367346937,0.49019607843137253,0.7600000000000002,0.7123955582232894,Medium Value
1059.0,29.0,Male,Scarf,Accessories,33.0,New Mexico,L,Violet,Summer,3.1,No,Next Day Air,1.0,1.0,49.0,Bank Transfer,Every 3 Months,,1.0,0.16250000000000003,0.9591836734693877,0.21568627450980393,0.7600000000000002,0.5568793517406964,Medium Value
1060.0,22.0,Male,Jacket,Outerwear,34.0,North Carolina,M,Beige,Winter,2.5,No,Standard,1.0,1.0,25.0,Debit Card,Monthly,12.0,1.0,0.48750000000000004,0.4285714285714285,,0.52,,Low Value
1061.0,27.0,Male,Sweater,Clothing,35.0,Iowa,S,Gray,Summer,2.6,No,Next Day Air,1.0,1.0,21.0,Debit Card,Every 3 Months,,1.0,0.125,0.8979591836734693,0.0,0.8,0.46418367346938777,Medium Value
1062.0,36.0,Male,Coat,Outerwear,62.0,Idaho,M,Gray,Summer,4.4,No,Free Shipping,1.0,1.0,12.0,Venmo,Every 3 Months,,1.0,0.8125,0.5918367346938774,0.058823529411764705,0.040000000000000036,0.4208817527010804,Low Value
1063.0,59.0,Male,Boots,Footwear,75.0,Ohio,M,Brown,Fall,2.6,No,Next Day Air,1.0,1.0,21.0,Debit Card,Every 3 Months,,1.0,0.9625000000000001,0.8571428571428571,0.9999999999999999,0.32000000000000006,0.8673571428571428,High Value
1064.0,62.0,Male,Hoodie,Clothing,29.0,Alabama,S,Indigo,Summer,3.3,No,Free Shipping,1.0,1.0,35.0,Cash,Monthly,12.0,1.0,0.2,0.9591836734693877,0.058823529411764705,0.6399999999999999,0.5053205282112845,Medium Value
1065.0,34.0,Male,Hat,Accessories,28.0,Wyoming,M,Violet,Spring,3.5,No,Express,1.0,1.0,42.0,Credit Card,Every 3 Months,,1.0,0.8125,0.44897959183673464,0.49019607843137253,0.20000000000000018,0.5091506602641056,Medium Value
1066.0,59.0,Male,T-shirt,Clothing,20.0,Alabama,XL,Blue,Spring,4.1,No,Store Pickup,1.0,1.0,3.0,PayPal,Every 3 Months,,1.0,0.525,0.5306122448979591,,0.20000000000000018,,Low Value
1067.0,49.0,Male,Coat,Outerwear,96.0,Mississippi,M,Red,Winter,4.0,No,Store Pickup,1.0,1.0,11.0,PayPal,Bi-Weekly,,1.0,0.6375000000000001,0.12244897959183673,0.21568627450980393,0.3600000000000001,0.27718547418967593,Low Value
1068.0,18.0,Male,Dress,Clothing,43.0,Pennsylvania,S,Peach,Summer,2.7,No,2-Day Shipping,1.0,1.0,22.0,PayPal,Quarterly,4.0,1.0,0.012500000000000011,0.02040816326530612,0.9999999999999999,0.08000000000000007,0.3186632653061224,Low Value
1069.0,55.0,Male,Shirt,Clothing,94.0,Wyoming,M,Olive,Fall,2.5,No,Standard,1.0,1.0,47.0,Credit Card,Weekly,52.0,1.0,0.5125000000000001,0.6530612244897959,,0.52,,Low Value
1070.0,38.0,Male,Skirt,Clothing,81.0,Maryland,XL,White,Fall,4.3,No,Next Day Air,1.0,1.0,33.0,Venmo,Every 3 Months,,1.0,0.4750000000000001,0.5306122448979591,0.49019607843137253,0.6800000000000002,0.5223037214885955,Medium Value
1071.0,50.0,Male,Jewelry,Accessories,75.0,North Carolina,M,Magenta,Summer,3.3,No,Free Shipping,1.0,1.0,50.0,Debit Card,Weekly,52.0,1.0,0.75,0.10204081632653061,0.49019607843137253,0.8800000000000001,0.425875150060024,Low Value
1072.0,61.0,Male,Hat,Accessories,81.0,Pennsylvania,M,Beige,Summer,2.6,No,Express,1.0,1.0,46.0,Credit Card,Monthly,12.0,1.0,0.375,0.38775510204081626,0.058823529411764705,0.6399999999999999,0.3117490996398559,Low Value
1074.0,22.0,Male,Scarf,Accessories,96.0,California,XL,Purple,Spring,4.0,No,Store Pickup,1.0,1.0,33.0,Credit Card,Monthly,12.0,1.0,0.25,0.4897959183673469,0.058823529411764705,0.9199999999999999,0.35556542617046816,Low Value
1075.0,48.0,Male,Jewelry,Accessories,71.0,Tennessee,S,White,Fall,2.6,No,Standard,1.0,1.0,45.0,Bank Transfer,Fortnightly,26.0,1.0,0.17500000000000004,0.5918367346938774,0.058823529411764705,0.20000000000000018,0.3093817527010804,Low Value
1076.0,57.0,Male,Sunglasses,Accessories,50.0,Missouri,L,Indigo,Summer,4.9,No,Next Day Air,1.0,1.0,32.0,Debit Card,Bi-Weekly,,1.0,0.32500000000000007,0.9591836734693877,0.0,0.040000000000000036,0.4526734693877551,Medium Value
1077.0,33.0,Male,Coat,Outerwear,72.0,North Dakota,L,Charcoal,Spring,2.9,No,Standard,1.0,1.0,47.0,Venmo,Bi-Weekly,,1.0,0.08750000000000002,0.9387755102040816,0.9999999999999999,0.28000000000000025,0.7210102040816325,Medium Value
1078.0,58.0,Male,Jacket,Outerwear,28.0,West Virginia,M,Pink,Winter,3.7,No,Standard,1.0,1.0,5.0,PayPal,Quarterly,4.0,1.0,0.9750000000000001,0.5306122448979591,0.9999999999999999,0.44000000000000017,0.7512448979591837,High Value
1079.0,37.0,Male,Sweater,Clothing,59.0,Arizona,M,Silver,Fall,4.4,No,Express,1.0,1.0,49.0,Credit Card,Fortnightly,26.0,1.0,0.6625000000000001,0.8979591836734693,0.49019607843137253,0.040000000000000036,0.6427424969987996,Medium Value
1080.0,18.0,Male,Coat,Outerwear,33.0,Oklahoma,S,Blue,Summer,4.4,No,Free Shipping,1.0,1.0,48.0,Bank Transfer,Monthly,12.0,1.0,0.10000000000000003,0.02040816326530612,0.9999999999999999,0.7600000000000002,0.4041632653061224,Low Value
1081.0,65.0,Male,Scarf,Accessories,59.0,Pennsylvania,L,Blue,Fall,3.8,No,Express,1.0,1.0,22.0,Cash,Every 3 Months,,1.0,0.7000000000000001,0.7755102040816325,0.49019607843137253,0.20000000000000018,0.6172629051620648,Medium Value
1082.0,62.0,Male,Belt,Accessories,30.0,Idaho,XL,Brown,Spring,4.5,No,Standard,1.0,1.0,45.0,Credit Card,Annually,1.0,1.0,0.7875000000000001,0.4693877551020408,0.49019607843137253,0.15999999999999992,0.508313925570228,Medium Value
1083.0,54.0,Male,Hat,Accessories,85.0,South Carolina,XL,Cyan,Winter,2.6,No,Next Day Air,1.0,1.0,30.0,Venmo,Quarterly,4.0,1.0,0.03750000000000003,0.14285714285714285,,0.72,,Low Value
1084.0,35.0,Male,Backpack,Accessories,97.0,Washington,L,Teal,Summer,3.3,No,Store Pickup,1.0,1.0,43.0,Cash,Weekly,52.0,1.0,0.10000000000000003,0.14285714285714285,0.058823529411764705,0.2400000000000002,0.11878991596638658,Low Value
1085.0,34.0,Male,T-shirt,Clothing,36.0,Arkansas,S,Purple,Fall,4.1,No,Next Day Air,1.0,1.0,48.0,Cash,Quarterly,4.0,1.0,0.7875000000000001,0.10204081632653061,,0.20000000000000018,,Low Value
1086.0,25.0,Male,Jewelry,Accessories,85.0,Utah,M,Turquoise,Winter,3.0,No,Store Pickup,1.0,1.0,23.0,Venmo,Fortnightly,26.0,1.0,0.9500000000000002,0.22448979591836735,0.49019607843137253,0.44000000000000017,0.4708547418967588,Medium Value
1087.0,53.0,Male,Sunglasses,Accessories,62.0,Alaska,M,Olive,Winter,3.0,No,Free Shipping,1.0,1.0,27.0,PayPal,Bi-Weekly,,1.0,0.525,0.510204081632653,0.9999999999999999,0.11999999999999988,0.6210816326530612,Medium Value
1088.0,45.0,Male,Jeans,Clothing,71.0,West Virginia,S,White,Winter,3.4,No,Next Day Air,1.0,1.0,7.0,Bank Transfer,Monthly,12.0,1.0,0.0625,1.0,0.49019607843137253,0.11999999999999988,0.5715588235294118,Medium Value
1089.0,49.0,Male,Pants,Clothing,21.0,Louisiana,M,Turquoise,Winter,2.7,No,Free Shipping,1.0,1.0,2.0,PayPal,Weekly,52.0,1.0,0.5125000000000001,0.6122448979591836,,0.20000000000000018,,Low Value
1090.0,40.0,Male,Backpack,Accessories,61.0,Arizona,M,Silver,Spring,3.8,No,Next Day Air,1.0,1.0,33.0,PayPal,Bi-Weekly,,1.0,0.5750000000000001,0.061224489795918366,,0.6399999999999999,,Low Value
1091.0,38.0,Male,Scarf,Accessories,58.0,Connecticut,M,Violet,Spring,4.2,No,Store Pickup,1.0,1.0,27.0,Cash,Fortnightly,26.0,1.0,0.5875,0.6326530612244897,0.058823529411764705,0.8399999999999999,0.4722082833133253,Medium Value
1092.0,44.0,Male,Sweater,Clothing,80.0,North Carolina,L,Lavender,Spring,4.7,No,Store Pickup,1.0,1.0,6.0,Credit Card,Fortnightly,26.0,1.0,0.75,0.2040816326530612,,0.9199999999999999,,Low Value
1093.0,68.0,Male,Jewelry,Accessories,50.0,South Dakota,L,Magenta,Spring,4.1,No,2-Day Shipping,1.0,1.0,20.0,Venmo,Quarterly,4.0,1.0,0.0625,0.9387755102040816,,0.040000000000000036,,Low Value
1094.0,60.0,Male,Sneakers,Footwear,48.0,Delaware,S,Indigo,Winter,4.2,No,2-Day Shipping,1.0,1.0,46.0,Venmo,Every 3 Months,,1.0,0.4750000000000001,0.7346938775510203,0.9999999999999999,0.6000000000000001,0.7488775510204082,Medium Value
1095.0,25.0,Male,Jewelry,Accessories,40.0,Connecticut,M,Black,Winter,4.8,No,Next Day Air,1.0,1.0,25.0,Cash,Quarterly,4.0,1.0,0.9500000000000002,0.7755102040816325,0.49019607843137253,0.6800000000000002,0.7152629051620649,Medium Value
1096.0,19.0,Male,Coat,Outerwear,34.0,Tennessee,S,Peach,Summer,3.0,No,Free Shipping,1.0,1.0,30.0,Bank Transfer,Quarterly,4.0,1.0,0.7125,0.4693877551020408,0.21568627450980393,0.8,0.47496098439375756,Medium Value
1097.0,57.0,Male,Coat,Outerwear,46.0,New Hampshire,S,Beige,Fall,2.6,No,Standard,1.0,1.0,48.0,Credit Card,Annually,1.0,1.0,0.5625,0.2040816326530612,,0.9600000000000002,,Low Value
1098.0,58.0,Male,Sunglasses,Accessories,27.0,Vermont,M,Black,Summer,3.2,No,Store Pickup,1.0,1.0,47.0,Bank Transfer,Weekly,52.0,1.0,0.2,0.7142857142857142,0.9999999999999999,0.2400000000000002,0.6497142857142857,Medium Value
1099.0,49.0,Male,Handbag,Accessories,98.0,Idaho,S,Turquoise,Spring,3.6,No,Next Day Air,1.0,1.0,27.0,Credit Card,Weekly,52.0,1.0,0.8,0.7959183673469387,0.21568627450980393,0.6000000000000001,0.6030732292917167,Medium Value
1100.0,19.0,Male,Sweater,Clothing,73.0,North Carolina,M,Peach,Fall,2.6,No,Next Day Air,1.0,1.0,45.0,Bank Transfer,Fortnightly,26.0,1.0,0.4750000000000001,0.4897959183673469,0.058823529411764705,0.28000000000000025,0.33656542617046825,Low Value
1101.0,50.0,Male,Pants,Clothing,28.0,Nevada,L,Gold,Spring,4.4,No,Express,1.0,1.0,2.0,Credit Card,Weekly,52.0,1.0,0.525,0.22448979591836735,0.0,0.72,0.26679591836734695,Low Value
1102.0,30.0,Male,Gloves,Accessories,76.0,Delaware,XL,Silver,Fall,3.0,No,Free Shipping,1.0,1.0,39.0,Cash,Fortnightly,26.0,1.0,0.5875,0.7551020408163265,0.21568627450980393,0.0,0.4842466986794718,Medium Value
1103.0,52.0,Male,Sweater,Clothing,83.0,Texas,M,Peach,Fall,2.9,No,Express,1.0,1.0,24.0,Cash,Fortnightly,26.0,1.0,0.875,0.18367346938775508,0.9999999999999999,0.08000000000000007,0.556469387755102,Medium Value
1104.0,35.0,Male,Hoodie,Clothing,23.0,Tennessee,S,Charcoal,Spring,4.3,No,Free Shipping,1.0,1.0,8.0,Debit Card,Bi-Weekly,,1.0,0.4750000000000001,0.9387755102040816,0.49019607843137253,0.3600000000000001,0.6535690276110444,Medium Value
1105.0,35.0,Male,Hat,Accessories,28.0,Delaware,M,Beige,Fall,3.1,No,Express,1.0,1.0,8.0,Bank Transfer,Quarterly,4.0,1.0,0.4125000000000001,0.4285714285714285,0.21568627450980393,0.9199999999999999,0.41063445378151264,Low Value
1106.0,33.0,Male,T-shirt,Clothing,83.0,Massachusetts,S,Olive,Spring,3.0,No,Next Day Air,1.0,1.0,6.0,Venmo,Every 3 Months,,1.0,0.125,0.693877551020408,0.21568627450980393,0.8800000000000001,0.4552569027611044,Medium Value
1107.0,52.0,Male,Skirt,Clothing,96.0,Minnesota,L,Violet,Winter,3.6,No,Store Pickup,1.0,1.0,12.0,Venmo,Fortnightly,26.0,1.0,0.5625,0.9183673469387754,0.49019607843137253,0.8800000000000001,0.714905762304922,Medium Value
1108.0,69.0,Male,Sneakers,Footwear,62.0,Texas,M,Peach,Fall,2.8,No,Store Pickup,1.0,1.0,26.0,Bank Transfer,Weekly,52.0,1.0,0.26250000000000007,0.5918367346938774,,0.56,,Low Value
1109.0,27.0,Male,Shorts,Clothing,25.0,Nebraska,M,Teal,Fall,2.8,No,Standard,1.0,1.0,50.0,Cash,Fortnightly,26.0,1.0,0.6625000000000001,0.38775510204081626,0.21568627450980393,0.4800000000000002,0.4003079231692678,Low Value
1111.0,28.0,Male,Hoodie,Clothing,61.0,Texas,L,Cyan,Fall,3.0,No,Standard,1.0,1.0,31.0,Cash,Bi-Weekly,,1.0,0.2,0.5714285714285714,0.9999999999999999,0.6399999999999999,0.6325714285714285,Medium Value
1112.0,22.0,Male,Shoes,Footwear,66.0,New York,S,Olive,Summer,4.1,No,Next Day Air,1.0,1.0,4.0,Credit Card,Bi-Weekly,,1.0,0.875,0.6326530612244897,0.058823529411764705,0.44000000000000017,0.4897082833133254,Medium Value
1113.0,69.0,Male,Hoodie,Clothing,67.0,Washington,XL,Pink,Spring,4.6,No,Free Shipping,1.0,1.0,32.0,PayPal,Quarterly,4.0,1.0,0.7875000000000001,0.7346938775510203,0.21568627450980393,0.9199999999999999,0.6080834333733492,Medium Value
1114.0,28.0,Male,Sunglasses,Accessories,80.0,Maryland,M,Purple,Summer,4.8,No,Next Day Air,1.0,1.0,11.0,PayPal,Bi-Weekly,,1.0,0.8875,0.3061224489795918,,0.11999999999999988,,Low Value
1115.0,55.0,Male,Skirt,Clothing,25.0,New Hampshire,L,Violet,Fall,2.6,No,Next Day Air,1.0,1.0,47.0,Bank Transfer,Every 3 Months,,1.0,0.2,0.6326530612244897,0.49019607843137253,0.8800000000000001,0.5281200480192076,Medium Value
1116.0,30.0,Male,Hat,Accessories,58.0,New York,S,Peach,Fall,4.0,No,2-Day Shipping,1.0,1.0,37.0,Cash,Weekly,52.0,1.0,0.4125000000000001,0.836734693877551,,0.56,,Low Value
1117.0,67.0,Male,Backpack,Accessories,96.0,Hawaii,M,Charcoal,Winter,4.2,No,Express,1.0,1.0,39.0,PayPal,Fortnightly,26.0,1.0,0.23750000000000004,0.10204081632653061,,0.040000000000000036,,Low Value
1118.0,25.0,Male,Sunglasses,Accessories,77.0,California,L,Lavender,Spring,4.5,No,Store Pickup,1.0,1.0,24.0,Credit Card,Monthly,12.0,1.0,0.16250000000000003,0.44897959183673464,0.49019607843137253,0.8800000000000001,0.44715066026410566,Low Value
1119.0,49.0,Male,Belt,Accessories,65.0,Indiana,M,Purple,Summer,4.9,No,Standard,1.0,1.0,11.0,PayPal,Every 3 Months,,1.0,0.7000000000000001,0.5306122448979591,,0.40000000000000013,,Low Value
1120.0,34.0,Male,Jewelry,Accessories,36.0,Louisiana,M,Indigo,Spring,3.1,No,Standard,1.0,1.0,36.0,Credit Card,Weekly,52.0,1.0,0.03750000000000003,0.8571428571428571,0.058823529411764705,0.7600000000000002,0.4440042016806723,Low Value
1121.0,22.0,Male,Sneakers,Footwear,84.0,Pennsylvania,M,Magenta,Winter,4.0,No,Next Day Air,1.0,1.0,40.0,Debit Card,Monthly,12.0,1.0,0.42500000000000004,0.4897959183673469,0.49019607843137253,0.7600000000000002,0.5039771908763506,Medium Value
1122.0,63.0,Male,T-shirt,Clothing,58.0,Florida,XL,Peach,Fall,3.2,No,Express,1.0,1.0,25.0,Cash,Quarterly,4.0,1.0,0.8625,0.5918367346938774,,0.20000000000000018,,Low Value
1123.0,70.0,Male,Handbag,Accessories,62.0,North Carolina,S,Charcoal,Spring,4.3,No,2-Day Shipping,1.0,1.0,12.0,Credit Card,Annually,1.0,1.0,0.22500000000000003,0.12244897959183673,,0.6800000000000002,,Low Value
1124.0,36.0,Male,Hat,Accessories,67.0,Massachusetts,S,Purple,Fall,2.5,No,Store Pickup,1.0,1.0,38.0,Cash,Monthly,12.0,1.0,0.2,0.32653061224489793,0.0,0.72,0.24261224489795918,Low Value
1126.0,27.0,Male,Sandals,Footwear,90.0,North Dakota,M,Lavender,Summer,2.7,No,2-Day Shipping,1.0,1.0,10.0,Bank Transfer,Weekly,52.0,1.0,0.275,0.7959183673469387,0.0,0.32000000000000006,0.4053673469387755,Low Value
1127.0,23.0,Male,Scarf,Accessories,58.0,Iowa,L,Beige,Winter,3.4,No,Standard,1.0,1.0,47.0,Venmo,Fortnightly,26.0,1.0,0.2,1.0,,0.08000000000000007,,Low Value
1128.0,50.0,Male,Shirt,Clothing,53.0,Delaware,XL,Maroon,Spring,4.8,No,Store Pickup,1.0,1.0,22.0,Debit Card,Monthly,12.0,1.0,0.36250000000000004,0.14285714285714285,,0.6000000000000001,,Low Value
1129.0,56.0,Male,Gloves,Accessories,30.0,New York,L,Charcoal,Winter,4.7,No,Next Day Air,1.0,1.0,35.0,Debit Card,Monthly,12.0,1.0,0.26250000000000007,0.10204081632653061,0.058823529411764705,0.6000000000000001,0.17096338535414168,Low Value
1130.0,37.0,Male,Hoodie,Clothing,65.0,New Hampshire,XL,White,Winter,4.7,No,Express,1.0,1.0,46.0,Venmo,Fortnightly,26.0,1.0,0.7750000000000001,0.8775510204081631,,0.15999999999999992,,Low Value
1131.0,67.0,Male,Jewelry,Accessories,41.0,Kentucky,M,Lavender,Summer,3.9,No,Standard,1.0,1.0,30.0,PayPal,Bi-Weekly,,1.0,0.4125000000000001,0.9387755102040816,0.058823529411764705,0.040000000000000036,0.4796572629051621,Medium Value
1132.0,67.0,Male,Shirt,Clothing,73.0,Illinois,M,Black,Spring,3.7,No,Express,1.0,1.0,20.0,Bank Transfer,Monthly,12.0,1.0,0.012500000000000011,0.10204081632653061,,0.9199999999999999,,Low Value
1133.0,50.0,Male,Hoodie,Clothing,98.0,North Carolina,S,Teal,Spring,4.3,No,Store Pickup,1.0,1.0,25.0,Cash,Fortnightly,26.0,1.0,0.5750000000000001,0.2040816326530612,0.058823529411764705,0.7600000000000002,0.29027971188475393,Low Value
1134.0,36.0,Male,Shoes,Footwear,36.0,Connecticut,XL,Magenta,Winter,4.1,No,2-Day Shipping,1.0,1.0,29.0,Cash,Weekly,52.0,1.0,0.8625,0.8163265306122448,0.0,0.6000000000000001,0.559030612244898,Medium Value
1136.0,65.0,Male,Skirt,Clothing,90.0,Massachusetts,L,Peach,Winter,3.6,No,2-Day Shipping,1.0,1.0,32.0,Bank Transfer,Quarterly,4.0,1.0,0.275,0.16326530612244897,,0.28000000000000025,,Low Value
1137.0,23.0,Male,Handbag,Accessories,83.0,Illinois,S,Cyan,Summer,4.8,No,Free Shipping,1.0,1.0,37.0,Cash,Monthly,12.0,1.0,0.4,0.7346938775510203,0.21568627450980393,0.2400000000000002,0.46258343337334934,Medium Value
1138.0,46.0,Male,Shirt,Clothing,91.0,New Mexico,XL,Pink,Winter,2.8,No,2-Day Shipping,1.0,1.0,16.0,Bank Transfer,Every 3 Months,,1.0,0.9000000000000001,0.24489795918367344,0.9999999999999999,0.6800000000000002,0.6459591836734695,Medium Value
1139.0,18.0,Male,Pants,Clothing,36.0,Iowa,M,Purple,Summer,4.7,No,Express,1.0,1.0,32.0,Venmo,Fortnightly,26.0,1.0,0.45000000000000007,0.4693877551020408,0.21568627450980393,0.20000000000000018,0.36246098439375757,Low Value
1140.0,58.0,Male,Coat,Outerwear,53.0,Alabama,L,Purple,Spring,3.9,No,Standard,1.0,1.0,42.0,Debit Card,Bi-Weekly,,1.0,0.9500000000000002,0.9387755102040816,0.058823529411764705,0.6800000000000002,0.6511572629051622,Medium Value
1141.0,31.0,Male,Jeans,Clothing,39.0,Maryland,M,White,Winter,2.6,No,Store Pickup,1.0,1.0,6.0,Credit Card,Every 3 Months,,1.0,0.55,0.4081632653061224,,0.15999999999999992,,Low Value
1142.0,39.0,Male,Gloves,Accessories,33.0,Ohio,S,Silver,Winter,4.7,No,Next Day Air,1.0,1.0,23.0,PayPal,Fortnightly,26.0,1.0,0.3500000000000001,0.4285714285714285,0.49019607843137253,0.4800000000000002,0.4364873949579832,Low Value
1143.0,69.0,Male,T-shirt,Clothing,76.0,Ohio,L,Green,Spring,3.5,No,Store Pickup,1.0,1.0,27.0,Venmo,Bi-Weekly,,1.0,0.7875000000000001,0.3061224489795918,0.058823529411764705,0.44000000000000017,0.34159603841536623,Low Value
1144.0,68.0,Male,Boots,Footwear,23.0,Nevada,L,Teal,Winter,4.4,No,Standard,1.0,1.0,43.0,PayPal,Quarterly,4.0,1.0,0.8875,0.7346938775510203,0.49019607843137253,0.44000000000000017,0.6624363745498199,Medium Value
1145.0,41.0,Male,Jeans,Clothing,54.0,South Carolina,S,Indigo,Fall,4.4,No,2-Day Shipping,1.0,1.0,25.0,Bank Transfer,Fortnightly,26.0,1.0,0.925,0.04081632653061225,0.0,0.8,0.28132653061224494,Low Value
1146.0,31.0,Male,Sneakers,Footwear,89.0,Nevada,L,Pink,Summer,3.0,No,Express,1.0,1.0,30.0,Cash,Every 3 Months,,1.0,0.525,0.6530612244897959,,0.28000000000000025,,Low Value
1147.0,48.0,Male,Sneakers,Footwear,38.0,Wisconsin,M,Indigo,Summer,4.2,No,Standard,1.0,1.0,7.0,Bank Transfer,Every 3 Months,,1.0,0.4375,0.28571428571428564,0.0,0.56,0.2577857142857143,Low Value
1148.0,59.0,Male,Hat,Accessories,36.0,Tennessee,XL,Red,Winter,4.3,No,Next Day Air,1.0,1.0,17.0,Debit Card,Annually,1.0,1.0,0.6000000000000001,0.836734693877551,,0.8399999999999999,,Low Value
1149.0,34.0,Male,Pants,Clothing,66.0,Florida,M,Violet,Spring,2.6,No,Store Pickup,1.0,1.0,10.0,PayPal,Fortnightly,26.0,1.0,0.7000000000000001,0.836734693877551,,0.0,,Low Value
1150.0,21.0,Male,Jewelry,Accessories,42.0,Georgia,L,Cyan,Spring,3.3,No,Store Pickup,1.0,1.0,40.0,Venmo,Annually,1.0,1.0,0.1375,0.36734693877551017,,0.72,,Low Value
1151.0,29.0,Male,Jewelry,Accessories,36.0,Kentucky,S,Red,Winter,2.7,No,Next Day Air,1.0,1.0,50.0,Venmo,Bi-Weekly,,1.0,0.7625,0.510204081632653,0.058823529411764705,0.6399999999999999,0.4382286914765906,Low Value
1153.0,62.0,Male,Handbag,Accessories,49.0,Connecticut,M,Gold,Fall,4.0,No,Standard,1.0,1.0,8.0,PayPal,Every 3 Months,,1.0,0.025000000000000022,0.44897959183673464,0.0,0.9600000000000002,0.2805918367346939,Low Value
1154.0,27.0,Male,Shirt,Clothing,41.0,Idaho,M,Pink,Summer,4.0,No,Free Shipping,1.0,1.0,6.0,Bank Transfer,Quarterly,4.0,1.0,0.16250000000000003,0.8775510204081631,0.0,0.11999999999999988,0.39552040816326534,Low Value
1155.0,49.0,Male,Dress,Clothing,82.0,Georgia,L,Cyan,Spring,2.9,No,2-Day Shipping,1.0,1.0,44.0,Credit Card,Bi-Weekly,,1.0,0.03750000000000003,0.673469387755102,0.21568627450980393,0.9600000000000002,0.43759363745498203,Low Value
1156.0,67.0,Male,T-shirt,Clothing,53.0,Tennessee,S,Red,Fall,2.6,No,Express,1.0,1.0,47.0,PayPal,Quarterly,4.0,1.0,0.9500000000000002,0.8571428571428571,0.058823529411764705,0.40000000000000013,0.5905042016806723,Medium Value
1157.0,20.0,Male,Shoes,Footwear,21.0,Hawaii,M,Gold,Summer,4.8,No,Express,1.0,1.0,6.0,Venmo,Every 3 Months,,1.0,0.012500000000000011,0.8979591836734693,0.058823529411764705,0.52,0.43133073229291713,Low Value
1158.0,37.0,Male,Belt,Accessories,66.0,Maryland,M,Charcoal,Fall,4.4,No,Standard,1.0,1.0,11.0,Cash,Quarterly,4.0,1.0,0.23750000000000004,0.061224489795918366,0.9999999999999999,0.8,0.45198979591836735,Medium Value
1159.0,69.0,Male,Belt,Accessories,89.0,Nevada,L,Orange,Summer,4.0,No,2-Day Shipping,1.0,1.0,41.0,Bank Transfer,Annually,1.0,1.0,0.6625000000000001,0.36734693877551017,0.0,0.3600000000000001,0.31543877551020416,Low Value
1160.0,66.0,Male,Handbag,Accessories,55.0,New Hampshire,L,Blue,Fall,3.6,No,2-Day Shipping,1.0,1.0,46.0,Venmo,Every 3 Months,,1.0,0.55,0.5714285714285714,0.21568627450980393,0.56,0.4592773109243698,Medium Value
1161.0,37.0,Male,Scarf,Accessories,42.0,North Dakota,S,Blue,Summer,3.2,No,Next Day Air,1.0,1.0,9.0,Venmo,Bi-Weekly,,1.0,0.6000000000000001,0.5306122448979591,0.0,0.6399999999999999,0.39624489795918366,Low Value
1162.0,63.0,Male,Shorts,Clothing,52.0,Oklahoma,S,Orange,Fall,3.1,No,2-Day Shipping,1.0,1.0,37.0,PayPal,Monthly,12.0,1.0,0.8625,0.7346938775510203,,0.20000000000000018,,Low Value
1163.0,47.0,Male,Sandals,Footwear,92.0,North Carolina,M,Blue,Winter,4.2,No,Express,1.0,1.0,13.0,PayPal,Weekly,52.0,1.0,0.11250000000000004,0.2040816326530612,0.9999999999999999,0.32000000000000006,0.43613265306122445,Low Value
1164.0,26.0,Male,Pants,Clothing,56.0,Tennessee,L,White,Summer,3.0,No,2-Day Shipping,1.0,1.0,24.0,Debit Card,Monthly,12.0,1.0,0.3125,0.6122448979591836,0.9999999999999999,0.72,0.6793979591836733,Medium Value
1165.0,68.0,Male,Dress,Clothing,96.0,Montana,M,Green,Winter,4.2,No,Standard,1.0,1.0,47.0,PayPal,Quarterly,4.0,1.0,0.625,1.0,0.058823529411764705,0.6399999999999999,0.6066470588235294,Medium Value
1166.0,51.0,Male,T-shirt,Clothing,64.0,Wisconsin,M,Silver,Winter,2.9,No,Next Day Air,1.0,1.0,21.0,Venmo,Every 3 Months,,1.0,0.45000000000000007,0.836734693877551,0.058823529411764705,0.6000000000000001,0.5023409363745499,Medium Value
1167.0,48.0,Male,Dress,Clothing,48.0,Connecticut,S,Lavender,Winter,3.7,No,Store Pickup,1.0,1.0,22.0,Venmo,Fortnightly,26.0,1.0,0.4375,0.346938775510204,0.49019607843137253,1.0,0.4733343337334933,Medium Value
1168.0,60.0,Male,Socks,Clothing,83.0,New Jersey,XL,Beige,Summer,3.6,No,Free Shipping,1.0,1.0,16.0,PayPal,Quarterly,4.0,1.0,0.32500000000000007,0.10204081632653061,0.49019607843137253,0.2400000000000002,0.276875150060024,Low Value
1169.0,68.0,Male,Scarf,Accessories,91.0,Mississippi,L,Violet,Summer,3.6,No,Standard,1.0,1.0,37.0,Debit Card,Fortnightly,26.0,1.0,0.9375,0.6530612244897959,0.21568627450980393,0.6000000000000001,0.5734303721488596,Medium Value
1170.0,25.0,Male,Backpack,Accessories,94.0,Wyoming,S,Gray,Fall,4.5,No,2-Day Shipping,1.0,1.0,3.0,Cash,Annually,1.0,1.0,0.8500000000000001,0.24489795918367344,,0.28000000000000025,,Low Value
1171.0,57.0,Male,Skirt,Clothing,62.0,Illinois,S,Red,Spring,3.2,No,Express,1.0,1.0,33.0,Cash,Bi-Weekly,,1.0,0.9000000000000001,0.510204081632653,0.0,0.56,0.44008163265306127,Low Value
1172.0,41.0,Male,Socks,Clothing,55.0,Louisiana,M,Lavender,Spring,3.9,No,Next Day Air,1.0,1.0,15.0,Debit Card,Annually,1.0,1.0,0.36250000000000004,0.32653061224489793,0.0,0.56,0.2591122448979592,Low Value
1173.0,59.0,Male,Coat,Outerwear,68.0,Oregon,L,Peach,Spring,4.6,No,Store Pickup,1.0,1.0,42.0,Bank Transfer,Bi-Weekly,,1.0,0.8625,0.04081632653061225,0.9999999999999999,0.8,0.5688265306122449,Medium Value
1174.0,44.0,Male,Jewelry,Accessories,76.0,South Dakota,M,Indigo,Winter,2.5,No,Express,1.0,1.0,42.0,Cash,Bi-Weekly,,1.0,0.025000000000000022,0.12244897959183673,0.9999999999999999,0.7600000000000002,0.4299795918367347,Low Value
1175.0,42.0,Male,Backpack,Accessories,31.0,Michigan,M,Black,Winter,4.3,No,Express,1.0,1.0,19.0,Bank Transfer,Bi-Weekly,,1.0,0.5125000000000001,0.9183673469387754,0.49019607843137253,0.2400000000000002,0.6409057623049219,Medium Value
1176.0,35.0,Male,Belt,Accessories,81.0,New Jersey,M,Beige,Spring,4.1,No,Store Pickup,1.0,1.0,26.0,PayPal,Quarterly,4.0,1.0,0.11250000000000004,0.26530612244897955,,0.15999999999999992,,Low Value
1178.0,54.0,Male,Skirt,Clothing,21.0,Iowa,M,Black,Spring,4.8,No,Standard,1.0,1.0,24.0,Debit Card,Monthly,12.0,1.0,0.925,0.38775510204081626,,0.28000000000000025,,Low Value
1179.0,37.0,Male,Dress,Clothing,22.0,South Carolina,M,Teal,Spring,4.9,No,Express,1.0,1.0,23.0,Debit Card,Annually,1.0,1.0,0.9875,0.7551020408163265,0.49019607843137253,0.40000000000000013,0.6865996398559424,Medium Value
1180.0,20.0,Male,T-shirt,Clothing,33.0,Indiana,M,Blue,Summer,2.8,No,Free Shipping,1.0,1.0,44.0,Bank Transfer,Annually,1.0,1.0,0.48750000000000004,0.3061224489795918,,0.20000000000000018,,Low Value
1181.0,23.0,Male,Skirt,Clothing,23.0,Oregon,S,Beige,Spring,4.9,No,Standard,1.0,1.0,34.0,Cash,Monthly,12.0,1.0,0.875,0.9591836734693877,,0.6399999999999999,,Low Value
1182.0,61.0,Male,Shorts,Clothing,96.0,New York,L,Teal,Summer,3.5,No,Free Shipping,1.0,1.0,43.0,Bank Transfer,Quarterly,4.0,1.0,0.525,0.3061224489795918,0.21568627450980393,0.52,0.3441548619447779,Low Value
1183.0,37.0,Male,Jewelry,Accessories,21.0,New Mexico,M,Maroon,Spring,3.8,No,Express,1.0,1.0,45.0,PayPal,Quarterly,4.0,1.0,0.7250000000000001,0.08163265306122448,0.058823529411764705,0.6399999999999999,0.2593001200480192,Low Value
1184.0,23.0,Male,Pants,Clothing,39.0,Louisiana,M,Yellow,Spring,4.5,No,2-Day Shipping,1.0,1.0,4.0,Credit Card,Weekly,52.0,1.0,0.925,0.26530612244897955,,0.8399999999999999,,Low Value
1185.0,63.0,Male,Belt,Accessories,73.0,South Carolina,S,Indigo,Fall,3.4,No,Express,1.0,1.0,19.0,Credit Card,Annually,1.0,1.0,0.675,0.346938775510204,0.9999999999999999,0.0,0.5737755102040816,Medium Value
1186.0,47.0,Male,Jeans,Clothing,64.0,Maine,M,Magenta,Spring,3.9,No,Standard,1.0,1.0,29.0,Credit Card,Monthly,12.0,1.0,0.4,0.26530612244897955,,0.4800000000000002,,Low Value
1187.0,63.0,Male,Jeans,Clothing,68.0,Indiana,M,Beige,Summer,4.1,No,2-Day Shipping,1.0,1.0,27.0,Credit Card,Annually,1.0,1.0,0.7625,0.08163265306122448,,0.52,,Low Value
1188.0,56.0,Male,Hat,Accessories,89.0,Iowa,L,Maroon,Fall,3.0,No,Express,1.0,1.0,37.0,Credit Card,Every 3 Months,,1.0,0.0,0.28571428571428564,,0.040000000000000036,,Low Value
1189.0,68.0,Male,Blouse,Clothing,29.0,Mississippi,M,Magenta,Summer,3.3,No,Next Day Air,1.0,1.0,11.0,Credit Card,Weekly,52.0,1.0,0.15000000000000002,0.04081632653061225,,0.4800000000000002,,Low Value
1191.0,62.0,Male,Shirt,Clothing,45.0,South Carolina,M,Orange,Winter,4.3,No,Next Day Air,1.0,1.0,31.0,Credit Card,Weekly,52.0,1.0,0.7375,0.8571428571428571,,0.2400000000000002,,Low Value
1192.0,34.0,Male,T-shirt,Clothing,70.0,Indiana,L,Charcoal,Winter,4.1,No,Free Shipping,1.0,1.0,50.0,Venmo,Quarterly,4.0,1.0,0.03750000000000003,0.693877551020408,,0.0,,Low Value
1193.0,49.0,Male,Coat,Outerwear,56.0,Florida,M,Turquoise,Summer,4.0,No,2-Day Shipping,1.0,1.0,42.0,Venmo,Quarterly,4.0,1.0,0.6125,0.04081632653061225,0.058823529411764705,0.8,0.23647358943577435,Low Value
1194.0,40.0,Male,Jacket,Outerwear,55.0,Alaska,L,Pink,Fall,5.0,No,2-Day Shipping,1.0,1.0,18.0,Credit Card,Fortnightly,26.0,1.0,0.6125,0.5306122448979591,0.0,0.3600000000000001,0.3707448979591837,Low Value
1195.0,50.0,Male,Hoodie,Clothing,46.0,New York,S,Teal,Winter,3.1,No,2-Day Shipping,1.0,1.0,6.0,Credit Card,Fortnightly,26.0,1.0,0.050000000000000044,0.4081632653061224,0.9999999999999999,0.56,0.5292653061224489,Medium Value
1196.0,25.0,Male,Scarf,Accessories,95.0,Texas,M,White,Winter,4.0,No,2-Day Shipping,1.0,1.0,33.0,Venmo,Monthly,12.0,1.0,0.375,0.346938775510204,0.9999999999999999,0.4800000000000002,0.5617755102040816,Medium Value
1197.0,30.0,Male,Belt,Accessories,88.0,North Dakota,M,Maroon,Winter,3.2,No,2-Day Shipping,1.0,1.0,13.0,Bank Transfer,Bi-Weekly,,1.0,0.9625000000000001,0.3061224489795918,0.9999999999999999,0.040000000000000036,0.6189489795918367,Medium Value
1198.0,54.0,Male,Sneakers,Footwear,92.0,Vermont,L,Violet,Fall,3.9,No,Standard,1.0,1.0,26.0,PayPal,Annually,1.0,1.0,0.8875,0.346938775510204,,0.3600000000000001,,Low Value
1199.0,40.0,Male,Socks,Clothing,49.0,New Jersey,M,Brown,Summer,3.9,No,2-Day Shipping,1.0,1.0,17.0,Cash,Annually,1.0,1.0,0.21250000000000002,0.36734693877551017,,0.9600000000000002,,Low Value
1200.0,49.0,Male,Sandals,Footwear,89.0,Maryland,M,Indigo,Fall,4.5,No,Free Shipping,1.0,1.0,3.0,Debit Card,Weekly,52.0,1.0,0.4375,0.0,0.0,0.56,0.14350000000000002,Low Value
1201.0,27.0,Male,Coat,Outerwear,22.0,Connecticut,XL,Black,Winter,4.4,No,Store Pickup,1.0,1.0,7.0,PayPal,Weekly,52.0,1.0,0.4,0.7755102040816325,0.0,0.44000000000000017,0.43420408163265306,Low Value
1202.0,27.0,Male,Shoes,Footwear,61.0,Illinois,XL,Black,Summer,3.1,No,2-Day Shipping,1.0,1.0,46.0,Venmo,Fortnightly,26.0,1.0,0.7375,0.8571428571428571,0.49019607843137253,0.6000000000000001,0.6974159663865547,Medium Value
1203.0,48.0,Male,Scarf,Accessories,29.0,Maryland,S,Olive,Spring,2.9,No,Standard,1.0,1.0,14.0,Venmo,Every 3 Months,,1.0,0.03750000000000003,0.6122448979591836,,0.44000000000000017,,Low Value
1204.0,40.0,Male,Sneakers,Footwear,82.0,Minnesota,M,Orange,Winter,3.7,No,Free Shipping,1.0,1.0,23.0,Bank Transfer,Annually,1.0,1.0,0.6625000000000001,0.7959183673469387,,0.40000000000000013,,Low Value
1205.0,67.0,Male,Belt,Accessories,94.0,Florida,M,Pink,Spring,3.2,No,2-Day Shipping,1.0,1.0,20.0,Credit Card,Every 3 Months,,1.0,0.9875,0.02040816326530612,,0.6399999999999999,,Low Value
1206.0,52.0,Male,Handbag,Accessories,99.0,California,M,Olive,Spring,3.5,No,Standard,1.0,1.0,38.0,Bank Transfer,Fortnightly,26.0,1.0,0.025000000000000022,0.9183673469387754,,0.20000000000000018,,Low Value
1207.0,22.0,Male,Handbag,Accessories,59.0,Mississippi,S,Cyan,Fall,3.0,No,Free Shipping,1.0,1.0,16.0,Venmo,Every 3 Months,,1.0,0.6000000000000001,0.693877551020408,,0.7600000000000002,,Low Value
1208.0,62.0,Male,Boots,Footwear,90.0,Washington,M,White,Summer,4.1,No,Next Day Air,1.0,1.0,48.0,Credit Card,Every 3 Months,,1.0,0.9000000000000001,0.836734693877551,0.058823529411764705,0.7600000000000002,0.60834093637455,Medium Value
1210.0,41.0,Male,Pants,Clothing,62.0,Pennsylvania,M,Blue,Winter,3.8,No,Next Day Air,1.0,1.0,16.0,Bank Transfer,Monthly,12.0,1.0,0.21250000000000002,0.6326530612244897,,0.9199999999999999,,Low Value
1211.0,34.0,Male,Sunglasses,Accessories,78.0,Missouri,M,Olive,Fall,4.1,No,Next Day Air,1.0,1.0,5.0,Cash,Quarterly,4.0,1.0,0.7375,0.9591836734693877,0.0,0.15999999999999992,0.5471734693877551,Medium Value
1212.0,23.0,Male,Hoodie,Clothing,94.0,Oklahoma,M,Green,Spring,4.6,No,Store Pickup,1.0,1.0,14.0,Venmo,Every 3 Months,,1.0,0.38750000000000007,0.673469387755102,0.9999999999999999,0.2400000000000002,0.6708877551020408,Medium Value
1213.0,32.0,Male,Shoes,Footwear,74.0,Pennsylvania,M,Yellow,Summer,2.5,No,Free Shipping,1.0,1.0,18.0,Credit Card,Weekly,52.0,1.0,0.08750000000000002,0.28571428571428564,0.058823529411764705,0.6000000000000001,0.2094327731092437,Low Value
1214.0,68.0,Male,Handbag,Accessories,52.0,Kentucky,XL,Black,Spring,3.7,No,Express,1.0,1.0,14.0,Debit Card,Every 3 Months,,1.0,0.03750000000000003,0.4285714285714285,0.0,0.20000000000000018,0.19892857142857143,Low Value
1215.0,30.0,Male,Jacket,Outerwear,81.0,Vermont,M,Blue,Fall,3.8,No,Free Shipping,1.0,1.0,5.0,Cash,Every 3 Months,,1.0,0.7000000000000001,0.02040816326530612,0.21568627450980393,0.56,0.26886914765906367,Low Value
1216.0,66.0,Male,Blouse,Clothing,20.0,Oregon,L,Pink,Winter,2.6,No,2-Day Shipping,1.0,1.0,15.0,Credit Card,Every 3 Months,,1.0,0.1375,0.5918367346938774,0.9999999999999999,0.3600000000000001,0.6002346938775509,Medium Value
1217.0,62.0,Male,Pants,Clothing,32.0,Utah,XL,Lavender,Summer,3.7,No,Free Shipping,1.0,1.0,3.0,Venmo,Every 3 Months,,1.0,0.5,0.5306122448979591,0.21568627450980393,0.08000000000000007,0.3849507803121248,Low Value
1218.0,50.0,Male,Boots,Footwear,63.0,Nebraska,XL,Cyan,Fall,2.6,No,Free Shipping,1.0,1.0,12.0,Cash,Every 3 Months,,1.0,0.21250000000000002,0.14285714285714285,0.0,0.20000000000000018,0.11964285714285716,Low Value
1219.0,55.0,Male,Boots,Footwear,79.0,Pennsylvania,M,Cyan,Spring,3.1,No,Store Pickup,1.0,1.0,43.0,Cash,Every 3 Months,,1.0,0.375,0.9591836734693877,0.49019607843137253,0.8,0.685732292917167,Medium Value
1220.0,19.0,Male,Sweater,Clothing,23.0,Vermont,M,Gold,Winter,2.5,No,Next Day Air,1.0,1.0,35.0,Credit Card,Bi-Weekly,,1.0,0.07500000000000001,0.4693877551020408,0.21568627450980393,0.6399999999999999,0.33146098439375754,Low Value
1222.0,18.0,Male,Socks,Clothing,69.0,Iowa,M,Red,Winter,4.5,No,Standard,1.0,1.0,3.0,Cash,Quarterly,4.0,1.0,0.26250000000000007,0.14285714285714285,0.058823529411764705,0.6000000000000001,0.18728991596638656,Low Value
1223.0,58.0,Male,Jeans,Clothing,69.0,Indiana,L,Magenta,Fall,3.4,No,Store Pickup,1.0,1.0,27.0,Bank Transfer,Annually,1.0,1.0,0.03750000000000003,0.9795918367346937,0.0,0.9600000000000002,0.49533673469387757,Medium Value
1224.0,69.0,Male,Pants,Clothing,24.0,Kansas,L,Red,Winter,3.9,No,Free Shipping,1.0,1.0,21.0,Bank Transfer,Weekly,52.0,1.0,0.45000000000000007,0.02040816326530612,,0.32000000000000006,,Low Value
1225.0,62.0,Male,Shorts,Clothing,50.0,Illinois,M,Yellow,Summer,3.7,No,Store Pickup,1.0,1.0,18.0,Venmo,Weekly,52.0,1.0,0.6000000000000001,0.7551020408163265,0.49019607843137253,0.6399999999999999,0.6330996398559423,Medium Value
1226.0,28.0,Male,Gloves,Accessories,97.0,North Carolina,S,Turquoise,Fall,2.6,No,Free Shipping,1.0,1.0,16.0,Debit Card,Weekly,52.0,1.0,0.3500000000000001,0.061224489795918366,0.49019607843137253,0.44000000000000017,0.28554861944777915,Low Value
1227.0,53.0,Male,Sandals,Footwear,91.0,Ohio,S,Cyan,Fall,3.4,No,Store Pickup,1.0,1.0,18.0,Venmo,Bi-Weekly,,1.0,0.5875,0.6122448979591836,,0.20000000000000018,,Low Value
1228.0,27.0,Male,Blouse,Clothing,37.0,Illinois,L,Yellow,Spring,4.9,No,Store Pickup,1.0,1.0,19.0,Bank Transfer,Bi-Weekly,,1.0,0.8375000000000001,0.673469387755102,,0.6399999999999999,,Low Value
1229.0,55.0,Male,Jacket,Outerwear,55.0,Indiana,S,Yellow,Winter,3.9,No,Express,1.0,1.0,1.0,Cash,Annually,1.0,1.0,0.55,0.8979591836734693,0.21568627450980393,0.56,0.5898895558223289,Medium Value
1230.0,34.0,Male,Jewelry,Accessories,52.0,Kansas,XL,Maroon,Winter,3.6,No,Express,1.0,1.0,39.0,Bank Transfer,Annually,1.0,1.0,0.9125000000000001,0.5918367346938774,0.058823529411764705,0.6399999999999999,0.5008817527010804,Medium Value
1232.0,66.0,Male,Socks,Clothing,79.0,Pennsylvania,M,Gold,Spring,4.0,No,2-Day Shipping,1.0,1.0,43.0,Credit Card,Fortnightly,26.0,1.0,0.525,0.8775510204081631,0.21568627450980393,0.9199999999999999,0.6127262905162064,Medium Value
1233.0,57.0,Male,Handbag,Accessories,23.0,New York,M,Charcoal,Summer,3.6,No,Free Shipping,1.0,1.0,31.0,Debit Card,Every 3 Months,,1.0,0.625,0.0,,0.8399999999999999,,Low Value
1234.0,46.0,Male,Pants,Clothing,73.0,Utah,L,Beige,Winter,3.5,No,Next Day Air,1.0,1.0,40.0,Venmo,Every 3 Months,,1.0,0.9000000000000001,0.0,,0.0,,Low Value
1235.0,38.0,Male,Gloves,Accessories,99.0,New Jersey,M,Indigo,Fall,4.1,No,Store Pickup,1.0,1.0,2.0,Bank Transfer,Bi-Weekly,,1.0,0.7375,0.5306122448979591,0.9999999999999999,0.08000000000000007,0.6677448979591836,Medium Value
1236.0,23.0,Male,Sweater,Clothing,22.0,Idaho,M,Red,Spring,3.0,No,Store Pickup,1.0,1.0,46.0,PayPal,Every 3 Months,,1.0,0.1375,0.26530612244897955,,0.6000000000000001,,Low Value
1237.0,42.0,Male,Hat,Accessories,68.0,New Mexico,M,White,Summer,4.4,No,Store Pickup,1.0,1.0,35.0,Debit Card,Every 3 Months,,1.0,0.7875000000000001,0.8163265306122448,0.9999999999999999,0.08000000000000007,0.7920306122448979,High Value
1238.0,25.0,Male,Dress,Clothing,92.0,Michigan,S,Charcoal,Spring,4.4,No,2-Day Shipping,1.0,1.0,42.0,Credit Card,Quarterly,4.0,1.0,0.8500000000000001,0.4897959183673469,,0.15999999999999992,,Low Value
1239.0,55.0,Male,Pants,Clothing,77.0,Wyoming,M,Violet,Winter,3.7,No,Express,1.0,1.0,3.0,Venmo,Fortnightly,26.0,1.0,0.4125000000000001,0.9387755102040816,0.058823529411764705,0.20000000000000018,0.4956572629051621,Medium Value
1240.0,62.0,Male,Coat,Outerwear,37.0,New Jersey,XL,Magenta,Spring,4.8,No,Standard,1.0,1.0,32.0,Debit Card,Every 3 Months,,1.0,0.9750000000000001,0.38775510204081626,0.0,0.32000000000000006,0.3821020408163266,Low Value
1241.0,41.0,Male,Scarf,Accessories,79.0,New Jersey,L,White,Winter,2.9,No,Store Pickup,1.0,1.0,48.0,Debit Card,Annually,1.0,1.0,0.4625,0.836734693877551,0.0,0.72,0.49919387755102046,Medium Value
1242.0,58.0,Male,Hoodie,Clothing,51.0,Hawaii,XL,Pink,Winter,3.1,No,Express,1.0,1.0,34.0,Credit Card,Weekly,52.0,1.0,0.75,0.3061224489795918,0.21568627450980393,0.7600000000000002,0.41315486194477796,Low Value
1243.0,56.0,Male,Socks,Clothing,27.0,Nevada,M,Lavender,Summer,4.0,No,Next Day Air,1.0,1.0,15.0,Bank Transfer,Quarterly,4.0,1.0,0.11250000000000004,0.6326530612244897,,0.6399999999999999,,Low Value
1244.0,25.0,Male,Blouse,Clothing,23.0,New Hampshire,S,Pink,Spring,3.0,No,Store Pickup,1.0,1.0,22.0,Debit Card,Annually,1.0,1.0,0.6625000000000001,0.7346938775510203,0.058823529411764705,0.2400000000000002,0.46802460984393757,Medium Value
1245.0,70.0,Male,Socks,Clothing,76.0,Indiana,S,Silver,Summer,3.9,No,2-Day Shipping,1.0,1.0,2.0,Cash,Monthly,12.0,1.0,0.15000000000000002,0.0,0.21568627450980393,0.8,0.1747058823529412,Low Value
1246.0,42.0,Male,Dress,Clothing,31.0,New York,M,Violet,Fall,3.4,No,Standard,1.0,1.0,30.0,Bank Transfer,Weekly,52.0,1.0,0.6000000000000001,0.7346938775510203,0.9999999999999999,0.9199999999999999,0.805877551020408,High Value
1247.0,27.0,Male,Hoodie,Clothing,60.0,Louisiana,M,Charcoal,Winter,2.7,No,Standard,1.0,1.0,27.0,Cash,Monthly,12.0,1.0,0.9625000000000001,0.08163265306122448,0.058823529411764705,1.0,0.34280012004801924,Low Value
1249.0,62.0,Male,Hat,Accessories,37.0,Wisconsin,XL,Red,Winter,3.0,No,Free Shipping,1.0,1.0,8.0,Credit Card,Annually,1.0,1.0,0.45000000000000007,0.346938775510204,0.0,0.4800000000000002,0.27677551020408164,Low Value
1250.0,62.0,Male,Boots,Footwear,50.0,Oregon,M,Peach,Winter,4.5,No,Express,1.0,1.0,48.0,Venmo,Fortnightly,26.0,1.0,0.7250000000000001,0.7755102040816325,,0.7600000000000002,,Low Value
1251.0,52.0,Male,Jeans,Clothing,26.0,New Hampshire,XL,Purple,Winter,4.1,No,Free Shipping,1.0,1.0,24.0,Cash,Monthly,12.0,1.0,0.7625,0.14285714285714285,,0.8,,Low Value
1252.0,56.0,Male,Shorts,Clothing,86.0,Indiana,XL,Orange,Spring,5.0,No,Next Day Air,1.0,1.0,43.0,Credit Card,Monthly,12.0,1.0,0.6000000000000001,0.38775510204081626,0.21568627450980393,0.20000000000000018,0.3598079231692677,Low Value
1253.0,28.0,Male,Sandals,Footwear,41.0,Massachusetts,L,Magenta,Fall,4.0,No,Standard,1.0,1.0,8.0,Cash,Quarterly,4.0,1.0,0.925,0.44897959183673464,,0.56,,Low Value
1254.0,39.0,Male,Sandals,Footwear,23.0,Montana,XL,Red,Winter,4.9,No,Express,1.0,1.0,49.0,PayPal,Annually,1.0,1.0,0.9125000000000001,0.7551020408163265,0.49019607843137253,0.56,0.6875996398559424,Medium Value
1255.0,54.0,Male,Sneakers,Footwear,56.0,California,XL,Black,Spring,3.3,No,2-Day Shipping,1.0,1.0,2.0,Credit Card,Bi-Weekly,,1.0,0.9875,0.8979591836734693,0.49019607843137253,0.40000000000000013,0.7437424969987996,Medium Value
1256.0,30.0,Male,Hat,Accessories,68.0,Indiana,M,Peach,Fall,4.1,No,Standard,1.0,1.0,38.0,Cash,Fortnightly,26.0,1.0,0.36250000000000004,0.8775510204081631,0.49019607843137253,0.9600000000000002,0.6665792316926771,Medium Value
1257.0,45.0,Male,Coat,Outerwear,48.0,West Virginia,S,Olive,Winter,3.6,No,Express,1.0,1.0,4.0,Cash,Fortnightly,26.0,1.0,0.10000000000000003,0.38775510204081626,0.21568627450980393,0.3600000000000001,0.2758079231692677,Low Value
1258.0,68.0,Male,Dress,Clothing,67.0,Minnesota,L,Gold,Spring,3.0,No,Free Shipping,1.0,1.0,31.0,Cash,Every 3 Months,,1.0,0.9125000000000001,0.673469387755102,,0.6399999999999999,,Low Value
1259.0,47.0,Male,Boots,Footwear,87.0,Ohio,XL,Gold,Spring,4.1,No,2-Day Shipping,1.0,1.0,34.0,Debit Card,Every 3 Months,,1.0,0.050000000000000044,0.18367346938775508,0.9999999999999999,0.15999999999999992,0.399469387755102,Low Value
1260.0,68.0,Male,Skirt,Clothing,64.0,Minnesota,M,Turquoise,Fall,3.9,No,Standard,1.0,1.0,45.0,Credit Card,Monthly,12.0,1.0,0.1875,0.04081632653061225,0.0,0.3600000000000001,0.08982653061224491,Low Value
1261.0,63.0,Male,Shirt,Clothing,93.0,Virginia,XL,Green,Spring,4.1,No,Store Pickup,1.0,1.0,30.0,Debit Card,Quarterly,4.0,1.0,0.6000000000000001,0.44897959183673464,0.49019607843137253,0.28000000000000025,0.47465066026410563,Medium Value
1262.0,20.0,Male,Shirt,Clothing,29.0,Connecticut,L,Maroon,Summer,2.8,No,Next Day Air,1.0,1.0,2.0,Credit Card,Fortnightly,26.0,1.0,0.675,0.5918367346938774,0.0,0.6399999999999999,0.435734693877551,Low Value
1263.0,29.0,Male,Boots,Footwear,62.0,Tennessee,L,Brown,Winter,4.8,No,Store Pickup,1.0,1.0,44.0,Venmo,Monthly,12.0,1.0,0.55,0.4081632653061224,,0.8,,Low Value
1264.0,41.0,Male,Hoodie,Clothing,70.0,Delaware,L,Brown,Winter,4.6,No,2-Day Shipping,1.0,1.0,1.0,Credit Card,Bi-Weekly,,1.0,0.5,1.0,0.9999999999999999,0.11999999999999988,0.8119999999999999,High Value
1265.0,52.0,Male,Sweater,Clothing,92.0,Vermont,S,Blue,Winter,2.5,No,Next Day Air,1.0,1.0,1.0,Venmo,Bi-Weekly,,1.0,0.11250000000000004,0.3061224489795918,,0.11999999999999988,,Low Value
1266.0,32.0,Male,Shirt,Clothing,79.0,Louisiana,M,Lavender,Spring,2.7,No,Next Day Air,1.0,1.0,27.0,Bank Transfer,Weekly,52.0,1.0,0.8125,0.6326530612244897,0.0,0.8399999999999999,0.4995612244897959,Medium Value
1267.0,20.0,Male,Blouse,Clothing,31.0,North Dakota,M,Peach,Fall,4.0,No,Standard,1.0,1.0,14.0,Debit Card,Every 3 Months,,1.0,0.7625,0.26530612244897955,0.49019607843137253,0.20000000000000018,0.42568127250900356,Low Value
1268.0,47.0,Male,T-shirt,Clothing,83.0,Oregon,S,Gray,Spring,2.7,No,Standard,1.0,1.0,41.0,Cash,Weekly,52.0,1.0,0.03750000000000003,0.836734693877551,,0.44000000000000017,,Low Value
1269.0,23.0,Male,Jacket,Outerwear,88.0,Idaho,XL,Charcoal,Winter,2.9,No,Next Day Air,1.0,1.0,25.0,Debit Card,Bi-Weekly,,1.0,1.0,0.9387755102040816,,0.8,,Low Value
1270.0,43.0,Male,Jewelry,Accessories,53.0,Vermont,M,Lavender,Spring,3.0,No,Standard,1.0,1.0,47.0,PayPal,Quarterly,4.0,1.0,0.42500000000000004,0.4081632653061224,0.9999999999999999,1.0,0.6482653061224489,Medium Value
1271.0,67.0,Male,Hoodie,Clothing,98.0,West Virginia,M,Green,Fall,3.3,No,Standard,1.0,1.0,20.0,Cash,Annually,1.0,1.0,0.0625,0.7346938775510203,0.21568627450980393,0.15999999999999992,0.38708343337334933,Low Value
1272.0,70.0,Male,Jewelry,Accessories,57.0,Kentucky,S,Gray,Spring,4.3,No,Store Pickup,1.0,1.0,42.0,PayPal,Annually,1.0,1.0,0.15000000000000002,0.18367346938775508,0.0,0.2400000000000002,0.12746938775510205,Low Value
1273.0,35.0,Male,Sandals,Footwear,80.0,Wisconsin,M,Orange,Winter,4.4,No,Express,1.0,1.0,16.0,Bank Transfer,Monthly,12.0,1.0,0.5375000000000001,0.346938775510204,,0.6000000000000001,,Low Value
1274.0,41.0,Male,Jeans,Clothing,29.0,Mississippi,L,Silver,Spring,4.1,No,Next Day Air,1.0,1.0,32.0,Credit Card,Every 3 Months,,1.0,0.45000000000000007,0.02040816326530612,,0.8,,Low Value
1275.0,54.0,Male,Hat,Accessories,73.0,Missouri,M,Olive,Spring,3.1,No,2-Day Shipping,1.0,1.0,37.0,PayPal,Quarterly,4.0,1.0,0.16250000000000003,0.7959183673469387,0.0,0.8,0.43086734693877554,Low Value
1276.0,55.0,Male,Sweater,Clothing,32.0,Arkansas,S,Turquoise,Fall,4.5,No,Standard,1.0,1.0,1.0,PayPal,Monthly,12.0,1.0,0.15000000000000002,0.8571428571428571,0.0,0.2400000000000002,0.3968571428571429,Low Value
1277.0,51.0,Male,Boots,Footwear,68.0,Wyoming,L,Turquoise,Spring,4.8,No,Next Day Air,1.0,1.0,37.0,Bank Transfer,Weekly,52.0,1.0,0.22500000000000003,0.26530612244897955,,0.7600000000000002,,Low Value
1278.0,19.0,Male,Blouse,Clothing,97.0,Rhode Island,L,Green,Spring,5.0,No,Express,1.0,1.0,5.0,Venmo,Quarterly,4.0,1.0,0.012500000000000011,0.8163265306122448,0.058823529411764705,0.8800000000000001,0.43467767106842736,Low Value
1279.0,28.0,Male,Shorts,Clothing,98.0,Utah,M,Violet,Fall,2.8,No,Next Day Air,1.0,1.0,31.0,Venmo,Fortnightly,26.0,1.0,0.48750000000000004,0.7551020408163265,,0.2400000000000002,,Low Value
1280.0,63.0,Male,Hoodie,Clothing,56.0,Maryland,L,Charcoal,Fall,3.7,No,Express,1.0,1.0,18.0,Debit Card,Annually,1.0,1.0,0.8375000000000001,0.22448979591836735,0.0,0.6800000000000002,0.325295918367347,Low Value
1281.0,30.0,Male,Pants,Clothing,78.0,Georgia,L,White,Winter,4.4,No,2-Day Shipping,1.0,1.0,39.0,Venmo,Every 3 Months,,1.0,0.7375,0.36734693877551017,0.21568627450980393,0.20000000000000018,0.3791446578631453,Low Value
1282.0,29.0,Male,Belt,Accessories,81.0,New Jersey,M,Olive,Spring,4.5,No,Store Pickup,1.0,1.0,8.0,Venmo,Bi-Weekly,,1.0,0.5875,0.9795918367346937,0.0,0.3600000000000001,0.5453367346938776,Medium Value
1283.0,24.0,Male,Shirt,Clothing,68.0,New Hampshire,L,Violet,Winter,3.0,No,Free Shipping,1.0,1.0,20.0,Venmo,Monthly,12.0,1.0,0.6875,0.5714285714285714,0.058823529411764705,0.6800000000000002,0.45171848739495796,Medium Value
1284.0,69.0,Male,Shirt,Clothing,94.0,Oregon,M,Violet,Winter,3.9,No,2-Day Shipping,1.0,1.0,23.0,Debit Card,Every 3 Months,,1.0,0.15000000000000002,0.26530612244897955,,0.8399999999999999,,Low Value
1285.0,65.0,Male,Dress,Clothing,93.0,Arkansas,M,Black,Spring,3.9,No,Express,1.0,1.0,38.0,PayPal,Fortnightly,26.0,1.0,0.2875,0.36734693877551017,0.21568627450980393,0.11999999999999988,0.28114465786314524,Low Value
1286.0,64.0,Male,Gloves,Accessories,99.0,North Carolina,M,Charcoal,Fall,3.5,No,Next Day Air,1.0,1.0,45.0,Bank Transfer,Fortnightly,26.0,1.0,0.9125000000000001,0.36734693877551017,,0.08000000000000007,,Low Value
1287.0,40.0,Male,Gloves,Accessories,49.0,West Virginia,L,Yellow,Winter,4.9,No,Next Day Air,1.0,1.0,44.0,Debit Card,Fortnightly,26.0,1.0,0.050000000000000044,0.9591836734693877,0.9999999999999999,0.6000000000000001,0.7536734693877551,High Value
1288.0,24.0,Male,Jeans,Clothing,28.0,Utah,XL,Blue,Winter,3.4,No,Standard,1.0,1.0,20.0,PayPal,Monthly,12.0,1.0,0.1375,0.36734693877551017,0.0,0.2400000000000002,0.19843877551020409,Low Value
1289.0,66.0,Male,Belt,Accessories,93.0,South Dakota,XL,Charcoal,Winter,4.1,No,Standard,1.0,1.0,34.0,PayPal,Bi-Weekly,,1.0,0.8,0.8979591836734693,,0.4800000000000002,,Low Value
1290.0,35.0,Male,Jacket,Outerwear,24.0,New Hampshire,M,Red,Fall,2.9,No,Next Day Air,1.0,1.0,10.0,PayPal,Weekly,52.0,1.0,0.675,0.32653061224489793,0.058823529411764705,0.6000000000000001,0.34325930372148855,Low Value
1291.0,67.0,Male,Skirt,Clothing,35.0,Maryland,M,Indigo,Spring,3.4,No,Free Shipping,1.0,1.0,3.0,PayPal,Annually,1.0,1.0,0.525,0.28571428571428564,,0.8399999999999999,,Low Value
1292.0,69.0,Male,Sandals,Footwear,68.0,South Dakota,S,Beige,Spring,3.2,No,2-Day Shipping,1.0,1.0,23.0,Debit Card,Fortnightly,26.0,1.0,0.7125,0.2040816326530612,0.49019607843137253,0.52,0.4231914765906362,Low Value
1294.0,23.0,Male,Sweater,Clothing,74.0,Florida,XL,Yellow,Fall,4.1,No,Standard,1.0,1.0,30.0,Debit Card,Annually,1.0,1.0,0.25,0.7346938775510203,0.9999999999999999,0.11999999999999988,0.6558775510204081,Medium Value
1295.0,27.0,Male,Shirt,Clothing,64.0,Texas,M,Silver,Summer,4.5,No,Standard,1.0,1.0,21.0,Cash,Every 3 Months,,1.0,0.9625000000000001,0.7959183673469387,0.9999999999999999,0.4800000000000002,0.8588673469387754,High Value
1296.0,30.0,Male,Sneakers,Footwear,60.0,New Mexico,M,Olive,Fall,2.8,No,Standard,1.0,1.0,50.0,PayPal,Weekly,52.0,1.0,0.5375000000000001,1.0,,0.32000000000000006,,Low Value
1297.0,48.0,Male,Jeans,Clothing,29.0,South Dakota,S,Teal,Spring,2.8,No,Express,1.0,1.0,16.0,Cash,Bi-Weekly,,1.0,0.5625,0.38775510204081626,,0.15999999999999992,,Low Value
1298.0,44.0,Male,Sandals,Footwear,85.0,New Jersey,M,Silver,Summer,4.6,No,Standard,1.0,1.0,32.0,Venmo,Annually,1.0,1.0,0.8875,0.14285714285714285,,0.28000000000000025,,Low Value
1299.0,29.0,Male,Pants,Clothing,81.0,Indiana,S,Indigo,Summer,3.0,No,Free Shipping,1.0,1.0,14.0,Bank Transfer,Fortnightly,26.0,1.0,0.5,0.3061224489795918,0.058823529411764705,0.72,0.31209603841536615,Low Value
1300.0,29.0,Male,Belt,Accessories,23.0,Louisiana,L,Teal,Fall,3.6,No,2-Day Shipping,1.0,1.0,42.0,Venmo,Bi-Weekly,,1.0,0.6125,0.16326530612244897,0.058823529411764705,0.08000000000000007,0.213453181272509,Low Value
1301.0,67.0,Male,T-shirt,Clothing,100.0,West Virginia,M,Charcoal,Spring,4.5,No,Next Day Air,1.0,1.0,47.0,Credit Card,Every 3 Months,,1.0,0.36250000000000004,0.510204081632653,0.9999999999999999,0.9199999999999999,0.6685816326530611,Medium Value
1302.0,42.0,Male,Shirt,Clothing,54.0,Maine,M,Orange,Fall,5.0,No,Express,1.0,1.0,21.0,Debit Card,Weekly,52.0,1.0,0.8125,0.8775510204081631,0.49019607843137253,0.9199999999999999,0.752579231692677,High Value
1303.0,23.0,Male,Sneakers,Footwear,25.0,Idaho,M,Gold,Fall,2.9,No,Next Day Air,1.0,1.0,37.0,Credit Card,Monthly,12.0,1.0,0.825,0.36734693877551017,,0.3600000000000001,,Low Value
1304.0,34.0,Male,Blouse,Clothing,32.0,New York,L,Silver,Summer,3.1,No,Next Day Air,1.0,1.0,10.0,Credit Card,Annually,1.0,1.0,0.38750000000000007,0.8571428571428571,0.49019607843137253,0.040000000000000036,0.5714159663865546,Medium Value
1305.0,64.0,Male,Backpack,Accessories,63.0,Montana,S,Orange,Spring,4.0,No,2-Day Shipping,1.0,1.0,18.0,PayPal,Every 3 Months,,1.0,0.45000000000000007,0.08163265306122448,,1.0,,Low Value
1306.0,31.0,Male,Pants,Clothing,56.0,Mississippi,XL,Peach,Spring,4.5,No,Express,1.0,1.0,2.0,PayPal,Every 3 Months,,1.0,0.65,0.08163265306122448,,0.7600000000000002,,Low Value
1307.0,54.0,Male,Sweater,Clothing,33.0,Alaska,L,Brown,Winter,4.5,No,Next Day Air,1.0,1.0,40.0,PayPal,Annually,1.0,1.0,0.2875,0.2040816326530612,0.21568627450980393,0.3600000000000001,0.23983853541416567,Low Value
1308.0,23.0,Male,Coat,Outerwear,32.0,Missouri,L,Black,Summer,3.1,No,Express,1.0,1.0,43.0,PayPal,Annually,1.0,1.0,0.45000000000000007,0.673469387755102,0.21568627450980393,0.3600000000000001,0.46009363745498205,Medium Value
1309.0,59.0,Male,Dress,Clothing,38.0,Rhode Island,L,Red,Summer,4.4,No,Next Day Air,1.0,1.0,14.0,Credit Card,Every 3 Months,,1.0,0.21250000000000002,0.26530612244897955,0.0,0.9600000000000002,0.24462244897959187,Low Value
1310.0,32.0,Male,Blouse,Clothing,21.0,Hawaii,L,Lavender,Summer,4.7,No,Store Pickup,1.0,1.0,41.0,Cash,Quarterly,4.0,1.0,0.012500000000000011,0.836734693877551,0.9999999999999999,0.44000000000000017,0.6811938775510205,Medium Value
1311.0,43.0,Male,Hoodie,Clothing,59.0,South Carolina,L,Brown,Winter,3.1,No,Store Pickup,1.0,1.0,38.0,Credit Card,Every 3 Months,,1.0,0.8875,0.28571428571428564,,0.20000000000000018,,Low Value
1312.0,32.0,Male,Shoes,Footwear,87.0,Tennessee,M,Maroon,Fall,4.2,No,Express,1.0,1.0,12.0,Venmo,Annually,1.0,1.0,0.9375,0.9387755102040816,0.21568627450980393,0.56,0.6837160864345739,Medium Value
1313.0,66.0,Male,T-shirt,Clothing,79.0,Missouri,M,Violet,Winter,3.0,No,Store Pickup,1.0,1.0,19.0,Bank Transfer,Monthly,12.0,1.0,0.42500000000000004,0.44897959183673464,0.49019607843137253,0.28000000000000025,0.43965066026410565,Low Value
1315.0,42.0,Male,Boots,Footwear,67.0,Missouri,S,Magenta,Summer,3.4,No,Free Shipping,1.0,1.0,49.0,Debit Card,Annually,1.0,1.0,0.6375000000000001,0.0,,0.72,,Low Value
1316.0,56.0,Male,Shorts,Clothing,75.0,Mississippi,L,Green,Spring,4.2,No,2-Day Shipping,1.0,1.0,29.0,Debit Card,Quarterly,4.0,1.0,0.1375,0.5510204081632653,0.058823529411764705,0.11999999999999988,0.27755522208883554,Low Value
1317.0,28.0,Male,Belt,Accessories,32.0,Arkansas,S,Lavender,Spring,4.6,No,Standard,1.0,1.0,14.0,Debit Card,Bi-Weekly,,1.0,0.8625,0.7346938775510203,,0.8,,Low Value
1318.0,28.0,Male,Pants,Clothing,43.0,Kentucky,M,Green,Spring,2.8,No,Free Shipping,1.0,1.0,19.0,Cash,Monthly,12.0,1.0,0.7875000000000001,0.061224489795918366,,0.6399999999999999,,Low Value
1319.0,52.0,Male,Shorts,Clothing,93.0,Connecticut,M,Maroon,Spring,2.7,No,Express,1.0,1.0,19.0,Credit Card,Bi-Weekly,,1.0,0.275,0.4081632653061224,0.058823529411764705,0.44000000000000017,0.27991236494597843,Low Value
1320.0,65.0,Male,Sunglasses,Accessories,24.0,Oklahoma,M,Magenta,Spring,4.0,No,Standard,1.0,1.0,48.0,Bank Transfer,Weekly,52.0,1.0,0.8875,1.0,,0.20000000000000018,,Low Value
1321.0,56.0,Male,Hat,Accessories,31.0,California,XL,Teal,Fall,3.1,No,Free Shipping,1.0,1.0,19.0,Debit Card,Annually,1.0,1.0,0.5125000000000001,0.673469387755102,0.0,0.6000000000000001,0.43188775510204086,Low Value
1322.0,59.0,Male,T-shirt,Clothing,84.0,Missouri,L,Orange,Winter,3.7,No,Express,1.0,1.0,45.0,Bank Transfer,Every 3 Months,,1.0,0.5750000000000001,0.38775510204081626,0.058823529411764705,0.40000000000000013,0.327749099639856,Low Value
1323.0,23.0,Male,Pants,Clothing,74.0,Washington,M,Violet,Winter,4.0,No,Next Day Air,1.0,1.0,17.0,Bank Transfer,Quarterly,4.0,1.0,0.025000000000000022,0.4897959183673469,,0.0,,Low Value
1324.0,58.0,Male,Shorts,Clothing,62.0,New York,M,Yellow,Spring,4.6,No,Standard,1.0,1.0,15.0,Debit Card,Every 3 Months,,1.0,0.6000000000000001,0.510204081632653,0.49019607843137253,0.72,0.5431404561824729,Medium Value
1325.0,39.0,Male,Jewelry,Accessories,77.0,Indiana,S,Orange,Summer,3.8,No,Free Shipping,1.0,1.0,11.0,Credit Card,Fortnightly,26.0,1.0,0.2875,0.061224489795918366,0.0,0.11999999999999988,0.09398979591836734,Low Value
1326.0,28.0,Male,Backpack,Accessories,73.0,Oregon,L,Gold,Summer,3.5,No,Express,1.0,1.0,1.0,Cash,Monthly,12.0,1.0,0.15000000000000002,0.7755102040816325,0.21568627450980393,0.4800000000000002,0.45290996398559424,Medium Value
1328.0,52.0,Male,Coat,Outerwear,40.0,Florida,M,Turquoise,Winter,2.8,No,Standard,1.0,1.0,37.0,Cash,Weekly,52.0,1.0,0.875,0.9387755102040816,0.058823529411764705,0.6000000000000001,0.6281572629051622,Medium Value
1329.0,37.0,Male,Sweater,Clothing,97.0,Rhode Island,M,Orange,Winter,3.7,No,Standard,1.0,1.0,40.0,Bank Transfer,Weekly,52.0,1.0,0.6875,0.08163265306122448,,0.8800000000000001,,Low Value
1330.0,70.0,Male,Gloves,Accessories,63.0,Texas,M,Indigo,Fall,3.3,No,Express,1.0,1.0,50.0,PayPal,Every 3 Months,,1.0,0.6125,0.346938775510204,0.49019607843137253,0.8,0.48833433373349333,Medium Value
1331.0,30.0,Male,Handbag,Accessories,65.0,Vermont,M,Charcoal,Fall,2.9,No,Standard,1.0,1.0,20.0,PayPal,Bi-Weekly,,1.0,0.25,0.18367346938775508,0.49019607843137253,0.2400000000000002,0.2945282112845138,Low Value
1332.0,38.0,Male,Socks,Clothing,91.0,Maryland,M,Lavender,Spring,3.2,No,Standard,1.0,1.0,8.0,PayPal,Bi-Weekly,,1.0,0.5375000000000001,0.4897959183673469,0.058823529411764705,0.52,0.37306542617046823,Low Value
1333.0,66.0,Male,Hoodie,Clothing,60.0,Alaska,S,Gold,Spring,4.3,No,Store Pickup,1.0,1.0,16.0,Bank Transfer,Quarterly,4.0,1.0,0.2,0.02040816326530612,0.9999999999999999,0.9600000000000002,0.44416326530612243,Low Value
1334.0,29.0,Male,Pants,Clothing,69.0,Idaho,M,Lavender,Winter,2.7,No,Next Day Air,1.0,1.0,9.0,Bank Transfer,Quarterly,4.0,1.0,0.6875,0.9591836734693877,0.49019607843137253,0.28000000000000025,0.6962322929171669,Medium Value
1336.0,56.0,Male,Boots,Footwear,49.0,Nevada,M,Lavender,Fall,4.8,No,2-Day Shipping,1.0,1.0,26.0,Credit Card,Weekly,52.0,1.0,0.5125000000000001,0.8775510204081631,,0.6000000000000001,,Low Value
1337.0,23.0,Male,Sneakers,Footwear,85.0,Oregon,M,Charcoal,Spring,4.8,No,Store Pickup,1.0,1.0,44.0,Debit Card,Fortnightly,26.0,1.0,0.25,0.10204081632653061,0.058823529411764705,0.040000000000000036,0.11246338535414166,Low Value
1338.0,37.0,Male,Sweater,Clothing,86.0,Tennessee,L,Silver,Spring,3.4,No,Express,1.0,1.0,19.0,Credit Card,Bi-Weekly,,1.0,0.9625000000000001,0.08163265306122448,0.058823529411764705,0.08000000000000007,0.2508001200480192,Low Value
1339.0,56.0,Male,Handbag,Accessories,51.0,Alabama,S,Yellow,Winter,2.6,No,Standard,1.0,1.0,43.0,PayPal,Fortnightly,26.0,1.0,0.1375,0.14285714285714285,0.0,0.6399999999999999,0.14864285714285713,Low Value
1340.0,36.0,Male,Belt,Accessories,56.0,Indiana,L,Olive,Winter,5.0,No,Next Day Air,1.0,1.0,5.0,Bank Transfer,Every 3 Months,,1.0,0.5625,0.4693877551020408,0.0,1.0,0.4002551020408164,Low Value
1341.0,40.0,Male,Belt,Accessories,72.0,Idaho,M,Peach,Fall,4.4,No,Next Day Air,1.0,1.0,5.0,Debit Card,Every 3 Months,,1.0,0.42500000000000004,0.836734693877551,0.21568627450980393,0.20000000000000018,0.5043997599039616,Medium Value
1343.0,57.0,Male,Sunglasses,Accessories,43.0,Arizona,XL,Yellow,Summer,3.4,No,2-Day Shipping,1.0,1.0,11.0,Bank Transfer,Monthly,12.0,1.0,0.55,0.7551020408163265,,0.11999999999999988,,Low Value
1344.0,68.0,Male,Sneakers,Footwear,56.0,Florida,M,Indigo,Spring,3.4,No,Standard,1.0,1.0,34.0,Bank Transfer,Monthly,12.0,1.0,0.1875,0.8163265306122448,0.49019607843137253,0.8399999999999999,0.5950894357743096,Medium Value
1345.0,56.0,Male,T-shirt,Clothing,37.0,New York,S,Violet,Fall,4.9,No,Next Day Air,1.0,1.0,14.0,Cash,Annually,1.0,1.0,0.825,0.9591836734693877,0.058823529411764705,0.15999999999999992,0.5823205282112845,Medium Value
1346.0,40.0,Male,Dress,Clothing,21.0,Nebraska,M,White,Fall,3.6,No,Standard,1.0,1.0,42.0,Venmo,Weekly,52.0,1.0,0.4375,0.3061224489795918,0.058823529411764705,0.9199999999999999,0.3195960384153661,Low Value
1347.0,44.0,Male,Hoodie,Clothing,91.0,Mississippi,L,White,Winter,3.0,No,Free Shipping,1.0,1.0,15.0,Venmo,Bi-Weekly,,1.0,0.4750000000000001,0.061224489795918366,0.21568627450980393,0.32000000000000006,0.21619567827130856,Low Value
1348.0,44.0,Male,Sweater,Clothing,95.0,Vermont,M,Cyan,Summer,3.9,No,2-Day Shipping,1.0,1.0,47.0,Bank Transfer,Monthly,12.0,1.0,0.9500000000000002,0.14285714285714285,0.9999999999999999,0.8399999999999999,0.6311428571428571,Medium Value
1349.0,19.0,Male,Belt,Accessories,54.0,Nebraska,XL,Purple,Spring,3.2,No,Standard,1.0,1.0,23.0,Credit Card,Fortnightly,26.0,1.0,0.55,0.0,,0.040000000000000036,,Low Value
1350.0,21.0,Male,Socks,Clothing,36.0,South Carolina,XL,Black,Spring,3.2,No,Next Day Air,1.0,1.0,23.0,Cash,Bi-Weekly,,1.0,0.45000000000000007,0.061224489795918366,0.058823529411764705,0.6000000000000001,0.1921368547418968,Low Value
1351.0,31.0,Male,Sunglasses,Accessories,71.0,Delaware,M,Orange,Fall,4.3,No,Next Day Air,1.0,1.0,1.0,Cash,Every 3 Months,,1.0,0.8125,0.38775510204081626,0.21568627450980393,0.52,0.43430792316926764,Low Value
1352.0,30.0,Male,Coat,Outerwear,31.0,Vermont,L,Maroon,Summer,2.8,No,2-Day Shipping,1.0,1.0,28.0,Bank Transfer,Quarterly,4.0,1.0,0.03750000000000003,0.7959183673469387,0.058823529411764705,0.56,0.3995144057623049,Low Value
1353.0,65.0,Male,Hat,Accessories,89.0,Indiana,XL,Orange,Spring,4.5,No,Next Day Air,1.0,1.0,37.0,Credit Card,Bi-Weekly,,1.0,0.65,0.14285714285714285,0.49019607843137253,0.040000000000000036,0.33820168067226886,Low Value
1354.0,39.0,Male,Pants,Clothing,83.0,Oregon,M,Teal,Winter,4.1,No,Next Day Air,1.0,1.0,4.0,Cash,Every 3 Months,,1.0,0.22500000000000003,0.836734693877551,0.9999999999999999,0.72,0.7516938775510204,High Value
1355.0,64.0,Male,Backpack,Accessories,42.0,Maryland,M,Gray,Spring,3.6,No,2-Day Shipping,1.0,1.0,21.0,Bank Transfer,Quarterly,4.0,1.0,0.11250000000000004,0.7551020408163265,0.0,0.44000000000000017,0.3685408163265307,Low Value
1356.0,59.0,Male,Shorts,Clothing,91.0,Florida,M,Blue,Summer,3.0,No,2-Day Shipping,1.0,1.0,50.0,PayPal,Bi-Weekly,,1.0,0.32500000000000007,0.673469387755102,,0.6800000000000002,,Low Value
1357.0,49.0,Male,Jacket,Outerwear,61.0,Indiana,M,Cyan,Spring,4.0,No,Free Shipping,1.0,1.0,34.0,Bank Transfer,Annually,1.0,1.0,0.4750000000000001,0.26530612244897955,0.49019607843137253,0.56,0.4041812725090036,Low Value
1358.0,24.0,Male,Backpack,Accessories,66.0,Texas,S,Red,Summer,3.5,No,Next Day Air,1.0,1.0,20.0,Cash,Quarterly,4.0,1.0,0.2875,0.7755102040816325,0.9999999999999999,0.8800000000000001,0.755704081632653,High Value
1359.0,19.0,Male,Scarf,Accessories,22.0,Nebraska,XL,Pink,Spring,2.5,No,Store Pickup,1.0,1.0,25.0,Venmo,Every 3 Months,,1.0,0.15000000000000002,0.7959183673469387,,0.11999999999999988,,Low Value
1360.0,27.0,Male,Hoodie,Clothing,68.0,North Carolina,S,Cyan,Winter,4.3,No,Store Pickup,1.0,1.0,26.0,Bank Transfer,Fortnightly,26.0,1.0,0.125,0.9795918367346937,0.21568627450980393,0.20000000000000018,0.5015426170468187,Medium Value
1361.0,56.0,Male,Skirt,Clothing,43.0,Alabama,L,Black,Fall,2.8,No,Express,1.0,1.0,4.0,Bank Transfer,Annually,1.0,1.0,0.5875,0.6530612244897959,0.0,0.8800000000000001,0.46672448979591835,Medium Value
1362.0,49.0,Male,Dress,Clothing,32.0,Alabama,M,Beige,Fall,3.7,No,Next Day Air,1.0,1.0,39.0,Debit Card,Monthly,12.0,1.0,0.3125,0.4897959183673469,0.9999999999999999,0.0,0.5584183673469387,Medium Value
1363.0,41.0,Male,Coat,Outerwear,46.0,Colorado,M,Gray,Fall,4.3,No,Express,1.0,1.0,29.0,Cash,Weekly,52.0,1.0,0.7625,0.9591836734693877,0.0,0.2400000000000002,0.5601734693877551,Medium Value
1364.0,36.0,Male,Blouse,Clothing,90.0,Wisconsin,L,Red,Summer,4.0,No,Express,1.0,1.0,47.0,PayPal,Quarterly,4.0,1.0,0.03750000000000003,0.4285714285714285,,0.44000000000000017,,Low Value
1365.0,68.0,Male,Hat,Accessories,75.0,Delaware,L,Yellow,Fall,4.7,No,Express,1.0,1.0,5.0,Cash,Every 3 Months,,1.0,0.48750000000000004,0.0,0.9999999999999999,0.40000000000000013,0.4375,Low Value
1366.0,28.0,Male,Handbag,Accessories,69.0,Indiana,M,Magenta,Winter,4.5,No,Store Pickup,1.0,1.0,18.0,Bank Transfer,Fortnightly,26.0,1.0,0.012500000000000011,0.9387755102040816,0.21568627450980393,0.2400000000000002,0.46671608643457385,Medium Value
1367.0,45.0,Male,Belt,Accessories,40.0,Iowa,M,Magenta,Fall,3.1,No,Free Shipping,1.0,1.0,10.0,Credit Card,Fortnightly,26.0,1.0,0.0,0.38775510204081626,,0.44000000000000017,,Low Value
1368.0,60.0,Male,Belt,Accessories,63.0,Iowa,S,Black,Fall,3.8,No,Express,1.0,1.0,25.0,Cash,Quarterly,4.0,1.0,0.10000000000000003,0.18367346938775508,0.9999999999999999,0.40000000000000013,0.433469387755102,Low Value
1369.0,21.0,Male,Shirt,Clothing,36.0,Wisconsin,L,Orange,Summer,4.9,No,Express,1.0,1.0,2.0,Cash,Weekly,52.0,1.0,1.0,0.7755102040816325,0.21568627450980393,0.08000000000000007,0.5829099639855941,Medium Value
1370.0,32.0,Male,Shoes,Footwear,75.0,Iowa,M,Green,Winter,3.2,No,Standard,1.0,1.0,48.0,Venmo,Fortnightly,26.0,1.0,0.32500000000000007,0.28571428571428564,0.21568627450980393,0.44000000000000017,0.2879915966386555,Low Value
1372.0,40.0,Male,Pants,Clothing,64.0,Mississippi,M,Charcoal,Spring,2.8,No,Store Pickup,1.0,1.0,42.0,Credit Card,Monthly,12.0,1.0,0.4750000000000001,0.7551020408163265,0.9999999999999999,0.6399999999999999,0.7610408163265304,High Value
1373.0,64.0,Male,Blouse,Clothing,61.0,Michigan,M,Gray,Fall,4.0,No,2-Day Shipping,1.0,1.0,44.0,PayPal,Bi-Weekly,,1.0,0.375,0.8163265306122448,0.49019607843137253,0.6800000000000002,0.6165894357743098,Medium Value
1374.0,18.0,Male,Gloves,Accessories,40.0,Virginia,L,Turquoise,Winter,2.6,No,Store Pickup,1.0,1.0,6.0,Cash,Quarterly,4.0,1.0,0.9125000000000001,0.346938775510204,0.0,0.6000000000000001,0.3812755102040816,Low Value
1375.0,22.0,Male,Handbag,Accessories,97.0,New York,M,Red,Fall,2.7,No,Free Shipping,1.0,1.0,5.0,Bank Transfer,Quarterly,4.0,1.0,0.050000000000000044,0.24489795918367344,0.058823529411764705,0.11999999999999988,0.1376062424969988,Low Value
1376.0,42.0,Male,Sneakers,Footwear,31.0,Maine,L,Brown,Spring,4.1,No,2-Day Shipping,1.0,1.0,8.0,Credit Card,Annually,1.0,1.0,1.0,0.8571428571428571,0.0,0.040000000000000036,0.5468571428571429,Medium Value
1377.0,57.0,Male,Sandals,Footwear,65.0,New Jersey,L,Pink,Spring,5.0,No,Free Shipping,1.0,1.0,24.0,PayPal,Annually,1.0,1.0,0.7375,0.22448979591836735,0.058823529411764705,0.08000000000000007,0.2629429771908764,Low Value
1378.0,33.0,Male,Sunglasses,Accessories,54.0,Maryland,L,Olive,Spring,3.0,No,Next Day Air,1.0,1.0,42.0,Venmo,Monthly,12.0,1.0,0.38750000000000007,0.04081632653061225,,0.8,,Low Value
1379.0,37.0,Male,Jacket,Outerwear,49.0,Kentucky,XL,Lavender,Fall,3.6,No,Free Shipping,1.0,1.0,24.0,Venmo,Weekly,52.0,1.0,0.875,0.22448979591836735,,0.4800000000000002,,Low Value
1380.0,21.0,Male,T-shirt,Clothing,64.0,Minnesota,L,Purple,Fall,2.8,No,2-Day Shipping,1.0,1.0,38.0,Venmo,Bi-Weekly,,1.0,0.45000000000000007,0.9183673469387754,0.058823529411764705,0.3600000000000001,0.5109939975990396,Medium Value
1381.0,51.0,Male,Sneakers,Footwear,35.0,Massachusetts,S,Beige,Winter,4.6,No,Standard,1.0,1.0,41.0,Cash,Fortnightly,26.0,1.0,0.0625,0.4081632653061224,0.49019607843137253,0.8399999999999999,0.40682412965186077,Low Value
1382.0,30.0,Male,Shoes,Footwear,86.0,Illinois,L,Green,Winter,2.9,No,Standard,1.0,1.0,48.0,Venmo,Quarterly,4.0,1.0,0.6875,0.44897959183673464,,0.6399999999999999,,Low Value
1383.0,68.0,Male,Jacket,Outerwear,55.0,Michigan,L,Brown,Winter,4.8,No,Express,1.0,1.0,16.0,Bank Transfer,Quarterly,4.0,1.0,0.6875,0.061224489795918366,0.058823529411764705,0.040000000000000036,0.18363685474189678,Low Value
1384.0,36.0,Male,Scarf,Accessories,58.0,Wisconsin,M,Beige,Spring,3.3,No,Express,1.0,1.0,4.0,Venmo,Monthly,12.0,1.0,0.4125000000000001,0.8979591836734693,,0.8399999999999999,,Low Value
1385.0,46.0,Male,Sneakers,Footwear,96.0,Alaska,M,Beige,Fall,4.6,No,Standard,1.0,1.0,8.0,Bank Transfer,Weekly,52.0,1.0,1.0,0.4693877551020408,0.49019607843137253,0.20000000000000018,0.554813925570228,Medium Value
1386.0,41.0,Male,Jewelry,Accessories,64.0,Mississippi,M,Indigo,Fall,2.6,No,Store Pickup,1.0,1.0,1.0,Bank Transfer,Bi-Weekly,,1.0,0.08750000000000002,0.04081632653061225,,0.3600000000000001,,Low Value
1387.0,68.0,Male,Jacket,Outerwear,56.0,Oregon,M,Silver,Fall,4.0,No,Next Day Air,1.0,1.0,4.0,Debit Card,Quarterly,4.0,1.0,0.5,0.22448979591836735,,0.40000000000000013,,Low Value
1388.0,21.0,Male,Blouse,Clothing,85.0,Maryland,M,Gold,Winter,3.8,No,Standard,1.0,1.0,20.0,Credit Card,Monthly,12.0,1.0,0.03750000000000003,0.673469387755102,,0.40000000000000013,,Low Value
1389.0,62.0,Male,Dress,Clothing,23.0,Arkansas,M,Lavender,Spring,3.9,No,Express,1.0,1.0,40.0,Cash,Quarterly,4.0,1.0,0.25,0.7755102040816325,0.0,0.4800000000000002,0.40820408163265304,Low Value
1390.0,59.0,Male,Scarf,Accessories,72.0,Illinois,L,Orange,Fall,2.6,No,Store Pickup,1.0,1.0,8.0,Debit Card,Fortnightly,26.0,1.0,0.22500000000000003,0.693877551020408,,0.9199999999999999,,Low Value
1391.0,25.0,Male,Hat,Accessories,38.0,Arkansas,M,Maroon,Summer,4.3,No,Standard,1.0,1.0,42.0,Debit Card,Weekly,52.0,1.0,0.875,0.14285714285714285,0.0,0.9600000000000002,0.3281428571428572,Low Value
1392.0,53.0,Male,Blouse,Clothing,29.0,Mississippi,S,White,Winter,3.6,No,Express,1.0,1.0,38.0,Credit Card,Annually,1.0,1.0,0.9625000000000001,0.836734693877551,0.058823529411764705,0.9600000000000002,0.64084093637455,Medium Value
1393.0,31.0,Male,Gloves,Accessories,46.0,Arkansas,M,Yellow,Spring,4.2,No,Express,1.0,1.0,34.0,Venmo,Every 3 Months,,1.0,0.22500000000000003,0.10204081632653061,,0.8800000000000001,,Low Value
1394.0,46.0,Male,Gloves,Accessories,58.0,Idaho,L,Yellow,Spring,3.9,No,Express,1.0,1.0,14.0,PayPal,Fortnightly,26.0,1.0,0.125,0.04081632653061225,0.49019607843137253,0.9600000000000002,0.28438535414165667,Low Value
1395.0,26.0,Male,Coat,Outerwear,43.0,Iowa,L,Magenta,Fall,4.7,No,Next Day Air,1.0,1.0,39.0,Cash,Weekly,52.0,1.0,0.8500000000000001,0.5714285714285714,0.058823529411764705,0.15999999999999992,0.43221848739495805,Low Value
1396.0,47.0,Male,Scarf,Accessories,32.0,West Virginia,L,Turquoise,Spring,2.8,No,Next Day Air,1.0,1.0,40.0,PayPal,Bi-Weekly,,1.0,0.16250000000000003,0.6326530612244897,0.058823529411764705,0.7600000000000002,0.37920828331332534,Low Value
1397.0,37.0,Male,Pants,Clothing,30.0,Wisconsin,XL,Lavender,Winter,3.0,No,Next Day Air,1.0,1.0,49.0,Debit Card,Monthly,12.0,1.0,0.5,0.8979591836734693,0.9999999999999999,0.28000000000000025,0.7871836734693877,High Value
1398.0,55.0,Male,Sunglasses,Accessories,67.0,Massachusetts,S,Magenta,Summer,4.7,No,Store Pickup,1.0,1.0,33.0,PayPal,Annually,1.0,1.0,0.55,0.4081632653061224,,0.8399999999999999,,Low Value
1399.0,30.0,Male,Dress,Clothing,45.0,Texas,M,Cyan,Summer,2.5,No,Free Shipping,1.0,1.0,25.0,Credit Card,Weekly,52.0,1.0,0.9375,0.8163265306122448,0.9999999999999999,0.6000000000000001,0.874030612244898,High Value
1400.0,19.0,Male,Hat,Accessories,81.0,Nebraska,M,Olive,Winter,3.1,No,Store Pickup,1.0,1.0,48.0,Venmo,Annually,1.0,1.0,0.7875000000000001,0.44897959183673464,0.49019607843137253,0.4800000000000002,0.5321506602641056,Medium Value
1401.0,36.0,Male,Backpack,Accessories,23.0,Nevada,M,Red,Fall,3.6,No,Next Day Air,1.0,1.0,22.0,Credit Card,Every 3 Months,,1.0,0.9625000000000001,0.26530612244897955,0.0,0.6800000000000002,0.3666224489795919,Low Value
1402.0,23.0,Male,Sandals,Footwear,59.0,Indiana,M,Blue,Fall,3.5,No,2-Day Shipping,1.0,1.0,1.0,PayPal,Weekly,52.0,1.0,0.22500000000000003,0.4693877551020408,0.21568627450980393,0.15999999999999992,0.3134609843937576,Low Value
1403.0,62.0,Male,Sunglasses,Accessories,21.0,North Dakota,L,White,Summer,3.1,No,Express,1.0,1.0,47.0,PayPal,Monthly,12.0,1.0,0.3500000000000001,0.4897959183673469,0.49019607843137253,0.9199999999999999,0.5049771908763505,Medium Value
1404.0,26.0,Male,Backpack,Accessories,20.0,Georgia,M,Peach,Spring,3.6,No,Store Pickup,1.0,1.0,20.0,Credit Card,Bi-Weekly,,1.0,0.7000000000000001,0.24489795918367344,0.21568627450980393,0.7600000000000002,0.3786650660264106,Low Value
1405.0,36.0,Male,Jewelry,Accessories,28.0,New Mexico,M,Charcoal,Winter,3.5,No,Next Day Air,1.0,1.0,10.0,Debit Card,Weekly,52.0,1.0,0.0625,0.04081632653061225,,0.3600000000000001,,Low Value
1406.0,33.0,Male,Socks,Clothing,100.0,New Hampshire,M,Peach,Winter,2.7,No,Store Pickup,1.0,1.0,39.0,Credit Card,Monthly,12.0,1.0,0.9000000000000001,0.836734693877551,0.0,0.11999999999999988,0.5266938775510205,Medium Value
1407.0,32.0,Male,Shirt,Clothing,46.0,Washington,L,Turquoise,Spring,3.6,No,Express,1.0,1.0,15.0,Debit Card,Monthly,12.0,1.0,0.3375,0.02040816326530612,0.21568627450980393,0.6800000000000002,0.20836914765906367,Low Value
1408.0,56.0,Male,Handbag,Accessories,61.0,Nevada,XL,Charcoal,Spring,4.5,No,Express,1.0,1.0,11.0,Credit Card,Annually,1.0,1.0,0.2,0.510204081632653,0.058823529411764705,0.52,0.3137286914765906,Low Value
1409.0,58.0,Male,Blouse,Clothing,58.0,Maine,M,Yellow,Winter,4.1,No,Free Shipping,1.0,1.0,38.0,Venmo,Weekly,52.0,1.0,0.38750000000000007,0.4693877551020408,0.0,0.2400000000000002,0.2892551020408164,Low Value
1410.0,34.0,Male,Backpack,Accessories,50.0,Idaho,M,Blue,Spring,4.2,No,Standard,1.0,1.0,41.0,Cash,Fortnightly,26.0,1.0,0.1875,0.10204081632653061,0.058823529411764705,0.28000000000000025,0.1239633853541417,Low Value
1411.0,61.0,Male,Hat,Accessories,93.0,Tennessee,M,Purple,Summer,4.0,No,Store Pickup,1.0,1.0,18.0,Debit Card,Annually,1.0,1.0,0.4625,0.4897959183673469,0.21568627450980393,0.20000000000000018,0.37312424969988,Low Value
1412.0,48.0,Male,Skirt,Clothing,24.0,Louisiana,L,Green,Summer,2.8,No,Store Pickup,1.0,1.0,13.0,Venmo,Quarterly,4.0,1.0,0.9375,0.2040816326530612,,0.44000000000000017,,Low Value
1413.0,25.0,Male,Shorts,Clothing,100.0,Michigan,M,Charcoal,Summer,2.6,No,2-Day Shipping,1.0,1.0,43.0,Venmo,Annually,1.0,1.0,0.26250000000000007,0.38775510204081626,,0.0,,Low Value
1414.0,51.0,Male,Blouse,Clothing,79.0,New Hampshire,S,Indigo,Fall,2.7,No,Store Pickup,1.0,1.0,12.0,Bank Transfer,Quarterly,4.0,1.0,0.30000000000000004,0.4897959183673469,0.058823529411764705,0.3600000000000001,0.3095654261704682,Low Value
1415.0,29.0,Male,Socks,Clothing,51.0,Minnesota,M,Black,Summer,4.5,No,Store Pickup,1.0,1.0,3.0,Credit Card,Bi-Weekly,,1.0,0.17500000000000004,0.693877551020408,0.058823529411764705,0.0,0.33019807923169264,Low Value
1416.0,54.0,Male,Belt,Accessories,90.0,Illinois,M,Blue,Winter,3.7,No,Free Shipping,1.0,1.0,12.0,Credit Card,Every 3 Months,,1.0,0.0625,0.2040816326530612,0.058823529411764705,0.8800000000000001,0.1997797118847539,Low Value
1417.0,48.0,Male,Boots,Footwear,56.0,Idaho,L,Silver,Summer,3.4,No,Free Shipping,1.0,1.0,46.0,Cash,Quarterly,4.0,1.0,0.9125000000000001,0.8163265306122448,0.49019607843137253,0.28000000000000025,0.6840894357743097,Medium Value
1418.0,62.0,Male,Shorts,Clothing,25.0,Montana,S,Brown,Spring,4.6,No,Standard,1.0,1.0,21.0,Debit Card,Fortnightly,26.0,1.0,0.375,0.32653061224489793,0.0,0.15999999999999992,0.22161224489795917,Low Value
1419.0,18.0,Male,Shirt,Clothing,75.0,Alabama,M,Violet,Summer,4.1,No,2-Day Shipping,1.0,1.0,23.0,Venmo,Every 3 Months,,1.0,0.7375,0.0,,0.9600000000000002,,Low Value
1420.0,43.0,Male,Handbag,Accessories,75.0,Montana,M,Orange,Summer,2.6,No,Free Shipping,1.0,1.0,4.0,Debit Card,Quarterly,4.0,1.0,1.0,0.5918367346938774,,0.08000000000000007,,Low Value
1421.0,22.0,Male,Jeans,Clothing,53.0,California,XL,Gray,Summer,4.6,No,Store Pickup,1.0,1.0,45.0,PayPal,Every 3 Months,,1.0,0.4625,0.9387755102040816,0.49019607843137253,0.8800000000000001,0.7030690276110445,Medium Value
1422.0,68.0,Male,Dress,Clothing,100.0,Pennsylvania,S,Gold,Spring,3.0,No,Standard,1.0,1.0,24.0,Bank Transfer,Fortnightly,26.0,1.0,0.10000000000000003,0.673469387755102,0.9999999999999999,0.15999999999999992,0.6053877551020408,Medium Value
1423.0,44.0,Male,Dress,Clothing,27.0,Texas,L,Charcoal,Fall,3.4,No,Free Shipping,1.0,1.0,3.0,PayPal,Bi-Weekly,,1.0,0.1875,0.346938775510204,0.49019607843137253,0.9199999999999999,0.41533433373349327,Low Value
1424.0,51.0,Male,Sandals,Footwear,60.0,Michigan,S,Black,Fall,3.5,No,Free Shipping,1.0,1.0,12.0,Venmo,Every 3 Months,,1.0,0.8125,0.6530612244897959,,0.8399999999999999,,Low Value
1425.0,66.0,Male,Jacket,Outerwear,23.0,Connecticut,S,Indigo,Fall,3.5,No,Standard,1.0,1.0,34.0,Bank Transfer,Every 3 Months,,1.0,0.9375,0.836734693877551,0.058823529411764705,1.0,0.6398409363745498,Medium Value
1426.0,59.0,Male,Coat,Outerwear,40.0,Wyoming,S,White,Winter,3.7,No,Next Day Air,1.0,1.0,39.0,Credit Card,Annually,1.0,1.0,0.875,0.02040816326530612,0.058823529411764705,0.9199999999999999,0.2928103241296519,Low Value
1427.0,60.0,Male,Pants,Clothing,38.0,Michigan,M,Yellow,Summer,4.8,No,Free Shipping,1.0,1.0,35.0,PayPal,Every 3 Months,,1.0,0.36250000000000004,0.0,0.21568627450980393,0.9600000000000002,0.2332058823529412,Low Value
1428.0,31.0,Male,Backpack,Accessories,90.0,South Dakota,S,Orange,Summer,4.9,No,Store Pickup,1.0,1.0,8.0,Credit Card,Annually,1.0,1.0,0.9000000000000001,0.44897959183673464,0.058823529411764705,0.8399999999999999,0.4612388955582233,Medium Value
1429.0,20.0,Male,Blouse,Clothing,97.0,North Dakota,S,Green,Summer,4.9,No,Express,1.0,1.0,42.0,PayPal,Quarterly,4.0,1.0,0.65,0.836734693877551,,0.56,,Low Value
1430.0,24.0,Male,Skirt,Clothing,38.0,Maryland,L,Gold,Fall,4.7,No,Standard,1.0,1.0,6.0,Credit Card,Every 3 Months,,1.0,0.6375000000000001,0.04081632653061225,0.0,0.8,0.22382653061224494,Low Value
1431.0,48.0,Male,Sandals,Footwear,30.0,Michigan,S,Orange,Summer,4.9,No,Free Shipping,1.0,1.0,3.0,Credit Card,Fortnightly,26.0,1.0,0.08750000000000002,0.3061224489795918,0.49019607843137253,0.8800000000000001,0.3750078031212485,Low Value
1432.0,39.0,Male,Pants,Clothing,88.0,South Dakota,M,Cyan,Fall,2.9,No,Express,1.0,1.0,29.0,Venmo,Quarterly,4.0,1.0,0.23750000000000004,0.9183673469387754,0.49019607843137253,0.56,0.6179057623049219,Medium Value
1433.0,34.0,Male,Hat,Accessories,33.0,Florida,L,Black,Winter,4.4,No,Express,1.0,1.0,32.0,Debit Card,Quarterly,4.0,1.0,0.9750000000000001,0.6122448979591836,,0.7600000000000002,,Low Value
1434.0,70.0,Male,Hoodie,Clothing,60.0,Minnesota,L,Yellow,Winter,3.2,No,Next Day Air,1.0,1.0,45.0,Debit Card,Weekly,52.0,1.0,0.08750000000000002,0.28571428571428564,,0.56,,Low Value
1435.0,59.0,Male,Sweater,Clothing,64.0,New York,L,Maroon,Summer,4.6,No,Free Shipping,1.0,1.0,21.0,Debit Card,Bi-Weekly,,1.0,0.6375000000000001,0.9591836734693877,,0.11999999999999988,,Low Value
1436.0,45.0,Male,Scarf,Accessories,95.0,Oregon,XL,Black,Fall,4.0,No,Standard,1.0,1.0,41.0,Cash,Weekly,52.0,1.0,0.050000000000000044,0.2040816326530612,0.9999999999999999,0.40000000000000013,0.43163265306122445,Low Value
1437.0,35.0,Male,Sneakers,Footwear,83.0,Minnesota,M,Gray,Winter,3.7,No,Free Shipping,1.0,1.0,23.0,PayPal,Fortnightly,26.0,1.0,0.5375000000000001,0.38775510204081626,,0.72,,Low Value
1438.0,69.0,Male,Boots,Footwear,97.0,Montana,XL,Orange,Winter,4.2,No,Free Shipping,1.0,1.0,14.0,Cash,Annually,1.0,1.0,0.65,0.10204081632653061,0.21568627450980393,0.56,0.29152220888355346,Low Value
1439.0,58.0,Male,Coat,Outerwear,38.0,Washington,M,Cyan,Spring,2.9,No,Standard,1.0,1.0,24.0,Debit Card,Monthly,12.0,1.0,0.5125000000000001,0.4693877551020408,0.21568627450980393,0.6000000000000001,0.41496098439375756,Low Value
1440.0,25.0,Male,Boots,Footwear,48.0,New Mexico,M,Magenta,Summer,4.8,No,Next Day Air,1.0,1.0,25.0,Cash,Fortnightly,26.0,1.0,0.45000000000000007,0.346938775510204,0.21568627450980393,0.6399999999999999,0.3574813925570228,Low Value
1441.0,27.0,Male,Sandals,Footwear,76.0,Arizona,M,Pink,Spring,4.4,No,Standard,1.0,1.0,13.0,Venmo,Monthly,12.0,1.0,0.15000000000000002,0.0,,0.72,,Low Value
1442.0,34.0,Male,Pants,Clothing,25.0,Nebraska,S,Turquoise,Summer,3.4,No,Free Shipping,1.0,1.0,3.0,Venmo,Every 3 Months,,1.0,0.03750000000000003,0.24489795918367344,,0.6800000000000002,,Low Value
1443.0,53.0,Male,Hoodie,Clothing,92.0,Idaho,S,Violet,Spring,2.8,No,2-Day Shipping,1.0,1.0,42.0,Credit Card,Annually,1.0,1.0,1.0,0.02040816326530612,0.9999999999999999,0.6000000000000001,0.5681632653061224,Medium Value
1444.0,58.0,Male,Sandals,Footwear,47.0,Idaho,L,Teal,Fall,4.2,No,Next Day Air,1.0,1.0,2.0,Cash,Monthly,12.0,1.0,0.675,0.510204081632653,0.058823529411764705,0.44000000000000017,0.4007286914765906,Low Value
1445.0,32.0,Male,Sweater,Clothing,36.0,Vermont,L,Pink,Fall,3.8,No,Express,1.0,1.0,26.0,Cash,Quarterly,4.0,1.0,0.16250000000000003,0.6122448979591836,0.058823529411764705,0.32000000000000006,0.3270450180072029,Low Value
1446.0,64.0,Male,Belt,Accessories,51.0,Arkansas,M,Gold,Fall,3.1,No,2-Day Shipping,1.0,1.0,24.0,Credit Card,Annually,1.0,1.0,0.5875,0.8571428571428571,0.9999999999999999,0.6399999999999999,0.8243571428571428,High Value
1447.0,63.0,Male,Jeans,Clothing,35.0,Wyoming,XL,Red,Summer,3.2,No,Express,1.0,1.0,6.0,Credit Card,Quarterly,4.0,1.0,0.5125000000000001,0.22448979591836735,,0.8800000000000001,,Low Value
1448.0,23.0,Male,Hoodie,Clothing,57.0,New Mexico,S,Beige,Summer,3.0,No,Next Day Air,1.0,1.0,25.0,PayPal,Monthly,12.0,1.0,0.32500000000000007,0.4285714285714285,,0.7600000000000002,,Low Value
1449.0,64.0,Male,Boots,Footwear,95.0,West Virginia,M,Black,Summer,3.6,No,Free Shipping,1.0,1.0,11.0,Credit Card,Every 3 Months,,1.0,0.45000000000000007,0.04081632653061225,0.49019607843137253,0.3600000000000001,0.28938535414165667,Low Value
1450.0,18.0,Male,Socks,Clothing,41.0,New York,L,Lavender,Winter,2.5,No,Store Pickup,1.0,1.0,20.0,Cash,Every 3 Months,,1.0,0.6625000000000001,0.44897959183673464,,1.0,,Low Value
1451.0,25.0,Male,Dress,Clothing,44.0,Illinois,S,Teal,Winter,3.4,No,Free Shipping,1.0,1.0,25.0,Cash,Quarterly,4.0,1.0,0.30000000000000004,0.510204081632653,0.0,0.8399999999999999,0.34808163265306125,Low Value
1452.0,54.0,Male,Jacket,Outerwear,34.0,Utah,M,Maroon,Fall,2.5,No,Next Day Air,1.0,1.0,35.0,PayPal,Quarterly,4.0,1.0,0.30000000000000004,0.7346938775510203,0.9999999999999999,0.6000000000000001,0.7138775510204082,Medium Value
1453.0,60.0,Male,Jacket,Outerwear,25.0,Colorado,L,Blue,Spring,4.7,No,2-Day Shipping,1.0,1.0,11.0,Bank Transfer,Quarterly,4.0,1.0,0.07500000000000001,0.836734693877551,0.058823529411764705,0.6399999999999999,0.43134093637454984,Low Value
1454.0,36.0,Male,Boots,Footwear,93.0,Virginia,S,Teal,Winter,3.2,No,2-Day Shipping,1.0,1.0,41.0,Bank Transfer,Fortnightly,26.0,1.0,0.4,0.28571428571428564,,0.9600000000000002,,Low Value
1455.0,66.0,Male,Sneakers,Footwear,50.0,Georgia,L,Maroon,Winter,2.9,No,Free Shipping,1.0,1.0,17.0,Credit Card,Annually,1.0,1.0,0.42500000000000004,0.18367346938775508,0.058823529411764705,0.08000000000000007,0.18411644657863147,Low Value
1456.0,60.0,Male,Pants,Clothing,79.0,Alabama,L,Silver,Fall,4.9,No,Express,1.0,1.0,1.0,PayPal,Every 3 Months,,1.0,0.22500000000000003,0.04081632653061225,0.058823529411764705,0.8,0.15897358943577433,Low Value
1457.0,59.0,Male,Coat,Outerwear,100.0,Montana,S,Olive,Spring,2.7,No,Store Pickup,1.0,1.0,30.0,PayPal,Every 3 Months,,1.0,0.30000000000000004,0.8775510204081631,0.058823529411764705,0.08000000000000007,0.4366674669867947,Low Value
1458.0,58.0,Male,Shirt,Clothing,57.0,Pennsylvania,S,Gray,Spring,4.7,No,Express,1.0,1.0,47.0,Venmo,Fortnightly,26.0,1.0,0.7000000000000001,0.44897959183673464,0.49019607843137253,0.20000000000000018,0.48665066026410564,Medium Value
1459.0,35.0,Male,Sweater,Clothing,28.0,Missouri,M,Peach,Spring,2.9,No,2-Day Shipping,1.0,1.0,34.0,Venmo,Weekly,52.0,1.0,0.03750000000000003,0.10204081632653061,0.9999999999999999,0.8,0.4283163265306122,Low Value
1460.0,20.0,Male,Shoes,Footwear,35.0,Maine,L,Yellow,Winter,4.8,No,Express,1.0,1.0,18.0,Venmo,Fortnightly,26.0,1.0,0.9750000000000001,0.16326530612244897,,1.0,,Low Value
1461.0,70.0,Male,Boots,Footwear,85.0,Pennsylvania,L,Violet,Fall,4.6,No,Standard,1.0,1.0,33.0,Venmo,Bi-Weekly,,1.0,0.16250000000000003,0.3061224489795918,,0.52,,Low Value
1462.0,54.0,Male,Sunglasses,Accessories,95.0,Oregon,S,Red,Summer,5.0,No,2-Day Shipping,1.0,1.0,42.0,Venmo,Quarterly,4.0,1.0,0.15000000000000002,0.9183673469387754,0.49019607843137253,0.2400000000000002,0.5684057623049219,Medium Value
1463.0,38.0,Male,Sneakers,Footwear,90.0,Utah,S,Charcoal,Summer,4.8,No,2-Day Shipping,1.0,1.0,2.0,Venmo,Quarterly,4.0,1.0,0.8125,0.4693877551020408,,0.3600000000000001,,Low Value
1464.0,54.0,Male,Jewelry,Accessories,49.0,Oklahoma,M,Beige,Summer,4.9,No,Store Pickup,1.0,1.0,1.0,Bank Transfer,Monthly,12.0,1.0,0.6125,0.4285714285714285,0.21568627450980393,0.9199999999999999,0.45063445378151257,Medium Value
1465.0,33.0,Male,Belt,Accessories,92.0,Montana,M,Peach,Winter,4.6,No,2-Day Shipping,1.0,1.0,23.0,Bank Transfer,Quarterly,4.0,1.0,0.4375,0.24489795918367344,,0.08000000000000007,,Low Value
1466.0,46.0,Male,Gloves,Accessories,72.0,Nebraska,XL,Violet,Winter,3.9,No,Store Pickup,1.0,1.0,42.0,Cash,Bi-Weekly,,1.0,0.5750000000000001,0.38775510204081626,0.49019607843137253,0.28000000000000025,0.4451608643457383,Low Value
1467.0,58.0,Male,Shorts,Clothing,71.0,Alabama,M,Green,Summer,4.5,No,Store Pickup,1.0,1.0,3.0,PayPal,Annually,1.0,1.0,0.125,0.9183673469387754,0.058823529411764705,0.56,0.4659939975990396,Medium Value
1468.0,30.0,Male,Jewelry,Accessories,27.0,Ohio,XL,Olive,Winter,4.7,No,Store Pickup,1.0,1.0,16.0,Debit Card,Fortnightly,26.0,1.0,0.75,0.18367346938775508,0.21568627450980393,0.6800000000000002,0.35617527010804323,Low Value
1469.0,42.0,Male,Gloves,Accessories,39.0,Arkansas,S,Silver,Fall,3.9,No,Express,1.0,1.0,46.0,Cash,Fortnightly,26.0,1.0,0.0,0.7755102040816325,0.21568627450980393,0.20000000000000018,0.3949099639855942,Low Value
1470.0,28.0,Male,Jewelry,Accessories,98.0,Mississippi,M,Purple,Winter,4.4,No,Standard,1.0,1.0,31.0,PayPal,Every 3 Months,,1.0,0.125,0.8775510204081631,0.058823529411764705,0.20000000000000018,0.41366746698679474,Low Value
1471.0,43.0,Male,Sandals,Footwear,27.0,California,M,Silver,Spring,3.9,No,Next Day Air,1.0,1.0,15.0,Cash,Every 3 Months,,1.0,0.825,0.12244897959183673,0.0,0.4800000000000002,0.26197959183673475,Low Value
1472.0,31.0,Male,Jewelry,Accessories,71.0,Alaska,S,Gray,Spring,2.8,No,2-Day Shipping,1.0,1.0,48.0,Venmo,Every 3 Months,,1.0,0.8,0.04081632653061225,,0.7600000000000002,,Low Value
1473.0,39.0,Male,Hat,Accessories,24.0,Indiana,L,Turquoise,Spring,3.5,No,Store Pickup,1.0,1.0,11.0,Cash,Weekly,52.0,1.0,0.42500000000000004,0.8775510204081631,0.0,0.8399999999999999,0.5200204081632653,Medium Value
1474.0,69.0,Male,Shorts,Clothing,63.0,Wisconsin,M,Violet,Fall,4.3,No,Express,1.0,1.0,20.0,Credit Card,Every 3 Months,,1.0,0.125,0.6122448979591836,0.0,0.20000000000000018,0.28989795918367345,Low Value
1475.0,31.0,Male,Sweater,Clothing,72.0,New Jersey,S,Pink,Fall,3.9,No,Next Day Air,1.0,1.0,6.0,Credit Card,Monthly,12.0,1.0,0.8875,0.9591836734693877,0.9999999999999999,0.44000000000000017,0.9051734693877551,High Value
1476.0,44.0,Male,Blouse,Clothing,61.0,Rhode Island,M,Teal,Spring,4.0,No,Express,1.0,1.0,24.0,Cash,Monthly,12.0,1.0,0.03750000000000003,0.346938775510204,,0.56,,Low Value
1477.0,39.0,Male,Hat,Accessories,56.0,Wyoming,M,Magenta,Fall,4.1,No,Next Day Air,1.0,1.0,18.0,Credit Card,Monthly,12.0,1.0,0.1875,0.5306122448979591,0.21568627450980393,0.6399999999999999,0.3784507803121248,Low Value
1478.0,24.0,Male,Belt,Accessories,32.0,Oregon,XL,Silver,Summer,4.3,No,Standard,1.0,1.0,1.0,PayPal,Every 3 Months,,1.0,0.875,0.0,0.9999999999999999,0.56,0.531,Medium Value
1479.0,28.0,Male,Gloves,Accessories,23.0,Washington,M,Blue,Summer,4.2,No,Free Shipping,1.0,1.0,13.0,Venmo,Bi-Weekly,,1.0,0.9125000000000001,0.673469387755102,0.9999999999999999,0.56,0.8078877551020408,High Value
1480.0,48.0,Male,Coat,Outerwear,100.0,Washington,L,Black,Spring,4.0,No,Standard,1.0,1.0,2.0,Bank Transfer,Weekly,52.0,1.0,0.6000000000000001,0.08163265306122448,,0.8,,Low Value
1481.0,39.0,Male,Jewelry,Accessories,74.0,New Hampshire,M,Gold,Fall,3.6,No,Express,1.0,1.0,26.0,Cash,Quarterly,4.0,1.0,0.26250000000000007,0.22448979591836735,0.058823529411764705,0.3600000000000001,0.1959429771908764,Low Value
1482.0,64.0,Male,Skirt,Clothing,33.0,Maryland,S,Gray,Spring,3.3,No,Standard,1.0,1.0,31.0,PayPal,Quarterly,4.0,1.0,0.6625000000000001,0.26530612244897955,0.49019607843137253,0.6399999999999999,0.44968127250900364,Low Value
1483.0,28.0,Male,Gloves,Accessories,67.0,Wisconsin,S,Magenta,Spring,4.1,No,2-Day Shipping,1.0,1.0,43.0,Bank Transfer,Weekly,52.0,1.0,0.6625000000000001,0.7959183673469387,0.9999999999999999,0.9600000000000002,0.8468673469387755,High Value
1484.0,39.0,Male,Jewelry,Accessories,61.0,Massachusetts,S,Yellow,Summer,4.7,No,Next Day Air,1.0,1.0,12.0,Debit Card,Bi-Weekly,,1.0,0.5750000000000001,0.7755102040816325,0.058823529411764705,0.7600000000000002,0.5188511404561825,Medium Value
1485.0,49.0,Male,Shorts,Clothing,46.0,Nebraska,M,Teal,Summer,4.4,No,Store Pickup,1.0,1.0,22.0,Venmo,Every 3 Months,,1.0,0.48750000000000004,1.0,0.9999999999999999,0.08000000000000007,0.8055,High Value
1486.0,22.0,Male,Gloves,Accessories,56.0,Nebraska,L,Red,Spring,3.4,No,Standard,1.0,1.0,3.0,Cash,Fortnightly,26.0,1.0,0.65,0.08163265306122448,0.21568627450980393,0.9199999999999999,0.319358943577431,Low Value
1487.0,25.0,Male,Sneakers,Footwear,73.0,Idaho,S,Yellow,Spring,5.0,No,Free Shipping,1.0,1.0,23.0,Venmo,Every 3 Months,,1.0,0.8500000000000001,0.693877551020408,0.0,0.32000000000000006,0.4795510204081633,Medium Value
1488.0,40.0,Male,Skirt,Clothing,44.0,Arizona,L,Black,Summer,4.6,No,Store Pickup,1.0,1.0,26.0,PayPal,Annually,1.0,1.0,0.7000000000000001,0.10204081632653061,,0.7600000000000002,,Low Value
1489.0,23.0,Male,Hat,Accessories,44.0,Hawaii,L,Pink,Winter,4.0,No,Standard,1.0,1.0,37.0,Credit Card,Weekly,52.0,1.0,0.1375,0.4285714285714285,0.49019607843137253,0.8399999999999999,0.4299873949579832,Low Value
1490.0,24.0,Male,Jewelry,Accessories,26.0,Missouri,XL,Magenta,Summer,4.1,No,Next Day Air,1.0,1.0,42.0,Venmo,Quarterly,4.0,1.0,0.025000000000000022,0.5306122448979591,0.21568627450980393,0.2400000000000002,0.30595078031212486,Low Value
1491.0,66.0,Male,Sneakers,Footwear,52.0,Louisiana,L,Olive,Spring,4.9,No,Express,1.0,1.0,15.0,Venmo,Bi-Weekly,,1.0,0.6875,0.6530612244897959,0.49019607843137253,0.8,0.6257833133253301,Medium Value
1492.0,27.0,Male,Shirt,Clothing,54.0,Arkansas,S,Black,Summer,2.7,No,Free Shipping,1.0,1.0,10.0,Bank Transfer,Quarterly,4.0,1.0,0.6875,0.9387755102040816,,0.6000000000000001,,Low Value
1493.0,62.0,Male,Jacket,Outerwear,38.0,North Carolina,M,Maroon,Summer,4.5,No,Free Shipping,1.0,1.0,3.0,Venmo,Quarterly,4.0,1.0,0.5375000000000001,0.9591836734693877,,0.2400000000000002,,Low Value
1494.0,70.0,Male,Belt,Accessories,44.0,North Dakota,S,Gold,Fall,2.7,No,Standard,1.0,1.0,44.0,Credit Card,Quarterly,4.0,1.0,0.012500000000000011,0.4285714285714285,0.058823529411764705,0.56,0.24757563025210083,Low Value
1495.0,43.0,Male,T-shirt,Clothing,76.0,Montana,M,Gray,Spring,3.0,No,Next Day Air,1.0,1.0,23.0,Bank Transfer,Fortnightly,26.0,1.0,0.7875000000000001,0.14285714285714285,,0.8,,Low Value
1496.0,45.0,Male,Jewelry,Accessories,23.0,Rhode Island,M,Brown,Winter,4.5,No,Next Day Air,1.0,1.0,6.0,PayPal,Weekly,52.0,1.0,0.32500000000000007,0.08163265306122448,,0.7600000000000002,,Low Value
1497.0,63.0,Male,T-shirt,Clothing,98.0,Idaho,M,Purple,Winter,5.0,No,Standard,1.0,1.0,9.0,Venmo,Bi-Weekly,,1.0,0.48750000000000004,0.3061224489795918,0.058823529411764705,0.44000000000000017,0.2815960384153662,Low Value
1498.0,69.0,Male,Jacket,Outerwear,33.0,Michigan,S,Magenta,Spring,3.8,No,2-Day Shipping,1.0,1.0,16.0,Debit Card,Every 3 Months,,1.0,0.5750000000000001,0.510204081632653,0.49019607843137253,0.3600000000000001,0.5021404561824729,Medium Value
1499.0,59.0,Male,Sweater,Clothing,32.0,Illinois,M,Teal,Summer,3.1,No,Standard,1.0,1.0,46.0,Venmo,Fortnightly,26.0,1.0,0.675,0.14285714285714285,0.21568627450980393,0.6000000000000001,0.31684873949579834,Low Value
1500.0,19.0,Male,Boots,Footwear,85.0,Georgia,S,Olive,Fall,3.4,No,Free Shipping,1.0,1.0,24.0,Credit Card,Every 3 Months,,1.0,0.7750000000000001,0.32653061224489793,0.058823529411764705,0.040000000000000036,0.3072593037214886,Low Value
1501.0,63.0,Male,Jeans,Clothing,69.0,Alabama,L,Maroon,Summer,4.8,No,Next Day Air,1.0,1.0,22.0,Debit Card,Monthly,12.0,1.0,0.8625,1.0,0.0,0.28000000000000025,0.6005,Medium Value
1502.0,37.0,Male,Jeans,Clothing,55.0,Alaska,XL,Silver,Spring,2.7,No,Standard,1.0,1.0,13.0,Debit Card,Every 3 Months,,1.0,0.5625,0.4285714285714285,,0.28000000000000025,,Low Value
1503.0,37.0,Male,Pants,Clothing,66.0,Massachusetts,M,Black,Summer,3.2,No,Store Pickup,1.0,1.0,20.0,Cash,Fortnightly,26.0,1.0,0.4375,0.36734693877551017,,1.0,,Low Value
1504.0,50.0,Male,Jacket,Outerwear,30.0,Michigan,M,Maroon,Fall,3.9,No,2-Day Shipping,1.0,1.0,46.0,Cash,Quarterly,4.0,1.0,0.9375,0.26530612244897955,0.21568627450980393,0.15999999999999992,0.374328331332533,Low Value
1505.0,60.0,Male,Jacket,Outerwear,80.0,Alaska,M,Teal,Winter,4.2,No,Next Day Air,1.0,1.0,10.0,Bank Transfer,Monthly,12.0,1.0,0.7125,0.693877551020408,,0.15999999999999992,,Low Value
1506.0,46.0,Male,Belt,Accessories,20.0,North Dakota,M,Teal,Summer,3.0,No,Express,1.0,1.0,39.0,Cash,Monthly,12.0,1.0,0.30000000000000004,0.8571428571428571,0.9999999999999999,0.40000000000000013,0.7428571428571429,Medium Value
1507.0,35.0,Male,Shirt,Clothing,30.0,South Carolina,L,Beige,Fall,3.0,No,2-Day Shipping,1.0,1.0,44.0,PayPal,Quarterly,4.0,1.0,0.8625,0.4693877551020408,0.0,0.6000000000000001,0.42025510204081634,Low Value
1508.0,66.0,Male,Dress,Clothing,86.0,Pennsylvania,S,Maroon,Winter,3.7,No,2-Day Shipping,1.0,1.0,7.0,Venmo,Annually,1.0,1.0,0.050000000000000044,0.32653061224489793,,0.56,,Low Value
1509.0,35.0,Male,Blouse,Clothing,84.0,Colorado,L,Beige,Spring,4.4,No,Store Pickup,1.0,1.0,3.0,Cash,Every 3 Months,,1.0,0.2875,0.9795918367346937,0.0,0.9600000000000002,0.5453367346938776,Medium Value
1510.0,20.0,Male,Dress,Clothing,54.0,New Hampshire,XL,White,Summer,4.6,No,Free Shipping,1.0,1.0,44.0,Debit Card,Annually,1.0,1.0,0.38750000000000007,0.32653061224489793,0.0,0.52,0.2601122448979592,Low Value
1511.0,55.0,Male,Blouse,Clothing,30.0,Maryland,XL,Gray,Fall,3.0,No,Free Shipping,1.0,1.0,31.0,Venmo,Annually,1.0,1.0,0.32500000000000007,0.7959183673469387,0.058823529411764705,0.40000000000000013,0.44101440576230494,Low Value
1512.0,34.0,Male,Dress,Clothing,91.0,Georgia,M,Violet,Winter,3.6,No,Express,1.0,1.0,48.0,Credit Card,Weekly,52.0,1.0,0.15000000000000002,0.8571428571428571,0.9999999999999999,0.4800000000000002,0.7208571428571429,Medium Value
1513.0,60.0,Male,Sneakers,Footwear,23.0,Wisconsin,L,Silver,Winter,3.9,No,Standard,1.0,1.0,18.0,PayPal,Bi-Weekly,,1.0,0.4375,0.36734693877551017,,0.15999999999999992,,Low Value
1514.0,22.0,Male,Socks,Clothing,35.0,Texas,M,Red,Spring,4.1,No,Free Shipping,1.0,1.0,27.0,Cash,Monthly,12.0,1.0,0.07500000000000001,0.7959183673469387,0.058823529411764705,0.11999999999999988,0.3630144057623049,Low Value
1515.0,26.0,Male,Shoes,Footwear,90.0,Utah,L,Brown,Winter,3.9,No,2-Day Shipping,1.0,1.0,1.0,Venmo,Weekly,52.0,1.0,0.11250000000000004,0.24489795918367344,0.21568627450980393,0.4800000000000002,0.2331650660264106,Low Value
1516.0,39.0,Male,Jeans,Clothing,93.0,Indiana,S,Turquoise,Fall,3.9,No,2-Day Shipping,1.0,1.0,34.0,Cash,Weekly,52.0,1.0,0.36250000000000004,0.38775510204081626,0.21568627450980393,0.20000000000000018,0.3123079231692677,Low Value
1517.0,20.0,Male,Jeans,Clothing,68.0,Nevada,L,Indigo,Winter,4.5,No,Express,1.0,1.0,5.0,Bank Transfer,Bi-Weekly,,1.0,0.3125,0.4081632653061224,0.058823529411764705,0.9199999999999999,0.33541236494597837,Low Value
1518.0,57.0,Male,Gloves,Accessories,41.0,New Hampshire,M,Violet,Spring,3.4,No,Standard,1.0,1.0,12.0,Cash,Quarterly,4.0,1.0,0.3500000000000001,0.346938775510204,,0.08000000000000007,,Low Value
1519.0,68.0,Male,Belt,Accessories,73.0,New York,M,Yellow,Winter,4.1,No,Next Day Air,1.0,1.0,14.0,Venmo,Fortnightly,26.0,1.0,0.3375,0.8775510204081631,0.058823529411764705,0.8,0.5161674669867947,Medium Value
1520.0,50.0,Male,Sunglasses,Accessories,73.0,Texas,L,Cyan,Fall,4.9,No,Next Day Air,1.0,1.0,40.0,PayPal,Weekly,52.0,1.0,0.4625,0.510204081632653,0.058823529411764705,0.08000000000000007,0.3222286914765906,Low Value
1521.0,21.0,Male,Hat,Accessories,66.0,Iowa,M,Brown,Summer,4.4,No,2-Day Shipping,1.0,1.0,39.0,Cash,Quarterly,4.0,1.0,0.17500000000000004,0.673469387755102,0.058823529411764705,0.40000000000000013,0.3620348139255703,Low Value
1522.0,29.0,Male,Backpack,Accessories,59.0,Washington,M,White,Summer,2.7,No,2-Day Shipping,1.0,1.0,50.0,Bank Transfer,Weekly,52.0,1.0,0.6875,0.4693877551020408,,0.40000000000000013,,Low Value
1523.0,38.0,Male,Shorts,Clothing,72.0,Tennessee,L,Yellow,Spring,4.8,No,Free Shipping,1.0,1.0,5.0,Debit Card,Monthly,12.0,1.0,0.925,0.44897959183673464,0.49019607843137253,0.8,0.5916506602641056,Medium Value
1524.0,54.0,Male,Socks,Clothing,88.0,Georgia,M,White,Summer,3.3,No,2-Day Shipping,1.0,1.0,35.0,Debit Card,Annually,1.0,1.0,0.8,0.04081632653061225,0.9999999999999999,0.52,0.5283265306122449,Medium Value
1525.0,22.0,Male,Socks,Clothing,76.0,Massachusetts,L,Pink,Summer,4.4,No,Free Shipping,1.0,1.0,6.0,Cash,Bi-Weekly,,1.0,0.22500000000000003,0.02040816326530612,0.058823529411764705,0.52,0.12281032412965188,Low Value
1526.0,29.0,Male,Belt,Accessories,31.0,Oregon,M,Indigo,Winter,4.6,No,2-Day Shipping,1.0,1.0,22.0,Cash,Fortnightly,26.0,1.0,0.6875,0.44897959183673464,,0.28000000000000025,,Low Value
1527.0,41.0,Male,Jacket,Outerwear,22.0,Oklahoma,L,White,Summer,3.1,No,Next Day Air,1.0,1.0,27.0,PayPal,Monthly,12.0,1.0,0.30000000000000004,0.14285714285714285,0.9999999999999999,0.72,0.4891428571428571,Medium Value
1528.0,26.0,Male,Hat,Accessories,75.0,Wisconsin,L,Red,Fall,4.5,No,2-Day Shipping,1.0,1.0,33.0,Debit Card,Fortnightly,26.0,1.0,0.16250000000000003,0.5918367346938774,,0.8,,Low Value
1529.0,69.0,Male,T-shirt,Clothing,75.0,Oregon,S,Red,Spring,4.0,No,Store Pickup,1.0,1.0,47.0,Venmo,Bi-Weekly,,1.0,0.9125000000000001,0.9591836734693877,0.0,0.6800000000000002,0.6341734693877552,Medium Value
1530.0,20.0,Male,Backpack,Accessories,63.0,Georgia,M,Lavender,Winter,3.1,No,Free Shipping,1.0,1.0,48.0,Credit Card,Bi-Weekly,,1.0,0.9875,0.4081632653061224,,0.20000000000000018,,Low Value
1531.0,59.0,Male,Coat,Outerwear,21.0,New Mexico,M,Teal,Spring,3.9,No,Next Day Air,1.0,1.0,22.0,Bank Transfer,Quarterly,4.0,1.0,0.16250000000000003,0.16326530612244897,0.21568627450980393,0.6399999999999999,0.22651200480192074,Low Value
1532.0,63.0,Male,Backpack,Accessories,83.0,Mississippi,S,Violet,Spring,4.5,No,Next Day Air,1.0,1.0,8.0,PayPal,Bi-Weekly,,1.0,0.7000000000000001,0.14285714285714285,0.21568627450980393,0.8399999999999999,0.3458487394957983,Low Value
1533.0,68.0,Male,Jacket,Outerwear,46.0,Wisconsin,S,Silver,Winter,4.4,No,Next Day Air,1.0,1.0,5.0,PayPal,Every 3 Months,,1.0,0.5375000000000001,0.5714285714285714,0.9999999999999999,0.15999999999999992,0.6520714285714285,Medium Value
1534.0,50.0,Male,Shoes,Footwear,59.0,New Hampshire,M,Gold,Summer,3.6,No,2-Day Shipping,1.0,1.0,16.0,Bank Transfer,Quarterly,4.0,1.0,0.26250000000000007,0.04081632653061225,,0.9199999999999999,,Low Value
1535.0,55.0,Male,Blouse,Clothing,66.0,Wyoming,M,Green,Summer,3.4,No,Free Shipping,1.0,1.0,26.0,Venmo,Fortnightly,26.0,1.0,0.8500000000000001,0.2040816326530612,0.49019607843137253,0.8,0.47869147659063627,Medium Value
1536.0,36.0,Male,Sandals,Footwear,74.0,West Virginia,S,Turquoise,Fall,4.0,No,2-Day Shipping,1.0,1.0,8.0,Venmo,Monthly,12.0,1.0,0.9000000000000001,0.3061224489795918,0.21568627450980393,0.3600000000000001,0.403154861944778,Low Value
1537.0,18.0,Male,Sunglasses,Accessories,82.0,Michigan,M,Indigo,Summer,2.6,No,Store Pickup,1.0,1.0,17.0,Cash,Quarterly,4.0,1.0,0.1375,0.4897959183673469,0.9999999999999999,0.72,0.5954183673469386,Medium Value
1538.0,68.0,Male,Shoes,Footwear,89.0,Alaska,L,Black,Spring,3.2,No,Next Day Air,1.0,1.0,50.0,Venmo,Annually,1.0,1.0,0.0625,0.6326530612244897,,0.6800000000000002,,Low Value
1539.0,56.0,Male,Dress,Clothing,65.0,Illinois,L,Charcoal,Fall,3.2,No,Standard,1.0,1.0,22.0,Venmo,Bi-Weekly,,1.0,0.10000000000000003,0.5510204081632653,0.49019607843137253,0.44000000000000017,0.4314669867947179,Low Value
1540.0,32.0,Male,Belt,Accessories,55.0,Hawaii,M,Turquoise,Spring,5.0,No,2-Day Shipping,1.0,1.0,19.0,Cash,Every 3 Months,,1.0,0.6875,0.7142857142857142,0.21568627450980393,0.4800000000000002,0.5359201680672269,Medium Value
1541.0,28.0,Male,Shorts,Clothing,95.0,Colorado,M,Red,Winter,2.9,No,Next Day Air,1.0,1.0,14.0,Bank Transfer,Monthly,12.0,1.0,0.17500000000000004,0.12244897959183673,0.49019607843137253,0.6000000000000001,0.29103841536614644,Low Value
1542.0,24.0,Male,Handbag,Accessories,77.0,Illinois,S,Indigo,Winter,2.9,No,Store Pickup,1.0,1.0,35.0,Cash,Bi-Weekly,,1.0,0.9625000000000001,0.02040816326530612,0.058823529411764705,0.9600000000000002,0.31431032412965193,Low Value
1543.0,59.0,Male,Blouse,Clothing,44.0,Hawaii,M,Maroon,Winter,3.5,No,Next Day Air,1.0,1.0,43.0,PayPal,Weekly,52.0,1.0,0.75,0.10204081632653061,0.21568627450980393,0.2400000000000002,0.2795222088835535,Low Value
1544.0,56.0,Male,Jeans,Clothing,89.0,Wisconsin,M,Indigo,Fall,4.0,No,Standard,1.0,1.0,24.0,Venmo,Annually,1.0,1.0,0.6375000000000001,0.5918367346938774,0.0,0.4800000000000002,0.4122346938775511,Low Value
1545.0,30.0,Male,Jewelry,Accessories,24.0,Arkansas,M,Maroon,Spring,3.9,No,Standard,1.0,1.0,17.0,Debit Card,Bi-Weekly,,1.0,0.7125,0.9183673469387754,0.058823529411764705,0.6800000000000002,0.5954939975990396,Medium Value
1546.0,48.0,Male,Belt,Accessories,43.0,Delaware,M,Black,Winter,4.9,No,Store Pickup,1.0,1.0,49.0,Bank Transfer,Annually,1.0,1.0,0.26250000000000007,0.7755102040816325,0.21568627450980393,0.0,0.42740996398559417,Low Value
1547.0,60.0,Male,Sneakers,Footwear,51.0,Oregon,XL,Purple,Summer,3.8,No,Express,1.0,1.0,17.0,Bank Transfer,Annually,1.0,1.0,0.9000000000000001,0.14285714285714285,0.0,0.72,0.30914285714285716,Low Value
1548.0,46.0,Male,Hat,Accessories,46.0,South Carolina,L,Teal,Summer,3.5,No,Standard,1.0,1.0,40.0,Cash,Quarterly,4.0,1.0,0.9375,0.9183673469387754,0.058823529411764705,0.2400000000000002,0.5964939975990395,Medium Value
1549.0,69.0,Male,Dress,Clothing,32.0,Maryland,M,Silver,Summer,3.7,No,Store Pickup,1.0,1.0,43.0,Bank Transfer,Weekly,52.0,1.0,0.0625,0.7959183673469387,0.49019607843137253,0.20000000000000018,0.49792617046818727,Medium Value
1550.0,19.0,Male,Sneakers,Footwear,55.0,Kansas,M,Black,Spring,2.9,No,2-Day Shipping,1.0,1.0,19.0,Debit Card,Every 3 Months,,1.0,0.7125,0.4081632653061224,0.9999999999999999,0.6000000000000001,0.6657653061224489,Medium Value
1551.0,66.0,Male,Sunglasses,Accessories,26.0,Arkansas,S,Black,Summer,2.8,No,Free Shipping,1.0,1.0,40.0,Bank Transfer,Quarterly,4.0,1.0,0.9875,0.6530612244897959,0.49019607843137253,0.40000000000000013,0.6457833133253301,Medium Value
1552.0,64.0,Male,Handbag,Accessories,29.0,Minnesota,M,Olive,Summer,3.7,No,2-Day Shipping,1.0,1.0,13.0,Credit Card,Monthly,12.0,1.0,0.050000000000000044,0.04081632653061225,0.21568627450980393,0.28000000000000025,0.11903241296518612,Low Value
1553.0,54.0,Male,Blouse,Clothing,49.0,New Mexico,L,Purple,Spring,3.0,No,Express,1.0,1.0,20.0,Credit Card,Monthly,12.0,1.0,0.65,0.9591836734693877,0.9999999999999999,0.08000000000000007,0.8216734693877551,High Value
1554.0,27.0,Male,Blouse,Clothing,45.0,Delaware,M,Indigo,Spring,4.8,No,Free Shipping,1.0,1.0,21.0,Debit Card,Quarterly,4.0,1.0,0.75,0.14285714285714285,0.0,0.20000000000000018,0.22714285714285717,Low Value
1555.0,64.0,Male,Shorts,Clothing,48.0,Utah,S,Lavender,Winter,2.7,No,Standard,1.0,1.0,18.0,Cash,Bi-Weekly,,1.0,1.0,0.4693877551020408,0.0,0.15999999999999992,0.4037551020408163,Low Value
1556.0,43.0,Male,Shorts,Clothing,47.0,Ohio,S,Cyan,Winter,4.5,No,Free Shipping,1.0,1.0,44.0,Cash,Quarterly,4.0,1.0,0.7875000000000001,0.18367346938775508,,0.32000000000000006,,Low Value
1557.0,43.0,Male,Hoodie,Clothing,57.0,Alabama,M,Gold,Fall,2.7,No,Standard,1.0,1.0,26.0,Credit Card,Quarterly,4.0,1.0,0.9375,0.4897959183673469,0.21568627450980393,0.9600000000000002,0.5441242496998799,Medium Value
1558.0,27.0,Male,Backpack,Accessories,34.0,South Dakota,L,Magenta,Fall,3.5,No,Next Day Air,1.0,1.0,34.0,PayPal,Quarterly,4.0,1.0,0.26250000000000007,0.04081632653061225,0.49019607843137253,0.4800000000000002,0.2638853541416567,Low Value
1559.0,35.0,Male,Sunglasses,Accessories,75.0,New Mexico,XL,Teal,Fall,3.5,No,Express,1.0,1.0,24.0,Credit Card,Every 3 Months,,1.0,0.1875,0.8979591836734693,0.49019607843137253,0.40000000000000013,0.5837424969987995,Medium Value
1560.0,43.0,Male,Scarf,Accessories,94.0,Oregon,L,Beige,Fall,4.5,No,Store Pickup,1.0,1.0,23.0,PayPal,Fortnightly,26.0,1.0,0.125,0.28571428571428564,0.21568627450980393,0.8800000000000001,0.2919915966386555,Low Value
1561.0,57.0,Male,Hat,Accessories,84.0,Oregon,M,Teal,Winter,3.8,No,Free Shipping,1.0,1.0,3.0,Debit Card,Weekly,52.0,1.0,0.012500000000000011,0.673469387755102,0.058823529411764705,0.040000000000000036,0.29353481392557024,Low Value
1562.0,50.0,Male,Scarf,Accessories,38.0,Mississippi,M,Indigo,Summer,3.8,No,Standard,1.0,1.0,2.0,Bank Transfer,Quarterly,4.0,1.0,0.8125,0.4081632653061224,,0.6399999999999999,,Low Value
1563.0,37.0,Male,Scarf,Accessories,75.0,Alabama,M,Purple,Winter,3.2,No,Next Day Air,1.0,1.0,23.0,Venmo,Bi-Weekly,,1.0,0.42500000000000004,0.4285714285714285,,0.11999999999999988,,Low Value
1564.0,68.0,Male,Pants,Clothing,44.0,Kansas,M,Teal,Fall,4.3,No,Next Day Air,1.0,1.0,8.0,Cash,Weekly,52.0,1.0,0.07500000000000001,0.4693877551020408,0.9999999999999999,0.8800000000000001,0.5907551020408164,Medium Value
1565.0,22.0,Male,Backpack,Accessories,33.0,California,XL,Turquoise,Summer,4.5,No,Next Day Air,1.0,1.0,30.0,Debit Card,Every 3 Months,,1.0,0.48750000000000004,0.6530612244897959,0.21568627450980393,0.15999999999999992,0.43943037214885955,Low Value
1566.0,58.0,Male,Sunglasses,Accessories,93.0,Idaho,L,Peach,Fall,4.2,No,Free Shipping,1.0,1.0,48.0,PayPal,Annually,1.0,1.0,0.3500000000000001,0.24489795918367344,0.49019607843137253,0.11999999999999988,0.32701800720288116,Low Value
1567.0,48.0,Male,Sneakers,Footwear,99.0,Wyoming,S,Green,Winter,3.0,No,Free Shipping,1.0,1.0,21.0,Cash,Bi-Weekly,,1.0,0.9750000000000001,0.32653061224489793,,0.72,,Low Value
1568.0,30.0,Male,Backpack,Accessories,33.0,Minnesota,M,Turquoise,Spring,4.1,No,Standard,1.0,1.0,9.0,Cash,Monthly,12.0,1.0,0.9000000000000001,0.4897959183673469,,0.9199999999999999,,Low Value
1569.0,51.0,Male,Sneakers,Footwear,76.0,Washington,L,Yellow,Spring,4.6,No,Store Pickup,1.0,1.0,8.0,Debit Card,Monthly,12.0,1.0,0.32500000000000007,0.28571428571428564,,0.3600000000000001,,Low Value
1570.0,20.0,Male,Skirt,Clothing,63.0,Hawaii,M,Orange,Summer,2.9,No,Standard,1.0,1.0,29.0,Debit Card,Weekly,52.0,1.0,0.012500000000000011,0.061224489795918366,0.49019607843137253,0.72,0.24604861944777912,Low Value
1571.0,30.0,Male,Pants,Clothing,41.0,Missouri,L,Brown,Winter,4.8,No,Next Day Air,1.0,1.0,3.0,Bank Transfer,Every 3 Months,,1.0,0.65,0.8571428571428571,0.058823529411764705,0.08000000000000007,0.4985042016806723,Medium Value
1572.0,28.0,Male,Jewelry,Accessories,88.0,Colorado,L,Silver,Winter,4.5,No,Next Day Air,1.0,1.0,11.0,Bank Transfer,Fortnightly,26.0,1.0,0.4750000000000001,0.22448979591836735,,0.8399999999999999,,Low Value
1573.0,37.0,Male,Skirt,Clothing,92.0,Washington,L,White,Summer,3.4,No,2-Day Shipping,1.0,1.0,16.0,Debit Card,Monthly,12.0,1.0,0.9125000000000001,0.04081632653061225,0.21568627450980393,0.6399999999999999,0.3275324129651861,Low Value
1574.0,36.0,Male,T-shirt,Clothing,31.0,North Dakota,L,Indigo,Summer,4.3,No,2-Day Shipping,1.0,1.0,25.0,Debit Card,Weekly,52.0,1.0,0.1375,0.0,0.0,0.3600000000000001,0.06350000000000001,Low Value
1575.0,18.0,Male,Skirt,Clothing,25.0,Minnesota,S,Magenta,Spring,4.2,No,Free Shipping,1.0,1.0,32.0,PayPal,Bi-Weekly,,1.0,0.07500000000000001,0.10204081632653061,0.21568627450980393,0.8,0.20052220888355343,Low Value
1576.0,52.0,Male,Shirt,Clothing,28.0,California,M,Turquoise,Spring,3.6,No,Next Day Air,1.0,1.0,28.0,Cash,Fortnightly,26.0,1.0,0.6000000000000001,0.510204081632653,0.21568627450980393,0.7600000000000002,0.4647875150060024,Medium Value
1577.0,56.0,Male,Dress,Clothing,75.0,Michigan,M,White,Spring,3.7,No,2-Day Shipping,1.0,1.0,36.0,PayPal,Monthly,12.0,1.0,0.1375,0.10204081632653061,0.49019607843137253,0.6000000000000001,0.275375150060024,Low Value
1578.0,68.0,Male,Boots,Footwear,34.0,Delaware,S,Olive,Spring,4.0,No,Standard,1.0,1.0,7.0,Venmo,Fortnightly,26.0,1.0,0.26250000000000007,0.4285714285714285,,0.3600000000000001,,Low Value
1579.0,62.0,Male,Pants,Clothing,97.0,California,S,Maroon,Winter,4.9,No,2-Day Shipping,1.0,1.0,2.0,PayPal,Quarterly,4.0,1.0,0.525,0.8979591836734693,,0.28000000000000025,,Low Value
1580.0,35.0,Male,Jacket,Outerwear,80.0,Oklahoma,M,Violet,Summer,3.1,No,Free Shipping,1.0,1.0,6.0,Bank Transfer,Monthly,12.0,1.0,0.26250000000000007,1.0,0.058823529411764705,0.3600000000000001,0.5061470588235295,Medium Value
1581.0,65.0,Male,Sneakers,Footwear,71.0,North Dakota,L,Cyan,Summer,3.7,No,Standard,1.0,1.0,30.0,Cash,Annually,1.0,1.0,0.55,1.0,0.49019607843137253,0.72,0.7290588235294118,Medium Value
1582.0,69.0,Male,Jewelry,Accessories,77.0,Ohio,L,Teal,Fall,4.2,No,Free Shipping,1.0,1.0,46.0,Cash,Quarterly,4.0,1.0,0.65,0.7755102040816325,0.058823529411764705,1.0,0.5578511404561824,Medium Value
1583.0,28.0,Male,Belt,Accessories,41.0,Hawaii,L,Red,Spring,2.5,No,Next Day Air,1.0,1.0,39.0,Cash,Monthly,12.0,1.0,0.7250000000000001,1.0,,0.40000000000000013,,Low Value
1584.0,37.0,Male,Scarf,Accessories,92.0,Maryland,XL,Yellow,Summer,4.3,No,Next Day Air,1.0,1.0,8.0,Venmo,Annually,1.0,1.0,0.3375,0.5306122448979591,,0.2400000000000002,,Low Value
1585.0,41.0,Male,Blouse,Clothing,95.0,Hawaii,S,Silver,Spring,3.1,No,Store Pickup,1.0,1.0,46.0,Credit Card,Quarterly,4.0,1.0,0.32500000000000007,0.7551020408163265,0.49019607843137253,0.56,0.5700996398559425,Medium Value
1586.0,37.0,Male,Sweater,Clothing,25.0,Alabama,M,Charcoal,Fall,3.0,No,Next Day Air,1.0,1.0,40.0,Debit Card,Fortnightly,26.0,1.0,0.2875,0.7346938775510203,,0.6000000000000001,,Low Value
1587.0,25.0,Male,Boots,Footwear,77.0,Oklahoma,M,Purple,Fall,4.0,No,Express,1.0,1.0,21.0,Bank Transfer,Weekly,52.0,1.0,0.4750000000000001,1.0,0.0,0.40000000000000013,0.535,Medium Value
1588.0,41.0,Male,Socks,Clothing,99.0,Alabama,M,Beige,Summer,3.5,No,Free Shipping,1.0,1.0,33.0,Credit Card,Fortnightly,26.0,1.0,0.15000000000000002,0.7959183673469387,,0.44000000000000017,,Low Value
1589.0,48.0,Male,Belt,Accessories,24.0,Vermont,L,Cyan,Winter,3.2,No,Next Day Air,1.0,1.0,3.0,Venmo,Monthly,12.0,1.0,0.3125,0.04081632653061225,,0.20000000000000018,,Low Value
1590.0,42.0,Male,Sneakers,Footwear,72.0,Ohio,M,Silver,Summer,2.7,No,Store Pickup,1.0,1.0,48.0,Cash,Weekly,52.0,1.0,0.1875,0.8979591836734693,,0.040000000000000036,,Low Value
1591.0,54.0,Male,Jeans,Clothing,80.0,Wisconsin,S,Pink,Winter,3.0,No,Free Shipping,1.0,1.0,8.0,PayPal,Annually,1.0,1.0,0.012500000000000011,0.14285714285714285,0.0,0.15999999999999992,0.07564285714285714,Low Value
1592.0,18.0,Male,Skirt,Clothing,100.0,South Dakota,L,Gold,Winter,2.9,No,Next Day Air,1.0,1.0,24.0,PayPal,Annually,1.0,1.0,0.55,0.12244897959183673,0.21568627450980393,0.2400000000000002,0.2476854741896759,Low Value
1593.0,56.0,Male,Shoes,Footwear,83.0,Iowa,M,Cyan,Summer,3.3,No,Free Shipping,1.0,1.0,10.0,Bank Transfer,Every 3 Months,,1.0,0.8500000000000001,0.24489795918367344,0.058823529411764705,0.32000000000000006,0.31760624249699887,Low Value
1594.0,61.0,Male,Dress,Clothing,95.0,Maryland,M,Black,Spring,4.9,No,2-Day Shipping,1.0,1.0,25.0,Bank Transfer,Monthly,12.0,1.0,0.3500000000000001,0.5714285714285714,,0.15999999999999992,,Low Value
1595.0,40.0,Male,Handbag,Accessories,41.0,Colorado,XL,Charcoal,Summer,3.7,No,Store Pickup,1.0,1.0,3.0,Cash,Fortnightly,26.0,1.0,0.2,0.12244897959183673,0.49019607843137253,0.56,0.29203841536614644,Low Value
1596.0,34.0,Male,Backpack,Accessories,35.0,Wisconsin,S,Magenta,Spring,3.5,No,Standard,1.0,1.0,45.0,Debit Card,Fortnightly,26.0,1.0,0.10000000000000003,1.0,,0.8800000000000001,,Low Value
1597.0,42.0,Male,Jewelry,Accessories,30.0,Mississippi,S,Pink,Fall,4.7,No,Store Pickup,1.0,1.0,15.0,Debit Card,Monthly,12.0,1.0,0.75,0.6530612244897959,,0.7600000000000002,,Low Value
1598.0,43.0,Male,Hat,Accessories,21.0,Mississippi,XL,Maroon,Winter,2.6,No,Store Pickup,1.0,1.0,34.0,Bank Transfer,Quarterly,4.0,1.0,0.03750000000000003,0.5918367346938774,,0.44000000000000017,,Low Value
1599.0,47.0,Male,Jewelry,Accessories,85.0,California,M,Teal,Fall,4.1,No,Express,1.0,1.0,21.0,Venmo,Bi-Weekly,,1.0,0.050000000000000044,0.7959183673469387,0.0,0.28000000000000025,0.35636734693877553,Low Value
1600.0,48.0,Male,Shirt,Clothing,54.0,Delaware,M,Orange,Winter,2.8,No,2-Day Shipping,1.0,1.0,22.0,Debit Card,Bi-Weekly,,1.0,0.025000000000000022,0.9795918367346937,0.49019607843137253,0.6000000000000001,0.6038955582232893,Medium Value
1601.0,20.0,Male,Boots,Footwear,26.0,Montana,S,Yellow,Spring,4.7,No,Next Day Air,1.0,1.0,24.0,PayPal,Weekly,52.0,1.0,0.012500000000000011,0.6326530612244897,0.49019607843137253,0.40000000000000013,0.4426200480192077,Low Value
1602.0,65.0,Male,Shirt,Clothing,59.0,Indiana,XL,Red,Spring,2.9,No,Store Pickup,1.0,1.0,33.0,Credit Card,Monthly,12.0,1.0,0.38750000000000007,0.346938775510204,0.9999999999999999,0.8399999999999999,0.6002755102040815,Medium Value
1603.0,54.0,Male,Sunglasses,Accessories,48.0,West Virginia,S,Charcoal,Winter,2.8,No,Free Shipping,1.0,1.0,13.0,Venmo,Fortnightly,26.0,1.0,0.5625,1.0,0.0,0.32000000000000006,0.5445000000000001,Medium Value
1604.0,23.0,Male,Shorts,Clothing,98.0,Iowa,L,Black,Summer,4.3,No,Next Day Air,1.0,1.0,17.0,Debit Card,Bi-Weekly,,1.0,0.38750000000000007,0.24489795918367344,0.9999999999999999,0.6000000000000001,0.5354591836734693,Medium Value
1605.0,18.0,Male,Sweater,Clothing,92.0,Maine,M,White,Summer,4.8,No,2-Day Shipping,1.0,1.0,25.0,Credit Card,Every 3 Months,,1.0,0.15000000000000002,0.0,,0.3600000000000001,,Low Value
1606.0,70.0,Male,Belt,Accessories,46.0,Connecticut,M,Lavender,Winter,3.4,No,Next Day Air,1.0,1.0,15.0,Credit Card,Bi-Weekly,,1.0,0.625,0.3061224489795918,0.49019607843137253,0.6800000000000002,0.46250780312124845,Medium Value
1607.0,55.0,Male,T-shirt,Clothing,21.0,Kansas,S,White,Spring,4.3,No,Standard,1.0,1.0,4.0,PayPal,Fortnightly,26.0,1.0,0.7125,0.10204081632653061,0.21568627450980393,0.56,0.30402220888355347,Low Value
1608.0,49.0,Male,Shorts,Clothing,72.0,Vermont,S,Gray,Fall,2.7,No,Free Shipping,1.0,1.0,43.0,Debit Card,Quarterly,4.0,1.0,0.875,0.4081632653061224,0.21568627450980393,0.56,0.45897118847539015,Medium Value
1609.0,26.0,Male,Sandals,Footwear,58.0,Nebraska,XL,Cyan,Fall,4.6,No,Next Day Air,1.0,1.0,12.0,Bank Transfer,Bi-Weekly,,1.0,0.2,0.7142857142857142,,0.11999999999999988,,Low Value
1610.0,33.0,Male,Shirt,Clothing,93.0,Nevada,S,Brown,Fall,4.1,No,Standard,1.0,1.0,3.0,Venmo,Monthly,12.0,1.0,0.7125,0.38775510204081626,,0.4800000000000002,,Low Value
1611.0,20.0,Male,Socks,Clothing,31.0,Tennessee,L,Purple,Spring,3.4,No,2-Day Shipping,1.0,1.0,1.0,PayPal,Annually,1.0,1.0,0.7250000000000001,0.14285714285714285,0.058823529411764705,0.9600000000000002,0.3157899159663866,Low Value
1612.0,41.0,Male,Pants,Clothing,26.0,Arkansas,L,Yellow,Winter,4.5,No,Next Day Air,1.0,1.0,6.0,Debit Card,Monthly,12.0,1.0,0.6125,0.4285714285714285,0.21568627450980393,0.040000000000000036,0.3626344537815126,Low Value
1613.0,18.0,Male,Skirt,Clothing,68.0,Wisconsin,M,Indigo,Summer,4.4,No,Standard,1.0,1.0,26.0,Venmo,Monthly,12.0,1.0,0.5375000000000001,0.04081632653061225,0.058823529411764705,0.9600000000000002,0.23747358943577437,Low Value
1614.0,26.0,Male,Jewelry,Accessories,31.0,Illinois,S,Black,Summer,4.0,No,Next Day Air,1.0,1.0,6.0,Credit Card,Fortnightly,26.0,1.0,0.2,0.9183673469387754,0.49019607843137253,0.3600000000000001,0.5904057623049219,Medium Value
1615.0,30.0,Male,T-shirt,Clothing,41.0,Kansas,S,Gray,Summer,3.4,No,Free Shipping,1.0,1.0,22.0,Cash,Bi-Weekly,,1.0,0.75,0.836734693877551,0.21568627450980393,0.56,0.6053997599039617,Medium Value
1616.0,64.0,Male,Jewelry,Accessories,62.0,New York,M,Indigo,Fall,3.2,No,Standard,1.0,1.0,45.0,Cash,Bi-Weekly,,1.0,0.1875,0.0,0.49019607843137253,0.6000000000000001,0.24455882352941177,Low Value
1617.0,26.0,Male,Hat,Accessories,41.0,Colorado,M,Green,Spring,3.4,No,Standard,1.0,1.0,50.0,Cash,Quarterly,4.0,1.0,0.9125000000000001,0.5714285714285714,,0.20000000000000018,,Low Value
1618.0,43.0,Male,Blouse,Clothing,64.0,Wisconsin,M,Peach,Winter,4.3,No,Standard,1.0,1.0,50.0,Credit Card,Fortnightly,26.0,1.0,0.0625,0.26530612244897955,0.058823529411764705,0.040000000000000036,0.14026950780312125,Low Value
1619.0,63.0,Male,Sandals,Footwear,72.0,Michigan,L,Purple,Summer,5.0,No,Standard,1.0,1.0,39.0,Debit Card,Quarterly,4.0,1.0,0.7625,0.061224489795918366,0.21568627450980393,0.28000000000000025,0.2696956782713086,Low Value
1620.0,57.0,Male,Handbag,Accessories,78.0,Hawaii,L,Beige,Winter,3.5,No,Store Pickup,1.0,1.0,50.0,Venmo,Bi-Weekly,,1.0,0.275,0.8163265306122448,,0.040000000000000036,,Low Value
1621.0,25.0,Male,Hat,Accessories,47.0,Virginia,M,Charcoal,Winter,3.1,No,2-Day Shipping,1.0,1.0,27.0,PayPal,Every 3 Months,,1.0,0.2,0.061224489795918366,,0.28000000000000025,,Low Value
1622.0,68.0,Male,Scarf,Accessories,46.0,Ohio,L,Gray,Summer,3.9,No,2-Day Shipping,1.0,1.0,38.0,Debit Card,Fortnightly,26.0,1.0,0.5750000000000001,0.9387755102040816,0.9999999999999999,0.6399999999999999,0.8545102040816325,High Value
1623.0,31.0,Male,Shorts,Clothing,43.0,Missouri,S,Brown,Winter,4.0,No,Store Pickup,1.0,1.0,37.0,Bank Transfer,Every 3 Months,,1.0,0.21250000000000002,0.8775510204081631,0.0,0.56,0.4495204081632653,Low Value
1624.0,64.0,Male,Backpack,Accessories,58.0,Indiana,M,Cyan,Summer,3.5,No,Next Day Air,1.0,1.0,50.0,Debit Card,Annually,1.0,1.0,0.3125,0.7346938775510203,0.21568627450980393,0.6399999999999999,0.4850834333733493,Medium Value
1625.0,38.0,Male,Sweater,Clothing,32.0,Florida,M,White,Winter,3.6,No,Free Shipping,1.0,1.0,40.0,PayPal,Every 3 Months,,1.0,0.825,0.4081632653061224,0.058823529411764705,0.08000000000000007,0.3539123649459784,Low Value
1626.0,34.0,Male,Skirt,Clothing,45.0,Minnesota,L,Beige,Winter,3.0,No,Next Day Air,1.0,1.0,3.0,PayPal,Bi-Weekly,,1.0,0.050000000000000044,0.9183673469387754,0.49019607843137253,0.8399999999999999,0.6084057623049218,Medium Value
1627.0,32.0,Male,Sneakers,Footwear,35.0,Nevada,L,Orange,Summer,2.6,No,Next Day Air,1.0,1.0,45.0,Credit Card,Bi-Weekly,,1.0,0.025000000000000022,0.0,,0.40000000000000013,,Low Value
1628.0,69.0,Male,Sunglasses,Accessories,21.0,Maine,M,Olive,Winter,2.9,No,Next Day Air,1.0,1.0,8.0,Credit Card,Annually,1.0,1.0,0.4125000000000001,0.693877551020408,0.9999999999999999,1.0,0.7600510204081631,High Value
1629.0,45.0,Male,Dress,Clothing,64.0,Massachusetts,S,Teal,Winter,3.1,No,Next Day Air,1.0,1.0,7.0,Cash,Monthly,12.0,1.0,0.26250000000000007,0.9795918367346937,0.21568627450980393,0.3600000000000001,0.5450426170468188,Medium Value
1630.0,35.0,Male,Blouse,Clothing,88.0,North Dakota,S,Silver,Spring,3.3,No,Next Day Air,1.0,1.0,13.0,Venmo,Quarterly,4.0,1.0,0.55,0.9387755102040816,0.0,0.2400000000000002,0.5095102040816327,Medium Value
1631.0,63.0,Male,Shoes,Footwear,48.0,New Jersey,M,Gold,Summer,2.9,No,Store Pickup,1.0,1.0,29.0,Venmo,Every 3 Months,,1.0,0.25,0.4693877551020408,,0.3600000000000001,,Low Value
1632.0,65.0,Male,Sweater,Clothing,36.0,Indiana,L,Violet,Summer,3.9,No,2-Day Shipping,1.0,1.0,7.0,Bank Transfer,Fortnightly,26.0,1.0,0.16250000000000003,0.5510204081632653,0.49019607843137253,0.6000000000000001,0.45996698679471787,Medium Value
1633.0,35.0,Male,Gloves,Accessories,28.0,Oregon,S,White,Summer,4.7,No,2-Day Shipping,1.0,1.0,50.0,Debit Card,Every 3 Months,,1.0,0.48750000000000004,0.4285714285714285,0.058823529411764705,0.08000000000000007,0.2945756302521008,Low Value
1634.0,54.0,Male,Socks,Clothing,80.0,North Dakota,M,Peach,Spring,4.4,No,2-Day Shipping,1.0,1.0,33.0,Debit Card,Bi-Weekly,,1.0,0.6625000000000001,0.38775510204081626,0.9999999999999999,0.44000000000000017,0.6316020408163265,Medium Value
1635.0,28.0,Male,Coat,Outerwear,23.0,South Carolina,S,Orange,Summer,3.6,No,Store Pickup,1.0,1.0,30.0,Cash,Every 3 Months,,1.0,0.025000000000000022,0.4897959183673469,0.9999999999999999,0.6000000000000001,0.5609183673469388,Medium Value
1636.0,68.0,Male,Sunglasses,Accessories,24.0,North Carolina,L,Violet,Summer,3.2,No,Standard,1.0,1.0,40.0,Cash,Annually,1.0,1.0,0.6625000000000001,0.28571428571428564,0.058823529411764705,0.52,0.3164327731092437,Low Value
1637.0,58.0,Male,Boots,Footwear,22.0,North Dakota,L,Green,Fall,4.0,No,Free Shipping,1.0,1.0,49.0,Cash,Fortnightly,26.0,1.0,0.525,0.9795918367346937,,0.3600000000000001,,Low Value
1638.0,35.0,Male,Dress,Clothing,21.0,Massachusetts,M,Peach,Spring,3.5,No,Next Day Air,1.0,1.0,32.0,Venmo,Fortnightly,26.0,1.0,0.45000000000000007,0.18367346938775508,0.49019607843137253,0.28000000000000025,0.3385282112845138,Low Value
1639.0,68.0,Male,Jacket,Outerwear,51.0,Tennessee,M,Black,Spring,4.6,No,Free Shipping,1.0,1.0,18.0,Venmo,Weekly,52.0,1.0,0.875,0.4081632653061224,0.0,0.8800000000000001,0.426265306122449,Low Value
1640.0,41.0,Male,Gloves,Accessories,65.0,Missouri,L,Blue,Summer,3.3,No,Free Shipping,1.0,1.0,50.0,PayPal,Annually,1.0,1.0,0.30000000000000004,0.673469387755102,0.9999999999999999,0.2400000000000002,0.6533877551020408,Medium Value
1641.0,65.0,Male,Scarf,Accessories,51.0,Tennessee,S,Magenta,Spring,4.0,No,2-Day Shipping,1.0,1.0,13.0,PayPal,Weekly,52.0,1.0,0.1875,0.8163265306122448,0.9999999999999999,0.32000000000000006,0.6960306122448979,Medium Value
1642.0,50.0,Male,Hoodie,Clothing,32.0,Colorado,L,Violet,Summer,3.4,No,Free Shipping,1.0,1.0,1.0,Bank Transfer,Every 3 Months,,1.0,0.6375000000000001,0.5918367346938774,0.49019607843137253,0.9199999999999999,0.6032935174069627,Medium Value
1643.0,18.0,Male,Coat,Outerwear,70.0,Mississippi,M,Beige,Spring,4.2,No,Store Pickup,1.0,1.0,16.0,PayPal,Fortnightly,26.0,1.0,0.4,0.4693877551020408,,0.8,,Low Value
1644.0,38.0,Male,Scarf,Accessories,77.0,Ohio,L,Pink,Summer,3.9,No,2-Day Shipping,1.0,1.0,6.0,PayPal,Monthly,12.0,1.0,0.21250000000000002,0.10204081632653061,0.0,0.3600000000000001,0.11931632653061228,Low Value
1645.0,68.0,Male,Coat,Outerwear,90.0,North Carolina,S,Beige,Summer,3.9,No,Next Day Air,1.0,1.0,21.0,Debit Card,Monthly,12.0,1.0,0.9375,0.26530612244897955,,0.4800000000000002,,Low Value
1646.0,53.0,Male,Scarf,Accessories,36.0,Ohio,L,Green,Summer,2.8,No,Standard,1.0,1.0,36.0,Venmo,Every 3 Months,,1.0,0.9625000000000001,0.7346938775510203,,0.9600000000000002,,Low Value
1647.0,58.0,Male,Handbag,Accessories,77.0,Nebraska,S,Silver,Summer,3.7,No,Standard,1.0,1.0,20.0,Bank Transfer,Every 3 Months,,1.0,0.4625,0.7346938775510203,0.058823529411764705,0.40000000000000013,0.4440246098439376,Low Value
1648.0,34.0,Male,Boots,Footwear,78.0,Hawaii,M,Purple,Summer,4.9,No,Store Pickup,1.0,1.0,8.0,Debit Card,Quarterly,4.0,1.0,0.9125000000000001,0.5510204081632653,0.9999999999999999,0.8399999999999999,0.786908163265306,High Value
1649.0,36.0,Male,Pants,Clothing,69.0,Oklahoma,M,Gray,Summer,2.6,No,Express,1.0,1.0,22.0,Credit Card,Monthly,12.0,1.0,0.3500000000000001,0.8571428571428571,,0.8399999999999999,,Low Value
1650.0,58.0,Male,T-shirt,Clothing,63.0,Wisconsin,M,White,Summer,4.9,No,Free Shipping,1.0,1.0,3.0,Credit Card,Quarterly,4.0,1.0,0.6875,0.4897959183673469,0.0,0.6800000000000002,0.4014183673469388,Low Value
1651.0,60.0,Male,Scarf,Accessories,36.0,Arkansas,M,Silver,Winter,3.4,No,Next Day Air,1.0,1.0,46.0,Credit Card,Fortnightly,26.0,1.0,0.625,0.061224489795918366,0.0,0.4800000000000002,0.19748979591836738,Low Value
1652.0,59.0,Male,Coat,Outerwear,80.0,Texas,M,Blue,Winter,3.9,No,Standard,1.0,1.0,42.0,Debit Card,Monthly,12.0,1.0,0.07500000000000001,0.24489795918367344,0.49019607843137253,0.20000000000000018,0.28001800720288117,Low Value
1653.0,65.0,Male,Sweater,Clothing,35.0,New Mexico,M,Orange,Summer,4.0,No,Next Day Air,1.0,1.0,1.0,Bank Transfer,Fortnightly,26.0,1.0,0.6625000000000001,0.6326530612244897,0.21568627450980393,0.8399999999999999,0.534267106842737,Medium Value
1654.0,31.0,Male,Belt,Accessories,93.0,Colorado,L,Silver,Winter,3.0,No,2-Day Shipping,1.0,1.0,29.0,Debit Card,Bi-Weekly,,1.0,0.125,0.0,0.0,0.28000000000000025,0.053000000000000026,Low Value
1655.0,43.0,Male,Belt,Accessories,25.0,Indiana,L,Gray,Spring,2.6,No,Store Pickup,1.0,1.0,14.0,Credit Card,Quarterly,4.0,1.0,0.5125000000000001,0.061224489795918366,0.0,0.40000000000000013,0.16698979591836738,Low Value
1656.0,37.0,Male,Sweater,Clothing,81.0,Arizona,L,Gold,Spring,3.2,No,Next Day Air,1.0,1.0,4.0,PayPal,Monthly,12.0,1.0,0.6875,0.6530612244897959,,0.040000000000000036,,Low Value
1657.0,21.0,Male,Blouse,Clothing,42.0,Indiana,L,Brown,Spring,2.6,No,2-Day Shipping,1.0,1.0,41.0,PayPal,Every 3 Months,,1.0,0.8500000000000001,0.8979591836734693,0.49019607843137253,0.9600000000000002,0.7722424969987995,High Value
1658.0,69.0,Male,Skirt,Clothing,36.0,Indiana,L,Turquoise,Spring,3.2,No,Store Pickup,1.0,1.0,4.0,Debit Card,Bi-Weekly,,1.0,0.5875,0.38775510204081626,0.49019607843137253,0.08000000000000007,0.42766086434573825,Low Value
1659.0,32.0,Male,Jewelry,Accessories,66.0,Alaska,S,Pink,Spring,4.1,No,Store Pickup,1.0,1.0,47.0,Cash,Weekly,52.0,1.0,0.9375,0.0,0.49019607843137253,0.8800000000000001,0.42255882352941176,Low Value
1660.0,53.0,Male,Gloves,Accessories,37.0,Utah,M,Black,Fall,3.9,No,Next Day Air,1.0,1.0,44.0,Venmo,Annually,1.0,1.0,0.6125,0.12244897959183673,,0.6000000000000001,,Low Value
1661.0,59.0,Male,T-shirt,Clothing,45.0,Louisiana,L,Yellow,Winter,4.1,No,Standard,1.0,1.0,37.0,Venmo,Monthly,12.0,1.0,0.8375000000000001,0.9591836734693877,,0.40000000000000013,,Low Value
1662.0,64.0,Male,Gloves,Accessories,86.0,Iowa,S,Beige,Summer,2.7,No,2-Day Shipping,1.0,1.0,21.0,Debit Card,Quarterly,4.0,1.0,0.26250000000000007,0.9183673469387754,0.058823529411764705,0.9199999999999999,0.5294939975990396,Medium Value
1663.0,63.0,Male,Sunglasses,Accessories,24.0,New Mexico,M,Olive,Winter,4.6,No,Free Shipping,1.0,1.0,46.0,Debit Card,Fortnightly,26.0,1.0,0.5875,0.673469387755102,0.0,0.6000000000000001,0.4468877551020408,Low Value
1664.0,43.0,Male,Shirt,Clothing,22.0,Maine,XL,Gold,Summer,3.5,No,Standard,1.0,1.0,1.0,Cash,Bi-Weekly,,1.0,0.625,0.7142857142857142,0.21568627450980393,0.6399999999999999,0.5394201680672268,Medium Value
1665.0,19.0,Male,Handbag,Accessories,53.0,Minnesota,M,Purple,Spring,5.0,No,Next Day Air,1.0,1.0,35.0,PayPal,Weekly,52.0,1.0,0.26250000000000007,0.8775510204081631,,0.52,,Low Value
1666.0,40.0,Male,Jacket,Outerwear,41.0,New Mexico,L,Pink,Fall,3.4,No,Next Day Air,1.0,1.0,49.0,Venmo,Monthly,12.0,1.0,0.7875000000000001,0.9591836734693877,0.9999999999999999,1.0,0.941173469387755,High Value
1667.0,51.0,Male,Skirt,Clothing,64.0,Arkansas,M,Blue,Summer,3.1,No,Store Pickup,1.0,1.0,47.0,PayPal,Annually,1.0,1.0,0.025000000000000022,0.22448979591836735,0.0,0.6000000000000001,0.15479591836734696,Low Value
1668.0,51.0,Male,Handbag,Accessories,40.0,Oklahoma,L,Brown,Winter,3.4,No,2-Day Shipping,1.0,1.0,24.0,Bank Transfer,Every 3 Months,,1.0,0.0,0.36734693877551017,,0.56,,Low Value
1669.0,66.0,Male,Blouse,Clothing,33.0,Utah,L,Charcoal,Summer,4.0,No,Standard,1.0,1.0,28.0,Debit Card,Fortnightly,26.0,1.0,0.11250000000000004,0.9795918367346937,,0.3600000000000001,,Low Value
1670.0,42.0,Male,T-shirt,Clothing,59.0,Wisconsin,L,Maroon,Winter,2.7,No,Store Pickup,1.0,1.0,22.0,Bank Transfer,Quarterly,4.0,1.0,0.8375000000000001,0.4897959183673469,0.49019607843137253,0.20000000000000018,0.5304771908763506,Medium Value
1671.0,22.0,Male,Pants,Clothing,73.0,Utah,L,Cyan,Fall,3.6,No,Free Shipping,1.0,1.0,20.0,Cash,Weekly,52.0,1.0,0.7625,0.4897959183673469,,0.9600000000000002,,Low Value
1672.0,31.0,Male,Hoodie,Clothing,22.0,Utah,M,Olive,Winter,4.0,No,Free Shipping,1.0,1.0,25.0,Bank Transfer,Weekly,52.0,1.0,0.4750000000000001,0.0,0.058823529411764705,0.28000000000000025,0.14064705882352946,Low Value
1673.0,18.0,Male,Boots,Footwear,73.0,South Carolina,L,Gold,Fall,3.8,No,Free Shipping,1.0,1.0,15.0,Venmo,Quarterly,4.0,1.0,0.7875000000000001,0.36734693877551017,0.0,0.52,0.3564387755102041,Low Value
1674.0,21.0,Male,Blouse,Clothing,62.0,Hawaii,M,Violet,Fall,3.4,No,Next Day Air,1.0,1.0,49.0,Venmo,Bi-Weekly,,1.0,0.48750000000000004,0.12244897959183673,0.058823529411764705,0.52,0.2161266506602641,Low Value
1675.0,35.0,Male,Coat,Outerwear,56.0,Alaska,M,Peach,Winter,3.2,No,Free Shipping,1.0,1.0,10.0,Debit Card,Fortnightly,26.0,1.0,0.9125000000000001,0.36734693877551017,0.21568627450980393,0.8800000000000001,0.48214465786314525,Medium Value
1676.0,35.0,Male,Pants,Clothing,90.0,Colorado,M,Beige,Spring,4.7,No,Next Day Air,1.0,1.0,21.0,Credit Card,Annually,1.0,1.0,0.8375000000000001,0.16326530612244897,0.49019607843137253,0.52,0.43186494597839137,Low Value
1677.0,27.0,Male,Sunglasses,Accessories,44.0,West Virginia,M,Cyan,Winter,3.1,No,Next Day Air,1.0,1.0,34.0,Bank Transfer,Weekly,52.0,1.0,0.025000000000000022,0.7346938775510203,0.058823529411764705,0.8399999999999999,0.40052460984393756,Low Value
1678.0,65.0,Male,Jeans,Clothing,35.0,Oregon,L,Silver,Summer,3.3,No,Next Day Air,0.0,0.0,41.0,Debit Card,Weekly,52.0,0.0,0.6375000000000001,0.28571428571428564,0.21568627450980393,0.7600000000000002,0.38249159663865545,Low Value
1679.0,41.0,Male,Pants,Clothing,71.0,Ohio,S,Magenta,Summer,4.8,No,2-Day Shipping,0.0,0.0,30.0,Venmo,Fortnightly,26.0,0.0,0.6125,0.5918367346938774,,0.3600000000000001,,Low Value
1680.0,60.0,Male,Dress,Clothing,52.0,Massachusetts,S,Black,Fall,4.5,No,Next Day Air,0.0,0.0,24.0,Debit Card,Bi-Weekly,,0.0,0.3375,0.5918367346938774,,0.8800000000000001,,Low Value
1681.0,61.0,Male,Shoes,Footwear,37.0,Louisiana,M,Olive,Summer,3.4,No,Store Pickup,0.0,0.0,6.0,Credit Card,Annually,1.0,0.0,0.375,0.3061224489795918,,0.15999999999999992,,Low Value
1682.0,24.0,Male,Sneakers,Footwear,95.0,Virginia,L,Green,Winter,3.7,No,2-Day Shipping,0.0,0.0,14.0,Credit Card,Bi-Weekly,,0.0,0.9500000000000002,0.26530612244897955,,0.3600000000000001,,Low Value
1683.0,65.0,Male,Socks,Clothing,97.0,New York,M,Yellow,Fall,4.9,No,2-Day Shipping,0.0,0.0,37.0,Credit Card,Bi-Weekly,,0.0,0.23750000000000004,0.14285714285714285,0.058823529411764705,0.28000000000000025,0.15028991596638658,Low Value
1684.0,23.0,Male,Coat,Outerwear,57.0,Arkansas,S,Lavender,Spring,3.5,No,Next Day Air,0.0,0.0,37.0,Venmo,Quarterly,4.0,0.0,0.8,0.7959183673469387,,0.11999999999999988,,Low Value
1685.0,30.0,Male,Shirt,Clothing,93.0,New Mexico,M,Indigo,Spring,4.6,No,Standard,0.0,0.0,28.0,PayPal,Weekly,52.0,0.0,0.10000000000000003,0.4693877551020408,0.21568627450980393,0.72,0.34446098439375755,Low Value
1686.0,33.0,Male,Blouse,Clothing,48.0,Minnesota,M,Pink,Winter,4.6,No,Standard,0.0,0.0,43.0,PayPal,Bi-Weekly,,0.0,0.38750000000000007,0.26530612244897955,0.49019607843137253,0.32000000000000006,0.3626812725090036,Low Value
1687.0,22.0,Male,Gloves,Accessories,75.0,Illinois,L,Red,Fall,4.2,No,Store Pickup,0.0,0.0,25.0,Cash,Annually,1.0,0.0,0.0,0.7755102040816325,0.0,0.32000000000000006,0.34220408163265303,Low Value
1688.0,67.0,Male,Skirt,Clothing,70.0,Georgia,S,Magenta,Winter,3.7,No,Free Shipping,0.0,0.0,4.0,PayPal,Annually,1.0,0.0,0.65,0.4081632653061224,0.9999999999999999,0.32000000000000006,0.6252653061224489,Medium Value
1689.0,28.0,Male,Handbag,Accessories,26.0,Mississippi,S,Peach,Winter,3.0,No,Next Day Air,0.0,0.0,13.0,Venmo,Fortnightly,26.0,0.0,0.16250000000000003,0.6326530612244897,0.058823529411764705,0.20000000000000018,0.32320828331332535,Low Value
1690.0,32.0,Male,Shirt,Clothing,73.0,North Carolina,L,Turquoise,Winter,4.6,No,Store Pickup,0.0,0.0,32.0,Bank Transfer,Monthly,12.0,0.0,0.10000000000000003,0.8979591836734693,0.9999999999999999,0.11999999999999988,0.6911836734693877,Medium Value
1691.0,40.0,Male,Coat,Outerwear,30.0,Nevada,M,Black,Summer,3.2,No,Free Shipping,0.0,0.0,1.0,Cash,Annually,1.0,0.0,0.4125000000000001,0.36734693877551017,0.21568627450980393,0.6000000000000001,0.35414465786314525,Low Value
1692.0,64.0,Male,Shoes,Footwear,61.0,Connecticut,L,Blue,Summer,3.5,No,Next Day Air,0.0,0.0,4.0,Cash,Annually,1.0,0.0,0.3500000000000001,0.0,,0.72,,Low Value
1693.0,56.0,Male,Handbag,Accessories,75.0,Utah,M,Beige,Winter,2.6,No,Standard,0.0,0.0,33.0,Cash,Bi-Weekly,,0.0,0.012500000000000011,0.22448979591836735,0.49019607843137253,0.52,0.2913547418967587,Low Value
1694.0,63.0,Male,Jacket,Outerwear,88.0,Tennessee,XL,Olive,Fall,4.9,No,Standard,0.0,0.0,45.0,Bank Transfer,Fortnightly,26.0,0.0,0.025000000000000022,0.510204081632653,0.9999999999999999,0.6800000000000002,0.5770816326530612,Medium Value
1695.0,20.0,Male,Shirt,Clothing,67.0,Mississippi,M,Turquoise,Summer,2.7,No,Express,0.0,0.0,20.0,Debit Card,Fortnightly,26.0,0.0,0.8375000000000001,0.22448979591836735,0.21568627450980393,0.2400000000000002,0.3460018007202882,Low Value
1696.0,54.0,Male,Hat,Accessories,95.0,Nebraska,S,Yellow,Fall,4.7,No,2-Day Shipping,0.0,0.0,1.0,PayPal,Fortnightly,26.0,0.0,0.375,0.7142857142857142,,0.040000000000000036,,Low Value
1697.0,31.0,Male,Sunglasses,Accessories,69.0,West Virginia,S,Turquoise,Spring,4.0,No,Free Shipping,0.0,0.0,7.0,Credit Card,Bi-Weekly,,0.0,0.8125,0.4285714285714285,0.0,0.3600000000000001,0.36992857142857144,Low Value
1698.0,36.0,Male,Shirt,Clothing,87.0,South Carolina,L,Lavender,Fall,3.5,No,Next Day Air,0.0,0.0,48.0,Credit Card,Every 3 Months,,0.0,0.9750000000000001,0.3061224489795918,0.058823529411764705,0.2400000000000002,0.3590960384153662,Low Value
1699.0,25.0,Male,Belt,Accessories,41.0,Iowa,XL,Turquoise,Winter,4.8,No,Standard,0.0,0.0,46.0,Bank Transfer,Quarterly,4.0,0.0,0.17500000000000004,0.6122448979591836,0.0,0.44000000000000017,0.3238979591836735,Low Value
1700.0,20.0,Male,Sweater,Clothing,67.0,North Dakota,L,Teal,Spring,4.0,No,Free Shipping,0.0,0.0,34.0,Debit Card,Annually,1.0,0.0,0.5125000000000001,0.8571428571428571,0.058823529411764705,0.040000000000000036,0.4670042016806723,Medium Value
1701.0,62.0,Male,Hoodie,Clothing,70.0,West Virginia,L,Black,Fall,4.1,No,Express,0.0,0.0,36.0,Bank Transfer,Monthly,12.0,0.0,0.9750000000000001,1.0,,0.6800000000000002,,Low Value
1702.0,69.0,Male,Handbag,Accessories,41.0,Mississippi,XL,Blue,Winter,3.8,No,Next Day Air,0.0,0.0,44.0,Debit Card,Every 3 Months,,0.0,0.5125000000000001,0.7346938775510203,0.9999999999999999,0.15999999999999992,0.7123775510204081,Medium Value
1703.0,54.0,Male,Jeans,Clothing,83.0,Alabama,XL,Yellow,Summer,5.0,No,Express,0.0,0.0,48.0,Bank Transfer,Weekly,52.0,0.0,0.9750000000000001,0.44897959183673464,0.9999999999999999,0.6800000000000002,0.7425918367346939,Medium Value
1704.0,39.0,Male,Backpack,Accessories,22.0,California,M,Black,Spring,4.0,No,Next Day Air,0.0,0.0,12.0,Bank Transfer,Annually,1.0,0.0,0.012500000000000011,0.18367346938775508,,0.32000000000000006,,Low Value
1705.0,56.0,Male,Sneakers,Footwear,20.0,Idaho,M,Lavender,Summer,3.9,No,Store Pickup,0.0,0.0,19.0,Cash,Every 3 Months,,0.0,0.38750000000000007,0.38775510204081626,0.21568627450980393,0.44000000000000017,0.3413079231692677,Low Value
1706.0,39.0,Male,Jewelry,Accessories,29.0,South Dakota,L,Cyan,Summer,3.4,No,2-Day Shipping,0.0,0.0,49.0,Venmo,Bi-Weekly,,0.0,0.75,0.346938775510204,,0.72,,Low Value
1707.0,37.0,Male,Sunglasses,Accessories,87.0,North Dakota,M,Brown,Spring,3.0,No,Standard,0.0,0.0,25.0,Venmo,Fortnightly,26.0,0.0,0.65,0.04081632653061225,0.9999999999999999,0.32000000000000006,0.47832653061224484,Medium Value
1708.0,25.0,Male,Shorts,Clothing,81.0,Nevada,L,Maroon,Fall,4.9,No,2-Day Shipping,0.0,0.0,25.0,Cash,Bi-Weekly,,0.0,0.5375000000000001,0.44897959183673464,0.9999999999999999,0.20000000000000018,0.6070918367346938,Medium Value
1709.0,35.0,Male,Boots,Footwear,58.0,Florida,L,Cyan,Spring,3.2,No,Express,0.0,0.0,1.0,Credit Card,Quarterly,4.0,0.0,0.08750000000000002,0.5306122448979591,0.9999999999999999,0.44000000000000017,0.5737448979591836,Medium Value
1710.0,45.0,Male,Skirt,Clothing,83.0,Indiana,M,Pink,Winter,3.8,No,Standard,0.0,0.0,19.0,Bank Transfer,Annually,1.0,0.0,0.30000000000000004,0.8775510204081631,0.49019607843137253,0.2400000000000002,0.5820792316926771,Medium Value
1711.0,19.0,Male,Pants,Clothing,59.0,Arkansas,XL,Orange,Fall,3.8,No,Store Pickup,0.0,0.0,7.0,Credit Card,Quarterly,4.0,0.0,0.03750000000000003,0.8163265306122448,0.058823529411764705,0.15999999999999992,0.36767767106842736,Low Value
1712.0,21.0,Male,T-shirt,Clothing,93.0,North Carolina,M,Lavender,Spring,4.7,No,Express,0.0,0.0,19.0,Credit Card,Monthly,12.0,0.0,0.9125000000000001,0.8163265306122448,0.0,0.56,0.565030612244898,Medium Value
1713.0,65.0,Male,T-shirt,Clothing,87.0,Illinois,S,Beige,Fall,3.8,No,2-Day Shipping,0.0,0.0,9.0,Cash,Fortnightly,26.0,0.0,0.625,0.7142857142857142,,0.28000000000000025,,Low Value
1714.0,49.0,Male,Jacket,Outerwear,22.0,Missouri,M,Pink,Winter,4.6,No,Free Shipping,0.0,0.0,37.0,PayPal,Quarterly,4.0,0.0,0.8125,0.7551020408163265,,0.2400000000000002,,Low Value
1715.0,30.0,Male,Jeans,Clothing,71.0,South Dakota,S,Charcoal,Summer,4.4,No,Standard,0.0,0.0,15.0,Cash,Monthly,12.0,0.0,0.25,0.673469387755102,0.0,0.28000000000000025,0.34738775510204084,Low Value
1716.0,23.0,Male,Dress,Clothing,69.0,Idaho,XL,Gray,Spring,3.4,No,2-Day Shipping,0.0,0.0,30.0,PayPal,Bi-Weekly,,0.0,0.11250000000000004,0.26530612244897955,0.058823529411764705,0.32000000000000006,0.17826950780312126,Low Value
1717.0,69.0,Male,Blouse,Clothing,47.0,Connecticut,M,Cyan,Winter,4.7,No,Standard,0.0,0.0,30.0,Cash,Every 3 Months,,0.0,0.08750000000000002,0.44897959183673464,0.49019607843137253,0.9199999999999999,0.43615066026410565,Low Value
1718.0,29.0,Male,Hoodie,Clothing,50.0,Hawaii,L,Orange,Summer,2.9,No,Express,0.0,0.0,16.0,Debit Card,Bi-Weekly,,0.0,0.9125000000000001,0.346938775510204,0.49019607843137253,0.52,0.5203343337334934,Medium Value
1719.0,54.0,Male,T-shirt,Clothing,96.0,Maryland,L,Pink,Winter,3.4,No,2-Day Shipping,0.0,0.0,14.0,PayPal,Every 3 Months,,0.0,0.0,0.8979591836734693,0.21568627450980393,0.8399999999999999,0.5078895558223289,Medium Value
1720.0,45.0,Male,Sweater,Clothing,39.0,Maryland,M,White,Winter,3.2,No,Free Shipping,0.0,0.0,8.0,Venmo,Quarterly,4.0,0.0,0.4375,0.26530612244897955,0.9999999999999999,0.11999999999999988,0.5056224489795917,Medium Value
1721.0,25.0,Male,Shorts,Clothing,84.0,Massachusetts,S,Beige,Winter,2.8,No,Express,0.0,0.0,40.0,Debit Card,Bi-Weekly,,0.0,0.925,0.9591836734693877,0.0,0.44000000000000017,0.6126734693877551,Medium Value
1722.0,34.0,Male,Jewelry,Accessories,28.0,Delaware,S,Magenta,Spring,4.3,No,Free Shipping,0.0,0.0,24.0,Credit Card,Monthly,12.0,0.0,0.45000000000000007,0.32653061224489793,,0.72,,Low Value
1723.0,46.0,Male,T-shirt,Clothing,51.0,Massachusetts,L,Violet,Summer,3.3,No,Standard,0.0,0.0,14.0,Cash,Fortnightly,26.0,0.0,0.4750000000000001,0.0,0.9999999999999999,0.6000000000000001,0.45499999999999996,Medium Value
1724.0,70.0,Male,Scarf,Accessories,20.0,New York,XL,Gold,Spring,3.3,No,Standard,0.0,0.0,39.0,PayPal,Annually,1.0,0.0,0.30000000000000004,0.7755102040816325,0.9999999999999999,0.40000000000000013,0.710204081632653,Medium Value
1725.0,42.0,Male,Shoes,Footwear,72.0,Delaware,S,Teal,Winter,3.3,No,Free Shipping,0.0,0.0,21.0,PayPal,Weekly,52.0,0.0,0.9375,0.4693877551020408,0.9999999999999999,0.9600000000000002,0.7712551020408163,High Value
1726.0,45.0,Male,Sunglasses,Accessories,33.0,Massachusetts,M,Indigo,Spring,3.0,No,Next Day Air,0.0,0.0,32.0,Venmo,Quarterly,4.0,0.0,0.275,0.8163265306122448,0.49019607843137253,0.2400000000000002,0.5525894357743097,Medium Value
1727.0,57.0,Male,Coat,Outerwear,28.0,Indiana,S,Olive,Summer,2.8,No,Express,0.0,0.0,45.0,Debit Card,Weekly,52.0,0.0,0.9125000000000001,0.5510204081632653,0.0,0.56,0.4589081632653061,Medium Value
1728.0,49.0,Male,Blouse,Clothing,53.0,Virginia,S,Violet,Spring,4.0,No,Express,0.0,0.0,19.0,PayPal,Monthly,12.0,0.0,0.45000000000000007,0.673469387755102,0.058823529411764705,0.20000000000000018,0.3970348139255703,Low Value
1729.0,23.0,Male,Jeans,Clothing,48.0,Wyoming,L,Black,Fall,4.3,No,Express,0.0,0.0,1.0,Debit Card,Every 3 Months,,0.0,0.8500000000000001,0.8163265306122448,0.058823529411764705,0.6399999999999999,0.5781776710684273,Medium Value
1730.0,47.0,Male,Shorts,Clothing,21.0,Illinois,M,Brown,Winter,3.8,No,Store Pickup,0.0,0.0,12.0,Venmo,Fortnightly,26.0,0.0,0.42500000000000004,0.5306122448979591,,0.72,,Low Value
1731.0,23.0,Male,Shirt,Clothing,22.0,Alabama,S,Silver,Fall,4.2,No,Free Shipping,0.0,0.0,26.0,Credit Card,Weekly,52.0,0.0,0.8625,0.9183673469387754,0.49019607843137253,0.52,0.7389057623049219,Medium Value
1732.0,21.0,Male,Backpack,Accessories,87.0,Idaho,M,Gray,Fall,3.1,No,Next Day Air,0.0,0.0,12.0,Cash,Monthly,12.0,0.0,0.3125,0.02040816326530612,,0.56,,Low Value
1733.0,45.0,Male,Belt,Accessories,50.0,Rhode Island,S,Charcoal,Winter,2.6,No,Free Shipping,0.0,0.0,36.0,Cash,Every 3 Months,,0.0,0.6875,0.8979591836734693,0.21568627450980393,0.72,0.6333895558223289,Medium Value
1734.0,67.0,Male,Blouse,Clothing,85.0,New York,L,Black,Summer,3.4,No,Express,0.0,0.0,22.0,Credit Card,Annually,1.0,0.0,0.025000000000000022,0.673469387755102,0.9999999999999999,0.72,0.6463877551020407,Medium Value
1735.0,31.0,Male,Jeans,Clothing,98.0,Missouri,L,Brown,Spring,3.1,No,Next Day Air,0.0,0.0,16.0,PayPal,Quarterly,4.0,0.0,0.7750000000000001,0.16326530612244897,0.0,0.8800000000000001,0.30830612244897965,Low Value
1736.0,58.0,Male,Dress,Clothing,34.0,Texas,M,Purple,Winter,3.6,No,Express,0.0,0.0,31.0,Venmo,Annually,1.0,0.0,0.17500000000000004,0.0,0.0,0.2400000000000002,0.05900000000000003,Low Value
1737.0,57.0,Male,Shorts,Clothing,61.0,Tennessee,M,Purple,Summer,2.6,No,2-Day Shipping,0.0,0.0,43.0,Cash,Quarterly,4.0,0.0,0.9000000000000001,0.32653061224489793,0.0,0.08000000000000007,0.31861224489795925,Low Value
1738.0,42.0,Male,Jewelry,Accessories,98.0,Ohio,L,Gray,Summer,4.2,No,Store Pickup,0.0,0.0,50.0,Venmo,Bi-Weekly,,0.0,0.7250000000000001,0.10204081632653061,0.9999999999999999,0.4800000000000002,0.5338163265306122,Medium Value
1739.0,60.0,Male,Handbag,Accessories,61.0,Tennessee,M,Green,Spring,2.9,No,2-Day Shipping,0.0,0.0,37.0,Credit Card,Weekly,52.0,0.0,0.3375,0.22448979591836735,,0.32000000000000006,,Low Value
1740.0,21.0,Male,Jewelry,Accessories,98.0,Minnesota,L,Silver,Winter,4.2,No,Express,0.0,0.0,23.0,Cash,Weekly,52.0,0.0,0.55,0.18367346938775508,,0.3600000000000001,,Low Value
1741.0,69.0,Male,Pants,Clothing,21.0,Wisconsin,L,Charcoal,Fall,3.3,No,Next Day Air,0.0,0.0,10.0,Bank Transfer,Every 3 Months,,0.0,0.30000000000000004,0.061224489795918366,0.49019607843137253,0.8800000000000001,0.3195486194477791,Low Value
1742.0,41.0,Male,Pants,Clothing,51.0,Delaware,XL,Teal,Winter,3.6,No,Next Day Air,0.0,0.0,20.0,Bank Transfer,Monthly,12.0,0.0,0.925,0.14285714285714285,,0.9600000000000002,,Low Value
1743.0,51.0,Male,Sandals,Footwear,80.0,Kansas,XL,White,Spring,4.3,No,Express,0.0,0.0,18.0,Venmo,Every 3 Months,,0.0,0.525,0.8163265306122448,0.9999999999999999,0.72,0.8035306122448979,High Value
1744.0,23.0,Male,Skirt,Clothing,72.0,Missouri,XL,Brown,Winter,3.3,No,Standard,0.0,0.0,3.0,Bank Transfer,Weekly,52.0,0.0,0.7625,0.9795918367346937,0.9999999999999999,0.6800000000000002,0.9123367346938774,High Value
1745.0,57.0,Male,Sunglasses,Accessories,63.0,Michigan,L,Teal,Winter,3.0,No,Standard,0.0,0.0,23.0,PayPal,Weekly,52.0,0.0,0.16250000000000003,0.9795918367346937,0.058823529411764705,0.4800000000000002,0.489983793517407,Medium Value
1746.0,40.0,Male,Skirt,Clothing,27.0,West Virginia,L,Red,Winter,3.6,No,Store Pickup,0.0,0.0,27.0,Cash,Weekly,52.0,0.0,0.8500000000000001,0.7959183673469387,0.49019607843137253,0.08000000000000007,0.6434261704681873,Medium Value
1747.0,65.0,Male,Handbag,Accessories,44.0,Alabama,L,Brown,Summer,3.1,No,Store Pickup,0.0,0.0,44.0,Bank Transfer,Fortnightly,26.0,0.0,0.36250000000000004,0.5918367346938774,0.21568627450980393,0.32000000000000006,0.4059405762304922,Low Value
1748.0,61.0,Male,Coat,Outerwear,23.0,New Hampshire,M,Yellow,Winter,2.9,No,Express,0.0,0.0,41.0,Venmo,Quarterly,4.0,0.0,0.1375,0.061224489795918366,0.058823529411764705,0.9199999999999999,0.16163685474189676,Low Value
1749.0,34.0,Male,Skirt,Clothing,93.0,Montana,L,Teal,Winter,3.9,No,2-Day Shipping,0.0,0.0,41.0,Bank Transfer,Annually,1.0,0.0,0.11250000000000004,0.4285714285714285,0.21568627450980393,0.6399999999999999,0.3226344537815126,Low Value
1750.0,43.0,Male,Hoodie,Clothing,70.0,Wyoming,L,Pink,Fall,3.2,No,2-Day Shipping,0.0,0.0,36.0,Debit Card,Every 3 Months,,0.0,0.17500000000000004,0.4285714285714285,0.21568627450980393,0.8399999999999999,0.35513445378151265,Low Value
1751.0,31.0,Male,Sunglasses,Accessories,85.0,Missouri,M,White,Fall,3.1,No,Express,0.0,0.0,38.0,Venmo,Every 3 Months,,0.0,0.22500000000000003,0.18367346938775508,0.058823529411764705,0.9600000000000002,0.23211644657863148,Low Value
1752.0,57.0,Male,Sweater,Clothing,40.0,Ohio,M,Silver,Winter,3.2,No,2-Day Shipping,0.0,0.0,34.0,Cash,Annually,1.0,0.0,0.26250000000000007,0.44897959183673464,,0.2400000000000002,,Low Value
1753.0,34.0,Male,Boots,Footwear,29.0,South Dakota,L,Blue,Winter,3.3,No,Store Pickup,0.0,0.0,14.0,Venmo,Quarterly,4.0,0.0,0.17500000000000004,0.8571428571428571,0.058823529411764705,0.20000000000000018,0.4155042016806723,Low Value
1754.0,25.0,Male,Skirt,Clothing,27.0,Colorado,L,Black,Fall,4.8,No,Next Day Air,0.0,0.0,23.0,Credit Card,Fortnightly,26.0,0.0,0.07500000000000001,0.6122448979591836,,0.4800000000000002,,Low Value
1755.0,66.0,Male,Dress,Clothing,93.0,Massachusetts,S,Beige,Fall,3.8,No,2-Day Shipping,0.0,0.0,18.0,Credit Card,Fortnightly,26.0,0.0,0.9750000000000001,0.7551020408163265,0.0,0.6000000000000001,0.5570408163265307,Medium Value
1756.0,56.0,Male,Belt,Accessories,20.0,Delaware,XL,Charcoal,Spring,4.6,No,Next Day Air,0.0,0.0,45.0,Cash,Monthly,12.0,0.0,0.48750000000000004,0.4285714285714285,,0.20000000000000018,,Low Value
1757.0,49.0,Male,Jewelry,Accessories,55.0,New Hampshire,S,Cyan,Fall,2.8,No,Free Shipping,0.0,0.0,14.0,Bank Transfer,Weekly,52.0,0.0,0.9000000000000001,0.8979591836734693,,0.52,,Low Value
1758.0,19.0,Male,Dress,Clothing,94.0,Michigan,L,Yellow,Fall,3.6,No,Standard,0.0,0.0,48.0,Debit Card,Annually,1.0,0.0,0.25,0.4081632653061224,0.49019607843137253,0.4800000000000002,0.40832412965186077,Low Value
1759.0,27.0,Male,Hat,Accessories,56.0,Pennsylvania,M,Silver,Winter,4.3,No,Free Shipping,0.0,0.0,17.0,Venmo,Bi-Weekly,,0.0,0.0,0.16326530612244897,0.49019607843137253,0.6000000000000001,0.27236494597839134,Low Value
1760.0,68.0,Male,Sweater,Clothing,58.0,Louisiana,L,Green,Spring,4.0,No,Next Day Air,0.0,0.0,1.0,PayPal,Weekly,52.0,0.0,0.1875,0.673469387755102,0.9999999999999999,0.2400000000000002,0.6308877551020408,Medium Value
1761.0,20.0,Male,Skirt,Clothing,44.0,Minnesota,XL,Peach,Spring,3.5,No,Standard,0.0,0.0,39.0,PayPal,Weekly,52.0,0.0,0.1875,0.510204081632653,0.9999999999999999,0.56,0.5975816326530612,Medium Value
1762.0,21.0,Male,Hoodie,Clothing,95.0,Hawaii,S,Green,Fall,4.9,No,2-Day Shipping,0.0,0.0,24.0,Cash,Weekly,52.0,0.0,0.7750000000000001,0.0,0.9999999999999999,0.4800000000000002,0.503,Medium Value
1763.0,36.0,Male,Sandals,Footwear,42.0,Idaho,M,Brown,Summer,3.1,No,Express,0.0,0.0,41.0,Bank Transfer,Fortnightly,26.0,0.0,0.3500000000000001,0.9387755102040816,0.9999999999999999,0.56,0.8015102040816326,High Value
1764.0,37.0,Male,Jewelry,Accessories,93.0,Vermont,M,Lavender,Winter,3.9,No,Store Pickup,0.0,0.0,28.0,PayPal,Annually,1.0,0.0,0.4750000000000001,0.5918367346938774,0.9999999999999999,0.08000000000000007,0.639734693877551,Medium Value
1765.0,61.0,Male,Dress,Clothing,56.0,Delaware,M,Charcoal,Summer,3.0,No,Store Pickup,0.0,0.0,34.0,Venmo,Quarterly,4.0,0.0,0.4625,0.9591836734693877,0.49019607843137253,0.56,0.6792322929171669,Medium Value
1766.0,68.0,Male,Hoodie,Clothing,88.0,New Mexico,M,Orange,Spring,4.1,No,2-Day Shipping,0.0,0.0,41.0,Venmo,Quarterly,4.0,0.0,0.9500000000000002,0.6122448979591836,,0.040000000000000036,,Low Value
1767.0,60.0,Male,Sweater,Clothing,54.0,Alaska,S,Cyan,Winter,4.3,No,2-Day Shipping,0.0,0.0,27.0,Cash,Bi-Weekly,,0.0,0.9625000000000001,0.6530612244897959,0.49019607843137253,0.40000000000000013,0.6407833133253301,Medium Value
1768.0,69.0,Male,Jewelry,Accessories,89.0,Minnesota,L,Lavender,Fall,3.8,No,2-Day Shipping,0.0,0.0,46.0,Debit Card,Fortnightly,26.0,0.0,0.275,0.7755102040816325,0.9999999999999999,0.7600000000000002,0.7412040816326531,Medium Value
1769.0,25.0,Male,Sandals,Footwear,45.0,Nebraska,M,Indigo,Summer,3.9,No,2-Day Shipping,0.0,0.0,2.0,PayPal,Every 3 Months,,0.0,0.525,0.9183673469387754,0.9999999999999999,0.9600000000000002,0.8683469387755101,High Value
1770.0,32.0,Male,Socks,Clothing,75.0,Alaska,L,Brown,Winter,4.3,No,Free Shipping,0.0,0.0,45.0,Cash,Monthly,12.0,0.0,0.5875,0.4693877551020408,0.0,0.56,0.36125510204081634,Low Value
1771.0,53.0,Male,Backpack,Accessories,22.0,Michigan,M,Pink,Fall,4.3,No,Express,0.0,0.0,34.0,Bank Transfer,Weekly,52.0,0.0,0.32500000000000007,0.7346938775510203,0.49019607843137253,0.40000000000000013,0.5459363745498199,Medium Value
1772.0,46.0,Male,Shirt,Clothing,82.0,Indiana,XL,Turquoise,Fall,4.7,No,Store Pickup,0.0,0.0,9.0,Credit Card,Annually,1.0,0.0,0.6375000000000001,0.12244897959183673,0.21568627450980393,0.72,0.3131854741896759,Low Value
1773.0,58.0,Male,Shoes,Footwear,34.0,Hawaii,M,Gold,Summer,3.1,No,2-Day Shipping,0.0,0.0,1.0,Bank Transfer,Annually,1.0,0.0,0.9875,0.10204081632653061,0.49019607843137253,0.3600000000000001,0.421375150060024,Low Value
1774.0,21.0,Male,Coat,Outerwear,92.0,West Virginia,M,Blue,Summer,2.7,No,Free Shipping,0.0,0.0,17.0,PayPal,Annually,1.0,0.0,0.10000000000000003,0.3061224489795918,,0.08000000000000007,,Low Value
1775.0,46.0,Male,Sweater,Clothing,78.0,New York,M,Lavender,Spring,3.7,No,Express,0.0,0.0,6.0,PayPal,Weekly,52.0,0.0,0.7125,0.6530612244897959,0.0,0.44000000000000017,0.4477244897959184,Low Value
1776.0,18.0,Male,Jacket,Outerwear,47.0,Iowa,M,Violet,Spring,3.3,No,2-Day Shipping,0.0,0.0,12.0,Cash,Bi-Weekly,,0.0,0.5375000000000001,0.346938775510204,,0.9600000000000002,,Low Value
1777.0,56.0,Male,Jacket,Outerwear,64.0,Arizona,L,Cyan,Summer,3.4,No,Free Shipping,0.0,0.0,10.0,Venmo,Every 3 Months,,0.0,0.525,0.4693877551020408,0.9999999999999999,0.40000000000000013,0.6327551020408163,Medium Value
1778.0,18.0,Male,Sneakers,Footwear,44.0,Minnesota,L,Purple,Winter,4.7,No,Free Shipping,0.0,0.0,4.0,Cash,Fortnightly,26.0,0.0,0.9000000000000001,0.4693877551020408,0.058823529411764705,0.52,0.43740216086434575,Low Value
1779.0,49.0,Male,Belt,Accessories,94.0,Texas,M,Red,Winter,4.9,No,Store Pickup,0.0,0.0,8.0,Debit Card,Bi-Weekly,,0.0,0.65,0.9591836734693877,,0.8,,Low Value
1780.0,29.0,Male,Scarf,Accessories,62.0,Virginia,M,Charcoal,Winter,4.3,No,Free Shipping,0.0,0.0,41.0,Venmo,Weekly,52.0,0.0,0.7375,0.061224489795918366,0.9999999999999999,0.6000000000000001,0.5319897959183674,Medium Value
1781.0,67.0,Male,Jewelry,Accessories,81.0,North Dakota,S,Gray,Summer,4.2,No,Next Day Air,0.0,0.0,49.0,Credit Card,Weekly,52.0,0.0,0.08750000000000002,0.38775510204081626,0.9999999999999999,0.8800000000000001,0.5606020408163265,Medium Value
1782.0,31.0,Male,T-shirt,Clothing,33.0,Iowa,M,Pink,Fall,3.7,No,Express,0.0,0.0,49.0,Bank Transfer,Quarterly,4.0,0.0,0.23750000000000004,0.9387755102040816,,0.52,,Low Value
1783.0,52.0,Male,Pants,Clothing,88.0,Utah,M,Lavender,Fall,2.7,No,Next Day Air,0.0,0.0,40.0,Bank Transfer,Fortnightly,26.0,0.0,0.825,1.0,0.058823529411764705,0.8,0.6626470588235294,Medium Value
1784.0,42.0,Male,Handbag,Accessories,49.0,Ohio,L,Lavender,Winter,3.3,No,Free Shipping,0.0,0.0,30.0,Credit Card,Monthly,12.0,0.0,0.925,0.6122448979591836,0.21568627450980393,1.0,0.5946038415366146,Medium Value
1785.0,32.0,Male,Backpack,Accessories,31.0,Louisiana,L,Yellow,Summer,4.8,No,Standard,0.0,0.0,4.0,Debit Card,Quarterly,4.0,0.0,0.4125000000000001,0.5714285714285714,0.058823529411764705,0.11999999999999988,0.340718487394958,Low Value
1786.0,47.0,Male,Gloves,Accessories,29.0,Iowa,S,Peach,Fall,4.1,No,Next Day Air,0.0,0.0,22.0,Venmo,Monthly,12.0,0.0,0.8125,0.061224489795918366,0.0,0.7600000000000002,0.26298979591836735,Low Value
1787.0,45.0,Male,Jacket,Outerwear,34.0,Maryland,M,Brown,Spring,4.6,No,2-Day Shipping,0.0,0.0,22.0,Venmo,Monthly,12.0,0.0,0.375,0.7959183673469387,,0.8800000000000001,,Low Value
1788.0,20.0,Male,Sweater,Clothing,38.0,Montana,L,Gold,Fall,4.9,No,2-Day Shipping,0.0,0.0,10.0,Bank Transfer,Quarterly,4.0,0.0,0.3375,0.6122448979591836,0.21568627450980393,0.52,0.4291038415366146,Low Value
1789.0,66.0,Male,Blouse,Clothing,41.0,Illinois,L,Pink,Summer,3.1,No,Store Pickup,0.0,0.0,23.0,Cash,Bi-Weekly,,0.0,0.6875,0.8163265306122448,0.9999999999999999,0.9600000000000002,0.860030612244898,High Value
1790.0,52.0,Male,Blouse,Clothing,34.0,Arizona,L,Peach,Spring,3.0,No,2-Day Shipping,0.0,0.0,43.0,Debit Card,Quarterly,4.0,0.0,0.5,0.8775510204081631,0.0,0.6800000000000002,0.5190204081632653,Medium Value
1791.0,50.0,Male,Gloves,Accessories,26.0,North Carolina,S,Violet,Summer,3.7,No,Store Pickup,0.0,0.0,31.0,PayPal,Bi-Weekly,,0.0,0.2,0.6122448979591836,0.9999999999999999,0.9600000000000002,0.6808979591836735,Medium Value
1792.0,62.0,Male,Jeans,Clothing,98.0,Montana,S,Purple,Winter,4.0,No,Store Pickup,0.0,0.0,38.0,Cash,Annually,1.0,0.0,0.75,0.8979591836734693,,0.56,,Low Value
1793.0,38.0,Male,Sneakers,Footwear,59.0,Iowa,M,Peach,Fall,3.0,No,Express,0.0,0.0,22.0,Debit Card,Every 3 Months,,0.0,0.9500000000000002,1.0,0.058823529411764705,0.9600000000000002,0.7036470588235295,Medium Value
1794.0,65.0,Male,Hat,Accessories,92.0,Iowa,S,White,Fall,3.8,No,Store Pickup,0.0,0.0,45.0,Cash,Every 3 Months,,0.0,0.75,0.12244897959183673,0.0,0.9199999999999999,0.2909795918367347,Low Value
1795.0,60.0,Male,Backpack,Accessories,40.0,Ohio,L,Indigo,Spring,3.7,No,Express,0.0,0.0,21.0,Debit Card,Fortnightly,26.0,0.0,0.6375000000000001,0.08163265306122448,,0.32000000000000006,,Low Value
1796.0,68.0,Male,Jeans,Clothing,20.0,Wisconsin,S,Violet,Fall,4.0,No,2-Day Shipping,0.0,0.0,9.0,Debit Card,Fortnightly,26.0,0.0,0.11250000000000004,0.9591836734693877,0.21568627450980393,0.8399999999999999,0.5548793517406962,Medium Value
1797.0,62.0,Male,Skirt,Clothing,35.0,South Carolina,S,Brown,Spring,3.1,No,Store Pickup,0.0,0.0,34.0,Venmo,Weekly,52.0,0.0,0.4125000000000001,0.36734693877551017,0.49019607843137253,0.8,0.45649759903961584,Medium Value
1798.0,62.0,Male,Belt,Accessories,35.0,Oregon,L,Maroon,Spring,3.9,No,2-Day Shipping,0.0,0.0,26.0,Venmo,Weekly,52.0,0.0,0.1875,0.7755102040816325,0.49019607843137253,0.6399999999999999,0.5587629051620647,Medium Value
1799.0,40.0,Male,Dress,Clothing,82.0,North Dakota,L,Magenta,Winter,3.7,No,Express,0.0,0.0,1.0,Cash,Weekly,52.0,0.0,0.6875,0.8979591836734693,0.058823529411764705,0.28000000000000025,0.5423307322929172,Medium Value
1800.0,32.0,Male,Hoodie,Clothing,48.0,California,M,Charcoal,Fall,3.9,No,Express,0.0,0.0,47.0,Venmo,Weekly,52.0,0.0,0.4,0.693877551020408,0.21568627450980393,0.6800000000000002,0.4902569027611044,Medium Value
1801.0,22.0,Male,Coat,Outerwear,58.0,Mississippi,XL,Indigo,Winter,2.7,No,Express,0.0,0.0,30.0,Credit Card,Weekly,52.0,0.0,0.7125,0.14285714285714285,0.21568627450980393,0.9199999999999999,0.3563487394957984,Low Value
1802.0,33.0,Male,Sweater,Clothing,57.0,New Jersey,M,Turquoise,Spring,3.9,No,Express,0.0,0.0,48.0,Debit Card,Fortnightly,26.0,0.0,0.050000000000000044,0.2040816326530612,0.058823529411764705,0.6399999999999999,0.17327971188475388,Low Value
1803.0,57.0,Male,Shorts,Clothing,96.0,Rhode Island,L,Turquoise,Winter,2.6,No,Store Pickup,0.0,0.0,31.0,Venmo,Bi-Weekly,,0.0,0.7250000000000001,0.6326530612244897,0.0,0.4800000000000002,0.44606122448979596,Low Value
1804.0,60.0,Male,Sneakers,Footwear,97.0,New Hampshire,S,Gray,Summer,3.5,No,Free Shipping,0.0,0.0,33.0,Venmo,Fortnightly,26.0,0.0,0.9750000000000001,0.9183673469387754,,0.040000000000000036,,Low Value
1805.0,30.0,Male,Sweater,Clothing,42.0,Louisiana,L,Peach,Winter,4.4,No,Next Day Air,0.0,0.0,39.0,Credit Card,Weekly,52.0,0.0,0.4625,0.12244897959183673,,0.20000000000000018,,Low Value
1806.0,41.0,Male,T-shirt,Clothing,62.0,Arizona,L,Gold,Spring,4.9,No,Store Pickup,0.0,0.0,46.0,Debit Card,Weekly,52.0,0.0,0.7250000000000001,0.0,0.0,0.7600000000000002,0.22100000000000003,Low Value
1807.0,58.0,Male,Handbag,Accessories,67.0,Rhode Island,M,Green,Fall,3.9,No,Standard,0.0,0.0,24.0,Venmo,Annually,1.0,0.0,0.7000000000000001,0.6326530612244897,0.21568627450980393,0.8800000000000001,0.5457671068427371,Medium Value
1808.0,34.0,Male,Sneakers,Footwear,46.0,Vermont,L,Gold,Summer,3.5,No,Standard,0.0,0.0,37.0,Venmo,Fortnightly,26.0,0.0,0.07500000000000001,0.6122448979591836,0.0,0.08000000000000007,0.26789795918367343,Low Value
1809.0,67.0,Male,Jacket,Outerwear,71.0,Tennessee,M,Lavender,Spring,4.3,No,Next Day Air,0.0,0.0,7.0,Debit Card,Monthly,12.0,0.0,0.7250000000000001,0.7755102040816325,0.058823529411764705,0.11999999999999988,0.48485114045618244,Medium Value
1810.0,58.0,Male,Backpack,Accessories,99.0,Alaska,S,Blue,Fall,3.4,No,Free Shipping,0.0,0.0,6.0,Debit Card,Fortnightly,26.0,0.0,0.4125000000000001,0.16326530612244897,0.058823529411764705,0.15999999999999992,0.181453181272509,Low Value
1811.0,41.0,Male,Jeans,Clothing,28.0,Maryland,M,Magenta,Fall,2.7,No,Standard,0.0,0.0,16.0,Cash,Bi-Weekly,,0.0,1.0,0.9795918367346937,0.9999999999999999,0.7600000000000002,0.9678367346938774,High Value
1812.0,42.0,Male,Belt,Accessories,77.0,Wisconsin,L,Blue,Summer,3.6,No,Standard,0.0,0.0,33.0,Bank Transfer,Annually,1.0,0.0,0.6625000000000001,0.673469387755102,,0.08000000000000007,,Low Value
1813.0,50.0,Male,Boots,Footwear,63.0,Nevada,S,Blue,Summer,4.9,No,Express,0.0,0.0,18.0,PayPal,Bi-Weekly,,0.0,0.25,0.693877551020408,0.21568627450980393,0.8,0.4722569027611044,Medium Value
1814.0,40.0,Male,Shorts,Clothing,62.0,Illinois,M,Olive,Spring,3.5,No,Free Shipping,0.0,0.0,24.0,PayPal,Weekly,52.0,0.0,0.7000000000000001,1.0,0.9999999999999999,0.11999999999999988,0.852,High Value
1815.0,32.0,Male,Jeans,Clothing,92.0,Montana,M,White,Summer,3.8,No,Free Shipping,0.0,0.0,24.0,Cash,Quarterly,4.0,0.0,0.75,0.061224489795918366,0.49019607843137253,0.2400000000000002,0.34554861944777915,Low Value
1816.0,51.0,Male,Shoes,Footwear,72.0,New Mexico,L,White,Winter,4.5,No,2-Day Shipping,0.0,0.0,48.0,Credit Card,Every 3 Months,,0.0,0.75,0.6326530612244897,0.9999999999999999,0.52,0.755061224489796,High Value
1817.0,26.0,Male,Hat,Accessories,79.0,Virginia,M,Purple,Summer,4.0,No,Express,0.0,0.0,4.0,Cash,Weekly,52.0,0.0,0.5875,0.2040816326530612,0.49019607843137253,0.15999999999999992,0.3621914765906362,Low Value
1818.0,32.0,Male,T-shirt,Clothing,27.0,Delaware,M,White,Summer,4.7,No,Free Shipping,0.0,0.0,20.0,Cash,Weekly,52.0,0.0,0.5125000000000001,0.9795918367346937,0.0,0.52,0.5463367346938776,Medium Value
1819.0,58.0,Male,Sunglasses,Accessories,39.0,North Carolina,M,White,Fall,3.8,No,Express,0.0,0.0,47.0,Debit Card,Every 3 Months,,0.0,0.7000000000000001,0.16326530612244897,0.0,0.8800000000000001,0.29330612244897963,Low Value
1820.0,51.0,Male,Socks,Clothing,86.0,Nevada,S,Peach,Spring,4.5,No,Next Day Air,0.0,0.0,50.0,Cash,Quarterly,4.0,0.0,0.4375,0.5918367346938774,,0.28000000000000025,,Low Value
1821.0,19.0,Male,Shirt,Clothing,94.0,Washington,XL,Gold,Fall,5.0,No,Express,0.0,0.0,31.0,PayPal,Monthly,12.0,0.0,0.8125,0.6530612244897959,0.21568627450980393,0.6000000000000001,0.5484303721488596,Medium Value
1822.0,57.0,Male,Shorts,Clothing,53.0,Maine,M,Teal,Spring,2.8,No,Express,0.0,0.0,29.0,PayPal,Quarterly,4.0,0.0,0.6125,0.14285714285714285,0.0,0.9600000000000002,0.2756428571428572,Low Value
1823.0,66.0,Male,Shirt,Clothing,85.0,Connecticut,S,Cyan,Summer,4.4,No,Standard,0.0,0.0,4.0,Cash,Annually,1.0,0.0,0.07500000000000001,0.5714285714285714,0.49019607843137253,0.4800000000000002,0.4386302521008404,Low Value
1824.0,62.0,Male,Socks,Clothing,50.0,Louisiana,L,Pink,Fall,4.7,No,Free Shipping,0.0,0.0,40.0,Bank Transfer,Bi-Weekly,,0.0,0.55,0.061224489795918366,0.21568627450980393,0.9199999999999999,0.29119567827130854,Low Value
1825.0,58.0,Male,Pants,Clothing,47.0,Illinois,XL,Magenta,Winter,3.8,No,Express,0.0,0.0,31.0,Cash,Monthly,12.0,0.0,0.5,0.36734693877551017,0.21568627450980393,0.44000000000000017,0.35564465786314525,Low Value
1826.0,23.0,Male,Boots,Footwear,75.0,South Dakota,M,Pink,Winter,4.9,No,Next Day Air,0.0,0.0,41.0,Credit Card,Weekly,52.0,0.0,0.2,0.18367346938775508,0.49019607843137253,0.8399999999999999,0.3445282112845137,Low Value
1827.0,45.0,Male,T-shirt,Clothing,60.0,Indiana,M,Turquoise,Winter,4.2,No,Express,0.0,0.0,44.0,Debit Card,Annually,1.0,0.0,0.012500000000000011,0.7755102040816325,0.21568627450980393,0.72,0.4494099639855942,Low Value
1828.0,20.0,Male,T-shirt,Clothing,36.0,Vermont,S,Pink,Spring,4.9,No,2-Day Shipping,0.0,0.0,31.0,Bank Transfer,Weekly,52.0,0.0,0.65,0.4081632653061224,0.058823529411764705,0.28000000000000025,0.33891236494597843,Low Value
1829.0,33.0,Male,Coat,Outerwear,80.0,New Hampshire,L,Gray,Spring,3.9,No,Express,0.0,0.0,45.0,Cash,Every 3 Months,,0.0,0.525,0.22448979591836735,0.21568627450980393,0.52,0.31150180072028816,Low Value
1830.0,30.0,Male,Hat,Accessories,96.0,Oregon,M,White,Spring,4.9,No,2-Day Shipping,0.0,0.0,50.0,Credit Card,Quarterly,4.0,0.0,0.30000000000000004,0.16326530612244897,0.49019607843137253,0.6800000000000002,0.34036494597839134,Low Value
1831.0,50.0,Male,Sunglasses,Accessories,80.0,Kansas,M,Blue,Winter,4.8,No,Express,0.0,0.0,7.0,Venmo,Annually,1.0,0.0,0.4,0.38775510204081626,0.058823529411764705,0.3600000000000001,0.28874909963985596,Low Value
1832.0,62.0,Male,Blouse,Clothing,71.0,Maine,M,Cyan,Summer,3.3,No,Free Shipping,0.0,0.0,5.0,Bank Transfer,Every 3 Months,,0.0,0.4750000000000001,0.8775510204081631,0.49019607843137253,0.8800000000000001,0.681079231692677,Medium Value
1833.0,69.0,Male,Jewelry,Accessories,29.0,Louisiana,M,Blue,Fall,4.6,No,Free Shipping,0.0,0.0,48.0,Cash,Monthly,12.0,0.0,0.7125,0.3061224489795918,,0.56,,Low Value
1834.0,34.0,Male,Jewelry,Accessories,53.0,Louisiana,M,Yellow,Spring,4.5,No,2-Day Shipping,0.0,0.0,19.0,PayPal,Fortnightly,26.0,0.0,0.9875,0.5306122448979591,0.49019607843137253,0.72,0.6288037214885954,Medium Value
1835.0,49.0,Male,Skirt,Clothing,35.0,Indiana,M,Charcoal,Summer,4.1,No,2-Day Shipping,0.0,0.0,39.0,Venmo,Fortnightly,26.0,0.0,0.9500000000000002,0.26530612244897955,,0.08000000000000007,,Low Value
1836.0,65.0,Male,Scarf,Accessories,75.0,Kentucky,M,Lavender,Fall,3.2,No,2-Day Shipping,0.0,0.0,45.0,Credit Card,Quarterly,4.0,0.0,0.55,0.4693877551020408,0.21568627450980393,0.8399999999999999,0.4464609843937575,Low Value
1837.0,66.0,Male,Pants,Clothing,52.0,South Carolina,M,Teal,Fall,4.2,No,2-Day Shipping,0.0,0.0,35.0,Credit Card,Monthly,12.0,0.0,0.30000000000000004,0.9795918367346937,0.9999999999999999,0.15999999999999992,0.7678367346938775,High Value
1838.0,41.0,Male,Hat,Accessories,77.0,Montana,M,Beige,Winter,4.8,No,Free Shipping,0.0,0.0,8.0,Venmo,Monthly,12.0,0.0,0.16250000000000003,0.26530612244897955,0.9999999999999999,0.44000000000000017,0.48262244897959183,Medium Value
1839.0,37.0,Male,Gloves,Accessories,24.0,Vermont,L,Blue,Fall,4.1,No,Next Day Air,0.0,0.0,11.0,Credit Card,Quarterly,4.0,0.0,0.6375000000000001,0.10204081632653061,0.058823529411764705,0.56,0.2419633853541417,Low Value
1840.0,32.0,Male,Shirt,Clothing,78.0,Mississippi,XL,Purple,Winter,3.7,No,Store Pickup,0.0,0.0,32.0,Cash,Annually,1.0,0.0,0.2,0.38775510204081626,0.058823529411764705,0.040000000000000036,0.21674909963985592,Low Value
1841.0,42.0,Male,Sandals,Footwear,98.0,Wyoming,M,Gold,Winter,2.6,No,Store Pickup,0.0,0.0,46.0,Bank Transfer,Every 3 Months,,0.0,0.525,0.04081632653061225,0.0,0.44000000000000017,0.16532653061224492,Low Value
1842.0,31.0,Male,Socks,Clothing,57.0,Vermont,L,Blue,Winter,3.0,No,Standard,0.0,0.0,7.0,PayPal,Every 3 Months,,0.0,0.11250000000000004,0.08163265306122448,0.21568627450980393,0.3600000000000001,0.155858943577431,Low Value
1843.0,61.0,Male,Handbag,Accessories,78.0,Alabama,M,Black,Summer,4.4,No,Express,0.0,0.0,1.0,Debit Card,Annually,1.0,0.0,0.16250000000000003,0.9183673469387754,,0.40000000000000013,,Low Value
1844.0,36.0,Male,Jacket,Outerwear,76.0,Kentucky,M,Charcoal,Fall,4.7,No,Next Day Air,0.0,0.0,32.0,Credit Card,Monthly,12.0,0.0,0.16250000000000003,0.14285714285714285,0.21568627450980393,0.2400000000000002,0.17834873949579835,Low Value
1845.0,60.0,Male,Shorts,Clothing,26.0,South Dakota,M,Purple,Spring,2.7,No,2-Day Shipping,0.0,0.0,31.0,Credit Card,Annually,1.0,0.0,0.26250000000000007,0.24489795918367344,,0.72,,Low Value
1846.0,51.0,Male,Sandals,Footwear,78.0,Delaware,M,Orange,Winter,2.8,No,2-Day Shipping,0.0,0.0,39.0,Bank Transfer,Quarterly,4.0,0.0,0.42500000000000004,0.4897959183673469,0.058823529411764705,1.0,0.3985654261704682,Low Value
1847.0,68.0,Male,Scarf,Accessories,53.0,Wisconsin,M,Yellow,Summer,2.9,No,Standard,0.0,0.0,9.0,Venmo,Quarterly,4.0,0.0,0.4750000000000001,0.7755102040816325,0.49019607843137253,0.9600000000000002,0.6482629051620648,Medium Value
1848.0,46.0,Male,Sandals,Footwear,100.0,Arizona,XL,Cyan,Summer,4.4,No,Free Shipping,0.0,0.0,49.0,Credit Card,Weekly,52.0,0.0,0.125,0.28571428571428564,,0.72,,Low Value
1849.0,19.0,Male,Jeans,Clothing,73.0,Maine,XL,Yellow,Winter,2.7,No,Express,0.0,0.0,34.0,Cash,Every 3 Months,,0.0,0.4125000000000001,0.693877551020408,0.21568627450980393,0.7600000000000002,0.5007569027611044,Medium Value
1850.0,30.0,Male,Skirt,Clothing,40.0,New Mexico,M,Maroon,Winter,4.5,No,Store Pickup,0.0,0.0,35.0,Bank Transfer,Monthly,12.0,0.0,0.8875,0.9183673469387754,,0.7600000000000002,,Low Value
1851.0,51.0,Male,Gloves,Accessories,76.0,Wyoming,S,Black,Winter,2.8,No,Store Pickup,0.0,0.0,50.0,Debit Card,Weekly,52.0,0.0,0.30000000000000004,0.04081632653061225,0.21568627450980393,0.40000000000000013,0.1810324129651861,Low Value
1852.0,28.0,Male,Skirt,Clothing,80.0,Delaware,S,Lavender,Fall,3.1,No,Free Shipping,0.0,0.0,4.0,Bank Transfer,Fortnightly,26.0,0.0,0.8625,0.9591836734693877,0.9999999999999999,0.3600000000000001,0.8921734693877551,High Value
1853.0,41.0,Male,Sweater,Clothing,80.0,Pennsylvania,XL,Violet,Winter,3.8,No,Store Pickup,0.0,0.0,32.0,Cash,Weekly,52.0,0.0,0.4625,0.5306122448979591,0.9999999999999999,0.0,0.6047448979591836,Medium Value
1854.0,29.0,Male,Blouse,Clothing,67.0,North Dakota,XL,Olive,Spring,2.9,No,Express,0.0,0.0,11.0,PayPal,Fortnightly,26.0,0.0,0.4625,0.08163265306122448,0.9999999999999999,0.3600000000000001,0.4611530612244898,Medium Value
1855.0,25.0,Male,Sweater,Clothing,61.0,Kentucky,M,Teal,Spring,3.8,No,Express,0.0,0.0,49.0,Credit Card,Annually,1.0,0.0,0.675,0.9591836734693877,0.058823529411764705,0.040000000000000036,0.5403205282112845,Medium Value
1856.0,60.0,Male,Shirt,Clothing,76.0,Rhode Island,XL,Teal,Spring,4.7,No,Standard,0.0,0.0,9.0,Cash,Annually,1.0,0.0,0.125,0.22448979591836735,0.9999999999999999,0.8399999999999999,0.49879591836734694,Medium Value
1857.0,63.0,Male,Jewelry,Accessories,55.0,Arizona,XL,Beige,Summer,3.2,No,Free Shipping,0.0,0.0,30.0,PayPal,Bi-Weekly,,0.0,0.0,0.18367346938775508,0.49019607843137253,0.4800000000000002,0.2685282112845138,Low Value
1858.0,51.0,Male,T-shirt,Clothing,85.0,Colorado,L,Maroon,Summer,4.0,No,Next Day Air,0.0,0.0,33.0,Cash,Monthly,12.0,0.0,0.875,0.9591836734693877,,0.0,,Low Value
1859.0,22.0,Male,Scarf,Accessories,69.0,Maine,S,Peach,Spring,4.9,No,2-Day Shipping,0.0,0.0,8.0,Debit Card,Annually,1.0,0.0,0.5125000000000001,0.04081632653061225,0.21568627450980393,0.8,0.26353241296518615,Low Value
1860.0,54.0,Male,Belt,Accessories,26.0,New Jersey,L,Beige,Summer,3.7,No,Store Pickup,0.0,0.0,29.0,Debit Card,Fortnightly,26.0,0.0,0.38750000000000007,0.36734693877551017,0.21568627450980393,0.15999999999999992,0.30514465786314526,Low Value
1861.0,18.0,Male,T-shirt,Clothing,64.0,Kansas,M,Silver,Summer,4.8,No,Next Day Air,0.0,0.0,4.0,Credit Card,Monthly,12.0,0.0,0.9625000000000001,0.2040816326530612,0.49019607843137253,0.15999999999999992,0.4371914765906363,Low Value
1862.0,29.0,Male,Sneakers,Footwear,60.0,South Dakota,S,Peach,Fall,3.6,No,Standard,0.0,0.0,19.0,Debit Card,Monthly,12.0,0.0,0.9625000000000001,0.4897959183673469,0.21568627450980393,0.40000000000000013,0.49312424969988,Medium Value
1863.0,59.0,Male,Gloves,Accessories,36.0,New Hampshire,M,Turquoise,Winter,4.6,No,Express,0.0,0.0,10.0,PayPal,Fortnightly,26.0,0.0,0.25,0.836734693877551,0.9999999999999999,0.6800000000000002,0.7526938775510205,High Value
1864.0,25.0,Male,Sandals,Footwear,21.0,Connecticut,L,Orange,Spring,4.3,No,2-Day Shipping,0.0,0.0,39.0,Debit Card,Monthly,12.0,0.0,0.8125,0.673469387755102,0.058823529411764705,0.32000000000000006,0.4815348139255703,Medium Value
1865.0,19.0,Male,Backpack,Accessories,72.0,Wyoming,S,Cyan,Fall,3.2,No,2-Day Shipping,0.0,0.0,21.0,Venmo,Quarterly,4.0,0.0,0.7000000000000001,1.0,0.058823529411764705,0.56,0.6136470588235294,Medium Value
1866.0,56.0,Male,Pants,Clothing,62.0,Missouri,S,Silver,Summer,3.8,No,Store Pickup,0.0,0.0,12.0,Bank Transfer,Monthly,12.0,0.0,0.025000000000000022,0.4081632653061224,0.21568627450980393,1.0,0.3329711884753902,Low Value
1867.0,31.0,Male,T-shirt,Clothing,44.0,Alaska,XL,Gold,Winter,4.2,No,Standard,0.0,0.0,9.0,Credit Card,Fortnightly,26.0,0.0,0.5375000000000001,0.7346938775510203,0.9999999999999999,0.32000000000000006,0.7333775510204081,Medium Value
1868.0,45.0,Male,Skirt,Clothing,52.0,Delaware,M,Brown,Fall,3.4,No,2-Day Shipping,0.0,0.0,20.0,Venmo,Quarterly,4.0,0.0,0.6375000000000001,0.9183673469387754,0.21568627450980393,0.6800000000000002,0.6275528211284515,Medium Value
1869.0,23.0,Male,Gloves,Accessories,58.0,Indiana,M,Silver,Spring,4.7,No,Next Day Air,0.0,0.0,44.0,Cash,Fortnightly,26.0,0.0,0.1875,0.26530612244897955,0.49019607843137253,0.9600000000000002,0.3866812725090036,Low Value
1870.0,18.0,Male,Blouse,Clothing,77.0,West Virginia,S,Beige,Spring,3.9,No,2-Day Shipping,0.0,0.0,16.0,Debit Card,Every 3 Months,,0.0,0.125,0.4693877551020408,0.49019607843137253,0.8399999999999999,0.44381392557022803,Low Value
1871.0,43.0,Male,Blouse,Clothing,99.0,Wyoming,L,Violet,Spring,4.3,No,Store Pickup,0.0,0.0,27.0,Debit Card,Fortnightly,26.0,0.0,0.675,0.7142857142857142,,0.9199999999999999,,Low Value
1872.0,56.0,Male,Jeans,Clothing,96.0,Illinois,XL,Violet,Fall,2.7,No,Standard,0.0,0.0,14.0,Cash,Every 3 Months,,0.0,0.6375000000000001,0.36734693877551017,,0.08000000000000007,,Low Value
1873.0,43.0,Male,T-shirt,Clothing,64.0,Alaska,M,Lavender,Summer,4.6,No,Standard,0.0,0.0,24.0,Credit Card,Monthly,12.0,0.0,0.8,0.22448979591836735,0.21568627450980393,0.72,0.38650180072028817,Low Value
1874.0,64.0,Male,Sweater,Clothing,44.0,Wisconsin,XL,Red,Fall,2.9,No,Express,0.0,0.0,49.0,Bank Transfer,Weekly,52.0,0.0,0.22500000000000003,0.24489795918367344,0.058823529411764705,0.52,0.21260624249699883,Low Value
1875.0,67.0,Male,Pants,Clothing,33.0,Indiana,L,Purple,Fall,3.6,No,Free Shipping,0.0,0.0,14.0,Cash,Weekly,52.0,0.0,0.7625,0.6326530612244897,,0.9600000000000002,,Low Value
1876.0,63.0,Male,Boots,Footwear,71.0,Tennessee,M,Brown,Winter,3.9,No,Next Day Air,0.0,0.0,6.0,Credit Card,Quarterly,4.0,0.0,0.45000000000000007,0.08163265306122448,,0.3600000000000001,,Low Value
1877.0,54.0,Male,Skirt,Clothing,36.0,Illinois,M,Gray,Fall,2.6,No,Standard,0.0,0.0,20.0,Venmo,Quarterly,4.0,0.0,0.3500000000000001,0.5714285714285714,0.0,0.44000000000000017,0.34257142857142864,Low Value
1878.0,69.0,Male,Gloves,Accessories,62.0,Pennsylvania,L,Pink,Fall,3.6,No,Express,0.0,0.0,3.0,Credit Card,Annually,1.0,0.0,0.9625000000000001,0.7959183673469387,0.49019607843137253,0.3600000000000001,0.6939261704681873,Medium Value
1879.0,34.0,Male,Socks,Clothing,29.0,Oklahoma,L,Magenta,Summer,3.4,No,Store Pickup,0.0,0.0,5.0,Credit Card,Monthly,12.0,0.0,0.675,0.8775510204081631,0.9999999999999999,0.8800000000000001,0.8740204081632652,High Value
1880.0,56.0,Male,T-shirt,Clothing,33.0,Tennessee,L,Charcoal,Spring,3.5,No,Express,0.0,0.0,46.0,Cash,Bi-Weekly,,0.0,0.375,0.04081632653061225,,0.20000000000000018,,Low Value
1881.0,34.0,Male,Blouse,Clothing,33.0,New Jersey,L,Yellow,Fall,3.1,No,2-Day Shipping,0.0,0.0,8.0,Debit Card,Monthly,12.0,0.0,0.6375000000000001,0.693877551020408,,0.3600000000000001,,Low Value
1882.0,58.0,Male,Blouse,Clothing,41.0,New Jersey,M,Red,Winter,4.3,No,Standard,0.0,0.0,13.0,Cash,Bi-Weekly,,0.0,0.16250000000000003,0.6530612244897959,0.21568627450980393,0.8399999999999999,0.4424303721488595,Low Value
1883.0,44.0,Male,Scarf,Accessories,54.0,Tennessee,L,Blue,Winter,5.0,No,Store Pickup,0.0,0.0,25.0,Bank Transfer,Quarterly,4.0,0.0,0.45000000000000007,0.38775510204081626,,0.2400000000000002,,Low Value
1884.0,25.0,Male,Backpack,Accessories,58.0,Georgia,M,Cyan,Spring,4.9,No,Store Pickup,0.0,0.0,39.0,Debit Card,Fortnightly,26.0,0.0,0.8,0.7959183673469387,,0.11999999999999988,,Low Value
1885.0,27.0,Male,Shorts,Clothing,30.0,Arizona,S,Pink,Summer,4.3,No,Next Day Air,0.0,0.0,15.0,Bank Transfer,Bi-Weekly,,0.0,0.2,0.24489795918367344,0.0,0.40000000000000013,0.17795918367346938,Low Value
1886.0,26.0,Male,Jewelry,Accessories,53.0,Nevada,S,Maroon,Winter,4.4,No,Standard,0.0,0.0,35.0,Cash,Monthly,12.0,0.0,0.5375000000000001,0.16326530612244897,0.21568627450980393,0.8399999999999999,0.32151200480192077,Low Value
1887.0,18.0,Male,Gloves,Accessories,91.0,Arkansas,L,Beige,Spring,4.4,No,Next Day Air,0.0,0.0,46.0,Cash,Bi-Weekly,,0.0,0.2,0.12244897959183673,0.0,0.72,0.16097959183673471,Low Value
1888.0,64.0,Male,Hoodie,Clothing,44.0,North Dakota,XL,Gold,Fall,3.5,No,Express,0.0,0.0,3.0,PayPal,Monthly,12.0,0.0,0.5375000000000001,0.836734693877551,0.058823529411764705,0.9199999999999999,0.5518409363745499,Medium Value
1889.0,62.0,Male,Hoodie,Clothing,89.0,South Dakota,XL,Turquoise,Winter,3.4,No,Free Shipping,0.0,0.0,48.0,Credit Card,Weekly,52.0,0.0,0.15000000000000002,0.8775510204081631,0.49019607843137253,0.15999999999999992,0.544079231692677,Medium Value
1890.0,59.0,Male,Skirt,Clothing,57.0,North Carolina,L,Peach,Spring,2.5,No,Next Day Air,0.0,0.0,27.0,Bank Transfer,Weekly,52.0,0.0,0.9125000000000001,0.10204081632653061,0.0,0.20000000000000018,0.2433163265306123,Low Value
1891.0,36.0,Male,Sunglasses,Accessories,57.0,Hawaii,M,Lavender,Spring,3.4,No,Store Pickup,0.0,0.0,5.0,Credit Card,Weekly,52.0,0.0,0.11250000000000004,0.14285714285714285,,0.15999999999999992,,Low Value
1892.0,69.0,Male,Jewelry,Accessories,74.0,New Hampshire,M,Gray,Summer,2.6,No,Next Day Air,0.0,0.0,48.0,Debit Card,Quarterly,4.0,0.0,0.9000000000000001,0.18367346938775508,0.9999999999999999,0.4800000000000002,0.6014693877551021,Medium Value
1893.0,39.0,Male,Jacket,Outerwear,30.0,California,M,Blue,Fall,4.6,No,2-Day Shipping,0.0,0.0,12.0,Venmo,Weekly,52.0,0.0,0.16250000000000003,0.9183673469387754,0.058823529411764705,0.8800000000000001,0.5054939975990396,Medium Value
1894.0,28.0,Male,Dress,Clothing,20.0,Delaware,L,Red,Summer,3.7,No,Express,0.0,0.0,10.0,PayPal,Fortnightly,26.0,0.0,0.4,0.510204081632653,0.9999999999999999,0.40000000000000013,0.6240816326530612,Medium Value
1895.0,42.0,Male,Hoodie,Clothing,90.0,Arizona,M,Purple,Fall,2.5,No,Free Shipping,0.0,0.0,48.0,Debit Card,Bi-Weekly,,0.0,0.275,0.10204081632653061,,0.08000000000000007,,Low Value
1896.0,31.0,Male,Jeans,Clothing,61.0,Washington,L,Indigo,Fall,4.5,No,Express,0.0,0.0,3.0,Debit Card,Monthly,12.0,0.0,0.2,0.9387755102040816,,1.0,,Low Value
1897.0,57.0,Male,Sandals,Footwear,51.0,Nevada,M,Gold,Fall,2.9,No,Standard,0.0,0.0,19.0,Venmo,Monthly,12.0,0.0,0.5875,0.5510204081632653,0.0,0.6399999999999999,0.4019081632653061,Low Value
1898.0,53.0,Male,Sunglasses,Accessories,97.0,Alaska,L,Teal,Winter,2.9,No,Free Shipping,0.0,0.0,11.0,Debit Card,Fortnightly,26.0,0.0,0.2875,0.44897959183673464,0.0,0.08000000000000007,0.24509183673469387,Low Value
1899.0,59.0,Male,Pants,Clothing,97.0,Texas,L,Magenta,Fall,3.5,No,Next Day Air,0.0,0.0,25.0,Venmo,Monthly,12.0,0.0,0.6000000000000001,0.8979591836734693,0.49019607843137253,0.9199999999999999,0.7182424969987995,Medium Value
1900.0,32.0,Male,Shorts,Clothing,40.0,New York,L,Maroon,Winter,4.2,No,Store Pickup,0.0,0.0,42.0,PayPal,Weekly,52.0,0.0,0.5,0.8775510204081631,,0.72,,Low Value
1901.0,65.0,Male,Jewelry,Accessories,85.0,Iowa,S,Blue,Summer,3.3,No,Free Shipping,0.0,0.0,34.0,Cash,Quarterly,4.0,0.0,0.4125000000000001,0.2040816326530612,0.21568627450980393,0.8,0.3088385354141657,Low Value
1902.0,56.0,Male,Socks,Clothing,76.0,Arizona,S,Beige,Winter,3.9,No,Store Pickup,0.0,0.0,50.0,Cash,Quarterly,4.0,0.0,0.03750000000000003,0.7755102040816325,,0.52,,Low Value
1903.0,31.0,Male,Sandals,Footwear,22.0,New Mexico,S,Olive,Spring,5.0,No,Store Pickup,0.0,0.0,21.0,Venmo,Monthly,12.0,0.0,0.4625,0.38775510204081626,,0.4800000000000002,,Low Value
1904.0,59.0,Male,Pants,Clothing,63.0,North Carolina,M,Gold,Summer,3.3,No,Standard,0.0,0.0,37.0,Bank Transfer,Weekly,52.0,0.0,0.8625,0.9591836734693877,0.49019607843137253,0.56,0.7592322929171669,High Value
1905.0,22.0,Male,T-shirt,Clothing,71.0,Nevada,S,Silver,Spring,4.2,No,Free Shipping,0.0,0.0,46.0,Cash,Monthly,12.0,0.0,0.9875,0.9183673469387754,0.058823529411764705,0.32000000000000006,0.6144939975990396,Medium Value
1906.0,47.0,Male,Boots,Footwear,35.0,Idaho,M,Teal,Summer,4.9,No,2-Day Shipping,0.0,0.0,14.0,Bank Transfer,Fortnightly,26.0,0.0,0.10000000000000003,0.4285714285714285,0.21568627450980393,0.3600000000000001,0.29213445378151265,Low Value
1907.0,23.0,Male,Backpack,Accessories,30.0,Vermont,M,Green,Spring,4.6,No,2-Day Shipping,0.0,0.0,24.0,PayPal,Fortnightly,26.0,0.0,0.4125000000000001,0.8979591836734693,0.0,0.52,0.49368367346938774,Medium Value
1908.0,69.0,Male,Skirt,Clothing,74.0,New Mexico,L,Orange,Fall,4.8,No,Store Pickup,0.0,0.0,36.0,Credit Card,Every 3 Months,,0.0,0.3125,0.9795918367346937,,0.08000000000000007,,Low Value
1909.0,18.0,Male,Scarf,Accessories,71.0,Georgia,XL,Charcoal,Winter,2.7,No,Next Day Air,0.0,0.0,19.0,Debit Card,Bi-Weekly,,0.0,0.22500000000000003,0.16326530612244897,,0.15999999999999992,,Low Value
1910.0,50.0,Male,Sweater,Clothing,84.0,Kentucky,S,Black,Spring,4.3,No,Store Pickup,0.0,0.0,12.0,Credit Card,Monthly,12.0,0.0,0.36250000000000004,0.8163265306122448,0.058823529411764705,0.8,0.49667767106842736,Medium Value
1911.0,29.0,Male,Sandals,Footwear,38.0,New York,S,Yellow,Fall,3.8,No,Express,0.0,0.0,13.0,Debit Card,Quarterly,4.0,0.0,0.15000000000000002,0.02040816326530612,0.21568627450980393,0.040000000000000036,0.10686914765906363,Low Value
1912.0,65.0,Male,Jewelry,Accessories,81.0,Arizona,M,Gray,Spring,4.9,No,Express,0.0,0.0,32.0,Debit Card,Bi-Weekly,,0.0,0.21250000000000002,0.7755102040816325,,0.2400000000000002,,Low Value
1913.0,29.0,Male,Sweater,Clothing,56.0,Colorado,S,Charcoal,Winter,3.4,No,2-Day Shipping,0.0,0.0,5.0,Credit Card,Bi-Weekly,,0.0,0.75,0.22448979591836735,0.058823529411764705,0.8800000000000001,0.3454429771908764,Low Value
1914.0,49.0,Male,Skirt,Clothing,48.0,Kentucky,M,Peach,Winter,3.6,No,Express,0.0,0.0,29.0,Cash,Annually,1.0,0.0,0.7250000000000001,0.510204081632653,,0.8399999999999999,,Low Value
1915.0,28.0,Male,Shorts,Clothing,97.0,Alaska,L,Green,Fall,3.4,No,Standard,0.0,0.0,40.0,Credit Card,Fortnightly,26.0,0.0,0.4125000000000001,0.6326530612244897,,0.08000000000000007,,Low Value
1916.0,51.0,Male,Backpack,Accessories,74.0,Alabama,M,Magenta,Fall,4.7,No,2-Day Shipping,0.0,0.0,44.0,Cash,Weekly,52.0,0.0,0.7750000000000001,1.0,,0.8399999999999999,,Low Value
1917.0,26.0,Male,Hoodie,Clothing,50.0,Connecticut,S,Beige,Winter,3.0,No,Next Day Air,0.0,0.0,3.0,Debit Card,Bi-Weekly,,0.0,0.16250000000000003,0.04081632653061225,0.49019607843137253,0.9199999999999999,0.2878853541416566,Low Value
1918.0,38.0,Male,Skirt,Clothing,71.0,Hawaii,L,Black,Winter,3.4,No,Free Shipping,0.0,0.0,35.0,PayPal,Bi-Weekly,,0.0,0.7125,0.04081632653061225,0.058823529411764705,0.6800000000000002,0.24447358943577435,Low Value
1919.0,35.0,Male,Skirt,Clothing,33.0,Idaho,S,Purple,Summer,4.6,No,Standard,0.0,0.0,33.0,Debit Card,Monthly,12.0,0.0,0.45000000000000007,0.7346938775510203,0.21568627450980393,0.9600000000000002,0.5445834333733494,Medium Value
1920.0,34.0,Male,Backpack,Accessories,56.0,Virginia,M,Olive,Summer,3.1,No,Express,0.0,0.0,20.0,PayPal,Bi-Weekly,,0.0,0.21250000000000002,0.38775510204081626,0.49019607843137253,0.9600000000000002,0.4406608643457383,Low Value
1921.0,51.0,Male,Blouse,Clothing,84.0,Connecticut,M,Purple,Spring,2.8,No,Standard,0.0,0.0,40.0,Cash,Every 3 Months,,0.0,0.42500000000000004,0.510204081632653,,0.8,,Low Value
1922.0,47.0,Male,Shirt,Clothing,36.0,Michigan,M,Green,Fall,3.5,No,Store Pickup,0.0,0.0,13.0,Venmo,Annually,1.0,0.0,0.5875,0.9387755102040816,0.058823529411764705,0.08000000000000007,0.5186572629051621,Medium Value
1923.0,18.0,Male,Gloves,Accessories,63.0,Kentucky,S,Peach,Summer,4.6,No,Standard,0.0,0.0,9.0,PayPal,Monthly,12.0,0.0,0.875,0.12244897959183673,,0.2400000000000002,,Low Value
1924.0,64.0,Male,Sandals,Footwear,36.0,Nebraska,XL,Blue,Summer,4.3,No,Standard,0.0,0.0,7.0,Cash,Annually,1.0,0.0,0.65,0.7959183673469387,0.0,0.32000000000000006,0.48036734693877553,Medium Value
1925.0,30.0,Male,Jacket,Outerwear,63.0,Michigan,M,Gray,Fall,4.8,No,Free Shipping,0.0,0.0,42.0,PayPal,Quarterly,4.0,0.0,0.48750000000000004,0.8979591836734693,0.058823529411764705,0.040000000000000036,0.47833073229291717,Medium Value
1926.0,59.0,Male,Sneakers,Footwear,32.0,Utah,L,Black,Winter,2.9,No,Express,0.0,0.0,44.0,Credit Card,Fortnightly,26.0,0.0,0.3125,0.38775510204081626,0.49019607843137253,0.7600000000000002,0.44066086434573826,Low Value
1927.0,66.0,Male,Backpack,Accessories,93.0,New Mexico,M,Silver,Spring,3.0,No,Express,0.0,0.0,6.0,PayPal,Annually,1.0,0.0,0.125,0.2040816326530612,0.9999999999999999,0.56,0.4626326530612244,Medium Value
1928.0,40.0,Male,Pants,Clothing,29.0,Florida,M,Pink,Summer,2.9,No,Standard,0.0,0.0,8.0,Cash,Every 3 Months,,0.0,0.38750000000000007,1.0,0.21568627450980393,0.8399999999999999,0.6262058823529412,Medium Value
1929.0,25.0,Male,Sunglasses,Accessories,92.0,Mississippi,S,Lavender,Summer,3.7,No,Standard,0.0,0.0,10.0,PayPal,Weekly,52.0,0.0,0.875,0.4897959183673469,0.058823529411764705,0.9600000000000002,0.4845654261704682,Medium Value
1930.0,59.0,Male,Jeans,Clothing,33.0,Hawaii,L,Brown,Fall,4.7,No,Standard,0.0,0.0,46.0,Venmo,Quarterly,4.0,0.0,0.9375,0.08163265306122448,0.49019607843137253,0.4800000000000002,0.4152118847539016,Low Value
1931.0,66.0,Male,Pants,Clothing,52.0,North Carolina,L,Turquoise,Spring,3.5,No,Store Pickup,0.0,0.0,26.0,Cash,Weekly,52.0,0.0,0.7625,0.061224489795918366,0.0,0.4800000000000002,0.22498979591836735,Low Value
1932.0,54.0,Male,Jewelry,Accessories,42.0,Illinois,S,Olive,Spring,2.7,No,Store Pickup,0.0,0.0,6.0,Debit Card,Every 3 Months,,0.0,0.625,0.4897959183673469,0.9999999999999999,0.6800000000000002,0.6889183673469388,Medium Value
1933.0,42.0,Male,Hoodie,Clothing,36.0,Maryland,M,White,Spring,5.0,No,Free Shipping,0.0,0.0,47.0,Credit Card,Every 3 Months,,0.0,0.15000000000000002,0.2040816326530612,0.49019607843137253,0.40000000000000013,0.2986914765906363,Low Value
1934.0,48.0,Male,Sandals,Footwear,67.0,Montana,L,Violet,Summer,4.1,No,Next Day Air,0.0,0.0,28.0,Venmo,Annually,1.0,0.0,0.925,0.061224489795918366,,0.15999999999999992,,Low Value
1935.0,34.0,Male,Jacket,Outerwear,43.0,Michigan,L,Gold,Winter,2.7,No,Free Shipping,0.0,0.0,23.0,Bank Transfer,Annually,1.0,0.0,0.11250000000000004,0.0,0.21568627450980393,0.3600000000000001,0.12320588235294119,Low Value
1936.0,19.0,Male,Blouse,Clothing,68.0,North Carolina,XL,Violet,Spring,4.8,No,Free Shipping,0.0,0.0,45.0,Cash,Fortnightly,26.0,0.0,0.1375,0.9591836734693877,,0.32000000000000006,,Low Value
1937.0,70.0,Male,Jewelry,Accessories,60.0,Minnesota,S,Teal,Summer,4.3,No,2-Day Shipping,0.0,0.0,44.0,PayPal,Every 3 Months,,0.0,0.0,0.16326530612244897,,0.8,,Low Value
1938.0,43.0,Male,Socks,Clothing,53.0,Delaware,M,Olive,Summer,4.5,No,2-Day Shipping,0.0,0.0,11.0,Bank Transfer,Monthly,12.0,0.0,0.30000000000000004,0.02040816326530612,0.49019607843137253,0.8399999999999999,0.29922208883553414,Low Value
1939.0,46.0,Male,Jeans,Clothing,23.0,Kentucky,L,Blue,Spring,3.8,No,Standard,0.0,0.0,39.0,Debit Card,Bi-Weekly,,0.0,0.7125,0.061224489795918366,0.058823529411764705,0.15999999999999992,0.20063685474189677,Low Value
1940.0,66.0,Male,Gloves,Accessories,57.0,Ohio,L,Magenta,Winter,3.7,No,Store Pickup,0.0,0.0,20.0,PayPal,Every 3 Months,,0.0,0.38750000000000007,0.8571428571428571,0.49019607843137253,0.28000000000000025,0.5954159663865546,Medium Value
1941.0,50.0,Male,Hat,Accessories,89.0,Alaska,L,Gray,Fall,3.9,No,2-Day Shipping,0.0,0.0,48.0,PayPal,Fortnightly,26.0,0.0,0.36250000000000004,0.6326530612244897,0.0,0.040000000000000036,0.3295612244897959,Low Value
1942.0,55.0,Male,Shoes,Footwear,99.0,Vermont,XL,Peach,Winter,3.3,No,Standard,0.0,0.0,46.0,Credit Card,Quarterly,4.0,0.0,0.7250000000000001,0.0,0.058823529411764705,0.52,0.2146470588235294,Low Value
1943.0,63.0,Male,Pants,Clothing,28.0,Alabama,M,Cyan,Fall,3.4,No,Express,0.0,0.0,22.0,PayPal,Monthly,12.0,0.0,0.9750000000000001,0.7551020408163265,0.49019607843137253,0.11999999999999988,0.6560996398559424,Medium Value
1944.0,32.0,Male,Socks,Clothing,53.0,Wisconsin,L,Violet,Summer,3.8,No,Next Day Air,0.0,0.0,45.0,Cash,Annually,1.0,0.0,0.925,0.4897959183673469,0.49019607843137253,0.7600000000000002,0.6039771908763506,Medium Value
1945.0,30.0,Male,Hoodie,Clothing,45.0,Arkansas,M,Gold,Winter,2.7,No,Free Shipping,0.0,0.0,49.0,Cash,Every 3 Months,,0.0,0.8875,0.836734693877551,0.058823529411764705,0.8800000000000001,0.6178409363745498,Medium Value
1946.0,35.0,Male,Hoodie,Clothing,38.0,Georgia,M,Gold,Winter,2.9,No,2-Day Shipping,0.0,0.0,9.0,Credit Card,Every 3 Months,,0.0,0.7125,0.6326530612244897,0.21568627450980393,0.08000000000000007,0.4682671068427371,Medium Value
1947.0,59.0,Male,Pants,Clothing,49.0,Louisiana,M,White,Summer,4.5,No,Standard,0.0,0.0,41.0,Credit Card,Quarterly,4.0,0.0,0.9625000000000001,0.4081632653061224,0.058823529411764705,0.040000000000000036,0.3774123649459784,Low Value
1948.0,59.0,Male,Shirt,Clothing,32.0,New York,M,Gray,Summer,2.6,No,Store Pickup,0.0,0.0,2.0,PayPal,Monthly,12.0,0.0,0.4750000000000001,0.510204081632653,0.49019607843137253,0.3600000000000001,0.482140456182473,Medium Value
1949.0,54.0,Male,T-shirt,Clothing,37.0,Connecticut,L,Brown,Winter,3.1,No,Next Day Air,0.0,0.0,39.0,PayPal,Bi-Weekly,,0.0,0.9625000000000001,0.10204081632653061,0.49019607843137253,0.56,0.436375150060024,Low Value
1950.0,63.0,Male,Dress,Clothing,80.0,Nebraska,L,Gray,Winter,4.7,No,Store Pickup,0.0,0.0,12.0,PayPal,Quarterly,4.0,0.0,0.3500000000000001,0.26530612244897955,0.058823529411764705,0.3600000000000001,0.22976950780312125,Low Value
1951.0,43.0,Male,Backpack,Accessories,78.0,Arkansas,L,Blue,Summer,4.6,No,Free Shipping,0.0,0.0,26.0,PayPal,Every 3 Months,,0.0,0.03750000000000003,0.061224489795918366,0.058823529411764705,0.3600000000000001,0.08563685474189678,Low Value
1952.0,33.0,Male,Gloves,Accessories,53.0,Connecticut,L,Gold,Summer,2.7,No,Next Day Air,0.0,0.0,32.0,Bank Transfer,Bi-Weekly,,0.0,0.7375,0.510204081632653,0.9999999999999999,0.56,0.7075816326530613,Medium Value
1953.0,57.0,Male,Shoes,Footwear,82.0,Maryland,L,Yellow,Summer,4.6,No,2-Day Shipping,0.0,0.0,50.0,Cash,Bi-Weekly,,0.0,0.275,0.7755102040816325,,0.6000000000000001,,Low Value
1954.0,25.0,Male,Skirt,Clothing,33.0,Colorado,XL,Green,Spring,4.8,No,Standard,0.0,0.0,3.0,PayPal,Fortnightly,26.0,0.0,0.9375,0.28571428571428564,0.0,0.3600000000000001,0.3377857142857143,Low Value
1955.0,26.0,Male,Gloves,Accessories,77.0,Colorado,M,Pink,Winter,4.2,No,Free Shipping,0.0,0.0,3.0,Venmo,Quarterly,4.0,0.0,0.11250000000000004,0.0,,0.4800000000000002,,Low Value
1956.0,50.0,Male,Hoodie,Clothing,56.0,Maine,M,Pink,Winter,4.9,No,Express,0.0,0.0,37.0,Cash,Monthly,12.0,0.0,0.9750000000000001,0.5510204081632653,0.21568627450980393,0.9600000000000002,0.5761140456182474,Medium Value
1957.0,70.0,Male,Socks,Clothing,37.0,Oklahoma,M,Pink,Winter,4.9,No,Express,0.0,0.0,20.0,Credit Card,Fortnightly,26.0,0.0,0.9500000000000002,0.32653061224489793,0.9999999999999999,1.0,0.7206122448979592,Medium Value
1958.0,68.0,Male,Gloves,Accessories,54.0,South Carolina,M,Cyan,Spring,4.5,No,Store Pickup,0.0,0.0,26.0,Cash,Bi-Weekly,,0.0,0.5750000000000001,0.4693877551020408,0.9999999999999999,0.15999999999999992,0.6187551020408163,Medium Value
1959.0,39.0,Male,Shorts,Clothing,67.0,Nevada,M,Gray,Winter,2.7,No,Store Pickup,0.0,0.0,47.0,Cash,Quarterly,4.0,0.0,0.75,0.5714285714285714,0.058823529411764705,0.20000000000000018,0.41621848739495804,Low Value
1960.0,46.0,Male,Shoes,Footwear,90.0,Colorado,M,White,Fall,3.1,No,Store Pickup,0.0,0.0,7.0,Credit Card,Every 3 Months,,0.0,0.08750000000000002,0.346938775510204,,0.32000000000000006,,Low Value
1961.0,57.0,Male,Jeans,Clothing,72.0,Massachusetts,L,Red,Summer,3.3,No,2-Day Shipping,0.0,0.0,40.0,Credit Card,Annually,1.0,0.0,0.0625,0.18367346938775508,,0.8800000000000001,,Low Value
1962.0,47.0,Male,Boots,Footwear,59.0,Nevada,L,Black,Summer,2.6,No,Free Shipping,0.0,0.0,45.0,Debit Card,Quarterly,4.0,0.0,0.3125,0.36734693877551017,0.058823529411764705,0.3600000000000001,0.2630858343337335,Low Value
1963.0,40.0,Male,Hat,Accessories,45.0,Iowa,M,Silver,Fall,4.4,No,Standard,0.0,0.0,20.0,PayPal,Fortnightly,26.0,0.0,0.8625,0.510204081632653,0.21568627450980393,0.8399999999999999,0.5252875150060023,Medium Value
1964.0,52.0,Male,Shorts,Clothing,30.0,Michigan,L,Pink,Spring,3.9,No,Standard,0.0,0.0,11.0,Credit Card,Weekly,52.0,0.0,0.08750000000000002,0.4897959183673469,,0.44000000000000017,,Low Value
1965.0,40.0,Male,Pants,Clothing,51.0,West Virginia,S,Cyan,Summer,4.6,No,Express,0.0,0.0,50.0,Debit Card,Monthly,12.0,0.0,0.875,0.02040816326530612,0.49019607843137253,0.040000000000000036,0.33422208883553417,Low Value
1966.0,67.0,Male,Sweater,Clothing,90.0,Indiana,M,White,Fall,4.9,No,Express,0.0,0.0,25.0,Debit Card,Quarterly,4.0,0.0,0.5625,0.36734693877551017,,0.08000000000000007,,Low Value
1967.0,67.0,Male,Jacket,Outerwear,95.0,Indiana,XL,Purple,Winter,3.7,No,Express,0.0,0.0,5.0,Credit Card,Fortnightly,26.0,0.0,0.65,0.6326530612244897,0.058823529411764705,0.2400000000000002,0.42470828331332533,Low Value
1968.0,37.0,Male,Dress,Clothing,81.0,Georgia,L,Yellow,Fall,3.7,No,Standard,0.0,0.0,4.0,Venmo,Annually,1.0,0.0,0.625,0.24489795918367344,,0.28000000000000025,,Low Value
1969.0,67.0,Male,Shirt,Clothing,70.0,Minnesota,S,Blue,Spring,4.2,No,Standard,0.0,0.0,25.0,Credit Card,Weekly,52.0,0.0,0.7750000000000001,0.5918367346938774,0.49019607843137253,0.3600000000000001,0.5747935174069627,Medium Value
1970.0,64.0,Male,Dress,Clothing,32.0,Louisiana,S,Cyan,Winter,3.5,No,Next Day Air,0.0,0.0,11.0,Bank Transfer,Fortnightly,26.0,0.0,0.9625000000000001,0.02040816326530612,0.0,0.7600000000000002,0.2766632653061225,Low Value
1971.0,28.0,Male,Belt,Accessories,94.0,Maryland,M,Indigo,Spring,2.9,No,Next Day Air,0.0,0.0,4.0,Credit Card,Bi-Weekly,,0.0,0.0625,0.14285714285714285,0.058823529411764705,0.28000000000000025,0.11528991596638657,Low Value
1972.0,54.0,Male,Hat,Accessories,29.0,Pennsylvania,XL,Indigo,Spring,3.4,No,Next Day Air,0.0,0.0,1.0,Venmo,Monthly,12.0,0.0,0.3500000000000001,0.5306122448979591,,0.0,,Low Value
1973.0,54.0,Male,Backpack,Accessories,31.0,Louisiana,M,Silver,Summer,3.3,No,Express,0.0,0.0,48.0,PayPal,Every 3 Months,,0.0,0.9875,0.510204081632653,,0.52,,Low Value
1974.0,24.0,Male,Skirt,Clothing,20.0,Maryland,XL,Red,Fall,4.5,No,Standard,0.0,0.0,9.0,Venmo,Every 3 Months,,0.0,0.012500000000000011,0.04081632653061225,,0.7600000000000002,,Low Value
1975.0,27.0,Male,Gloves,Accessories,44.0,Tennessee,M,Peach,Winter,4.6,No,2-Day Shipping,0.0,0.0,2.0,PayPal,Fortnightly,26.0,0.0,0.925,0.061224489795918366,0.21568627450980393,0.4800000000000002,0.32219567827130857,Low Value
1976.0,53.0,Male,Jacket,Outerwear,77.0,Illinois,L,Turquoise,Fall,2.9,No,Express,0.0,0.0,4.0,Cash,Quarterly,4.0,0.0,0.4125000000000001,0.08163265306122448,0.49019607843137253,0.28000000000000025,0.2902118847539016,Low Value
1977.0,32.0,Male,Handbag,Accessories,51.0,Wyoming,M,Pink,Spring,3.2,No,Next Day Air,0.0,0.0,43.0,PayPal,Fortnightly,26.0,0.0,0.625,0.4897959183673469,0.058823529411764705,0.9600000000000002,0.4345654261704682,Low Value
1978.0,24.0,Male,Sandals,Footwear,49.0,Florida,M,Teal,Summer,2.6,No,Free Shipping,0.0,0.0,32.0,Bank Transfer,Annually,1.0,0.0,0.07500000000000001,0.9387755102040816,,0.56,,Low Value
1979.0,45.0,Male,Sunglasses,Accessories,78.0,Massachusetts,L,Magenta,Spring,3.8,No,Store Pickup,0.0,0.0,1.0,Cash,Quarterly,4.0,0.0,0.7750000000000001,0.14285714285714285,0.49019607843137253,0.8,0.4392016806722689,Low Value
1980.0,49.0,Male,Jeans,Clothing,98.0,Tennessee,L,Blue,Spring,2.8,No,Store Pickup,0.0,0.0,38.0,Debit Card,Fortnightly,26.0,0.0,0.3375,0.38775510204081626,0.49019607843137253,0.3600000000000001,0.4056608643457383,Low Value
1981.0,51.0,Male,Sandals,Footwear,94.0,Iowa,M,Green,Winter,4.4,No,Store Pickup,0.0,0.0,25.0,PayPal,Fortnightly,26.0,0.0,0.15000000000000002,0.836734693877551,,0.6399999999999999,,Low Value
1982.0,69.0,Male,Shoes,Footwear,91.0,Michigan,L,Violet,Summer,4.7,No,Express,0.0,0.0,42.0,PayPal,Quarterly,4.0,0.0,0.9625000000000001,0.38775510204081626,0.9999999999999999,0.8,0.7276020408163264,Medium Value
1983.0,41.0,Male,Sunglasses,Accessories,77.0,Kansas,M,Turquoise,Summer,2.7,No,2-Day Shipping,0.0,0.0,32.0,PayPal,Monthly,12.0,0.0,0.6000000000000001,0.44897959183673464,0.49019607843137253,0.8800000000000001,0.5346506602641057,Medium Value
1984.0,59.0,Male,Scarf,Accessories,97.0,Georgia,M,Pink,Summer,2.6,No,Next Day Air,0.0,0.0,21.0,Debit Card,Quarterly,4.0,0.0,0.03750000000000003,0.510204081632653,0.058823529411764705,0.9199999999999999,0.3212286914765906,Low Value
1985.0,26.0,Male,Skirt,Clothing,58.0,West Virginia,M,Black,Summer,3.4,No,2-Day Shipping,0.0,0.0,26.0,PayPal,Fortnightly,26.0,0.0,0.16250000000000003,0.9591836734693877,0.058823529411764705,0.7600000000000002,0.5098205282112845,Medium Value
1986.0,23.0,Male,Gloves,Accessories,97.0,Tennessee,M,Gold,Spring,3.9,No,2-Day Shipping,0.0,0.0,6.0,Credit Card,Fortnightly,26.0,0.0,0.22500000000000003,0.3061224489795918,,0.6000000000000001,,Low Value
1987.0,62.0,Male,Coat,Outerwear,48.0,Arkansas,L,Green,Summer,3.4,No,2-Day Shipping,0.0,0.0,14.0,Venmo,Quarterly,4.0,0.0,0.6000000000000001,0.5510204081632653,,0.6399999999999999,,Low Value
1988.0,69.0,Male,Belt,Accessories,23.0,Vermont,XL,White,Summer,3.4,No,Express,0.0,0.0,4.0,Cash,Quarterly,4.0,0.0,0.03750000000000003,0.7755102040816325,0.9999999999999999,0.4800000000000002,0.6657040816326529,Medium Value
1989.0,46.0,Male,Pants,Clothing,79.0,Virginia,M,Gold,Winter,3.9,No,Free Shipping,0.0,0.0,26.0,Bank Transfer,Weekly,52.0,0.0,0.11250000000000004,0.8571428571428571,0.49019607843137253,0.20000000000000018,0.5324159663865546,Medium Value
1990.0,35.0,Male,Jewelry,Accessories,42.0,Maryland,S,Charcoal,Spring,4.0,No,Express,0.0,0.0,39.0,PayPal,Bi-Weekly,,0.0,0.1875,0.8979591836734693,,0.44000000000000017,,Low Value
1991.0,32.0,Male,Backpack,Accessories,95.0,Connecticut,L,White,Spring,3.4,No,2-Day Shipping,0.0,0.0,15.0,PayPal,Annually,1.0,0.0,0.6625000000000001,1.0,,0.9199999999999999,,Low Value
1992.0,46.0,Male,Sneakers,Footwear,29.0,Missouri,M,Brown,Summer,3.7,No,Next Day Air,0.0,0.0,1.0,Venmo,Every 3 Months,,0.0,0.8,0.18367346938775508,,0.4800000000000002,,Low Value
1993.0,33.0,Male,Hoodie,Clothing,98.0,New Jersey,L,Gold,Winter,4.9,No,2-Day Shipping,0.0,0.0,28.0,Venmo,Monthly,12.0,0.0,0.03750000000000003,0.7959183673469387,0.058823529411764705,0.8399999999999999,0.4275144057623049,Low Value
1994.0,32.0,Male,Blouse,Clothing,96.0,Arkansas,S,Purple,Spring,5.0,No,Express,0.0,0.0,17.0,Cash,Weekly,52.0,0.0,0.5875,0.7551020408163265,0.21568627450980393,0.11999999999999988,0.4962466986794718,Medium Value
1995.0,33.0,Male,Sunglasses,Accessories,66.0,Nevada,M,Brown,Fall,2.9,No,Next Day Air,0.0,0.0,24.0,Credit Card,Weekly,52.0,0.0,0.38750000000000007,0.02040816326530612,0.21568627450980393,0.6000000000000001,0.21036914765906367,Low Value
1996.0,67.0,Male,Boots,Footwear,80.0,Missouri,S,Teal,Spring,3.0,No,Standard,0.0,0.0,29.0,Debit Card,Quarterly,4.0,0.0,0.2,0.24489795918367344,0.0,0.6800000000000002,0.20595918367346938,Low Value
1997.0,67.0,Male,Sneakers,Footwear,27.0,South Dakota,L,Indigo,Summer,3.3,No,Next Day Air,0.0,0.0,18.0,Cash,Every 3 Months,,0.0,0.4375,0.6530612244897959,0.0,0.44000000000000017,0.3927244897959184,Low Value
1998.0,42.0,Male,Backpack,Accessories,25.0,Connecticut,M,Purple,Fall,4.7,No,Express,0.0,0.0,10.0,Debit Card,Bi-Weekly,,0.0,0.125,0.5306122448979591,0.21568627450980393,0.15999999999999992,0.31795078031212487,Low Value
1999.0,20.0,Male,Pants,Clothing,45.0,Vermont,M,Orange,Fall,3.4,No,2-Day Shipping,0.0,0.0,19.0,Cash,Quarterly,4.0,0.0,0.625,0.8571428571428571,0.9999999999999999,0.6399999999999999,0.8318571428571427,High Value
2000.0,39.0,Male,Socks,Clothing,89.0,Tennessee,L,Indigo,Winter,4.6,No,2-Day Shipping,0.0,0.0,26.0,Debit Card,Monthly,12.0,0.0,0.5375000000000001,0.9183673469387754,0.9999999999999999,0.2400000000000002,0.7988469387755102,High Value
2001.0,26.0,Male,Belt,Accessories,27.0,California,M,Lavender,Winter,3.6,No,2-Day Shipping,0.0,0.0,25.0,Cash,Bi-Weekly,,0.0,0.8375000000000001,0.12244897959183673,,0.72,,Low Value
2002.0,51.0,Male,Sunglasses,Accessories,90.0,Wyoming,S,Purple,Winter,2.6,No,Free Shipping,0.0,0.0,2.0,Debit Card,Fortnightly,26.0,0.0,0.625,0.693877551020408,0.49019607843137253,0.7600000000000002,0.625609843937575,Medium Value
2003.0,31.0,Male,Shirt,Clothing,65.0,New York,M,Red,Summer,2.7,No,Express,0.0,0.0,19.0,PayPal,Every 3 Months,,0.0,0.38750000000000007,0.6122448979591836,,0.2400000000000002,,Low Value
2004.0,68.0,Male,Sneakers,Footwear,72.0,Maine,S,Blue,Spring,3.1,No,Express,0.0,0.0,32.0,Cash,Quarterly,4.0,0.0,0.0625,0.836734693877551,0.058823529411764705,0.15999999999999992,0.38084093637454985,Low Value
2005.0,44.0,Male,Shoes,Footwear,70.0,Georgia,L,Blue,Fall,3.2,No,2-Day Shipping,0.0,0.0,13.0,Cash,Bi-Weekly,,0.0,0.15000000000000002,0.26530612244897955,,0.28000000000000025,,Low Value
2006.0,18.0,Male,Sandals,Footwear,82.0,Tennessee,M,Cyan,Winter,3.4,No,Store Pickup,0.0,0.0,30.0,PayPal,Fortnightly,26.0,0.0,0.4,0.693877551020408,0.21568627450980393,0.6000000000000001,0.4822569027611044,Medium Value
2007.0,58.0,Male,Scarf,Accessories,97.0,New Mexico,S,Pink,Fall,4.4,No,Express,0.0,0.0,2.0,Credit Card,Annually,1.0,0.0,0.16250000000000003,0.9795918367346937,0.9999999999999999,0.08000000000000007,0.7323367346938774,Medium Value
2008.0,26.0,Male,Shirt,Clothing,25.0,Virginia,M,Silver,Summer,3.2,No,2-Day Shipping,0.0,0.0,8.0,PayPal,Quarterly,4.0,0.0,0.6000000000000001,0.32653061224489793,0.49019607843137253,0.20000000000000018,0.4176710684273709,Low Value
2009.0,57.0,Male,Skirt,Clothing,48.0,Florida,M,Gray,Spring,2.5,No,Free Shipping,0.0,0.0,27.0,PayPal,Every 3 Months,,0.0,0.0,0.510204081632653,0.058823529411764705,0.7600000000000002,0.29772869147659065,Low Value
2010.0,37.0,Male,Boots,Footwear,99.0,Alabama,M,Indigo,Summer,3.8,No,Next Day Air,0.0,0.0,26.0,Venmo,Bi-Weekly,,0.0,0.15000000000000002,0.5918367346938774,,0.11999999999999988,,Low Value
2011.0,24.0,Male,Sweater,Clothing,21.0,Texas,M,Maroon,Summer,4.4,No,2-Day Shipping,0.0,0.0,3.0,Debit Card,Bi-Weekly,,0.0,0.7750000000000001,0.6326530612244897,0.0,0.2400000000000002,0.43206122448979595,Low Value
2012.0,57.0,Male,Sandals,Footwear,94.0,West Virginia,M,Beige,Spring,3.7,No,Express,0.0,0.0,4.0,Bank Transfer,Monthly,12.0,0.0,0.55,0.693877551020408,0.058823529411764705,0.56,0.4611980792316926,Medium Value
2013.0,48.0,Male,Jeans,Clothing,53.0,Nevada,L,Green,Fall,3.2,No,Store Pickup,0.0,0.0,5.0,Cash,Fortnightly,26.0,0.0,0.050000000000000044,0.28571428571428564,0.0,0.08000000000000007,0.13228571428571428,Low Value
2014.0,39.0,Male,Backpack,Accessories,70.0,Virginia,M,Peach,Winter,4.9,No,Standard,0.0,0.0,25.0,Debit Card,Quarterly,4.0,0.0,0.9500000000000002,0.18367346938775508,0.0,0.3600000000000001,0.2994693877551021,Low Value
2015.0,51.0,Male,Skirt,Clothing,26.0,Wisconsin,L,Black,Summer,3.9,No,Standard,0.0,0.0,47.0,PayPal,Bi-Weekly,,0.0,0.925,0.26530612244897955,0.21568627450980393,0.52,0.407828331332533,Low Value
2016.0,57.0,Male,Belt,Accessories,82.0,Virginia,S,Pink,Summer,4.5,No,Next Day Air,0.0,0.0,8.0,Credit Card,Fortnightly,26.0,0.0,0.3500000000000001,0.5918367346938774,0.0,0.4800000000000002,0.354734693877551,Low Value
2017.0,53.0,Male,Shoes,Footwear,47.0,Maine,S,Violet,Winter,3.4,No,Standard,0.0,0.0,20.0,Debit Card,Fortnightly,26.0,0.0,0.5,0.3061224489795918,0.49019607843137253,0.8,0.44950780312124844,Low Value
2018.0,70.0,Male,Socks,Clothing,32.0,Massachusetts,S,Green,Winter,4.1,No,Next Day Air,0.0,0.0,42.0,Bank Transfer,Every 3 Months,,0.0,0.45000000000000007,0.26530612244897955,0.0,0.15999999999999992,0.21212244897959184,Low Value
2019.0,60.0,Male,Backpack,Accessories,97.0,Arkansas,S,Gold,Fall,4.5,No,Store Pickup,0.0,0.0,20.0,Bank Transfer,Weekly,52.0,0.0,0.16250000000000003,0.5510204081632653,0.9999999999999999,0.3600000000000001,0.588908163265306,Medium Value
2020.0,31.0,Male,Shirt,Clothing,68.0,Idaho,S,Red,Winter,4.7,No,Store Pickup,0.0,0.0,23.0,Cash,Fortnightly,26.0,0.0,0.32500000000000007,0.5714285714285714,0.21568627450980393,0.7600000000000002,0.4342773109243698,Low Value
2021.0,41.0,Male,Sweater,Clothing,23.0,Pennsylvania,M,Beige,Winter,4.8,No,Next Day Air,0.0,0.0,26.0,Cash,Quarterly,4.0,0.0,0.21250000000000002,0.08163265306122448,,0.6800000000000002,,Low Value
2022.0,62.0,Male,Handbag,Accessories,33.0,Maine,M,Green,Winter,4.4,No,Standard,0.0,0.0,48.0,Venmo,Quarterly,4.0,0.0,0.9750000000000001,0.32653061224489793,0.058823529411764705,0.32000000000000006,0.37525930372148864,Low Value
2023.0,59.0,Male,Jewelry,Accessories,38.0,Alabama,S,Black,Winter,4.0,No,Store Pickup,0.0,0.0,16.0,Cash,Bi-Weekly,,0.0,0.375,1.0,0.9999999999999999,0.4800000000000002,0.823,High Value
2024.0,46.0,Male,Socks,Clothing,68.0,Idaho,S,Teal,Winter,4.1,No,Store Pickup,0.0,0.0,28.0,Cash,Bi-Weekly,,0.0,0.5375000000000001,0.44897959183673464,0.058823529411764705,0.28000000000000025,0.33273889555822334,Low Value
2025.0,62.0,Male,Socks,Clothing,23.0,Arkansas,L,Silver,Fall,3.7,No,Express,0.0,0.0,39.0,PayPal,Weekly,52.0,0.0,0.625,0.4285714285714285,0.0,0.040000000000000036,0.3004285714285714,Low Value
2026.0,42.0,Male,Shirt,Clothing,29.0,Delaware,M,Turquoise,Summer,3.0,No,Express,0.0,0.0,43.0,Debit Card,Fortnightly,26.0,0.0,0.5375000000000001,0.28571428571428564,0.058823529411764705,0.11999999999999988,0.2514327731092437,Low Value
2027.0,37.0,Male,Scarf,Accessories,35.0,Maine,M,Orange,Winter,3.6,No,Express,0.0,0.0,45.0,Bank Transfer,Every 3 Months,,0.0,0.825,0.6326530612244897,0.21568627450980393,0.15999999999999992,0.49876710684273706,Medium Value
2028.0,50.0,Male,Shoes,Footwear,73.0,Nebraska,S,Gold,Fall,4.8,No,Standard,0.0,0.0,50.0,Credit Card,Every 3 Months,,0.0,0.9875,0.08163265306122448,0.21568627450980393,0.6000000000000001,0.354858943577431,Low Value
2029.0,29.0,Male,Shoes,Footwear,84.0,Ohio,XL,Purple,Fall,3.7,No,2-Day Shipping,0.0,0.0,10.0,Venmo,Bi-Weekly,,0.0,0.25,0.10204081632653061,,0.15999999999999992,,Low Value
2030.0,25.0,Male,Scarf,Accessories,23.0,Montana,M,Pink,Spring,4.6,No,Next Day Air,0.0,0.0,40.0,PayPal,Quarterly,4.0,0.0,0.9000000000000001,0.8775510204081631,0.49019607843137253,0.8800000000000001,0.7660792316926772,High Value
2031.0,66.0,Male,Sunglasses,Accessories,67.0,New Mexico,S,Green,Summer,2.8,No,Standard,0.0,0.0,38.0,Credit Card,Monthly,12.0,0.0,0.012500000000000011,0.44897959183673464,0.49019607843137253,0.2400000000000002,0.35315066026410563,Low Value
2032.0,21.0,Male,Socks,Clothing,51.0,North Carolina,L,Charcoal,Spring,4.0,No,Standard,0.0,0.0,2.0,Credit Card,Monthly,12.0,0.0,0.7625,0.8775510204081631,0.21568627450980393,0.56,0.6242262905162065,Medium Value
2033.0,46.0,Male,Blouse,Clothing,36.0,South Carolina,M,Maroon,Winter,4.2,No,Next Day Air,0.0,0.0,13.0,Cash,Annually,1.0,0.0,0.7750000000000001,0.04081632653061225,0.058823529411764705,0.3600000000000001,0.22497358943577433,Low Value
2034.0,57.0,Male,Jeans,Clothing,55.0,Illinois,L,Olive,Summer,3.6,No,Express,0.0,0.0,33.0,Venmo,Annually,1.0,0.0,0.8500000000000001,0.26530612244897955,0.21568627450980393,0.2400000000000002,0.36482833133253306,Low Value
2035.0,61.0,Male,Shorts,Clothing,30.0,Alabama,M,Peach,Spring,2.9,No,Store Pickup,0.0,0.0,27.0,PayPal,Monthly,12.0,0.0,1.0,0.7346938775510203,0.058823529411764705,0.9199999999999999,0.6035246098439375,Medium Value
2036.0,53.0,Male,T-shirt,Clothing,70.0,Oklahoma,S,Yellow,Summer,4.1,No,Express,0.0,0.0,43.0,Bank Transfer,Weekly,52.0,0.0,0.5750000000000001,0.4285714285714285,0.9999999999999999,0.56,0.6424285714285713,Medium Value
2037.0,37.0,Male,Blouse,Clothing,63.0,Minnesota,S,Lavender,Winter,3.1,No,Next Day Air,0.0,0.0,46.0,Cash,Weekly,52.0,0.0,0.0625,0.02040816326530612,,0.40000000000000013,,Low Value
2038.0,39.0,Male,Belt,Accessories,87.0,Illinois,S,Green,Summer,4.3,No,Express,0.0,0.0,7.0,Venmo,Bi-Weekly,,0.0,0.4125000000000001,0.8775510204081631,0.49019607843137253,0.2400000000000002,0.604579231692677,Medium Value
2039.0,53.0,Male,Blouse,Clothing,70.0,Arkansas,L,Orange,Spring,4.4,No,Next Day Air,0.0,0.0,35.0,Credit Card,Fortnightly,26.0,0.0,0.10000000000000003,0.9795918367346937,0.21568627450980393,0.8800000000000001,0.5645426170468187,Medium Value
2040.0,35.0,Male,T-shirt,Clothing,51.0,Minnesota,M,Olive,Spring,3.1,No,Next Day Air,0.0,0.0,31.0,Debit Card,Bi-Weekly,,0.0,0.03750000000000003,0.4285714285714285,,0.8399999999999999,,Low Value
2041.0,69.0,Male,Jewelry,Accessories,25.0,South Carolina,XL,Gray,Spring,2.9,No,Free Shipping,0.0,0.0,42.0,Venmo,Quarterly,4.0,0.0,0.17500000000000004,0.510204081632653,0.0,0.32000000000000006,0.27108163265306123,Low Value
2042.0,66.0,Male,Jacket,Outerwear,32.0,New York,S,Lavender,Winter,3.2,No,Next Day Air,0.0,0.0,14.0,PayPal,Bi-Weekly,,0.0,0.275,0.7959183673469387,0.9999999999999999,0.28000000000000025,0.7013673469387754,Medium Value
2043.0,19.0,Male,Shoes,Footwear,52.0,Alabama,M,Red,Spring,4.0,No,2-Day Shipping,0.0,0.0,35.0,Venmo,Monthly,12.0,0.0,0.050000000000000044,0.3061224489795918,0.058823529411764705,0.2400000000000002,0.17409603841536617,Low Value
2044.0,47.0,Male,Gloves,Accessories,33.0,New York,M,Charcoal,Summer,2.7,No,Standard,0.0,0.0,49.0,PayPal,Weekly,52.0,0.0,0.3375,0.32653061224489793,,0.40000000000000013,,Low Value
2045.0,49.0,Male,Jeans,Clothing,68.0,Missouri,L,Orange,Spring,3.0,No,Free Shipping,0.0,0.0,17.0,PayPal,Fortnightly,26.0,0.0,0.7250000000000001,0.9591836734693877,,0.72,,Low Value
2046.0,31.0,Male,Jewelry,Accessories,20.0,Georgia,M,Red,Fall,4.4,No,Express,0.0,0.0,26.0,PayPal,Quarterly,4.0,0.0,0.8625,0.5510204081632653,,0.15999999999999992,,Low Value
2047.0,39.0,Male,Pants,Clothing,32.0,Oklahoma,M,Maroon,Winter,2.8,No,Free Shipping,0.0,0.0,30.0,Cash,Every 3 Months,,0.0,0.48750000000000004,0.510204081632653,0.49019607843137253,0.08000000000000007,0.45664045618247295,Medium Value
2048.0,58.0,Male,Jewelry,Accessories,82.0,Connecticut,M,Silver,Summer,3.1,No,Store Pickup,0.0,0.0,32.0,Cash,Annually,1.0,0.0,0.925,0.8571428571428571,0.058823529411764705,0.6000000000000001,0.6055042016806723,Medium Value
2049.0,45.0,Male,Sneakers,Footwear,64.0,Michigan,XL,Pink,Winter,3.9,No,Express,0.0,0.0,35.0,Bank Transfer,Quarterly,4.0,0.0,0.36250000000000004,0.7551020408163265,0.9999999999999999,0.8399999999999999,0.7585408163265305,High Value
2050.0,68.0,Male,Boots,Footwear,24.0,Rhode Island,L,Blue,Fall,2.7,No,Standard,0.0,0.0,15.0,Venmo,Annually,1.0,0.0,0.8625,0.7142857142857142,,0.8800000000000001,,Low Value
2051.0,35.0,Male,Hat,Accessories,96.0,Mississippi,M,Teal,Summer,3.4,No,Store Pickup,0.0,0.0,10.0,Debit Card,Annually,1.0,0.0,0.8875,0.0,0.9999999999999999,0.8800000000000001,0.5654999999999999,Medium Value
2052.0,65.0,Male,T-shirt,Clothing,94.0,Massachusetts,L,Black,Spring,3.8,No,Free Shipping,0.0,0.0,14.0,Credit Card,Monthly,12.0,0.0,0.8625,0.9795918367346937,0.0,0.6000000000000001,0.6243367346938776,Medium Value
2053.0,45.0,Male,Backpack,Accessories,48.0,New Hampshire,M,Gray,Winter,3.7,No,2-Day Shipping,0.0,0.0,30.0,Bank Transfer,Annually,1.0,0.0,0.4625,0.8163265306122448,,0.44000000000000017,,Low Value
2054.0,19.0,Male,Sunglasses,Accessories,60.0,Wyoming,S,Purple,Spring,4.5,No,2-Day Shipping,0.0,0.0,16.0,Credit Card,Fortnightly,26.0,0.0,0.6375000000000001,0.4081632653061224,0.21568627450980393,0.3600000000000001,0.3914711884753902,Low Value
2055.0,65.0,Male,Sweater,Clothing,56.0,New Jersey,XL,Gold,Spring,2.9,No,Express,0.0,0.0,14.0,PayPal,Annually,1.0,0.0,0.9625000000000001,0.4693877551020408,0.058823529411764705,0.20000000000000018,0.4179021608643458,Low Value
2056.0,28.0,Male,Handbag,Accessories,33.0,Texas,M,Silver,Fall,3.4,No,2-Day Shipping,0.0,0.0,28.0,Bank Transfer,Weekly,52.0,0.0,0.3125,0.5306122448979591,0.9999999999999999,0.040000000000000036,0.5787448979591836,Medium Value
2057.0,55.0,Male,Backpack,Accessories,46.0,Minnesota,L,Blue,Spring,4.4,No,2-Day Shipping,0.0,0.0,29.0,PayPal,Monthly,12.0,0.0,0.8875,0.061224489795918366,0.0,0.6800000000000002,0.26998979591836736,Low Value
2058.0,66.0,Male,Socks,Clothing,37.0,South Dakota,L,Yellow,Spring,4.2,No,Standard,0.0,0.0,5.0,PayPal,Every 3 Months,,0.0,0.0625,0.36734693877551017,0.0,0.3600000000000001,0.19543877551020408,Low Value
2059.0,29.0,Male,Shirt,Clothing,98.0,Washington,M,Brown,Winter,3.3,No,Store Pickup,0.0,0.0,17.0,Bank Transfer,Quarterly,4.0,0.0,0.5375000000000001,0.0,0.49019607843137253,0.6000000000000001,0.3145588235294118,Low Value
2060.0,56.0,Male,Shorts,Clothing,50.0,California,XL,Beige,Spring,3.7,No,Express,0.0,0.0,50.0,PayPal,Weekly,52.0,0.0,0.4,0.5306122448979591,0.0,0.8800000000000001,0.3802448979591837,Low Value
2061.0,21.0,Male,Belt,Accessories,63.0,Wisconsin,M,Blue,Fall,3.2,No,Next Day Air,0.0,0.0,23.0,Bank Transfer,Quarterly,4.0,0.0,0.2875,0.08163265306122448,0.9999999999999999,0.56,0.4461530612244897,Low Value
2062.0,32.0,Male,Sweater,Clothing,70.0,Michigan,S,Magenta,Summer,2.6,No,Store Pickup,0.0,0.0,22.0,Debit Card,Annually,1.0,0.0,0.10000000000000003,0.38775510204081626,0.058823529411764705,0.32000000000000006,0.22474909963985593,Low Value
2063.0,54.0,Male,Coat,Outerwear,63.0,South Carolina,L,Silver,Fall,2.8,No,Standard,0.0,0.0,15.0,Cash,Quarterly,4.0,0.0,0.7250000000000001,1.0,0.0,0.15999999999999992,0.561,Medium Value
2064.0,61.0,Male,Shorts,Clothing,86.0,Indiana,M,Cyan,Fall,2.9,No,Standard,0.0,0.0,32.0,Cash,Monthly,12.0,0.0,0.1375,0.7142857142857142,0.49019607843137253,0.7600000000000002,0.5362731092436975,Medium Value
2065.0,31.0,Male,Shoes,Footwear,99.0,Arkansas,M,Green,Summer,4.0,No,2-Day Shipping,0.0,0.0,5.0,Bank Transfer,Monthly,12.0,0.0,0.03750000000000003,0.22448979591836735,,0.44000000000000017,,Low Value
2066.0,27.0,Male,Sneakers,Footwear,40.0,Oregon,M,Blue,Spring,2.9,No,Free Shipping,0.0,0.0,6.0,Bank Transfer,Bi-Weekly,,0.0,0.0625,0.44897959183673464,0.21568627450980393,0.8,0.33679771908763506,Low Value
2067.0,64.0,Male,Sneakers,Footwear,92.0,Illinois,M,Olive,Fall,4.7,No,Store Pickup,0.0,0.0,44.0,Debit Card,Fortnightly,26.0,0.0,0.825,0.4081632653061224,0.9999999999999999,0.4800000000000002,0.676265306122449,Medium Value
2068.0,60.0,Male,Pants,Clothing,21.0,Maryland,XL,Beige,Fall,3.1,No,2-Day Shipping,0.0,0.0,23.0,Cash,Fortnightly,26.0,0.0,0.8500000000000001,0.9387755102040816,0.9999999999999999,0.11999999999999988,0.8575102040816326,High Value
2069.0,70.0,Male,Jewelry,Accessories,81.0,Vermont,XL,Black,Summer,3.9,No,Store Pickup,0.0,0.0,44.0,Venmo,Monthly,12.0,0.0,0.1875,0.7551020408163265,,0.8,,Low Value
2070.0,36.0,Male,T-shirt,Clothing,82.0,Texas,M,Indigo,Fall,3.4,No,Free Shipping,0.0,0.0,3.0,Debit Card,Quarterly,4.0,0.0,0.17500000000000004,0.7959183673469387,,0.7600000000000002,,Low Value
2071.0,56.0,Male,Jewelry,Accessories,88.0,Nebraska,XL,Red,Spring,3.1,No,Express,0.0,0.0,14.0,Cash,Monthly,12.0,0.0,0.6875,0.693877551020408,0.058823529411764705,0.32000000000000006,0.46469807923169265,Medium Value
2072.0,69.0,Male,Jacket,Outerwear,100.0,South Carolina,S,Yellow,Fall,4.8,No,Store Pickup,0.0,0.0,37.0,PayPal,Quarterly,4.0,0.0,0.32500000000000007,0.061224489795918366,0.058823529411764705,0.6800000000000002,0.17513685474189677,Low Value
2073.0,39.0,Male,Backpack,Accessories,66.0,Massachusetts,M,Beige,Winter,3.9,No,Next Day Air,0.0,0.0,22.0,Bank Transfer,Weekly,52.0,0.0,0.1375,0.5510204081632653,,0.08000000000000007,,Low Value
2074.0,38.0,Male,Belt,Accessories,25.0,Texas,S,Green,Winter,3.5,No,Next Day Air,0.0,0.0,2.0,PayPal,Every 3 Months,,0.0,0.9125000000000001,0.7142857142857142,,0.56,,Low Value
2075.0,36.0,Male,Scarf,Accessories,53.0,Florida,M,White,Summer,3.1,No,Free Shipping,0.0,0.0,44.0,Debit Card,Fortnightly,26.0,0.0,0.8125,0.28571428571428564,0.0,0.040000000000000036,0.2807857142857143,Low Value
2076.0,46.0,Male,Sweater,Clothing,28.0,South Carolina,S,Turquoise,Fall,4.7,No,Express,0.0,0.0,49.0,Debit Card,Monthly,12.0,0.0,0.6000000000000001,0.12244897959183673,0.49019607843137253,0.8,0.3960384153661465,Low Value
2077.0,59.0,Male,Gloves,Accessories,23.0,Florida,S,Indigo,Fall,4.6,No,Free Shipping,0.0,0.0,22.0,Debit Card,Bi-Weekly,,0.0,0.25,0.5714285714285714,,0.08000000000000007,,Low Value
2078.0,64.0,Male,Scarf,Accessories,34.0,Nebraska,L,Orange,Fall,3.3,No,Free Shipping,0.0,0.0,26.0,Bank Transfer,Annually,1.0,0.0,0.38750000000000007,0.22448979591836735,0.0,0.15999999999999992,0.18329591836734696,Low Value
2079.0,49.0,Male,Dress,Clothing,42.0,Hawaii,M,Blue,Spring,3.2,No,Next Day Air,0.0,0.0,40.0,Debit Card,Weekly,52.0,0.0,0.8125,0.3061224489795918,,0.3600000000000001,,Low Value
2080.0,32.0,Male,Jeans,Clothing,24.0,Montana,L,Violet,Summer,3.1,No,Next Day Air,0.0,0.0,16.0,PayPal,Quarterly,4.0,0.0,0.03750000000000003,1.0,,0.15999999999999992,,Low Value
2081.0,29.0,Male,Sunglasses,Accessories,47.0,South Dakota,S,Gray,Fall,3.5,No,Free Shipping,0.0,0.0,17.0,Debit Card,Bi-Weekly,,0.0,0.10000000000000003,0.2040816326530612,0.0,0.52,0.15363265306122448,Low Value
2082.0,24.0,Male,Coat,Outerwear,78.0,Alabama,S,Cyan,Spring,4.3,No,Standard,0.0,0.0,48.0,Bank Transfer,Bi-Weekly,,0.0,0.30000000000000004,0.5510204081632653,0.058823529411764705,0.6800000000000002,0.3660552220888355,Low Value
2083.0,41.0,Male,Jeans,Clothing,89.0,Arkansas,M,Yellow,Summer,2.9,No,Free Shipping,0.0,0.0,28.0,Venmo,Every 3 Months,,0.0,0.4625,0.7142857142857142,,0.40000000000000013,,Low Value
2084.0,41.0,Male,Scarf,Accessories,59.0,Mississippi,L,Orange,Fall,2.7,No,Store Pickup,0.0,0.0,26.0,Credit Card,Fortnightly,26.0,0.0,0.9750000000000001,0.7551020408163265,0.058823529411764705,0.2400000000000002,0.5386878751500601,Medium Value
2085.0,32.0,Male,Blouse,Clothing,94.0,Vermont,S,Brown,Summer,4.0,No,Standard,0.0,0.0,43.0,Bank Transfer,Quarterly,4.0,0.0,0.6000000000000001,0.6326530612244897,0.21568627450980393,0.40000000000000013,0.47776710684273715,Medium Value
2086.0,69.0,Male,Jeans,Clothing,49.0,New York,M,Teal,Fall,4.6,No,Free Shipping,0.0,0.0,38.0,Debit Card,Weekly,52.0,0.0,0.2,0.836734693877551,0.9999999999999999,0.6000000000000001,0.7346938775510204,Medium Value
2087.0,65.0,Male,Dress,Clothing,89.0,North Dakota,L,Beige,Summer,4.7,No,2-Day Shipping,0.0,0.0,36.0,Cash,Every 3 Months,,0.0,0.6375000000000001,0.4285714285714285,,0.4800000000000002,,Low Value
2088.0,54.0,Male,Hat,Accessories,91.0,Wisconsin,M,Blue,Summer,4.7,No,Standard,0.0,0.0,1.0,Credit Card,Weekly,52.0,0.0,0.5,0.4285714285714285,0.058823529411764705,0.6800000000000002,0.3570756302521008,Low Value
2089.0,39.0,Male,Sandals,Footwear,89.0,California,L,Orange,Spring,4.0,No,Standard,0.0,0.0,49.0,Debit Card,Annually,1.0,0.0,0.8375000000000001,0.6122448979591836,0.058823529411764705,0.9199999999999999,0.5220450180072029,Medium Value
2090.0,37.0,Male,Jacket,Outerwear,57.0,Maryland,L,Gold,Spring,3.6,No,Free Shipping,0.0,0.0,41.0,Credit Card,Every 3 Months,,0.0,0.22500000000000003,0.5510204081632653,0.21568627450980393,0.6399999999999999,0.3941140456182473,Low Value
2091.0,51.0,Male,Socks,Clothing,71.0,Massachusetts,S,Teal,Winter,3.4,No,Free Shipping,0.0,0.0,21.0,Debit Card,Monthly,12.0,0.0,0.3125,0.7959183673469387,0.9999999999999999,0.8,0.7608673469387754,High Value
2092.0,26.0,Male,Jeans,Clothing,97.0,Washington,XL,Beige,Fall,3.0,No,Next Day Air,0.0,0.0,24.0,Bank Transfer,Quarterly,4.0,0.0,0.3375,0.4081632653061224,0.9999999999999999,0.08000000000000007,0.5387653061224489,Medium Value
2093.0,42.0,Male,Sandals,Footwear,45.0,Minnesota,M,Silver,Fall,2.6,No,Next Day Air,0.0,0.0,27.0,Bank Transfer,Weekly,52.0,0.0,0.4625,0.22448979591836735,,0.11999999999999988,,Low Value
2094.0,21.0,Male,Dress,Clothing,91.0,Washington,M,Maroon,Spring,4.2,No,Store Pickup,0.0,0.0,4.0,Debit Card,Annually,1.0,0.0,0.6000000000000001,0.6530612244897959,0.0,0.4800000000000002,0.42922448979591843,Low Value
2095.0,53.0,Male,Socks,Clothing,25.0,South Carolina,M,Indigo,Spring,3.4,No,Standard,0.0,0.0,19.0,Venmo,Annually,1.0,0.0,0.4,0.16326530612244897,0.49019607843137253,0.44000000000000017,0.3363649459783914,Low Value
2096.0,36.0,Male,Hoodie,Clothing,63.0,New Mexico,M,Gray,Fall,4.0,No,Store Pickup,0.0,0.0,1.0,Bank Transfer,Fortnightly,26.0,0.0,0.8375000000000001,0.28571428571428564,0.9999999999999999,0.8800000000000001,0.6697857142857142,Medium Value
2097.0,21.0,Male,Dress,Clothing,52.0,North Carolina,L,Blue,Summer,4.7,No,Free Shipping,0.0,0.0,27.0,Debit Card,Annually,1.0,0.0,0.17500000000000004,0.24489795918367344,0.0,0.52,0.18495918367346942,Low Value
2098.0,33.0,Male,Sneakers,Footwear,43.0,Iowa,S,Cyan,Winter,3.9,No,Next Day Air,0.0,0.0,5.0,Credit Card,Weekly,52.0,0.0,0.26250000000000007,0.693877551020408,0.49019607843137253,0.15999999999999992,0.49310984393757495,Medium Value
2099.0,49.0,Male,T-shirt,Clothing,28.0,Louisiana,M,White,Summer,3.3,No,2-Day Shipping,0.0,0.0,20.0,Venmo,Quarterly,4.0,0.0,0.925,0.0,,0.8399999999999999,,Low Value
2100.0,31.0,Male,T-shirt,Clothing,78.0,Oklahoma,L,Green,Summer,2.9,No,Express,0.0,0.0,50.0,PayPal,Annually,1.0,0.0,0.9125000000000001,0.4897959183673469,0.49019607843137253,0.11999999999999988,0.5374771908763506,Medium Value
2101.0,68.0,Male,Sweater,Clothing,31.0,Michigan,M,Silver,Spring,4.4,No,Free Shipping,0.0,0.0,36.0,Cash,Fortnightly,26.0,0.0,0.38750000000000007,0.38775510204081626,,0.8399999999999999,,Low Value
2102.0,49.0,Male,Shirt,Clothing,23.0,Oregon,M,Blue,Winter,3.6,No,Next Day Air,0.0,0.0,12.0,Bank Transfer,Bi-Weekly,,0.0,0.275,0.7142857142857142,0.058823529411764705,0.11999999999999988,0.3703613445378151,Low Value
2103.0,23.0,Male,Hat,Accessories,25.0,Idaho,M,Brown,Spring,4.5,No,Store Pickup,0.0,0.0,23.0,Cash,Monthly,12.0,0.0,0.9375,0.6530612244897959,0.9999999999999999,0.20000000000000018,0.7687244897959182,High Value
2104.0,30.0,Male,Pants,Clothing,86.0,Indiana,S,Red,Summer,3.7,No,Store Pickup,0.0,0.0,21.0,Venmo,Weekly,52.0,0.0,0.875,0.7142857142857142,0.49019607843137253,0.4800000000000002,0.6557731092436975,Medium Value
2105.0,53.0,Male,Shoes,Footwear,88.0,New Mexico,M,Gold,Spring,2.8,No,Free Shipping,0.0,0.0,47.0,Venmo,Weekly,52.0,0.0,0.9750000000000001,0.6326530612244897,0.0,0.6399999999999999,0.5120612244897959,Medium Value
2106.0,65.0,Male,Gloves,Accessories,35.0,South Carolina,M,Silver,Spring,4.5,No,Free Shipping,0.0,0.0,38.0,Venmo,Bi-Weekly,,0.0,0.23750000000000004,0.4081632653061224,0.058823529411764705,0.72,0.3004123649459784,Low Value
2107.0,60.0,Male,Jewelry,Accessories,34.0,Vermont,M,Gray,Fall,4.4,No,Standard,0.0,0.0,40.0,Credit Card,Every 3 Months,,0.0,0.5750000000000001,0.9591836734693877,,0.52,,Low Value
2108.0,46.0,Male,Pants,Clothing,75.0,Delaware,M,Black,Winter,3.3,No,Standard,0.0,0.0,35.0,PayPal,Quarterly,4.0,0.0,0.03750000000000003,0.4897959183673469,0.058823529411764705,0.4800000000000002,0.26906542617046825,Low Value
2109.0,54.0,Male,Hoodie,Clothing,46.0,North Dakota,XL,Beige,Winter,4.2,No,Express,0.0,0.0,4.0,Credit Card,Quarterly,4.0,0.0,0.6625000000000001,0.6326530612244897,0.0,0.9199999999999999,0.4775612244897959,Medium Value
2110.0,59.0,Male,Jewelry,Accessories,31.0,California,L,Peach,Fall,2.7,No,Free Shipping,0.0,0.0,28.0,Venmo,Every 3 Months,,0.0,0.03750000000000003,0.8979591836734693,,0.8399999999999999,,Low Value
2111.0,52.0,Male,Socks,Clothing,93.0,Montana,L,Cyan,Spring,3.9,No,Store Pickup,0.0,0.0,36.0,Debit Card,Every 3 Months,,0.0,0.2875,0.061224489795918366,0.49019607843137253,0.9199999999999999,0.32104861944777907,Low Value
2112.0,41.0,Male,Sunglasses,Accessories,85.0,Missouri,XL,Pink,Spring,2.6,No,Free Shipping,0.0,0.0,15.0,Bank Transfer,Annually,1.0,0.0,0.3125,0.36734693877551017,,0.8399999999999999,,Low Value
2113.0,43.0,Male,Belt,Accessories,68.0,Tennessee,M,Lavender,Fall,4.5,No,2-Day Shipping,0.0,0.0,7.0,Cash,Fortnightly,26.0,0.0,0.012500000000000011,0.0,0.9999999999999999,0.6000000000000001,0.36249999999999993,Low Value
2114.0,63.0,Male,Dress,Clothing,40.0,Virginia,M,Brown,Spring,2.7,No,Store Pickup,0.0,0.0,29.0,PayPal,Every 3 Months,,0.0,0.25,0.22448979591836735,0.9999999999999999,0.040000000000000036,0.4437959183673469,Low Value
2115.0,37.0,Male,Shirt,Clothing,51.0,Vermont,M,Magenta,Winter,2.9,No,Standard,0.0,0.0,12.0,Debit Card,Annually,1.0,0.0,0.4750000000000001,0.346938775510204,0.21568627450980393,0.040000000000000036,0.30248139255702283,Low Value
2116.0,44.0,Male,Scarf,Accessories,85.0,Rhode Island,M,Violet,Winter,3.4,No,Store Pickup,0.0,0.0,16.0,Bank Transfer,Bi-Weekly,,0.0,0.3500000000000001,0.8571428571428571,,0.8,,Low Value
2117.0,67.0,Male,Jacket,Outerwear,23.0,Kansas,M,Teal,Summer,2.9,No,Express,0.0,0.0,50.0,Debit Card,Bi-Weekly,,0.0,0.925,0.6122448979591836,0.0,0.6800000000000002,0.49789795918367347,Medium Value
2118.0,27.0,Male,Dress,Clothing,28.0,Colorado,L,Brown,Summer,3.8,No,Free Shipping,0.0,0.0,11.0,Debit Card,Annually,1.0,0.0,0.675,0.6530612244897959,,0.3600000000000001,,Low Value
2119.0,60.0,Male,Socks,Clothing,44.0,Georgia,M,Olive,Fall,4.2,No,2-Day Shipping,0.0,0.0,28.0,Debit Card,Quarterly,4.0,0.0,0.38750000000000007,0.9183673469387754,0.21568627450980393,0.4800000000000002,0.5575528211284514,Medium Value
2120.0,58.0,Male,Jewelry,Accessories,57.0,Nebraska,M,Indigo,Spring,3.5,No,Store Pickup,0.0,0.0,36.0,Venmo,Bi-Weekly,,0.0,0.7875000000000001,0.8163265306122448,,0.44000000000000017,,Low Value
2121.0,53.0,Male,Scarf,Accessories,98.0,Missouri,S,Red,Fall,3.1,No,Next Day Air,0.0,0.0,38.0,PayPal,Quarterly,4.0,0.0,0.6000000000000001,0.8163265306122448,0.49019607843137253,0.6000000000000001,0.6535894357743097,Medium Value
2122.0,43.0,Male,Backpack,Accessories,68.0,Alaska,M,Olive,Winter,3.5,No,2-Day Shipping,0.0,0.0,32.0,Bank Transfer,Monthly,12.0,0.0,0.8,0.16326530612244897,0.49019607843137253,0.8399999999999999,0.4563649459783914,Medium Value
2123.0,32.0,Male,Jacket,Outerwear,36.0,Virginia,L,Teal,Fall,4.0,No,Express,0.0,0.0,42.0,Debit Card,Weekly,52.0,0.0,0.4750000000000001,0.673469387755102,0.0,0.20000000000000018,0.3843877551020409,Low Value
2124.0,54.0,Male,Coat,Outerwear,71.0,Nebraska,L,Cyan,Spring,3.7,No,Express,0.0,0.0,22.0,Debit Card,Bi-Weekly,,0.0,0.9000000000000001,0.4081632653061224,0.0,0.32000000000000006,0.375265306122449,Low Value
2125.0,47.0,Male,Skirt,Clothing,60.0,Rhode Island,M,Teal,Fall,4.2,No,Next Day Air,0.0,0.0,22.0,Venmo,Quarterly,4.0,0.0,0.6125,0.08163265306122448,0.49019607843137253,0.52,0.35421188475390153,Low Value
2126.0,57.0,Male,Coat,Outerwear,87.0,New Hampshire,M,Beige,Fall,4.8,No,Store Pickup,0.0,0.0,31.0,PayPal,Quarterly,4.0,0.0,0.3500000000000001,0.6326530612244897,0.9999999999999999,0.08000000000000007,0.631061224489796,Medium Value
2127.0,63.0,Male,Shoes,Footwear,38.0,Alabama,XL,Magenta,Winter,4.1,No,Express,0.0,0.0,28.0,Credit Card,Monthly,12.0,0.0,0.5,0.8775510204081631,0.21568627450980393,0.8,0.5957262905162064,Medium Value
2128.0,70.0,Male,Boots,Footwear,45.0,North Carolina,M,Indigo,Spring,4.5,No,2-Day Shipping,0.0,0.0,40.0,Debit Card,Weekly,52.0,0.0,0.0,0.9183673469387754,,0.9199999999999999,,Low Value
2129.0,62.0,Male,Coat,Outerwear,47.0,New Mexico,L,Cyan,Fall,2.7,No,2-Day Shipping,0.0,0.0,21.0,PayPal,Weekly,52.0,0.0,0.4375,0.836734693877551,,0.6800000000000002,,Low Value
2130.0,40.0,Male,Skirt,Clothing,57.0,Minnesota,L,Orange,Fall,2.8,No,Store Pickup,0.0,0.0,12.0,PayPal,Every 3 Months,,0.0,0.8500000000000001,1.0,,0.40000000000000013,,Low Value
2131.0,25.0,Male,Backpack,Accessories,68.0,Arizona,L,Violet,Summer,3.7,No,Free Shipping,0.0,0.0,33.0,Credit Card,Annually,1.0,0.0,0.3500000000000001,0.6530612244897959,0.49019607843137253,0.9600000000000002,0.5742833133253301,Medium Value
2132.0,19.0,Male,Shorts,Clothing,52.0,Montana,M,Red,Fall,3.6,No,Express,0.0,0.0,9.0,Bank Transfer,Fortnightly,26.0,0.0,0.675,0.6326530612244897,0.058823529411764705,0.6399999999999999,0.4697082833133253,Medium Value
2133.0,25.0,Male,Skirt,Clothing,87.0,Vermont,M,Magenta,Fall,4.7,No,2-Day Shipping,0.0,0.0,15.0,Debit Card,Weekly,52.0,0.0,0.275,0.6326530612244897,,0.15999999999999992,,Low Value
2134.0,21.0,Male,Hat,Accessories,34.0,Maine,M,Olive,Summer,3.8,No,Standard,0.0,0.0,13.0,Bank Transfer,Annually,1.0,0.0,0.15000000000000002,0.7346938775510203,,0.6000000000000001,,Low Value
2135.0,55.0,Male,Sandals,Footwear,41.0,Virginia,XL,Maroon,Winter,2.9,No,Standard,0.0,0.0,35.0,Credit Card,Fortnightly,26.0,0.0,0.9750000000000001,0.16326530612244897,0.49019607843137253,0.8399999999999999,0.4913649459783913,Medium Value
2136.0,34.0,Male,Sunglasses,Accessories,94.0,California,S,Yellow,Winter,4.6,No,Next Day Air,0.0,0.0,1.0,Debit Card,Every 3 Months,,0.0,0.8625,0.10204081632653061,0.49019607843137253,0.11999999999999988,0.372375150060024,Low Value
2137.0,47.0,Male,Sunglasses,Accessories,93.0,New York,M,Red,Summer,2.8,No,Standard,0.0,0.0,25.0,Bank Transfer,Fortnightly,26.0,0.0,0.9625000000000001,0.7142857142857142,0.058823529411764705,1.0,0.5958613445378151,Medium Value
2138.0,27.0,Male,Socks,Clothing,51.0,Indiana,XL,Purple,Winter,4.6,No,2-Day Shipping,0.0,0.0,20.0,Credit Card,Every 3 Months,,0.0,0.36250000000000004,0.0,0.0,0.15999999999999992,0.0885,Low Value
2139.0,67.0,Male,Sweater,Clothing,42.0,Mississippi,M,Teal,Fall,2.8,No,Next Day Air,0.0,0.0,36.0,Venmo,Quarterly,4.0,0.0,0.375,0.9591836734693877,0.49019607843137253,0.32000000000000006,0.6377322929171669,Medium Value
2140.0,40.0,Male,Boots,Footwear,95.0,New York,M,Red,Winter,3.0,No,Free Shipping,0.0,0.0,33.0,Cash,Weekly,52.0,0.0,0.8875,0.8775510204081631,0.058823529411764705,0.3600000000000001,0.5821674669867947,Medium Value
2141.0,53.0,Male,Handbag,Accessories,90.0,New Mexico,M,Brown,Fall,3.7,No,Standard,0.0,0.0,36.0,Cash,Fortnightly,26.0,0.0,0.9125000000000001,0.16326530612244897,,0.20000000000000018,,Low Value
2142.0,24.0,Male,Dress,Clothing,98.0,Kentucky,M,Peach,Winter,4.1,No,2-Day Shipping,0.0,0.0,32.0,PayPal,Annually,1.0,0.0,0.9750000000000001,0.6326530612244897,0.0,0.8800000000000001,0.536061224489796,Medium Value
2143.0,47.0,Male,Hat,Accessories,39.0,North Dakota,M,Maroon,Winter,4.3,No,Next Day Air,0.0,0.0,21.0,Venmo,Quarterly,4.0,0.0,0.7750000000000001,0.26530612244897955,0.21568627450980393,0.15999999999999992,0.34182833133253304,Low Value
2144.0,53.0,Male,Sandals,Footwear,66.0,Arkansas,L,Red,Fall,3.8,No,Next Day Air,0.0,0.0,48.0,Venmo,Bi-Weekly,,0.0,0.21250000000000002,0.8571428571428571,0.058823529411764705,0.6399999999999999,0.4670042016806723,Medium Value
2145.0,47.0,Male,Shoes,Footwear,23.0,Maryland,L,Orange,Winter,3.7,No,Free Shipping,0.0,0.0,25.0,PayPal,Quarterly,4.0,0.0,0.5375000000000001,0.6326530612244897,,0.28000000000000025,,Low Value
2146.0,38.0,Male,Skirt,Clothing,73.0,Connecticut,S,White,Winter,4.8,No,Standard,0.0,0.0,32.0,PayPal,Annually,1.0,0.0,0.9875,0.510204081632653,,0.08000000000000007,,Low Value
2147.0,48.0,Male,Sunglasses,Accessories,23.0,Utah,XL,White,Summer,4.6,No,Standard,0.0,0.0,45.0,PayPal,Every 3 Months,,0.0,0.21250000000000002,0.02040816326530612,0.21568627450980393,0.8800000000000001,0.20336914765906366,Low Value
2148.0,47.0,Male,Skirt,Clothing,43.0,Missouri,S,Charcoal,Fall,4.8,No,Standard,0.0,0.0,4.0,Cash,Fortnightly,26.0,0.0,0.17500000000000004,0.3061224489795918,,0.28000000000000025,,Low Value
2149.0,19.0,Male,T-shirt,Clothing,45.0,Nebraska,XL,Turquoise,Winter,4.6,No,2-Day Shipping,0.0,0.0,19.0,PayPal,Bi-Weekly,,0.0,0.15000000000000002,1.0,,0.0,,Low Value
2150.0,38.0,Male,Sandals,Footwear,21.0,Hawaii,L,Orange,Winter,4.0,No,Standard,0.0,0.0,1.0,Bank Transfer,Weekly,52.0,0.0,0.03750000000000003,0.10204081632653061,,0.72,,Low Value
2151.0,57.0,Male,Shirt,Clothing,40.0,Illinois,M,Orange,Spring,2.6,No,2-Day Shipping,0.0,0.0,12.0,Cash,Weekly,52.0,0.0,0.7250000000000001,0.38775510204081626,0.0,0.7600000000000002,0.37610204081632653,Low Value
2152.0,70.0,Male,Jeans,Clothing,58.0,Vermont,L,Brown,Fall,2.6,No,2-Day Shipping,0.0,0.0,18.0,Venmo,Monthly,12.0,0.0,0.42500000000000004,0.16326530612244897,0.9999999999999999,0.8800000000000001,0.5383061224489796,Medium Value
2153.0,38.0,Male,Shorts,Clothing,48.0,New Jersey,L,Magenta,Summer,4.5,No,Next Day Air,0.0,0.0,43.0,Bank Transfer,Bi-Weekly,,0.0,0.925,0.9387755102040816,,0.6000000000000001,,Low Value
2154.0,35.0,Male,Shirt,Clothing,94.0,Kentucky,M,Violet,Fall,4.2,No,Free Shipping,0.0,0.0,31.0,PayPal,Annually,1.0,0.0,0.6875,0.6530612244897959,0.0,0.8399999999999999,0.4827244897959183,Medium Value
2155.0,46.0,Male,Scarf,Accessories,74.0,Wyoming,M,Violet,Spring,3.4,No,Store Pickup,0.0,0.0,33.0,Cash,Every 3 Months,,0.0,0.6125,0.9183673469387754,,0.52,,Low Value
2156.0,32.0,Male,Handbag,Accessories,51.0,Hawaii,L,Yellow,Fall,3.7,No,Store Pickup,0.0,0.0,46.0,PayPal,Monthly,12.0,0.0,0.1875,0.16326530612244897,0.21568627450980393,0.28000000000000025,0.1955120048019208,Low Value
2157.0,38.0,Male,Skirt,Clothing,83.0,Missouri,M,Maroon,Winter,3.6,No,Next Day Air,0.0,0.0,41.0,Debit Card,Bi-Weekly,,0.0,0.7250000000000001,0.14285714285714285,0.21568627450980393,1.0,0.3668487394957983,Low Value
2158.0,41.0,Male,Handbag,Accessories,68.0,Mississippi,L,Turquoise,Winter,4.0,No,Next Day Air,0.0,0.0,41.0,Venmo,Fortnightly,26.0,0.0,0.11250000000000004,0.9591836734693877,0.058823529411764705,0.40000000000000013,0.46382052821128456,Medium Value
2159.0,19.0,Male,Gloves,Accessories,84.0,Massachusetts,XL,Olive,Spring,4.6,No,Standard,0.0,0.0,9.0,Bank Transfer,Fortnightly,26.0,0.0,0.525,0.02040816326530612,0.21568627450980393,0.4800000000000002,0.22586914765906366,Low Value
2160.0,18.0,Male,Shirt,Clothing,58.0,Louisiana,M,Peach,Fall,3.0,No,Free Shipping,0.0,0.0,34.0,Cash,Annually,1.0,0.0,0.4750000000000001,0.6122448979591836,0.9999999999999999,0.9199999999999999,0.7318979591836733,Medium Value
2161.0,45.0,Male,Blouse,Clothing,92.0,West Virginia,L,Charcoal,Winter,3.3,No,Express,0.0,0.0,21.0,PayPal,Annually,1.0,0.0,0.8500000000000001,0.7959183673469387,0.21568627450980393,0.4800000000000002,0.6010732292917167,Medium Value
2162.0,23.0,Male,Dress,Clothing,69.0,Washington,S,Peach,Summer,3.8,No,Express,0.0,0.0,5.0,Debit Card,Fortnightly,26.0,0.0,0.75,0.693877551020408,0.21568627450980393,0.40000000000000013,0.5322569027611044,Medium Value
2163.0,60.0,Male,Shorts,Clothing,48.0,Oregon,S,Black,Summer,2.7,No,Free Shipping,0.0,0.0,32.0,PayPal,Weekly,52.0,0.0,0.3375,0.7959183673469387,0.21568627450980393,0.9600000000000002,0.5465732292917167,Medium Value
2164.0,52.0,Male,Shoes,Footwear,60.0,New York,L,Gray,Spring,4.5,No,Express,0.0,0.0,44.0,Bank Transfer,Monthly,12.0,0.0,0.38750000000000007,0.5306122448979591,,0.8800000000000001,,Low Value
2165.0,42.0,Male,Sandals,Footwear,20.0,Iowa,S,Olive,Winter,4.8,No,Next Day Air,0.0,0.0,46.0,PayPal,Bi-Weekly,,0.0,0.0625,0.18367346938775508,0.0,0.9600000000000002,0.18196938775510207,Low Value
2166.0,29.0,Male,Pants,Clothing,55.0,Idaho,M,Turquoise,Summer,4.2,No,Express,0.0,0.0,42.0,Credit Card,Every 3 Months,,0.0,0.2,0.44897959183673464,0.9999999999999999,0.72,0.5915918367346937,Medium Value
2167.0,31.0,Male,Jacket,Outerwear,88.0,New Jersey,S,Purple,Spring,3.5,No,Express,0.0,0.0,50.0,Credit Card,Bi-Weekly,,0.0,0.7375,0.6326530612244897,0.058823529411764705,0.2400000000000002,0.44220828331332535,Low Value
2168.0,30.0,Male,Skirt,Clothing,48.0,Ohio,L,Green,Winter,4.9,No,Standard,0.0,0.0,33.0,Venmo,Fortnightly,26.0,0.0,0.26250000000000007,0.10204081632653061,0.21568627450980393,0.3600000000000001,0.19402220888355345,Low Value
2169.0,23.0,Male,Handbag,Accessories,74.0,Connecticut,M,Beige,Spring,4.1,No,Next Day Air,0.0,0.0,32.0,Cash,Quarterly,4.0,0.0,0.6000000000000001,0.5306122448979591,0.9999999999999999,0.08000000000000007,0.6402448979591836,Medium Value
2170.0,31.0,Male,Coat,Outerwear,42.0,Florida,M,Brown,Fall,2.9,No,Next Day Air,0.0,0.0,32.0,Bank Transfer,Bi-Weekly,,0.0,0.38750000000000007,0.4897959183673469,0.49019607843137253,0.040000000000000036,0.42447719087635055,Low Value
2171.0,40.0,Male,Sweater,Clothing,32.0,South Carolina,M,Turquoise,Fall,4.0,No,Next Day Air,0.0,0.0,37.0,Venmo,Every 3 Months,,0.0,0.22500000000000003,0.2040816326530612,0.0,0.15999999999999992,0.1426326530612245,Low Value
2172.0,39.0,Male,Shorts,Clothing,98.0,Missouri,M,Yellow,Summer,4.6,No,Store Pickup,0.0,0.0,9.0,Cash,Fortnightly,26.0,0.0,0.32500000000000007,0.44897959183673464,0.21568627450980393,0.08000000000000007,0.31729771908763504,Low Value
2173.0,28.0,Male,Skirt,Clothing,89.0,Rhode Island,S,Lavender,Fall,2.8,No,Store Pickup,0.0,0.0,6.0,PayPal,Fortnightly,26.0,0.0,0.0,0.8775510204081631,0.058823529411764705,0.8,0.4486674669867947,Low Value
2174.0,23.0,Male,Gloves,Accessories,97.0,Delaware,S,Cyan,Summer,5.0,No,2-Day Shipping,0.0,0.0,36.0,Venmo,Quarterly,4.0,0.0,0.0625,0.693877551020408,0.49019607843137253,0.2400000000000002,0.461109843937575,Medium Value
2175.0,42.0,Male,Backpack,Accessories,49.0,Colorado,S,Olive,Spring,2.9,No,Store Pickup,0.0,0.0,1.0,Cash,Annually,1.0,0.0,0.8625,0.8979591836734693,,0.28000000000000025,,Low Value
2176.0,68.0,Male,Dress,Clothing,50.0,Nebraska,M,Silver,Spring,3.3,No,Free Shipping,0.0,0.0,48.0,Credit Card,Fortnightly,26.0,0.0,0.7125,0.4285714285714285,0.058823529411764705,0.32000000000000006,0.3635756302521008,Low Value
2177.0,24.0,Male,Belt,Accessories,91.0,Vermont,S,Red,Winter,3.4,No,2-Day Shipping,0.0,0.0,44.0,Debit Card,Quarterly,4.0,0.0,0.925,0.346938775510204,0.058823529411764705,0.15999999999999992,0.35742256902761105,Low Value
2178.0,24.0,Male,Gloves,Accessories,93.0,Montana,XL,Green,Winter,3.0,No,Express,0.0,0.0,9.0,PayPal,Bi-Weekly,,0.0,1.0,0.38775510204081626,0.9999999999999999,0.6399999999999999,0.7191020408163263,Medium Value
2179.0,21.0,Male,Jewelry,Accessories,98.0,Florida,M,Gold,Summer,4.7,No,Standard,0.0,0.0,32.0,Venmo,Annually,1.0,0.0,0.9500000000000002,0.5510204081632653,0.49019607843137253,0.08000000000000007,0.565466986794718,Medium Value
2180.0,49.0,Male,Socks,Clothing,82.0,Delaware,L,Lavender,Fall,2.9,No,Next Day Air,0.0,0.0,14.0,PayPal,Monthly,12.0,0.0,0.2,0.28571428571428564,,0.6000000000000001,,Low Value
2181.0,41.0,Male,Coat,Outerwear,37.0,Connecticut,M,Yellow,Summer,4.1,No,Store Pickup,0.0,0.0,43.0,Cash,Quarterly,4.0,0.0,0.08750000000000002,0.836734693877551,0.49019607843137253,0.040000000000000036,0.5032527010804322,Medium Value
2182.0,22.0,Male,Handbag,Accessories,63.0,Hawaii,M,Black,Fall,3.2,No,Free Shipping,0.0,0.0,32.0,Bank Transfer,Bi-Weekly,,0.0,0.5875,0.38775510204081626,0.058823529411764705,0.40000000000000013,0.33024909963985594,Low Value
2183.0,42.0,Male,Blouse,Clothing,99.0,New Mexico,M,Maroon,Winter,2.7,No,Store Pickup,0.0,0.0,26.0,Venmo,Bi-Weekly,,0.0,0.8875,0.3061224489795918,0.49019607843137253,0.11999999999999988,0.45900780312124845,Medium Value
2184.0,30.0,Male,Shorts,Clothing,37.0,Kansas,M,Maroon,Spring,4.7,No,Store Pickup,0.0,0.0,2.0,Cash,Monthly,12.0,0.0,0.525,0.9387755102040816,0.0,0.8,0.5605102040816328,Medium Value
2185.0,38.0,Male,Shoes,Footwear,34.0,Nevada,S,Gold,Spring,3.2,No,Free Shipping,0.0,0.0,16.0,PayPal,Every 3 Months,,0.0,0.8500000000000001,0.673469387755102,0.0,0.20000000000000018,0.4593877551020409,Medium Value
2186.0,40.0,Male,Shorts,Clothing,32.0,North Carolina,M,Violet,Winter,2.5,No,Express,0.0,0.0,50.0,Debit Card,Every 3 Months,,0.0,0.5750000000000001,0.5918367346938774,0.9999999999999999,0.7600000000000002,0.727734693877551,Medium Value
2187.0,55.0,Male,Sandals,Footwear,23.0,New Mexico,XL,Teal,Winter,4.3,No,Next Day Air,0.0,0.0,6.0,PayPal,Every 3 Months,,0.0,0.5625,0.08163265306122448,0.058823529411764705,0.8800000000000001,0.2508001200480192,Low Value
2188.0,37.0,Male,Blouse,Clothing,78.0,Idaho,M,Violet,Spring,4.4,No,Free Shipping,0.0,0.0,20.0,PayPal,Annually,1.0,0.0,0.0625,0.7551020408163265,0.058823529411764705,0.72,0.40418787515006005,Low Value
2189.0,41.0,Male,Coat,Outerwear,54.0,California,M,Brown,Winter,4.7,No,Next Day Air,0.0,0.0,9.0,Credit Card,Weekly,52.0,0.0,0.55,0.346938775510204,0.0,0.9199999999999999,0.3407755102040816,Low Value
2190.0,38.0,Male,Blouse,Clothing,94.0,Wisconsin,XL,Brown,Fall,4.0,No,Express,0.0,0.0,47.0,Credit Card,Bi-Weekly,,0.0,0.65,0.5510204081632653,0.0,0.9199999999999999,0.4424081632653061,Low Value
2191.0,42.0,Male,Belt,Accessories,75.0,Alaska,S,Maroon,Spring,4.6,No,Express,0.0,0.0,33.0,Credit Card,Annually,1.0,0.0,0.675,0.836734693877551,0.49019607843137253,0.7600000000000002,0.6927527010804322,Medium Value
2192.0,26.0,Male,Blouse,Clothing,69.0,Pennsylvania,S,Maroon,Summer,3.8,No,Next Day Air,0.0,0.0,46.0,Cash,Bi-Weekly,,0.0,0.375,0.08163265306122448,0.9999999999999999,0.4800000000000002,0.4556530612244898,Medium Value
2193.0,41.0,Male,Scarf,Accessories,35.0,Virginia,L,Yellow,Winter,3.2,No,Next Day Air,0.0,0.0,9.0,Credit Card,Monthly,12.0,0.0,0.9625000000000001,1.0,0.21568627450980393,0.56,0.7132058823529412,Medium Value
2194.0,27.0,Male,Shirt,Clothing,78.0,California,L,Turquoise,Spring,5.0,No,Express,0.0,0.0,8.0,PayPal,Monthly,12.0,0.0,0.2,0.6530612244897959,0.49019607843137253,0.52,0.5002833133253302,Medium Value
2195.0,61.0,Male,Socks,Clothing,29.0,Kentucky,M,Silver,Summer,3.5,No,Standard,0.0,0.0,48.0,Bank Transfer,Quarterly,4.0,0.0,0.36250000000000004,0.0,0.9999999999999999,0.6399999999999999,0.43649999999999994,Low Value
2196.0,58.0,Male,Jeans,Clothing,62.0,New York,M,Brown,Fall,3.7,No,Next Day Air,0.0,0.0,2.0,Cash,Monthly,12.0,0.0,0.55,0.26530612244897955,0.49019607843137253,0.6000000000000001,0.42318127250900356,Low Value
2197.0,25.0,Male,Dress,Clothing,58.0,Vermont,M,Gray,Spring,4.8,No,Next Day Air,0.0,0.0,31.0,PayPal,Weekly,52.0,0.0,0.1375,0.9591836734693877,0.21568627450980393,0.8,0.5558793517406964,Medium Value
2198.0,33.0,Male,Boots,Footwear,88.0,Pennsylvania,M,Indigo,Summer,3.7,No,2-Day Shipping,0.0,0.0,40.0,Venmo,Monthly,12.0,0.0,0.5750000000000001,0.510204081632653,0.9999999999999999,0.6000000000000001,0.6790816326530612,Medium Value
2199.0,57.0,Male,Scarf,Accessories,80.0,New York,L,Turquoise,Summer,3.5,No,Free Shipping,0.0,0.0,35.0,Venmo,Monthly,12.0,0.0,0.7750000000000001,0.8775510204081631,0.0,0.8,0.5860204081632654,Medium Value
2200.0,39.0,Male,Scarf,Accessories,47.0,North Carolina,M,Maroon,Summer,4.9,No,Store Pickup,0.0,0.0,40.0,Debit Card,Monthly,12.0,0.0,0.8500000000000001,0.346938775510204,0.49019607843137253,0.08000000000000007,0.46383433373349336,Medium Value
2201.0,60.0,Male,Gloves,Accessories,51.0,Wyoming,L,Charcoal,Summer,4.7,No,Next Day Air,0.0,0.0,27.0,Debit Card,Every 3 Months,,0.0,0.17500000000000004,0.6122448979591836,,0.52,,Low Value
2202.0,39.0,Male,Pants,Clothing,25.0,Ohio,L,Peach,Spring,4.9,No,2-Day Shipping,0.0,0.0,10.0,Venmo,Annually,1.0,0.0,0.8,0.346938775510204,0.9999999999999999,0.52,0.6507755102040816,Medium Value
2203.0,42.0,Male,Dress,Clothing,36.0,Alabama,M,Red,Summer,4.3,No,Next Day Air,0.0,0.0,23.0,Credit Card,Weekly,52.0,0.0,0.9500000000000002,0.8163265306122448,,0.52,,Low Value
2204.0,53.0,Male,Dress,Clothing,79.0,Rhode Island,M,Indigo,Winter,3.1,No,Free Shipping,0.0,0.0,32.0,Cash,Quarterly,4.0,0.0,0.6375000000000001,0.346938775510204,,0.72,,Low Value
2205.0,20.0,Male,Jeans,Clothing,41.0,Oregon,S,Lavender,Winter,3.4,No,2-Day Shipping,0.0,0.0,6.0,Debit Card,Monthly,12.0,0.0,0.7125,0.04081632653061225,,0.40000000000000013,,Low Value
2206.0,46.0,Male,Sweater,Clothing,68.0,North Dakota,XL,Red,Fall,2.7,No,Express,0.0,0.0,27.0,PayPal,Weekly,52.0,0.0,0.5750000000000001,0.08163265306122448,,0.52,,Low Value
2207.0,46.0,Male,Sandals,Footwear,51.0,Illinois,L,Green,Spring,2.6,No,Store Pickup,0.0,0.0,25.0,Bank Transfer,Fortnightly,26.0,0.0,0.012500000000000011,0.24489795918367344,0.0,0.4800000000000002,0.1484591836734694,Low Value
2208.0,69.0,Male,Handbag,Accessories,38.0,New Mexico,M,Gray,Fall,2.9,No,Next Day Air,0.0,0.0,11.0,Credit Card,Annually,1.0,0.0,0.21250000000000002,0.4285714285714285,0.0,0.9199999999999999,0.30592857142857144,Low Value
2209.0,28.0,Male,Scarf,Accessories,46.0,Colorado,XL,Violet,Summer,2.7,No,2-Day Shipping,0.0,0.0,23.0,PayPal,Monthly,12.0,0.0,0.875,0.8979591836734693,0.49019607843137253,0.9600000000000002,0.7772424969987997,High Value
2210.0,42.0,Male,Sandals,Footwear,20.0,Utah,XL,Beige,Summer,4.5,No,2-Day Shipping,0.0,0.0,44.0,Bank Transfer,Quarterly,4.0,0.0,0.9500000000000002,0.7755102040816325,,0.72,,Low Value
2211.0,30.0,Male,Sunglasses,Accessories,25.0,Virginia,M,Orange,Summer,3.1,No,Store Pickup,0.0,0.0,35.0,PayPal,Fortnightly,26.0,0.0,0.21250000000000002,0.346938775510204,0.0,0.7600000000000002,0.2572755102040816,Low Value
2212.0,50.0,Male,Sweater,Clothing,89.0,Maine,L,Purple,Winter,3.2,No,Free Shipping,0.0,0.0,45.0,Debit Card,Every 3 Months,,0.0,0.5750000000000001,0.36734693877551017,0.49019607843137253,0.3600000000000001,0.4449975990396159,Low Value
2213.0,59.0,Male,Pants,Clothing,77.0,Nebraska,M,Brown,Winter,3.3,No,Next Day Air,0.0,0.0,22.0,Bank Transfer,Quarterly,4.0,0.0,0.3125,0.5714285714285714,0.9999999999999999,0.72,0.6630714285714284,Medium Value
2214.0,54.0,Male,Hat,Accessories,94.0,Hawaii,M,Maroon,Fall,2.9,No,Express,0.0,0.0,18.0,Debit Card,Quarterly,4.0,0.0,0.8625,0.36734693877551017,0.9999999999999999,0.8399999999999999,0.703438775510204,Medium Value
2215.0,50.0,Male,Belt,Accessories,100.0,Idaho,L,Gold,Fall,4.1,No,Standard,0.0,0.0,20.0,Debit Card,Weekly,52.0,0.0,0.925,0.4285714285714285,0.21568627450980393,0.52,0.4731344537815126,Medium Value
2216.0,25.0,Male,Sandals,Footwear,96.0,West Virginia,M,Indigo,Winter,2.7,No,Express,0.0,0.0,28.0,Credit Card,Fortnightly,26.0,0.0,0.9500000000000002,0.4081632653061224,0.0,0.56,0.409265306122449,Low Value
2217.0,41.0,Male,Pants,Clothing,36.0,Vermont,XL,Silver,Winter,4.0,No,Store Pickup,0.0,0.0,15.0,Venmo,Bi-Weekly,,0.0,0.1375,0.4285714285714285,0.21568627450980393,0.040000000000000036,0.2676344537815126,Low Value
2218.0,35.0,Male,Jewelry,Accessories,27.0,Indiana,XL,Red,Fall,2.6,No,Store Pickup,0.0,0.0,42.0,Bank Transfer,Fortnightly,26.0,0.0,0.7375,0.8775510204081631,,0.6800000000000002,,Low Value
2219.0,67.0,Male,Sunglasses,Accessories,67.0,Idaho,M,Magenta,Winter,3.5,No,Store Pickup,0.0,0.0,20.0,Debit Card,Quarterly,4.0,0.0,0.23750000000000004,0.836734693877551,0.058823529411764705,0.8399999999999999,0.48384093637454983,Medium Value
2220.0,33.0,Male,Blouse,Clothing,91.0,Minnesota,S,Purple,Fall,2.8,No,Store Pickup,0.0,0.0,16.0,Bank Transfer,Fortnightly,26.0,0.0,0.025000000000000022,0.6530612244897959,0.058823529411764705,1.0,0.3838715486194477,Low Value
2221.0,19.0,Male,Belt,Accessories,62.0,Wyoming,XL,Beige,Fall,4.5,No,Store Pickup,0.0,0.0,47.0,Cash,Annually,1.0,0.0,0.15000000000000002,0.10204081632653061,0.0,0.6800000000000002,0.13881632653061227,Low Value
2222.0,25.0,Male,Shorts,Clothing,88.0,Kansas,XL,White,Fall,3.0,No,Free Shipping,0.0,0.0,34.0,Credit Card,Annually,1.0,0.0,0.6375000000000001,0.8775510204081631,,0.72,,Low Value
2223.0,32.0,Male,Pants,Clothing,66.0,Georgia,M,Teal,Summer,4.4,No,Store Pickup,0.0,0.0,30.0,Credit Card,Weekly,52.0,0.0,0.9500000000000002,0.4693877551020408,0.0,0.32000000000000006,0.40975510204081644,Low Value
2224.0,30.0,Male,Sandals,Footwear,65.0,Kansas,M,Gray,Fall,4.7,No,Next Day Air,0.0,0.0,5.0,PayPal,Quarterly,4.0,0.0,0.7750000000000001,0.3061224489795918,0.058823529411764705,0.9600000000000002,0.39109603841536617,Low Value
2225.0,18.0,Male,Gloves,Accessories,25.0,Nebraska,L,Charcoal,Winter,4.3,No,Standard,0.0,0.0,38.0,Cash,Quarterly,4.0,0.0,0.7000000000000001,0.22448979591836735,0.49019607843137253,0.7600000000000002,0.45285474189675873,Medium Value
2226.0,38.0,Male,Belt,Accessories,64.0,Washington,S,Olive,Spring,4.8,No,Free Shipping,0.0,0.0,18.0,Credit Card,Annually,1.0,0.0,0.025000000000000022,1.0,0.21568627450980393,0.2400000000000002,0.4937058823529412,Medium Value
2227.0,22.0,Male,Shirt,Clothing,72.0,Missouri,L,Blue,Spring,4.8,No,Store Pickup,0.0,0.0,28.0,Cash,Annually,1.0,0.0,0.25,0.836734693877551,0.058823529411764705,0.40000000000000013,0.44234093637454985,Low Value
2228.0,40.0,Male,Scarf,Accessories,74.0,Washington,S,Gray,Summer,4.4,No,Next Day Air,0.0,0.0,42.0,Credit Card,Fortnightly,26.0,0.0,0.9000000000000001,1.0,0.21568627450980393,0.56,0.7007058823529413,Medium Value
2229.0,54.0,Male,Gloves,Accessories,50.0,Kansas,M,Green,Fall,3.7,No,Free Shipping,0.0,0.0,5.0,Credit Card,Weekly,52.0,0.0,0.925,0.18367346938775508,0.058823529411764705,0.56,0.33211644657863143,Low Value
2230.0,70.0,Male,Pants,Clothing,97.0,Minnesota,M,Silver,Fall,3.9,No,Express,0.0,0.0,50.0,Venmo,Monthly,12.0,0.0,0.30000000000000004,0.6326530612244897,0.9999999999999999,0.72,0.6850612244897959,Medium Value
2231.0,52.0,Male,Sneakers,Footwear,36.0,Colorado,S,Teal,Spring,3.8,No,Express,0.0,0.0,33.0,Venmo,Fortnightly,26.0,0.0,0.36250000000000004,0.7346938775510203,0.9999999999999999,0.52,0.7183775510204081,Medium Value
2232.0,34.0,Male,Jacket,Outerwear,49.0,Utah,M,Beige,Fall,4.1,No,Store Pickup,0.0,0.0,1.0,Credit Card,Weekly,52.0,0.0,0.07500000000000001,0.28571428571428564,0.21568627450980393,0.08000000000000007,0.20199159663865546,Low Value
2233.0,65.0,Male,Shoes,Footwear,64.0,North Carolina,L,Lavender,Spring,4.0,No,Store Pickup,0.0,0.0,14.0,Cash,Fortnightly,26.0,0.0,0.22500000000000003,0.5306122448979591,0.0,0.7600000000000002,0.3332448979591837,Low Value
2234.0,38.0,Male,Blouse,Clothing,31.0,Florida,XL,Gray,Summer,4.5,No,Express,0.0,0.0,48.0,Credit Card,Monthly,12.0,0.0,0.65,0.12244897959183673,0.9999999999999999,0.40000000000000013,0.5189795918367347,Medium Value
2235.0,35.0,Male,Boots,Footwear,66.0,New Hampshire,S,Yellow,Winter,4.0,No,Express,0.0,0.0,26.0,Cash,Weekly,52.0,0.0,0.9875,0.9795918367346937,0.058823529411764705,0.3600000000000001,0.642983793517407,Medium Value
2236.0,40.0,Male,Socks,Clothing,82.0,Illinois,M,Gray,Spring,4.5,No,2-Day Shipping,0.0,0.0,44.0,Credit Card,Annually,1.0,0.0,0.22500000000000003,0.8775510204081631,0.21568627450980393,0.6000000000000001,0.5207262905162066,Medium Value
2237.0,23.0,Male,T-shirt,Clothing,88.0,Louisiana,M,Yellow,Winter,2.7,No,Standard,0.0,0.0,18.0,Debit Card,Fortnightly,26.0,0.0,0.9500000000000002,0.24489795918367344,,0.9199999999999999,,Low Value
2238.0,45.0,Male,Sandals,Footwear,34.0,Alabama,S,Black,Summer,3.8,No,Next Day Air,0.0,0.0,31.0,Venmo,Every 3 Months,,0.0,0.08750000000000002,0.7551020408163265,0.49019607843137253,0.8,0.5465996398559424,Medium Value
2239.0,40.0,Male,Sneakers,Footwear,84.0,Florida,L,Beige,Winter,3.8,No,Standard,0.0,0.0,18.0,Debit Card,Weekly,52.0,0.0,0.050000000000000044,0.18367346938775508,0.9999999999999999,0.7600000000000002,0.459469387755102,Medium Value
2240.0,42.0,Male,Jewelry,Accessories,96.0,Alabama,L,Indigo,Summer,3.8,No,2-Day Shipping,0.0,0.0,41.0,Credit Card,Every 3 Months,,0.0,0.7750000000000001,0.4897959183673469,0.9999999999999999,0.6399999999999999,0.7149183673469387,Medium Value
2241.0,57.0,Male,Sandals,Footwear,71.0,California,L,Green,Winter,4.3,No,Next Day Air,0.0,0.0,18.0,Debit Card,Every 3 Months,,0.0,0.45000000000000007,0.346938775510204,0.058823529411764705,0.8399999999999999,0.330422569027611,Low Value
2242.0,18.0,Male,Jacket,Outerwear,77.0,Maryland,M,Purple,Summer,3.5,No,Free Shipping,0.0,0.0,3.0,Bank Transfer,Bi-Weekly,,0.0,0.0625,0.10204081632653061,,0.52,,Low Value
2243.0,18.0,Male,Skirt,Clothing,66.0,Nevada,M,Orange,Spring,3.8,No,Next Day Air,0.0,0.0,5.0,Credit Card,Bi-Weekly,,0.0,0.5875,0.693877551020408,0.058823529411764705,0.15999999999999992,0.4286980792316926,Low Value
2244.0,56.0,Male,Shirt,Clothing,21.0,Massachusetts,M,Teal,Winter,3.7,No,2-Day Shipping,0.0,0.0,13.0,Debit Card,Annually,1.0,0.0,0.012500000000000011,0.6122448979591836,0.49019607843137253,0.11999999999999988,0.4064567827130852,Low Value
2245.0,35.0,Male,Shorts,Clothing,37.0,South Carolina,M,Gold,Summer,4.8,No,2-Day Shipping,0.0,0.0,22.0,PayPal,Annually,1.0,0.0,0.08750000000000002,0.8163265306122448,0.0,0.20000000000000018,0.36403061224489797,Low Value
2246.0,49.0,Male,Socks,Clothing,90.0,Delaware,L,Gray,Fall,4.9,No,Free Shipping,0.0,0.0,45.0,PayPal,Fortnightly,26.0,0.0,0.9625000000000001,0.14285714285714285,0.0,0.6800000000000002,0.31764285714285717,Low Value
2247.0,49.0,Male,Jacket,Outerwear,96.0,Hawaii,M,Cyan,Fall,4.3,No,Store Pickup,0.0,0.0,39.0,PayPal,Every 3 Months,,0.0,0.3125,0.673469387755102,0.49019607843137253,0.6399999999999999,0.5429465786314526,Medium Value
2248.0,34.0,Male,Jewelry,Accessories,37.0,Florida,L,Teal,Summer,4.4,No,Next Day Air,0.0,0.0,18.0,Venmo,Annually,1.0,0.0,0.5375000000000001,0.38775510204081626,0.0,0.6399999999999999,0.32660204081632654,Low Value
2249.0,63.0,Male,T-shirt,Clothing,66.0,Rhode Island,M,Violet,Winter,3.4,No,Free Shipping,0.0,0.0,19.0,PayPal,Fortnightly,26.0,0.0,1.0,0.7551020408163265,,0.8399999999999999,,Low Value
2250.0,42.0,Male,Gloves,Accessories,45.0,Wyoming,XL,Indigo,Spring,4.3,No,Next Day Air,0.0,0.0,29.0,Debit Card,Weekly,52.0,0.0,0.22500000000000003,0.693877551020408,0.058823529411764705,0.0,0.34019807923169265,Low Value
2251.0,41.0,Male,Shoes,Footwear,89.0,Colorado,L,Pink,Summer,4.6,No,Store Pickup,0.0,0.0,19.0,Credit Card,Weekly,52.0,0.0,0.3125,0.10204081632653061,0.0,0.20000000000000018,0.12331632653061227,Low Value
2252.0,26.0,Male,Shoes,Footwear,94.0,Virginia,L,Gold,Fall,3.8,No,Free Shipping,0.0,0.0,22.0,Debit Card,Monthly,12.0,0.0,0.8875,1.0,0.9999999999999999,0.52,0.9295,High Value
2253.0,48.0,Male,Shoes,Footwear,96.0,Nebraska,S,Maroon,Summer,3.9,No,Express,0.0,0.0,21.0,Bank Transfer,Annually,1.0,0.0,0.7750000000000001,0.9387755102040816,0.9999999999999999,0.6399999999999999,0.8945102040816325,High Value
2254.0,62.0,Male,Hoodie,Clothing,31.0,Oklahoma,M,Brown,Spring,2.6,No,Store Pickup,0.0,0.0,22.0,PayPal,Monthly,12.0,0.0,0.3500000000000001,0.44897959183673464,0.058823529411764705,0.32000000000000006,0.2992388955582233,Low Value
2255.0,24.0,Male,Belt,Accessories,79.0,North Dakota,M,Gold,Winter,4.2,No,Store Pickup,0.0,0.0,44.0,PayPal,Every 3 Months,,0.0,0.125,0.24489795918367344,0.058823529411764705,1.0,0.2406062424969988,Low Value
2256.0,48.0,Male,Coat,Outerwear,39.0,Michigan,L,Teal,Spring,4.6,No,Store Pickup,0.0,0.0,42.0,Bank Transfer,Quarterly,4.0,0.0,0.17500000000000004,0.6122448979591836,0.21568627450980393,0.52,0.39660384153661465,Low Value
2257.0,31.0,Male,Blouse,Clothing,22.0,California,M,Turquoise,Fall,5.0,No,Standard,0.0,0.0,33.0,Credit Card,Quarterly,4.0,0.0,0.6000000000000001,0.3061224489795918,,0.32000000000000006,,Low Value
2258.0,41.0,Male,Skirt,Clothing,32.0,Tennessee,L,Olive,Fall,4.2,No,Standard,0.0,0.0,6.0,Bank Transfer,Annually,1.0,0.0,0.9375,0.7959183673469387,0.0,1.0,0.6058673469387755,Medium Value
2259.0,24.0,Male,T-shirt,Clothing,71.0,Ohio,L,Cyan,Winter,4.3,No,Store Pickup,0.0,0.0,44.0,Credit Card,Every 3 Months,,0.0,0.025000000000000022,0.8979591836734693,0.058823529411764705,0.15999999999999992,0.39783073229291716,Low Value
2260.0,60.0,Male,Jeans,Clothing,96.0,Florida,XL,Beige,Spring,3.3,No,Free Shipping,0.0,0.0,24.0,Cash,Annually,1.0,0.0,0.8500000000000001,1.0,,0.0,,Low Value
2261.0,38.0,Male,Scarf,Accessories,82.0,Missouri,M,Blue,Fall,4.9,No,Express,0.0,0.0,16.0,PayPal,Quarterly,4.0,0.0,0.7875000000000001,0.0,0.058823529411764705,0.8800000000000001,0.26314705882352946,Low Value
2262.0,58.0,Male,Backpack,Accessories,76.0,South Carolina,L,Gold,Spring,4.4,No,Standard,0.0,0.0,12.0,Bank Transfer,Fortnightly,26.0,0.0,0.8375000000000001,0.18367346938775508,,0.15999999999999992,,Low Value
2263.0,53.0,Male,Backpack,Accessories,22.0,Arizona,M,Green,Winter,3.1,No,2-Day Shipping,0.0,0.0,50.0,PayPal,Monthly,12.0,0.0,0.4625,0.9591836734693877,,0.4800000000000002,,Low Value
2264.0,44.0,Male,Scarf,Accessories,40.0,Indiana,XL,Green,Winter,3.5,No,Store Pickup,0.0,0.0,42.0,Cash,Quarterly,4.0,0.0,0.8500000000000001,0.7551020408163265,0.21568627450980393,0.7600000000000002,0.6127466986794718,Medium Value
2265.0,51.0,Male,Hat,Accessories,92.0,North Dakota,M,Turquoise,Summer,3.9,No,2-Day Shipping,0.0,0.0,50.0,PayPal,Monthly,12.0,0.0,0.0,0.4081632653061224,0.0,0.15999999999999992,0.17926530612244895,Low Value
2266.0,36.0,Male,Coat,Outerwear,94.0,Montana,XL,Yellow,Fall,3.9,No,Store Pickup,0.0,0.0,10.0,PayPal,Quarterly,4.0,0.0,0.23750000000000004,0.7551020408163265,0.21568627450980393,0.44000000000000017,0.4582466986794719,Medium Value
2267.0,20.0,Male,Dress,Clothing,44.0,Missouri,M,Yellow,Fall,4.3,No,Store Pickup,0.0,0.0,32.0,Debit Card,Weekly,52.0,0.0,0.6375000000000001,0.6122448979591836,0.49019607843137253,0.9199999999999999,0.6114567827130852,Medium Value
2268.0,32.0,Male,Gloves,Accessories,49.0,Kentucky,S,Blue,Spring,3.8,No,Express,0.0,0.0,37.0,Venmo,Weekly,52.0,0.0,0.6625000000000001,0.16326530612244897,0.49019607843137253,0.8800000000000001,0.43286494597839137,Low Value
2269.0,66.0,Male,Sweater,Clothing,26.0,Georgia,L,Charcoal,Spring,2.7,No,2-Day Shipping,0.0,0.0,15.0,Bank Transfer,Monthly,12.0,0.0,0.5375000000000001,0.9387755102040816,0.9999999999999999,0.040000000000000036,0.7870102040816326,High Value
2270.0,49.0,Male,Skirt,Clothing,38.0,Kentucky,M,Yellow,Fall,4.4,No,Store Pickup,0.0,0.0,27.0,Credit Card,Annually,1.0,0.0,0.7250000000000001,0.14285714285714285,,0.3600000000000001,,Low Value
2271.0,27.0,Male,Blouse,Clothing,72.0,Georgia,L,Purple,Spring,3.5,No,Express,0.0,0.0,7.0,Venmo,Weekly,52.0,0.0,0.9500000000000002,0.5918367346938774,0.0,0.40000000000000013,0.46673469387755107,Medium Value
2272.0,29.0,Male,Dress,Clothing,99.0,Alaska,M,Green,Summer,3.4,No,Free Shipping,0.0,0.0,49.0,PayPal,Quarterly,4.0,0.0,0.7625,0.4285714285714285,0.058823529411764705,0.3600000000000001,0.37757563025210084,Low Value
2273.0,29.0,Male,Jacket,Outerwear,38.0,Maine,L,Charcoal,Spring,4.0,No,Standard,0.0,0.0,44.0,PayPal,Monthly,12.0,0.0,0.9375,0.04081632653061225,0.058823529411764705,1.0,0.3214735894357743,Low Value
2274.0,55.0,Male,Coat,Outerwear,96.0,New Mexico,L,Silver,Winter,4.8,No,Express,0.0,0.0,13.0,PayPal,Bi-Weekly,,0.0,0.6000000000000001,0.28571428571428564,0.21568627450980393,0.8399999999999999,0.38299159663865545,Low Value
2275.0,57.0,Male,Dress,Clothing,27.0,New York,L,Turquoise,Spring,4.5,No,Next Day Air,0.0,0.0,38.0,PayPal,Fortnightly,26.0,0.0,0.10000000000000003,0.18367346938775508,,0.9199999999999999,,Low Value
2276.0,29.0,Male,Shorts,Clothing,24.0,Oklahoma,M,Gray,Winter,4.4,No,Standard,0.0,0.0,10.0,Debit Card,Weekly,52.0,0.0,0.125,0.36734693877551017,,0.4800000000000002,,Low Value
2277.0,31.0,Male,Jeans,Clothing,82.0,Wyoming,L,Red,Summer,4.1,No,2-Day Shipping,0.0,0.0,25.0,Debit Card,Weekly,52.0,0.0,0.1375,0.7142857142857142,0.49019607843137253,0.8800000000000001,0.5482731092436974,Medium Value
2278.0,25.0,Male,Hat,Accessories,56.0,Alabama,M,Beige,Summer,4.6,No,Next Day Air,0.0,0.0,18.0,Credit Card,Quarterly,4.0,0.0,0.9375,0.22448979591836735,,0.7600000000000002,,Low Value
2279.0,61.0,Male,Gloves,Accessories,25.0,Maryland,M,Maroon,Fall,3.8,No,Store Pickup,0.0,0.0,6.0,Cash,Every 3 Months,,0.0,0.7375,0.9795918367346937,0.058823529411764705,0.40000000000000013,0.5969837935174069,Medium Value
2280.0,53.0,Male,Sneakers,Footwear,67.0,West Virginia,L,Indigo,Spring,2.9,No,Free Shipping,0.0,0.0,35.0,Bank Transfer,Quarterly,4.0,0.0,0.23750000000000004,0.12244897959183673,0.0,0.52,0.1484795918367347,Low Value
2281.0,22.0,Male,Shoes,Footwear,21.0,Kentucky,M,Red,Summer,2.8,No,Standard,0.0,0.0,31.0,Credit Card,Fortnightly,26.0,0.0,0.17500000000000004,0.5510204081632653,0.21568627450980393,0.8800000000000001,0.4081140456182473,Low Value
2282.0,28.0,Male,Hoodie,Clothing,27.0,Kansas,XL,Maroon,Summer,3.0,No,Store Pickup,0.0,0.0,41.0,Bank Transfer,Annually,1.0,0.0,0.10000000000000003,0.5918367346938774,0.0,0.2400000000000002,0.280734693877551,Low Value
2283.0,18.0,Male,Sneakers,Footwear,97.0,Idaho,S,Red,Fall,4.2,No,2-Day Shipping,0.0,0.0,8.0,Credit Card,Annually,1.0,0.0,0.22500000000000003,0.5714285714285714,0.21568627450980393,1.0,0.4382773109243697,Low Value
2284.0,44.0,Male,Handbag,Accessories,45.0,Ohio,S,Black,Winter,4.1,No,Free Shipping,0.0,0.0,34.0,Credit Card,Fortnightly,26.0,0.0,0.4375,0.16326530612244897,,0.4800000000000002,,Low Value
2285.0,32.0,Male,Blouse,Clothing,63.0,Iowa,XL,Black,Fall,4.1,No,Express,0.0,0.0,20.0,Venmo,Annually,1.0,0.0,0.1375,0.5306122448979591,0.49019607843137253,0.20000000000000018,0.40680372148859545,Low Value
2286.0,34.0,Male,Belt,Accessories,100.0,Michigan,L,Pink,Summer,4.6,No,2-Day Shipping,0.0,0.0,38.0,PayPal,Every 3 Months,,0.0,0.8,0.4081632653061224,0.49019607843137253,0.8,0.5503241296518608,Medium Value
2287.0,67.0,Male,Socks,Clothing,38.0,South Dakota,L,Blue,Spring,2.5,No,Store Pickup,0.0,0.0,35.0,Venmo,Quarterly,4.0,0.0,0.9125000000000001,0.7142857142857142,0.21568627450980393,0.8800000000000001,0.6209201680672269,Medium Value
2288.0,66.0,Male,Blouse,Clothing,45.0,Nebraska,L,Green,Summer,3.0,No,Store Pickup,0.0,0.0,6.0,Debit Card,Annually,1.0,0.0,0.10000000000000003,0.36734693877551017,0.0,0.40000000000000013,0.2069387755102041,Low Value
2289.0,28.0,Male,Jewelry,Accessories,91.0,California,M,Orange,Fall,3.8,No,Next Day Air,0.0,0.0,50.0,PayPal,Weekly,52.0,0.0,0.4375,0.9387755102040816,0.9999999999999999,0.7600000000000002,0.8390102040816326,High Value
2290.0,70.0,Male,Shorts,Clothing,82.0,Nevada,M,Orange,Fall,4.1,No,Free Shipping,0.0,0.0,47.0,Venmo,Weekly,52.0,0.0,0.5375000000000001,0.7551020408163265,0.0,0.040000000000000036,0.41354081632653067,Low Value
2291.0,37.0,Male,Boots,Footwear,48.0,Kansas,L,Magenta,Winter,3.3,No,Standard,0.0,0.0,23.0,PayPal,Quarterly,4.0,0.0,0.925,0.4285714285714285,,0.6800000000000002,,Low Value
2292.0,28.0,Male,Coat,Outerwear,30.0,Ohio,M,Indigo,Spring,5.0,No,2-Day Shipping,0.0,0.0,13.0,Credit Card,Quarterly,4.0,0.0,0.2,0.5714285714285714,,0.040000000000000036,,Low Value
2293.0,43.0,Male,T-shirt,Clothing,34.0,Vermont,S,Beige,Spring,3.8,No,Next Day Air,0.0,0.0,31.0,Debit Card,Monthly,12.0,0.0,0.9625000000000001,0.836734693877551,0.0,0.9199999999999999,0.6191938775510204,Medium Value
2294.0,37.0,Male,Sweater,Clothing,68.0,Georgia,L,Green,Fall,3.3,No,Express,0.0,0.0,16.0,Debit Card,Every 3 Months,,0.0,0.5375000000000001,0.9387755102040816,,0.15999999999999992,,Low Value
2295.0,54.0,Male,Sunglasses,Accessories,95.0,Maryland,M,Red,Winter,5.0,No,Express,0.0,0.0,40.0,Debit Card,Annually,1.0,0.0,0.7125,0.18367346938775508,,0.72,,Low Value
2296.0,50.0,Male,Hat,Accessories,22.0,Connecticut,L,Beige,Spring,2.9,No,2-Day Shipping,0.0,0.0,45.0,PayPal,Quarterly,4.0,0.0,0.4125000000000001,0.18367346938775508,0.21568627450980393,0.040000000000000036,0.22467527010804322,Low Value
2297.0,46.0,Male,Gloves,Accessories,88.0,Washington,M,Green,Fall,2.5,No,Next Day Air,0.0,0.0,50.0,Venmo,Every 3 Months,,0.0,0.7125,0.0,,0.52,,Low Value
2298.0,60.0,Male,Socks,Clothing,83.0,California,M,Orange,Summer,4.7,No,Standard,0.0,0.0,1.0,Bank Transfer,Quarterly,4.0,0.0,0.7375,0.12244897959183673,0.21568627450980393,0.6800000000000002,0.3291854741896759,Low Value
2299.0,40.0,Male,Handbag,Accessories,87.0,Montana,L,Cyan,Spring,2.9,No,2-Day Shipping,0.0,0.0,10.0,Cash,Every 3 Months,,0.0,0.21250000000000002,0.18367346938775508,0.49019607843137253,0.56,0.3190282112845138,Low Value
2300.0,64.0,Male,Coat,Outerwear,57.0,Idaho,M,Violet,Summer,3.7,No,Store Pickup,0.0,0.0,48.0,Credit Card,Every 3 Months,,0.0,0.925,0.2040816326530612,0.9999999999999999,0.2400000000000002,0.5906326530612245,Medium Value
2301.0,18.0,Male,Coat,Outerwear,88.0,Pennsylvania,XL,Lavender,Summer,4.4,No,2-Day Shipping,0.0,0.0,38.0,Credit Card,Monthly,12.0,0.0,0.7000000000000001,0.08163265306122448,0.0,0.44000000000000017,0.21665306122448982,Low Value
2302.0,37.0,Male,Pants,Clothing,20.0,Maine,L,Turquoise,Winter,2.9,No,Next Day Air,0.0,0.0,21.0,Debit Card,Annually,1.0,0.0,0.6000000000000001,0.4081632653061224,0.058823529411764705,0.6000000000000001,0.3609123649459784,Low Value
2303.0,36.0,Male,Belt,Accessories,39.0,Montana,L,Pink,Summer,3.6,No,Store Pickup,0.0,0.0,38.0,Venmo,Monthly,12.0,0.0,0.5625,0.4693877551020408,0.058823529411764705,0.3600000000000001,0.3539021608643458,Low Value
2304.0,51.0,Male,Sunglasses,Accessories,71.0,New Jersey,S,Beige,Spring,4.8,No,2-Day Shipping,0.0,0.0,31.0,Credit Card,Fortnightly,26.0,0.0,0.050000000000000044,0.7346938775510203,0.49019607843137253,0.040000000000000036,0.4549363745498199,Medium Value
2305.0,26.0,Male,Hoodie,Clothing,73.0,Louisiana,L,Silver,Winter,4.7,No,Free Shipping,0.0,0.0,9.0,Debit Card,Fortnightly,26.0,0.0,0.1375,0.4285714285714285,,0.8,,Low Value
2306.0,68.0,Male,Handbag,Accessories,63.0,Maine,M,Gold,Summer,2.6,No,Free Shipping,0.0,0.0,47.0,Cash,Weekly,52.0,0.0,0.8625,0.3061224489795918,0.49019607843137253,0.9600000000000002,0.5380078031212485,Medium Value
2307.0,27.0,Male,Gloves,Accessories,78.0,Florida,L,Silver,Winter,3.4,No,Standard,0.0,0.0,8.0,Cash,Bi-Weekly,,0.0,0.36250000000000004,0.8775510204081631,0.21568627450980393,0.7600000000000002,0.5642262905162065,Medium Value
2308.0,28.0,Male,Skirt,Clothing,96.0,Missouri,L,Green,Fall,3.5,No,Next Day Air,0.0,0.0,30.0,Debit Card,Annually,1.0,0.0,0.9000000000000001,0.26530612244897955,,0.40000000000000013,,Low Value
2309.0,49.0,Male,Sunglasses,Accessories,81.0,North Dakota,M,Teal,Winter,3.4,No,2-Day Shipping,0.0,0.0,22.0,Bank Transfer,Quarterly,4.0,0.0,0.15000000000000002,0.44897959183673464,,0.32000000000000006,,Low Value
2310.0,70.0,Male,Dress,Clothing,95.0,Connecticut,S,Gold,Fall,5.0,No,2-Day Shipping,0.0,0.0,3.0,Bank Transfer,Quarterly,4.0,0.0,0.5875,0.9183673469387754,0.49019607843137253,0.2400000000000002,0.6559057623049219,Medium Value
2311.0,30.0,Male,Gloves,Accessories,68.0,Virginia,M,Cyan,Spring,4.6,No,Standard,0.0,0.0,15.0,PayPal,Monthly,12.0,0.0,0.55,0.9183673469387754,,0.6800000000000002,,Low Value
2312.0,27.0,Male,Sneakers,Footwear,28.0,Montana,L,Gold,Spring,4.8,No,2-Day Shipping,0.0,0.0,10.0,Bank Transfer,Every 3 Months,,0.0,0.8,0.3061224489795918,,0.9600000000000002,,Low Value
2313.0,19.0,Male,T-shirt,Clothing,30.0,Vermont,L,Violet,Summer,3.7,No,Free Shipping,0.0,0.0,19.0,Cash,Every 3 Months,,0.0,0.17500000000000004,0.7959183673469387,,0.56,,Low Value
2314.0,64.0,Male,Dress,Clothing,31.0,Georgia,M,Black,Summer,4.7,No,Next Day Air,0.0,0.0,36.0,Bank Transfer,Fortnightly,26.0,0.0,0.07500000000000001,0.4081632653061224,0.0,0.6800000000000002,0.246265306122449,Low Value
2315.0,42.0,Male,Handbag,Accessories,95.0,Virginia,XL,Brown,Winter,4.4,No,Express,0.0,0.0,12.0,Bank Transfer,Every 3 Months,,0.0,0.375,0.4897959183673469,,0.9600000000000002,,Low Value
2316.0,69.0,Male,Socks,Clothing,79.0,Vermont,M,Indigo,Winter,3.5,No,2-Day Shipping,0.0,0.0,49.0,Debit Card,Quarterly,4.0,0.0,0.32500000000000007,0.4897959183673469,0.058823529411764705,0.11999999999999988,0.2905654261704682,Low Value
2317.0,28.0,Male,Sneakers,Footwear,39.0,Montana,L,Yellow,Winter,3.8,No,Standard,0.0,0.0,7.0,Debit Card,Annually,1.0,0.0,0.6375000000000001,0.4897959183673469,,0.6399999999999999,,Low Value
2318.0,47.0,Male,Jacket,Outerwear,34.0,New Jersey,M,Purple,Summer,4.7,No,Next Day Air,0.0,0.0,28.0,Bank Transfer,Monthly,12.0,0.0,0.7250000000000001,0.5306122448979591,0.21568627450980393,0.9199999999999999,0.5139507803121248,Medium Value
2319.0,69.0,Male,Hoodie,Clothing,28.0,Wyoming,L,White,Spring,3.1,No,Store Pickup,0.0,0.0,30.0,Credit Card,Annually,1.0,0.0,0.1875,0.22448979591836735,0.21568627450980393,0.6399999999999999,0.2560018007202881,Low Value
2320.0,56.0,Male,Sandals,Footwear,38.0,Maine,XL,Turquoise,Winter,5.0,No,Free Shipping,0.0,0.0,29.0,PayPal,Monthly,12.0,0.0,0.4750000000000001,0.5306122448979591,0.058823529411764705,0.20000000000000018,0.3448919567827131,Low Value
2321.0,28.0,Male,Shoes,Footwear,55.0,New Mexico,M,Olive,Spring,3.7,No,Free Shipping,0.0,0.0,9.0,Debit Card,Every 3 Months,,0.0,0.5875,0.7959183673469387,,0.6800000000000002,,Low Value
2322.0,50.0,Male,Sandals,Footwear,31.0,Colorado,M,Beige,Winter,3.0,No,Next Day Air,0.0,0.0,27.0,Debit Card,Fortnightly,26.0,0.0,0.9125000000000001,0.7551020408163265,0.058823529411764705,0.52,0.5541878751500601,Medium Value
2323.0,39.0,Male,Coat,Outerwear,84.0,Connecticut,S,Lavender,Spring,4.5,No,Store Pickup,0.0,0.0,21.0,Venmo,Fortnightly,26.0,0.0,0.7625,0.8775510204081631,,0.32000000000000006,,Low Value
2324.0,35.0,Male,Gloves,Accessories,93.0,Maryland,L,White,Winter,4.7,No,Express,0.0,0.0,36.0,Credit Card,Monthly,12.0,0.0,0.75,0.5306122448979591,,0.8800000000000001,,Low Value
2325.0,59.0,Male,Coat,Outerwear,28.0,Oregon,L,Brown,Winter,3.5,No,Free Shipping,0.0,0.0,19.0,Debit Card,Annually,1.0,0.0,0.55,0.5918367346938774,,0.72,,Low Value
2326.0,44.0,Male,Boots,Footwear,55.0,New York,M,Charcoal,Summer,4.4,No,2-Day Shipping,0.0,0.0,47.0,Cash,Weekly,52.0,0.0,0.26250000000000007,0.4693877551020408,0.21568627450980393,0.08000000000000007,0.3129609843937575,Low Value
2327.0,66.0,Male,Skirt,Clothing,63.0,Oklahoma,L,Maroon,Winter,2.6,No,Standard,0.0,0.0,38.0,Bank Transfer,Annually,1.0,0.0,0.7375,0.7551020408163265,,0.6800000000000002,,Low Value
2328.0,20.0,Male,Skirt,Clothing,94.0,Alabama,M,Red,Winter,4.2,No,2-Day Shipping,0.0,0.0,22.0,Venmo,Bi-Weekly,,0.0,0.5,0.061224489795918366,0.058823529411764705,0.6800000000000002,0.2101368547418968,Low Value
2329.0,45.0,Male,Pants,Clothing,36.0,North Dakota,M,Maroon,Fall,2.6,No,Express,0.0,0.0,29.0,Venmo,Bi-Weekly,,0.0,0.8875,0.6326530612244897,0.21568627450980393,0.0,0.49526710684273706,Medium Value
2330.0,49.0,Male,Hat,Accessories,97.0,Nebraska,S,Teal,Spring,4.8,No,Free Shipping,0.0,0.0,42.0,Bank Transfer,Annually,1.0,0.0,0.5750000000000001,0.6326530612244897,0.49019607843137253,0.44000000000000017,0.5591200480192077,Medium Value
2331.0,60.0,Male,Backpack,Accessories,63.0,Arizona,L,Orange,Summer,2.9,No,Store Pickup,0.0,0.0,47.0,PayPal,Every 3 Months,,0.0,0.8125,0.5510204081632653,,0.3600000000000001,,Low Value
2332.0,61.0,Male,Scarf,Accessories,77.0,Illinois,S,Olive,Spring,4.3,No,2-Day Shipping,0.0,0.0,10.0,Credit Card,Bi-Weekly,,0.0,0.22500000000000003,0.10204081632653061,,0.32000000000000006,,Low Value
2333.0,36.0,Male,Scarf,Accessories,53.0,South Carolina,XL,Olive,Fall,2.6,No,Store Pickup,0.0,0.0,10.0,Venmo,Monthly,12.0,0.0,0.03750000000000003,0.4693877551020408,0.21568627450980393,0.8399999999999999,0.34396098439375755,Low Value
2334.0,33.0,Male,Shirt,Clothing,77.0,Kansas,M,Beige,Spring,3.8,No,Next Day Air,0.0,0.0,1.0,PayPal,Every 3 Months,,0.0,0.6375000000000001,0.7551020408163265,0.9999999999999999,0.56,0.7855408163265306,High Value
2335.0,49.0,Male,Boots,Footwear,79.0,Kansas,L,Green,Summer,4.2,No,Standard,0.0,0.0,7.0,Credit Card,Monthly,12.0,0.0,0.0625,0.5510204081632653,0.0,0.4800000000000002,0.28090816326530615,Low Value
2336.0,31.0,Male,Coat,Outerwear,37.0,Idaho,M,Black,Summer,3.9,No,Store Pickup,0.0,0.0,10.0,Venmo,Fortnightly,26.0,0.0,0.23750000000000004,0.16326530612244897,0.49019607843137253,0.2400000000000002,0.2838649459783914,Low Value
2337.0,19.0,Male,Belt,Accessories,94.0,California,M,Green,Winter,3.1,No,Free Shipping,0.0,0.0,11.0,Credit Card,Weekly,52.0,0.0,0.0,0.4081632653061224,,0.9600000000000002,,Low Value
2338.0,39.0,Male,Boots,Footwear,76.0,North Dakota,S,Violet,Fall,3.6,No,Store Pickup,0.0,0.0,5.0,Cash,Annually,1.0,0.0,0.6625000000000001,0.6122448979591836,0.21568627450980393,0.8800000000000001,0.5301038415366146,Medium Value
2339.0,66.0,Male,Sneakers,Footwear,68.0,Georgia,S,Silver,Fall,4.0,No,Express,0.0,0.0,21.0,PayPal,Quarterly,4.0,0.0,0.5375000000000001,0.346938775510204,0.058823529411764705,0.15999999999999992,0.27992256902761103,Low Value
2340.0,25.0,Male,Shirt,Clothing,65.0,Illinois,L,Maroon,Spring,3.4,No,Next Day Air,0.0,0.0,24.0,Bank Transfer,Quarterly,4.0,0.0,0.925,0.08163265306122448,0.9999999999999999,0.6399999999999999,0.5816530612244897,Medium Value
2341.0,63.0,Male,Blouse,Clothing,24.0,Delaware,M,Cyan,Summer,2.6,No,Standard,0.0,0.0,37.0,Credit Card,Fortnightly,26.0,0.0,0.925,0.4285714285714285,0.0,0.6000000000000001,0.4164285714285714,Low Value
2342.0,56.0,Male,Jacket,Outerwear,31.0,Connecticut,L,Teal,Summer,4.5,No,Express,0.0,0.0,22.0,Venmo,Every 3 Months,,0.0,0.6375000000000001,0.7346938775510203,,0.08000000000000007,,Low Value
2343.0,20.0,Male,Skirt,Clothing,89.0,Tennessee,M,Olive,Fall,4.9,No,Standard,0.0,0.0,16.0,Debit Card,Fortnightly,26.0,0.0,0.7125,0.4285714285714285,0.21568627450980393,0.6000000000000001,0.4386344537815126,Low Value
2344.0,58.0,Male,Socks,Clothing,49.0,Maryland,M,Red,Summer,4.4,No,2-Day Shipping,0.0,0.0,44.0,PayPal,Monthly,12.0,0.0,0.5750000000000001,0.7142857142857142,0.49019607843137253,0.0,0.5477731092436975,Medium Value
2345.0,34.0,Male,Sandals,Footwear,92.0,Rhode Island,XL,Lavender,Fall,3.5,No,Express,0.0,0.0,14.0,Venmo,Bi-Weekly,,0.0,0.03750000000000003,0.44897959183673464,0.0,0.8,0.2670918367346939,Low Value
2346.0,28.0,Male,T-shirt,Clothing,32.0,New York,S,Orange,Winter,3.3,No,Express,0.0,0.0,23.0,Bank Transfer,Every 3 Months,,0.0,0.5,0.8775510204081631,0.9999999999999999,0.56,0.8070204081632653,High Value
2347.0,22.0,Male,Jacket,Outerwear,67.0,New Mexico,L,Brown,Winter,3.1,No,Standard,0.0,0.0,46.0,Debit Card,Fortnightly,26.0,0.0,0.65,0.4897959183673469,0.0,0.9600000000000002,0.4219183673469388,Low Value
2348.0,37.0,Male,Belt,Accessories,64.0,California,S,Gray,Fall,4.2,No,Express,0.0,0.0,46.0,Cash,Every 3 Months,,0.0,0.1875,0.7959183673469387,0.058823529411764705,0.32000000000000006,0.4055144057623049,Low Value
2349.0,54.0,Male,Shoes,Footwear,84.0,Maine,M,Orange,Spring,4.9,No,Next Day Air,0.0,0.0,16.0,PayPal,Every 3 Months,,0.0,0.1375,0.22448979591836735,0.9999999999999999,0.52,0.4692959183673469,Medium Value
2350.0,65.0,Male,Blouse,Clothing,34.0,New York,M,Orange,Fall,3.9,No,Standard,0.0,0.0,40.0,Credit Card,Every 3 Months,,0.0,0.16250000000000003,0.26530612244897955,0.21568627450980393,0.15999999999999992,0.219328331332533,Low Value
2351.0,57.0,Male,Shoes,Footwear,26.0,Hawaii,M,Turquoise,Winter,4.2,No,Free Shipping,0.0,0.0,21.0,Cash,Annually,1.0,0.0,0.9375,0.26530612244897955,0.21568627450980393,0.6000000000000001,0.418328331332533,Low Value
2352.0,38.0,Male,Sweater,Clothing,50.0,New Hampshire,S,Cyan,Fall,4.9,No,Store Pickup,0.0,0.0,25.0,PayPal,Bi-Weekly,,0.0,0.6000000000000001,0.18367346938775508,0.0,0.6399999999999999,0.25746938775510203,Low Value
2353.0,70.0,Male,Boots,Footwear,46.0,Nebraska,M,Yellow,Fall,2.8,No,Store Pickup,0.0,0.0,25.0,Bank Transfer,Quarterly,4.0,0.0,0.8375000000000001,0.32653061224489793,,0.2400000000000002,,Low Value
2354.0,56.0,Male,Handbag,Accessories,71.0,Montana,M,White,Fall,4.1,No,Standard,0.0,0.0,25.0,Debit Card,Every 3 Months,,0.0,0.55,0.4693877551020408,0.49019607843137253,0.8399999999999999,0.528813925570228,Medium Value
2355.0,56.0,Male,Blouse,Clothing,78.0,Wisconsin,M,Blue,Summer,4.8,No,Next Day Air,0.0,0.0,27.0,Venmo,Monthly,12.0,0.0,0.675,0.6122448979591836,0.058823529411764705,0.8399999999999999,0.48154501800720284,Medium Value
2356.0,22.0,Male,Skirt,Clothing,35.0,Tennessee,S,Purple,Winter,4.1,No,Next Day Air,0.0,0.0,12.0,Cash,Monthly,12.0,0.0,0.525,0.7142857142857142,0.0,0.040000000000000036,0.3947142857142857,Low Value
2357.0,57.0,Male,Backpack,Accessories,58.0,Montana,M,Gray,Summer,3.0,No,Free Shipping,0.0,0.0,27.0,Debit Card,Quarterly,4.0,0.0,0.9625000000000001,0.7551020408163265,,1.0,,Low Value
2358.0,53.0,Male,Shirt,Clothing,67.0,Michigan,L,Cyan,Fall,4.2,No,2-Day Shipping,0.0,0.0,40.0,Credit Card,Bi-Weekly,,0.0,0.3375,0.44897959183673464,0.49019607843137253,0.15999999999999992,0.4101506602641056,Low Value
2359.0,53.0,Male,Sweater,Clothing,93.0,Texas,L,Pink,Spring,3.8,No,Standard,0.0,0.0,38.0,Credit Card,Quarterly,4.0,0.0,0.7875000000000001,0.9387755102040816,,0.40000000000000013,,Low Value
2360.0,19.0,Male,Scarf,Accessories,81.0,Pennsylvania,S,Gold,Spring,3.3,No,2-Day Shipping,0.0,0.0,44.0,Bank Transfer,Every 3 Months,,0.0,0.7750000000000001,0.38775510204081626,0.9999999999999999,0.4800000000000002,0.6581020408163265,Medium Value
2361.0,49.0,Male,Handbag,Accessories,80.0,New York,L,Silver,Fall,4.7,No,2-Day Shipping,0.0,0.0,27.0,Venmo,Every 3 Months,,0.0,0.07500000000000001,0.8163265306122448,0.21568627450980393,0.15999999999999992,0.42223649459783913,Low Value
2362.0,44.0,Male,Scarf,Accessories,64.0,Alabama,M,Gray,Spring,4.3,No,2-Day Shipping,0.0,0.0,30.0,Credit Card,Every 3 Months,,0.0,0.7625,0.8775510204081631,0.49019607843137253,0.72,0.722579231692677,Medium Value
2363.0,27.0,Male,Jeans,Clothing,41.0,Virginia,M,Brown,Fall,2.7,No,Standard,0.0,0.0,24.0,Credit Card,Monthly,12.0,0.0,0.30000000000000004,0.6122448979591836,0.21568627450980393,0.28000000000000025,0.39760384153661466,Low Value
2364.0,60.0,Male,Socks,Clothing,79.0,Pennsylvania,XL,Pink,Winter,4.2,No,Express,0.0,0.0,38.0,Cash,Bi-Weekly,,0.0,0.8500000000000001,0.2040816326530612,,0.6800000000000002,,Low Value
2365.0,62.0,Male,Sunglasses,Accessories,60.0,Mississippi,L,Maroon,Winter,4.2,No,Free Shipping,0.0,0.0,4.0,PayPal,Quarterly,4.0,0.0,0.7000000000000001,0.4897959183673469,,0.6800000000000002,,Low Value
2366.0,52.0,Male,Sneakers,Footwear,91.0,Wyoming,S,Peach,Winter,2.5,No,Next Day Air,0.0,0.0,32.0,Venmo,Monthly,12.0,0.0,0.8625,0.6122448979591836,0.9999999999999999,0.52,0.7693979591836734,High Value
2367.0,30.0,Male,Shoes,Footwear,66.0,New Mexico,L,Brown,Winter,3.6,No,Express,0.0,0.0,32.0,Credit Card,Fortnightly,26.0,0.0,0.025000000000000022,0.7959183673469387,0.9999999999999999,0.7600000000000002,0.6993673469387754,Medium Value
2368.0,66.0,Male,Socks,Clothing,85.0,North Dakota,L,Green,Winter,3.4,No,Standard,0.0,0.0,28.0,Bank Transfer,Bi-Weekly,,0.0,0.16250000000000003,0.44897959183673464,,0.2400000000000002,,Low Value
2369.0,29.0,Male,Sunglasses,Accessories,38.0,New Jersey,M,Lavender,Summer,3.3,No,Standard,0.0,0.0,6.0,Debit Card,Every 3 Months,,0.0,0.9625000000000001,0.08163265306122448,0.058823529411764705,1.0,0.34280012004801924,Low Value
2370.0,24.0,Male,Sweater,Clothing,23.0,Vermont,M,Cyan,Winter,4.6,No,Standard,0.0,0.0,24.0,PayPal,Monthly,12.0,0.0,0.4625,0.510204081632653,0.9999999999999999,0.8800000000000001,0.6845816326530612,Medium Value
2371.0,51.0,Male,Shoes,Footwear,71.0,Alaska,M,Black,Spring,3.9,No,Store Pickup,0.0,0.0,38.0,Venmo,Weekly,52.0,0.0,0.22500000000000003,0.2040816326530612,,0.20000000000000018,,Low Value
2372.0,67.0,Male,Socks,Clothing,25.0,Indiana,M,Charcoal,Winter,3.7,No,Next Day Air,0.0,0.0,28.0,Debit Card,Annually,1.0,0.0,0.4375,0.8775510204081631,,0.6800000000000002,,Low Value
2373.0,50.0,Male,Boots,Footwear,39.0,Alabama,XL,Silver,Spring,3.1,No,Express,0.0,0.0,9.0,PayPal,Fortnightly,26.0,0.0,0.21250000000000002,0.9387755102040816,,0.20000000000000018,,Low Value
2374.0,37.0,Male,Hoodie,Clothing,20.0,Michigan,M,Gray,Spring,4.9,No,Express,0.0,0.0,21.0,Debit Card,Every 3 Months,,0.0,0.2875,0.9183673469387754,0.21568627450980393,0.4800000000000002,0.5375528211284514,Medium Value
2375.0,69.0,Male,Gloves,Accessories,73.0,Washington,L,Peach,Winter,4.7,No,Standard,0.0,0.0,31.0,Debit Card,Monthly,12.0,0.0,0.9500000000000002,0.693877551020408,,0.08000000000000007,,Low Value
2376.0,60.0,Male,Backpack,Accessories,63.0,Virginia,L,Peach,Fall,2.9,No,Next Day Air,0.0,0.0,18.0,Credit Card,Quarterly,4.0,0.0,0.38750000000000007,0.14285714285714285,,0.72,,Low Value
2377.0,21.0,Male,Gloves,Accessories,94.0,Tennessee,XL,Cyan,Spring,4.1,No,Express,0.0,0.0,5.0,Cash,Weekly,52.0,0.0,0.9375,0.5918367346938774,0.9999999999999999,0.08000000000000007,0.7322346938775509,Medium Value
2378.0,44.0,Male,Blouse,Clothing,94.0,South Dakota,L,Magenta,Fall,4.0,No,Next Day Air,0.0,0.0,22.0,Cash,Annually,1.0,0.0,0.07500000000000001,0.26530612244897955,,0.4800000000000002,,Low Value
2379.0,26.0,Male,Scarf,Accessories,71.0,New Hampshire,L,Teal,Summer,2.7,No,Store Pickup,0.0,0.0,37.0,PayPal,Bi-Weekly,,0.0,0.17500000000000004,0.5918367346938774,0.9999999999999999,0.72,0.6437346938775509,Medium Value
2380.0,40.0,Male,Hat,Accessories,77.0,South Dakota,M,Peach,Spring,4.0,No,2-Day Shipping,0.0,0.0,22.0,Debit Card,Monthly,12.0,0.0,0.7875000000000001,0.510204081632653,,0.6000000000000001,,Low Value
2381.0,41.0,Male,Scarf,Accessories,66.0,Pennsylvania,M,Black,Fall,2.5,No,Next Day Air,0.0,0.0,36.0,PayPal,Fortnightly,26.0,0.0,0.050000000000000044,0.6326530612244897,0.49019607843137253,0.32000000000000006,0.4421200480192077,Low Value
2382.0,62.0,Male,Sandals,Footwear,23.0,Wisconsin,M,Teal,Summer,4.5,No,Free Shipping,0.0,0.0,23.0,PayPal,Annually,1.0,0.0,0.6125,0.9387755102040816,,0.6000000000000001,,Low Value
2383.0,39.0,Male,Sweater,Clothing,60.0,California,M,Turquoise,Spring,3.9,No,Express,0.0,0.0,44.0,Debit Card,Weekly,52.0,0.0,0.25,0.2040816326530612,,0.08000000000000007,,Low Value
2384.0,53.0,Male,Backpack,Accessories,72.0,Rhode Island,L,Gold,Spring,4.9,No,2-Day Shipping,0.0,0.0,25.0,Bank Transfer,Annually,1.0,0.0,0.8375000000000001,0.5510204081632653,0.0,0.6800000000000002,0.45590816326530614,Medium Value
2385.0,24.0,Male,Blouse,Clothing,35.0,Alabama,L,Green,Winter,3.3,No,2-Day Shipping,0.0,0.0,40.0,PayPal,Quarterly,4.0,0.0,0.32500000000000007,0.02040816326530612,,0.8399999999999999,,Low Value
2386.0,41.0,Male,Scarf,Accessories,31.0,Oklahoma,M,Brown,Fall,3.8,No,Express,0.0,0.0,12.0,PayPal,Weekly,52.0,0.0,0.7750000000000001,0.8979591836734693,0.9999999999999999,0.9199999999999999,0.9061836734693877,High Value
2387.0,19.0,Male,Socks,Clothing,33.0,Illinois,L,Blue,Summer,2.9,No,Standard,0.0,0.0,14.0,Venmo,Monthly,12.0,0.0,0.7625,0.12244897959183673,,0.11999999999999988,,Low Value
2388.0,36.0,Male,Hat,Accessories,95.0,Tennessee,M,Gold,Summer,4.0,No,2-Day Shipping,0.0,0.0,14.0,Debit Card,Monthly,12.0,0.0,0.4625,0.5510204081632653,,0.8,,Low Value
2389.0,21.0,Male,Dress,Clothing,68.0,Alabama,M,Peach,Fall,4.1,No,Store Pickup,0.0,0.0,10.0,Debit Card,Annually,1.0,0.0,0.36250000000000004,0.673469387755102,0.058823529411764705,0.20000000000000018,0.37953481392557026,Low Value
2390.0,25.0,Male,Coat,Outerwear,87.0,Kansas,M,Violet,Spring,3.1,No,Store Pickup,0.0,0.0,17.0,Bank Transfer,Every 3 Months,,0.0,0.275,0.510204081632653,,0.8399999999999999,,Low Value
2391.0,65.0,Male,Shirt,Clothing,64.0,Arizona,XL,Yellow,Winter,4.6,No,Express,0.0,0.0,24.0,Debit Card,Fortnightly,26.0,0.0,0.07500000000000001,0.8979591836734693,0.058823529411764705,0.32000000000000006,0.4238307322929172,Low Value
2392.0,42.0,Male,Shirt,Clothing,74.0,Michigan,M,Black,Winter,4.6,No,Next Day Air,0.0,0.0,31.0,Bank Transfer,Quarterly,4.0,0.0,0.22500000000000003,0.673469387755102,0.0,0.7600000000000002,0.3903877551020409,Low Value
2393.0,40.0,Male,Jeans,Clothing,62.0,Missouri,L,Silver,Spring,2.6,No,2-Day Shipping,0.0,0.0,36.0,Cash,Annually,1.0,0.0,0.4625,0.9387755102040816,0.49019607843137253,0.7600000000000002,0.6910690276110445,Medium Value
2394.0,58.0,Male,Socks,Clothing,97.0,Louisiana,M,Brown,Winter,5.0,No,2-Day Shipping,0.0,0.0,38.0,PayPal,Every 3 Months,,0.0,1.0,0.836734693877551,0.058823529411764705,0.72,0.6243409363745498,Medium Value
2395.0,40.0,Male,Sandals,Footwear,47.0,Connecticut,L,Peach,Fall,2.9,No,2-Day Shipping,0.0,0.0,23.0,Debit Card,Fortnightly,26.0,0.0,0.6625000000000001,0.5306122448979591,,0.3600000000000001,,Low Value
2396.0,62.0,Male,Blouse,Clothing,83.0,Connecticut,M,Cyan,Winter,3.5,No,2-Day Shipping,0.0,0.0,47.0,PayPal,Bi-Weekly,,0.0,0.5750000000000001,0.8571428571428571,0.21568627450980393,0.11999999999999988,0.534563025210084,Medium Value
2397.0,38.0,Male,Shirt,Clothing,82.0,Oregon,M,Olive,Spring,3.7,No,2-Day Shipping,0.0,0.0,20.0,Venmo,Weekly,52.0,0.0,0.6625000000000001,0.3061224489795918,,0.3600000000000001,,Low Value
2398.0,37.0,Male,Sunglasses,Accessories,26.0,West Virginia,L,Black,Fall,2.9,No,Store Pickup,0.0,0.0,41.0,Venmo,Monthly,12.0,0.0,0.3125,0.7959183673469387,0.21568627450980393,1.0,0.5455732292917167,Medium Value
2399.0,65.0,Male,Jacket,Outerwear,81.0,Florida,M,Orange,Winter,4.3,No,Free Shipping,0.0,0.0,44.0,Bank Transfer,Fortnightly,26.0,0.0,0.08750000000000002,0.5714285714285714,,0.8,,Low Value
2400.0,55.0,Male,Dress,Clothing,44.0,New Hampshire,L,Beige,Spring,3.2,No,Store Pickup,0.0,0.0,31.0,Cash,Monthly,12.0,0.0,0.050000000000000044,0.7551020408163265,0.058823529411764705,0.08000000000000007,0.33768787515006005,Low Value
2401.0,43.0,Male,Sunglasses,Accessories,88.0,Oregon,M,Peach,Winter,4.2,No,Next Day Air,0.0,0.0,11.0,Credit Card,Bi-Weekly,,0.0,0.48750000000000004,0.673469387755102,0.9999999999999999,0.3600000000000001,0.7028877551020408,Medium Value
2402.0,43.0,Male,Boots,Footwear,76.0,Oregon,M,Pink,Winter,4.2,No,Standard,0.0,0.0,25.0,PayPal,Bi-Weekly,,0.0,0.0,0.5918367346938774,0.9999999999999999,0.3600000000000001,0.5727346938775509,Medium Value
2403.0,45.0,Male,Scarf,Accessories,89.0,Utah,M,Brown,Winter,3.8,No,Free Shipping,0.0,0.0,31.0,Cash,Weekly,52.0,0.0,0.30000000000000004,0.8979591836734693,0.0,0.11999999999999988,0.43118367346938774,Low Value
2404.0,64.0,Male,Shorts,Clothing,22.0,Missouri,M,Magenta,Fall,4.4,No,Standard,0.0,0.0,40.0,Debit Card,Weekly,52.0,0.0,0.875,0.9387755102040816,0.0,0.8800000000000001,0.6385102040816326,Medium Value
2405.0,28.0,Male,Shorts,Clothing,33.0,West Virginia,L,Cyan,Winter,3.1,No,2-Day Shipping,0.0,0.0,23.0,Credit Card,Bi-Weekly,,0.0,0.2,0.08163265306122448,0.21568627450980393,0.8800000000000001,0.225358943577431,Low Value
2406.0,69.0,Male,Jeans,Clothing,97.0,California,XL,Silver,Fall,5.0,No,Standard,0.0,0.0,5.0,Debit Card,Quarterly,4.0,0.0,0.9375,1.0,,0.8800000000000001,,Low Value
2407.0,54.0,Male,Scarf,Accessories,57.0,California,M,Indigo,Winter,4.7,No,Standard,0.0,0.0,26.0,PayPal,Weekly,52.0,0.0,0.125,0.4693877551020408,,0.3600000000000001,,Low Value
2408.0,52.0,Male,Shorts,Clothing,38.0,Illinois,M,Beige,Summer,3.0,No,Express,0.0,0.0,11.0,Credit Card,Bi-Weekly,,0.0,0.5625,0.28571428571428564,,0.4800000000000002,,Low Value
2409.0,23.0,Male,Sneakers,Footwear,55.0,Hawaii,XL,Black,Fall,4.2,No,Next Day Air,0.0,0.0,44.0,Debit Card,Every 3 Months,,0.0,0.9500000000000002,1.0,0.9999999999999999,0.6399999999999999,0.954,High Value
2410.0,26.0,Male,Jewelry,Accessories,37.0,Washington,L,Yellow,Spring,3.0,No,Store Pickup,0.0,0.0,47.0,Cash,Every 3 Months,,0.0,0.5625,0.12244897959183673,0.21568627450980393,0.15999999999999992,0.24218547418967587,Low Value
2411.0,48.0,Male,Shoes,Footwear,43.0,Wisconsin,M,Maroon,Summer,3.7,No,Free Shipping,0.0,0.0,46.0,PayPal,Monthly,12.0,0.0,0.3375,0.18367346938775508,0.49019607843137253,0.28000000000000025,0.3160282112845138,Low Value
2412.0,49.0,Male,Hoodie,Clothing,96.0,Virginia,M,Cyan,Summer,2.7,No,Free Shipping,0.0,0.0,35.0,Cash,Every 3 Months,,0.0,0.0625,0.7551020408163265,,0.20000000000000018,,Low Value
2413.0,53.0,Male,Jacket,Outerwear,51.0,Oregon,M,Pink,Winter,4.3,No,2-Day Shipping,0.0,0.0,8.0,Bank Transfer,Bi-Weekly,,0.0,0.45000000000000007,0.6122448979591836,0.49019607843137253,0.6399999999999999,0.5459567827130852,Medium Value
2414.0,69.0,Male,Shorts,Clothing,95.0,Pennsylvania,XL,Violet,Fall,2.7,No,2-Day Shipping,0.0,0.0,30.0,Bank Transfer,Weekly,52.0,0.0,0.7000000000000001,0.12244897959183673,0.058823529411764705,0.8,0.28662665066026416,Low Value
2415.0,26.0,Male,Socks,Clothing,26.0,Virginia,M,Lavender,Summer,3.7,No,Next Day Air,0.0,0.0,14.0,Credit Card,Bi-Weekly,,0.0,0.5,0.5306122448979591,0.21568627450980393,0.3600000000000001,0.41295078031212484,Low Value
2416.0,21.0,Male,Coat,Outerwear,34.0,Hawaii,XL,Lavender,Fall,4.3,No,Standard,0.0,0.0,30.0,Bank Transfer,Weekly,52.0,0.0,0.5875,0.8979591836734693,,0.6399999999999999,,Low Value
2417.0,59.0,Male,Sandals,Footwear,83.0,Nebraska,S,Black,Summer,4.0,No,Next Day Air,0.0,0.0,26.0,Credit Card,Every 3 Months,,0.0,0.9375,0.24489795918367344,0.0,0.8399999999999999,0.3694591836734694,Low Value
2418.0,21.0,Male,Backpack,Accessories,24.0,Alaska,M,Olive,Fall,3.3,No,Standard,0.0,0.0,32.0,Venmo,Fortnightly,26.0,0.0,0.65,0.6530612244897959,0.0,0.8399999999999999,0.47522448979591836,Medium Value
2419.0,22.0,Male,Pants,Clothing,69.0,Michigan,S,Indigo,Fall,4.0,No,Next Day Air,0.0,0.0,47.0,Cash,Every 3 Months,,0.0,0.9750000000000001,0.4897959183673469,,0.3600000000000001,,Low Value
2420.0,26.0,Male,Sweater,Clothing,40.0,North Carolina,M,Blue,Fall,2.7,No,Next Day Air,0.0,0.0,11.0,Credit Card,Every 3 Months,,0.0,0.7875000000000001,0.08163265306122448,0.21568627450980393,0.32000000000000006,0.286858943577431,Low Value
2421.0,41.0,Male,Jacket,Outerwear,87.0,North Carolina,S,Green,Winter,4.2,No,Free Shipping,0.0,0.0,28.0,PayPal,Annually,1.0,0.0,0.21250000000000002,0.44897959183673464,0.058823529411764705,0.44000000000000017,0.2837388955582233,Low Value
2422.0,37.0,Male,Sneakers,Footwear,46.0,Minnesota,L,Pink,Spring,4.6,No,Standard,0.0,0.0,2.0,Debit Card,Every 3 Months,,0.0,0.8125,0.32653061224489793,0.9999999999999999,0.8399999999999999,0.6771122448979591,Medium Value
2423.0,30.0,Male,Jewelry,Accessories,82.0,Georgia,M,Peach,Winter,4.8,No,Store Pickup,0.0,0.0,45.0,Credit Card,Weekly,52.0,0.0,0.2,0.26530612244897955,0.9999999999999999,0.72,0.5181224489795917,Medium Value
2424.0,49.0,Male,Backpack,Accessories,81.0,West Virginia,M,Purple,Summer,2.8,No,Free Shipping,0.0,0.0,7.0,Credit Card,Every 3 Months,,0.0,0.2,0.5510204081632653,0.0,0.6000000000000001,0.32040816326530613,Low Value
2425.0,49.0,Male,Jewelry,Accessories,57.0,Delaware,M,Peach,Winter,4.5,No,Next Day Air,0.0,0.0,28.0,Bank Transfer,Bi-Weekly,,0.0,0.825,0.36734693877551017,0.9999999999999999,0.9199999999999999,0.703938775510204,Medium Value
2426.0,58.0,Male,Shoes,Footwear,49.0,North Dakota,S,Olive,Summer,3.0,No,2-Day Shipping,0.0,0.0,34.0,Bank Transfer,Quarterly,4.0,0.0,0.9875,0.6122448979591836,,0.72,,Low Value
2427.0,70.0,Male,Jacket,Outerwear,42.0,Florida,M,Olive,Fall,4.6,No,Free Shipping,0.0,0.0,26.0,Debit Card,Every 3 Months,,0.0,0.012500000000000011,0.4897959183673469,,0.32000000000000006,,Low Value
2428.0,27.0,Male,Jacket,Outerwear,26.0,Oregon,M,Purple,Spring,3.3,No,Standard,0.0,0.0,45.0,Cash,Quarterly,4.0,0.0,0.8,0.061224489795918366,,0.11999999999999988,,Low Value
2429.0,65.0,Male,T-shirt,Clothing,38.0,Idaho,M,Violet,Spring,4.4,No,Next Day Air,0.0,0.0,34.0,Debit Card,Annually,1.0,0.0,0.5375000000000001,0.38775510204081626,0.9999999999999999,0.7600000000000002,0.6386020408163265,Medium Value
2430.0,57.0,Male,Sneakers,Footwear,57.0,Virginia,XL,Maroon,Summer,4.4,No,Standard,0.0,0.0,47.0,Credit Card,Fortnightly,26.0,0.0,0.8,0.7346938775510203,0.0,0.4800000000000002,0.5018775510204082,Medium Value
2431.0,20.0,Male,Jacket,Outerwear,100.0,North Dakota,XL,White,Summer,4.3,No,Express,0.0,0.0,42.0,Cash,Quarterly,4.0,0.0,0.65,0.5510204081632653,0.0,0.44000000000000017,0.39440816326530614,Low Value
2432.0,34.0,Male,Hoodie,Clothing,73.0,Alabama,S,Olive,Fall,3.4,No,Express,0.0,0.0,27.0,Bank Transfer,Every 3 Months,,0.0,0.012500000000000011,0.10204081632653061,0.9999999999999999,0.4800000000000002,0.3913163265306122,Low Value
2433.0,59.0,Male,Jacket,Outerwear,66.0,Hawaii,M,Peach,Winter,2.8,No,Store Pickup,0.0,0.0,43.0,Venmo,Monthly,12.0,0.0,0.9000000000000001,0.5306122448979591,0.0,1.0,0.4922448979591837,Medium Value
2434.0,54.0,Male,T-shirt,Clothing,73.0,Oregon,M,Blue,Spring,3.4,No,Standard,0.0,0.0,16.0,Cash,Bi-Weekly,,0.0,0.65,0.5714285714285714,0.49019607843137253,0.08000000000000007,0.5136302521008403,Medium Value
2435.0,36.0,Male,Gloves,Accessories,45.0,Utah,M,Brown,Spring,5.0,No,Store Pickup,0.0,0.0,40.0,Credit Card,Monthly,12.0,0.0,0.7875000000000001,0.0,0.0,0.72,0.22950000000000004,Low Value
2436.0,21.0,Male,Sneakers,Footwear,27.0,Hawaii,S,Black,Fall,4.5,No,Free Shipping,0.0,0.0,29.0,Cash,Bi-Weekly,,0.0,0.6625000000000001,0.6122448979591836,0.0,0.6399999999999999,0.44139795918367347,Low Value
2437.0,52.0,Male,T-shirt,Clothing,24.0,Connecticut,M,Yellow,Fall,2.7,No,Store Pickup,0.0,0.0,38.0,Credit Card,Quarterly,4.0,0.0,0.9750000000000001,0.5510204081632653,0.058823529411764705,0.040000000000000036,0.4370552220888355,Low Value
2438.0,43.0,Male,Sneakers,Footwear,59.0,Wyoming,XL,Magenta,Winter,3.4,No,Store Pickup,0.0,0.0,34.0,Credit Card,Weekly,52.0,0.0,0.7000000000000001,0.36734693877551017,0.058823529411764705,0.28000000000000025,0.3325858343337335,Low Value
2439.0,32.0,Male,Jeans,Clothing,20.0,Delaware,S,Cyan,Winter,3.4,No,Express,0.0,0.0,30.0,Venmo,Weekly,52.0,0.0,0.2875,0.7142857142857142,0.21568627450980393,0.40000000000000013,0.4479201680672269,Low Value
2440.0,55.0,Male,Handbag,Accessories,44.0,Arkansas,M,Maroon,Summer,2.8,No,Standard,0.0,0.0,45.0,Bank Transfer,Annually,1.0,0.0,0.5,0.5510204081632653,0.21568627450980393,0.4800000000000002,0.4331140456182473,Low Value
2441.0,31.0,Male,Socks,Clothing,90.0,Indiana,M,Red,Spring,4.7,No,Standard,0.0,0.0,47.0,Bank Transfer,Annually,1.0,0.0,0.25,0.5714285714285714,0.9999999999999999,0.52,0.6305714285714286,Medium Value
2442.0,45.0,Male,Jewelry,Accessories,36.0,California,M,Black,Fall,4.7,No,Free Shipping,0.0,0.0,5.0,Credit Card,Monthly,12.0,0.0,0.9125000000000001,0.16326530612244897,,0.9199999999999999,,Low Value
2443.0,53.0,Male,Blouse,Clothing,95.0,Wyoming,L,Violet,Winter,4.7,No,Free Shipping,0.0,0.0,50.0,Debit Card,Bi-Weekly,,0.0,0.9750000000000001,0.510204081632653,,0.6800000000000002,,Low Value
2444.0,24.0,Male,Backpack,Accessories,30.0,South Dakota,M,Green,Spring,3.4,No,2-Day Shipping,0.0,0.0,24.0,Bank Transfer,Bi-Weekly,,0.0,0.8875,0.12244897959183673,0.49019607843137253,0.15999999999999992,0.3895384153661464,Low Value
2445.0,47.0,Male,Scarf,Accessories,65.0,West Virginia,S,Gold,Fall,3.7,No,Express,0.0,0.0,15.0,Debit Card,Bi-Weekly,,0.0,0.9000000000000001,0.693877551020408,0.9999999999999999,0.15999999999999992,0.7735510204081631,High Value
2446.0,63.0,Male,Scarf,Accessories,96.0,Tennessee,M,Brown,Summer,4.1,No,Store Pickup,0.0,0.0,50.0,Cash,Weekly,52.0,0.0,0.8375000000000001,0.9183673469387754,,0.9199999999999999,,Low Value
2447.0,38.0,Male,Shirt,Clothing,65.0,Alaska,L,Peach,Spring,2.9,No,2-Day Shipping,0.0,0.0,7.0,Credit Card,Monthly,12.0,0.0,0.9500000000000002,0.14285714285714285,0.21568627450980393,0.15999999999999992,0.3278487394957984,Low Value
2448.0,59.0,Male,Pants,Clothing,47.0,South Dakota,L,Peach,Fall,3.2,No,Store Pickup,0.0,0.0,10.0,Venmo,Fortnightly,26.0,0.0,0.9625000000000001,1.0,,0.9199999999999999,,Low Value
2449.0,54.0,Male,Hat,Accessories,25.0,Tennessee,S,Violet,Fall,3.0,No,Free Shipping,0.0,0.0,38.0,PayPal,Bi-Weekly,,0.0,0.4375,0.7346938775510203,0.0,0.8399999999999999,0.4653775510204081,Medium Value
2450.0,26.0,Male,Coat,Outerwear,56.0,Alabama,S,Violet,Fall,4.1,No,Express,0.0,0.0,31.0,Venmo,Fortnightly,26.0,0.0,0.4750000000000001,0.10204081632653061,0.49019607843137253,0.7600000000000002,0.358875150060024,Low Value
2451.0,68.0,Male,T-shirt,Clothing,76.0,North Carolina,M,Magenta,Fall,4.5,No,Standard,0.0,0.0,7.0,Venmo,Quarterly,4.0,0.0,0.012500000000000011,0.3061224489795918,,0.20000000000000018,,Low Value
2452.0,41.0,Male,Socks,Clothing,60.0,Oklahoma,M,Purple,Fall,3.4,No,Store Pickup,0.0,0.0,27.0,Venmo,Monthly,12.0,0.0,0.7750000000000001,0.5918367346938774,0.21568627450980393,0.7600000000000002,0.5324405762304922,Medium Value
2453.0,68.0,Male,Shirt,Clothing,67.0,New York,L,Purple,Winter,4.1,No,Express,0.0,0.0,45.0,Bank Transfer,Every 3 Months,,0.0,0.17500000000000004,1.0,0.058823529411764705,0.56,0.5086470588235295,Medium Value
2454.0,21.0,Male,Sweater,Clothing,95.0,Iowa,XL,Cyan,Spring,4.6,No,Store Pickup,0.0,0.0,13.0,Cash,Annually,1.0,0.0,0.7250000000000001,0.08163265306122448,,0.6000000000000001,,Low Value
2455.0,32.0,Male,Gloves,Accessories,72.0,Alaska,M,Magenta,Winter,4.6,No,Express,0.0,0.0,33.0,Venmo,Annually,1.0,0.0,0.3375,0.28571428571428564,0.21568627450980393,0.0,0.24649159663865544,Low Value
2456.0,20.0,Male,Belt,Accessories,98.0,Alaska,L,Lavender,Spring,3.4,No,Express,0.0,0.0,25.0,Cash,Every 3 Months,,0.0,0.9500000000000002,0.673469387755102,,0.6399999999999999,,Low Value
2457.0,59.0,Male,Jeans,Clothing,83.0,Nebraska,M,Green,Winter,3.3,No,2-Day Shipping,0.0,0.0,5.0,PayPal,Monthly,12.0,0.0,0.03750000000000003,0.10204081632653061,,0.9199999999999999,,Low Value
2458.0,53.0,Male,Handbag,Accessories,37.0,Delaware,M,Maroon,Fall,3.6,No,2-Day Shipping,0.0,0.0,23.0,Cash,Quarterly,4.0,0.0,0.08750000000000002,0.510204081632653,0.0,0.040000000000000036,0.22558163265306122,Low Value
2459.0,66.0,Male,T-shirt,Clothing,85.0,Texas,L,Turquoise,Fall,4.6,No,Free Shipping,0.0,0.0,17.0,Bank Transfer,Weekly,52.0,0.0,0.21250000000000002,0.673469387755102,,0.2400000000000002,,Low Value
2460.0,47.0,Male,Socks,Clothing,36.0,Missouri,L,Violet,Fall,4.3,No,2-Day Shipping,0.0,0.0,14.0,Cash,Weekly,52.0,0.0,0.7375,0.7346938775510203,0.9999999999999999,0.28000000000000025,0.7693775510204082,High Value
2461.0,58.0,Male,Jeans,Clothing,36.0,Maine,S,Lavender,Winter,4.0,No,Store Pickup,0.0,0.0,28.0,Credit Card,Annually,1.0,0.0,0.25,0.5510204081632653,0.0,0.6800000000000002,0.3384081632653061,Low Value
2462.0,28.0,Male,Scarf,Accessories,86.0,Pennsylvania,L,Red,Summer,4.8,No,Next Day Air,0.0,0.0,19.0,Credit Card,Weekly,52.0,0.0,0.23750000000000004,0.7551020408163265,0.49019607843137253,0.040000000000000036,0.5005996398559424,Medium Value
2463.0,68.0,Male,Pants,Clothing,99.0,Missouri,XL,Orange,Spring,4.3,No,Standard,0.0,0.0,31.0,Bank Transfer,Bi-Weekly,,0.0,0.6625000000000001,0.02040816326530612,0.058823529411764705,0.2400000000000002,0.18231032412965192,Low Value
2464.0,60.0,Male,Blouse,Clothing,21.0,Mississippi,XL,Indigo,Summer,3.3,No,Standard,0.0,0.0,25.0,Cash,Bi-Weekly,,0.0,0.8,0.6326530612244897,,0.15999999999999992,,Low Value
2465.0,47.0,Male,Jacket,Outerwear,84.0,Hawaii,L,Teal,Winter,2.8,No,Express,0.0,0.0,4.0,Cash,Bi-Weekly,,0.0,0.925,0.5918367346938774,,0.8399999999999999,,Low Value
2466.0,18.0,Male,Sandals,Footwear,63.0,Texas,M,Brown,Spring,4.4,No,Free Shipping,0.0,0.0,20.0,Bank Transfer,Weekly,52.0,0.0,0.3375,0.32653061224489793,,0.6399999999999999,,Low Value
2467.0,32.0,Male,Shorts,Clothing,84.0,South Dakota,S,Pink,Summer,3.7,No,Express,0.0,0.0,37.0,Cash,Annually,1.0,0.0,0.7125,0.08163265306122448,,0.0,,Low Value
2468.0,27.0,Male,Shorts,Clothing,72.0,New Jersey,M,Lavender,Spring,3.6,No,Express,0.0,0.0,28.0,Credit Card,Annually,1.0,0.0,0.925,0.6122448979591836,,0.6000000000000001,,Low Value
2469.0,65.0,Male,Skirt,Clothing,21.0,Connecticut,L,Cyan,Winter,3.7,No,2-Day Shipping,0.0,0.0,6.0,Venmo,Weekly,52.0,0.0,0.6875,0.8571428571428571,0.058823529411764705,0.40000000000000013,0.5380042016806723,Medium Value
2470.0,68.0,Male,Sandals,Footwear,92.0,Maryland,M,Yellow,Fall,5.0,No,Standard,0.0,0.0,27.0,PayPal,Annually,1.0,0.0,0.7750000000000001,0.36734693877551017,0.0,0.7600000000000002,0.3779387755102041,Low Value
2471.0,55.0,Male,Blouse,Clothing,72.0,Arizona,XL,Pink,Fall,2.7,No,Next Day Air,0.0,0.0,29.0,Credit Card,Fortnightly,26.0,0.0,0.2,0.6326530612244897,,0.15999999999999992,,Low Value
2472.0,30.0,Male,Sandals,Footwear,83.0,Oklahoma,M,Gray,Spring,4.3,No,Store Pickup,0.0,0.0,1.0,Cash,Annually,1.0,0.0,0.875,0.08163265306122448,,0.2400000000000002,,Low Value
2473.0,24.0,Male,Shirt,Clothing,73.0,Utah,M,Peach,Summer,4.1,No,Standard,0.0,0.0,31.0,Credit Card,Annually,1.0,0.0,0.3500000000000001,0.16326530612244897,0.058823529411764705,0.7600000000000002,0.22895318127250902,Low Value
2474.0,57.0,Male,Socks,Clothing,98.0,Arkansas,M,Red,Winter,2.6,No,Next Day Air,0.0,0.0,28.0,Cash,Quarterly,4.0,0.0,0.275,0.9591836734693877,0.9999999999999999,0.7600000000000002,0.8146734693877552,High Value
2475.0,23.0,Male,T-shirt,Clothing,76.0,North Carolina,M,Olive,Fall,3.2,No,Store Pickup,0.0,0.0,19.0,Bank Transfer,Quarterly,4.0,0.0,0.16250000000000003,0.0,0.058823529411764705,0.08000000000000007,0.05814705882352943,Low Value
2476.0,69.0,Male,Dress,Clothing,43.0,California,S,Lavender,Summer,3.5,No,Next Day Air,0.0,0.0,36.0,Venmo,Monthly,12.0,0.0,0.5375000000000001,0.38775510204081626,0.21568627450980393,0.9600000000000002,0.42330792316926774,Low Value
2477.0,60.0,Male,Hat,Accessories,60.0,Colorado,M,Turquoise,Summer,3.7,No,Next Day Air,0.0,0.0,28.0,Cash,Monthly,12.0,0.0,0.4125000000000001,0.836734693877551,0.0,0.40000000000000013,0.4571938775510205,Medium Value
2478.0,25.0,Male,Gloves,Accessories,40.0,California,L,Turquoise,Spring,3.8,No,2-Day Shipping,0.0,0.0,29.0,PayPal,Weekly,52.0,0.0,0.21250000000000002,0.8979591836734693,,0.9199999999999999,,Low Value
2479.0,18.0,Male,Socks,Clothing,93.0,Vermont,S,Maroon,Winter,4.8,No,2-Day Shipping,0.0,0.0,9.0,Bank Transfer,Every 3 Months,,0.0,0.9000000000000001,0.8163265306122448,0.21568627450980393,0.6800000000000002,0.6392364945978393,Medium Value
2480.0,37.0,Male,Dress,Clothing,98.0,Kansas,S,Olive,Fall,4.2,No,Standard,0.0,0.0,26.0,Credit Card,Every 3 Months,,0.0,0.6625000000000001,0.7142857142857142,0.058823529411764705,0.8399999999999999,0.5198613445378151,Medium Value
2481.0,61.0,Male,Socks,Clothing,91.0,Ohio,XL,Maroon,Summer,2.9,No,Next Day Air,0.0,0.0,7.0,Credit Card,Fortnightly,26.0,0.0,0.22500000000000003,0.18367346938775508,0.0,0.15999999999999992,0.13446938775510203,Low Value
2482.0,41.0,Male,Belt,Accessories,92.0,New Jersey,XL,Cyan,Fall,2.9,No,Free Shipping,0.0,0.0,35.0,Debit Card,Weekly,52.0,0.0,0.38750000000000007,0.6122448979591836,0.0,0.6000000000000001,0.3823979591836734,Low Value
2483.0,69.0,Male,Handbag,Accessories,87.0,Arizona,S,Peach,Winter,4.8,No,Next Day Air,0.0,0.0,46.0,Credit Card,Every 3 Months,,0.0,0.875,0.4081632653061224,0.058823529411764705,0.9600000000000002,0.4519123649459784,Medium Value
2484.0,32.0,Male,Skirt,Clothing,96.0,Arizona,S,Teal,Fall,2.9,No,Standard,0.0,0.0,8.0,Debit Card,Monthly,12.0,0.0,0.45000000000000007,0.3061224489795918,,0.2400000000000002,,Low Value
2485.0,60.0,Male,Hoodie,Clothing,97.0,New Hampshire,M,Green,Summer,4.8,No,2-Day Shipping,0.0,0.0,50.0,Cash,Every 3 Months,,0.0,0.16250000000000003,0.346938775510204,,0.7600000000000002,,Low Value
2486.0,43.0,Male,Blouse,Clothing,55.0,Louisiana,M,Beige,Spring,4.6,No,2-Day Shipping,0.0,0.0,37.0,Bank Transfer,Annually,1.0,0.0,0.4125000000000001,0.38775510204081626,0.9999999999999999,0.0,0.5376020408163265,Medium Value
2487.0,61.0,Male,Jeans,Clothing,58.0,Texas,L,Magenta,Spring,4.4,No,Store Pickup,0.0,0.0,6.0,Credit Card,Fortnightly,26.0,0.0,0.050000000000000044,0.4081632653061224,0.0,0.3600000000000001,0.20926530612244898,Low Value
2488.0,57.0,Male,Boots,Footwear,21.0,Montana,L,Violet,Spring,3.0,No,Next Day Air,0.0,0.0,16.0,PayPal,Bi-Weekly,,0.0,0.48750000000000004,0.44897959183673464,0.058823529411764705,0.4800000000000002,0.34273889555822334,Low Value
2489.0,56.0,Male,Handbag,Accessories,82.0,New Hampshire,XL,Charcoal,Summer,4.4,No,Express,0.0,0.0,30.0,PayPal,Monthly,12.0,0.0,0.65,0.38775510204081626,0.9999999999999999,0.6800000000000002,0.6531020408163265,Medium Value
2490.0,66.0,Male,Coat,Outerwear,34.0,South Dakota,M,Green,Winter,3.9,No,Express,0.0,0.0,50.0,Venmo,Quarterly,4.0,0.0,0.10000000000000003,0.5918367346938774,,0.3600000000000001,,Low Value
2491.0,52.0,Male,Blouse,Clothing,78.0,Montana,M,Gray,Spring,4.0,No,Free Shipping,0.0,0.0,5.0,Cash,Every 3 Months,,0.0,0.2,0.6530612244897959,,0.44000000000000017,,Low Value
2492.0,63.0,Male,Handbag,Accessories,47.0,North Carolina,M,Magenta,Spring,2.5,No,Express,0.0,0.0,15.0,Bank Transfer,Monthly,12.0,0.0,0.3375,0.6122448979591836,0.21568627450980393,0.8800000000000001,0.46510384153661466,Medium Value
2493.0,50.0,Male,Sunglasses,Accessories,96.0,South Dakota,S,Silver,Summer,4.1,No,Next Day Air,0.0,0.0,34.0,Bank Transfer,Bi-Weekly,,0.0,0.525,0.9591836734693877,0.21568627450980393,0.8800000000000001,0.6413793517406963,Medium Value
2494.0,21.0,Male,Socks,Clothing,23.0,Maine,S,Beige,Fall,4.8,No,2-Day Shipping,0.0,0.0,6.0,Venmo,Every 3 Months,,0.0,0.9750000000000001,0.5510204081632653,0.9999999999999999,0.44000000000000017,0.7594081632653061,High Value
2495.0,42.0,Male,Shoes,Footwear,27.0,Oklahoma,S,Peach,Winter,2.6,No,Store Pickup,0.0,0.0,26.0,Debit Card,Annually,1.0,0.0,0.10000000000000003,0.12244897959183673,,0.8399999999999999,,Low Value
2496.0,40.0,Male,Backpack,Accessories,37.0,Nebraska,XL,Orange,Spring,3.1,No,Free Shipping,0.0,0.0,34.0,Credit Card,Every 3 Months,,0.0,0.825,0.061224489795918366,0.9999999999999999,0.040000000000000036,0.4934897959183673,Medium Value
2497.0,67.0,Male,Scarf,Accessories,79.0,Illinois,S,Yellow,Summer,3.2,No,Store Pickup,0.0,0.0,37.0,Credit Card,Weekly,52.0,0.0,0.32500000000000007,0.9795918367346937,,0.2400000000000002,,Low Value
2498.0,35.0,Male,Backpack,Accessories,40.0,Colorado,M,Violet,Summer,4.2,No,Standard,0.0,0.0,28.0,Bank Transfer,Annually,1.0,0.0,0.275,0.4285714285714285,0.9999999999999999,0.28000000000000025,0.5544285714285714,Medium Value
2499.0,18.0,Male,Coat,Outerwear,39.0,Massachusetts,S,Green,Fall,2.6,No,Next Day Air,0.0,0.0,38.0,Cash,Fortnightly,26.0,0.0,0.75,0.7755102040816325,0.49019607843137253,0.56,0.6632629051620649,Medium Value
2500.0,52.0,Male,Hoodie,Clothing,73.0,Louisiana,L,Pink,Summer,3.1,No,Next Day Air,0.0,0.0,2.0,Cash,Quarterly,4.0,0.0,0.23750000000000004,0.8979591836734693,,0.9600000000000002,,Low Value
2501.0,59.0,Male,Gloves,Accessories,84.0,Massachusetts,M,Violet,Fall,2.9,No,Store Pickup,0.0,0.0,32.0,Cash,Bi-Weekly,,0.0,0.36250000000000004,0.5918367346938774,0.49019607843137253,0.6399999999999999,0.5202935174069627,Medium Value
2502.0,49.0,Male,Shorts,Clothing,94.0,West Virginia,M,Violet,Fall,4.6,No,Free Shipping,0.0,0.0,30.0,Venmo,Bi-Weekly,,0.0,0.15000000000000002,0.6530612244897959,,0.6800000000000002,,Low Value
2503.0,46.0,Male,Skirt,Clothing,47.0,Idaho,L,Pink,Spring,4.1,No,Standard,0.0,0.0,17.0,PayPal,Every 3 Months,,0.0,0.6625000000000001,0.4693877551020408,,0.6399999999999999,,Low Value
2504.0,69.0,Male,Boots,Footwear,77.0,Ohio,M,Violet,Summer,2.5,No,Store Pickup,0.0,0.0,5.0,Debit Card,Bi-Weekly,,0.0,0.275,0.2040816326530612,0.058823529411764705,0.56,0.21027971188475392,Low Value
2505.0,56.0,Male,Shorts,Clothing,94.0,Rhode Island,M,Turquoise,Winter,4.0,No,Store Pickup,0.0,0.0,31.0,Cash,Bi-Weekly,,0.0,0.4750000000000001,0.24489795918367344,,0.08000000000000007,,Low Value
2506.0,27.0,Male,Handbag,Accessories,75.0,Illinois,M,Cyan,Summer,3.5,No,Express,0.0,0.0,43.0,PayPal,Quarterly,4.0,0.0,0.025000000000000022,0.5306122448979591,0.0,0.4800000000000002,0.2652448979591837,Low Value
2507.0,57.0,Male,Dress,Clothing,82.0,New York,XL,Orange,Spring,4.4,No,Free Shipping,0.0,0.0,19.0,Venmo,Annually,1.0,0.0,0.45000000000000007,0.5918367346938774,,0.08000000000000007,,Low Value
2508.0,58.0,Male,Shoes,Footwear,36.0,Louisiana,M,Cyan,Fall,2.9,No,Store Pickup,0.0,0.0,32.0,Credit Card,Every 3 Months,,0.0,0.625,0.7755102040816325,0.058823529411764705,0.0,0.4528511404561824,Medium Value
2509.0,23.0,Male,Sneakers,Footwear,90.0,California,XL,Indigo,Spring,3.1,No,2-Day Shipping,0.0,0.0,5.0,Debit Card,Bi-Weekly,,0.0,0.375,0.18367346938775508,0.0,0.56,0.20446938775510204,Low Value
2510.0,19.0,Male,Socks,Clothing,48.0,Washington,M,Black,Spring,4.4,No,Free Shipping,0.0,0.0,9.0,Bank Transfer,Quarterly,4.0,0.0,0.012500000000000011,0.061224489795918366,0.058823529411764705,0.20000000000000018,0.06463685474189679,Low Value
2511.0,40.0,Male,Jacket,Outerwear,42.0,South Dakota,L,Purple,Winter,4.4,No,Standard,0.0,0.0,48.0,Credit Card,Weekly,52.0,0.0,0.9625000000000001,0.3061224489795918,0.9999999999999999,0.28000000000000025,0.6429489795918367,Medium Value
2512.0,54.0,Male,Backpack,Accessories,33.0,Idaho,M,Cyan,Summer,2.7,No,Store Pickup,0.0,0.0,1.0,PayPal,Quarterly,4.0,0.0,0.5375000000000001,0.673469387755102,0.21568627450980393,0.52,0.493593637454982,Medium Value
2513.0,50.0,Male,Socks,Clothing,63.0,North Dakota,M,Green,Summer,4.9,No,Free Shipping,0.0,0.0,20.0,Credit Card,Monthly,12.0,0.0,0.5,0.2040816326530612,,0.08000000000000007,,Low Value
2514.0,69.0,Male,Handbag,Accessories,53.0,Washington,L,Teal,Winter,3.5,No,2-Day Shipping,0.0,0.0,42.0,Cash,Annually,1.0,0.0,0.4,0.5918367346938774,0.49019607843137253,0.20000000000000018,0.48379351740696275,Medium Value
2515.0,42.0,Male,Hat,Accessories,37.0,Alaska,L,Teal,Spring,4.8,No,Free Shipping,0.0,0.0,45.0,PayPal,Bi-Weekly,,0.0,0.15000000000000002,0.7959183673469387,0.0,0.6399999999999999,0.4123673469387755,Low Value
2516.0,37.0,Male,Blouse,Clothing,92.0,Kansas,M,Magenta,Summer,4.2,No,2-Day Shipping,0.0,0.0,41.0,Cash,Monthly,12.0,0.0,0.3500000000000001,0.24489795918367344,0.0,0.28000000000000025,0.19595918367346943,Low Value
2517.0,46.0,Male,Shorts,Clothing,73.0,Utah,XL,Brown,Spring,4.6,No,Standard,0.0,0.0,36.0,Debit Card,Quarterly,4.0,0.0,0.0625,0.5510204081632653,,0.8,,Low Value
2518.0,64.0,Male,Shirt,Clothing,38.0,Wyoming,L,Orange,Spring,2.9,No,Standard,0.0,0.0,10.0,Venmo,Annually,1.0,0.0,0.6000000000000001,0.9795918367346937,,0.72,,Low Value
2519.0,20.0,Male,Boots,Footwear,51.0,Maine,XL,Blue,Fall,4.0,No,Store Pickup,0.0,0.0,31.0,Venmo,Annually,1.0,0.0,0.675,0.44897959183673464,0.9999999999999999,0.40000000000000013,0.6545918367346939,Medium Value
2520.0,40.0,Male,Jacket,Outerwear,90.0,Michigan,L,Magenta,Spring,4.9,No,Standard,0.0,0.0,21.0,Credit Card,Quarterly,4.0,0.0,0.8500000000000001,0.061224489795918366,0.058823529411764705,0.2400000000000002,0.23613685474189683,Low Value
2521.0,64.0,Male,Jacket,Outerwear,56.0,Illinois,L,Magenta,Summer,3.1,No,Next Day Air,0.0,0.0,16.0,Cash,Every 3 Months,,0.0,0.03750000000000003,0.32653061224489793,0.49019607843137253,0.56,0.3411710684273709,Low Value
2522.0,29.0,Male,Handbag,Accessories,33.0,Minnesota,M,Magenta,Fall,4.4,No,Standard,0.0,0.0,18.0,PayPal,Every 3 Months,,0.0,0.15000000000000002,0.4693877551020408,0.49019607843137253,0.08000000000000007,0.3728139255702281,Low Value
2523.0,20.0,Male,Belt,Accessories,53.0,Massachusetts,S,Olive,Winter,2.5,No,2-Day Shipping,0.0,0.0,20.0,Debit Card,Weekly,52.0,0.0,0.6375000000000001,0.4081632653061224,,0.6000000000000001,,Low Value
2524.0,43.0,Male,Handbag,Accessories,24.0,New Jersey,S,Cyan,Spring,3.4,No,Express,0.0,0.0,21.0,Bank Transfer,Annually,1.0,0.0,0.525,0.32653061224489793,,0.08000000000000007,,Low Value
2525.0,60.0,Male,Coat,Outerwear,59.0,Kansas,M,Purple,Spring,3.7,No,Express,0.0,0.0,23.0,Credit Card,Quarterly,4.0,0.0,0.0,0.4285714285714285,0.058823529411764705,0.08000000000000007,0.19707563025210081,Low Value
2526.0,39.0,Male,Sweater,Clothing,72.0,Kentucky,M,Purple,Winter,4.2,No,Standard,0.0,0.0,20.0,PayPal,Weekly,52.0,0.0,0.525,0.5306122448979591,0.49019607843137253,0.8800000000000001,0.5523037214885955,Medium Value
2527.0,47.0,Male,Shorts,Clothing,28.0,Rhode Island,S,Peach,Spring,3.4,No,Express,0.0,0.0,30.0,PayPal,Bi-Weekly,,0.0,0.7625,0.0,,0.8,,Low Value
2528.0,19.0,Male,Pants,Clothing,36.0,Illinois,M,Gold,Fall,3.6,No,Express,0.0,0.0,33.0,Bank Transfer,Every 3 Months,,0.0,0.875,0.5306122448979591,0.9999999999999999,0.20000000000000018,0.7072448979591837,Medium Value
2529.0,52.0,Male,Jewelry,Accessories,47.0,Alabama,S,Peach,Fall,4.7,No,2-Day Shipping,0.0,0.0,31.0,Debit Card,Monthly,12.0,0.0,0.2875,0.14285714285714285,0.058823529411764705,0.44000000000000017,0.17628991596638657,Low Value
2530.0,34.0,Male,Gloves,Accessories,62.0,Tennessee,M,Magenta,Spring,4.7,No,Next Day Air,0.0,0.0,48.0,Bank Transfer,Monthly,12.0,0.0,0.22500000000000003,0.8571428571428571,0.058823529411764705,0.32000000000000006,0.4375042016806723,Low Value
2531.0,25.0,Male,Skirt,Clothing,98.0,Massachusetts,S,Cyan,Spring,3.6,No,Free Shipping,0.0,0.0,28.0,Debit Card,Weekly,52.0,0.0,0.0625,0.4693877551020408,0.49019607843137253,0.72,0.41931392557022806,Low Value
2532.0,43.0,Male,Sandals,Footwear,28.0,Texas,M,Violet,Summer,4.6,No,Free Shipping,0.0,0.0,7.0,Cash,Every 3 Months,,0.0,0.9750000000000001,0.5714285714285714,0.49019607843137253,0.72,0.6426302521008403,Medium Value
2533.0,55.0,Male,Socks,Clothing,86.0,Nebraska,S,Charcoal,Summer,2.6,No,Next Day Air,0.0,0.0,4.0,Debit Card,Weekly,52.0,0.0,0.6875,0.18367346938775508,,0.9199999999999999,,Low Value
2534.0,66.0,Male,Jewelry,Accessories,46.0,Pennsylvania,S,Blue,Summer,3.1,No,Standard,0.0,0.0,49.0,Cash,Bi-Weekly,,0.0,0.08750000000000002,0.22448979591836735,0.49019607843137253,0.6000000000000001,0.3143547418967587,Low Value
2535.0,41.0,Male,Sunglasses,Accessories,42.0,Virginia,XL,Red,Fall,3.2,No,Free Shipping,0.0,0.0,22.0,Cash,Weekly,52.0,0.0,0.08750000000000002,0.9591836734693877,0.49019607843137253,0.40000000000000013,0.5882322929171668,Medium Value
2536.0,47.0,Male,Coat,Outerwear,80.0,Vermont,S,Purple,Winter,3.9,No,Express,0.0,0.0,39.0,Bank Transfer,Fortnightly,26.0,0.0,0.275,0.7959183673469387,0.058823529411764705,0.56,0.4470144057623049,Low Value
2537.0,51.0,Male,Belt,Accessories,39.0,Oklahoma,L,Gray,Spring,4.9,No,Express,0.0,0.0,45.0,PayPal,Every 3 Months,,0.0,0.875,0.0,0.0,0.7600000000000002,0.25100000000000006,Low Value
2538.0,44.0,Male,Coat,Outerwear,49.0,Maine,M,Purple,Summer,4.1,No,2-Day Shipping,0.0,0.0,30.0,PayPal,Fortnightly,26.0,0.0,0.5375000000000001,0.510204081632653,0.49019607843137253,0.8399999999999999,0.5426404561824729,Medium Value
2539.0,18.0,Male,Scarf,Accessories,32.0,New Jersey,M,Silver,Summer,4.2,No,Next Day Air,0.0,0.0,33.0,Credit Card,Bi-Weekly,,0.0,0.9500000000000002,0.16326530612244897,0.0,0.6000000000000001,0.31530612244897965,Low Value
2540.0,33.0,Male,Sandals,Footwear,73.0,Massachusetts,M,Purple,Fall,4.1,No,Next Day Air,0.0,0.0,24.0,Cash,Bi-Weekly,,0.0,0.25,0.36734693877551017,0.058823529411764705,0.6800000000000002,0.28258583433373347,Low Value
2541.0,24.0,Male,Belt,Accessories,42.0,New Jersey,M,Charcoal,Summer,3.9,No,Free Shipping,0.0,0.0,11.0,Debit Card,Quarterly,4.0,0.0,0.23750000000000004,0.7346938775510203,0.21568627450980393,0.8,0.4860834333733493,Medium Value
2542.0,33.0,Male,Scarf,Accessories,58.0,Washington,M,Silver,Spring,2.7,No,Next Day Air,0.0,0.0,13.0,Venmo,Every 3 Months,,0.0,0.3500000000000001,0.04081632653061225,0.058823529411764705,0.56,0.15997358943577433,Low Value
2543.0,61.0,Male,Jewelry,Accessories,22.0,Arkansas,M,White,Winter,3.7,No,Express,0.0,0.0,27.0,PayPal,Annually,1.0,0.0,0.0,0.7959183673469387,0.9999999999999999,0.4800000000000002,0.6663673469387754,Medium Value
2544.0,27.0,Male,Scarf,Accessories,56.0,West Virginia,L,Peach,Spring,2.7,No,Next Day Air,0.0,0.0,30.0,PayPal,Bi-Weekly,,0.0,0.11250000000000004,0.24489795918367344,0.058823529411764705,0.44000000000000017,0.18210624249699883,Low Value
2545.0,46.0,Male,Pants,Clothing,70.0,Delaware,M,Red,Spring,2.5,No,Next Day Air,0.0,0.0,39.0,Venmo,Quarterly,4.0,0.0,0.7625,0.9591836734693877,0.21568627450980393,0.8800000000000001,0.6888793517406964,Medium Value
2546.0,38.0,Male,Shoes,Footwear,50.0,Texas,L,Olive,Spring,3.9,No,Free Shipping,0.0,0.0,10.0,Debit Card,Annually,1.0,0.0,0.9750000000000001,0.061224489795918366,,0.44000000000000017,,Low Value
2547.0,63.0,Male,Boots,Footwear,21.0,Texas,L,Gray,Summer,3.0,No,Express,0.0,0.0,4.0,Credit Card,Quarterly,4.0,0.0,0.9125000000000001,0.16326530612244897,0.9999999999999999,0.0,0.5478061224489795,Medium Value
2548.0,47.0,Male,Jacket,Outerwear,97.0,Mississippi,M,Beige,Summer,3.2,No,2-Day Shipping,0.0,0.0,16.0,Cash,Weekly,52.0,0.0,0.125,0.510204081632653,,0.15999999999999992,,Low Value
2549.0,42.0,Male,Backpack,Accessories,63.0,Texas,L,Pink,Winter,3.8,No,Standard,0.0,0.0,34.0,Credit Card,Monthly,12.0,0.0,0.21250000000000002,0.36734693877551017,0.9999999999999999,0.7600000000000002,0.565438775510204,Medium Value
2550.0,41.0,Male,Jacket,Outerwear,60.0,Virginia,M,Red,Fall,2.7,No,Standard,0.0,0.0,11.0,Debit Card,Every 3 Months,,0.0,0.10000000000000003,0.0,,0.8399999999999999,,Low Value
2551.0,53.0,Male,Boots,Footwear,52.0,New Hampshire,XL,Peach,Fall,3.0,No,Store Pickup,0.0,0.0,30.0,Debit Card,Fortnightly,26.0,0.0,0.11250000000000004,0.5714285714285714,,0.4800000000000002,,Low Value
2552.0,29.0,Male,Shoes,Footwear,32.0,Minnesota,M,Maroon,Winter,4.1,No,Next Day Air,0.0,0.0,40.0,Debit Card,Annually,1.0,0.0,0.36250000000000004,0.7551020408163265,,0.28000000000000025,,Low Value
2553.0,61.0,Male,Belt,Accessories,48.0,Maryland,XL,Purple,Spring,3.2,No,2-Day Shipping,0.0,0.0,13.0,Credit Card,Annually,1.0,0.0,0.4125000000000001,0.6122448979591836,0.0,0.9600000000000002,0.42339795918367346,Low Value
2554.0,69.0,Male,Jewelry,Accessories,25.0,Vermont,M,Maroon,Summer,4.5,No,Store Pickup,0.0,0.0,28.0,Venmo,Every 3 Months,,0.0,0.5750000000000001,0.693877551020408,0.0,1.0,0.49255102040816323,Medium Value
2555.0,51.0,Male,Jewelry,Accessories,68.0,Kansas,M,Gray,Summer,4.3,No,Store Pickup,0.0,0.0,49.0,Debit Card,Bi-Weekly,,0.0,0.5125000000000001,0.7959183673469387,0.058823529411764705,0.32000000000000006,0.47051440576230497,Medium Value
2556.0,24.0,Male,Pants,Clothing,74.0,Idaho,M,Gray,Fall,3.5,No,Standard,0.0,0.0,23.0,Credit Card,Weekly,52.0,0.0,0.03750000000000003,0.24489795918367344,0.058823529411764705,0.7600000000000002,0.19910624249699882,Low Value
2557.0,24.0,Male,T-shirt,Clothing,88.0,Montana,XL,Magenta,Fall,3.1,No,Standard,0.0,0.0,4.0,Bank Transfer,Quarterly,4.0,0.0,0.2,0.16326530612244897,,0.8800000000000001,,Low Value
2558.0,70.0,Male,Shorts,Clothing,23.0,Oklahoma,L,Cyan,Spring,3.9,No,Standard,0.0,0.0,17.0,PayPal,Fortnightly,26.0,0.0,0.7625,0.4897959183673469,,0.44000000000000017,,Low Value
2559.0,49.0,Male,Hoodie,Clothing,32.0,California,M,Silver,Fall,2.7,No,Express,0.0,0.0,24.0,PayPal,Fortnightly,26.0,0.0,0.45000000000000007,0.04081632653061225,,0.28000000000000025,,Low Value
2560.0,48.0,Male,Belt,Accessories,71.0,Mississippi,S,Green,Winter,4.0,No,Free Shipping,0.0,0.0,21.0,Debit Card,Every 3 Months,,0.0,0.7250000000000001,0.693877551020408,0.21568627450980393,0.20000000000000018,0.5072569027611045,Medium Value
2561.0,58.0,Male,Boots,Footwear,62.0,California,M,Violet,Spring,2.7,No,Next Day Air,0.0,0.0,17.0,Debit Card,Bi-Weekly,,0.0,0.0625,0.24489795918367344,,0.7600000000000002,,Low Value
2562.0,32.0,Male,Hoodie,Clothing,20.0,New York,L,Magenta,Spring,2.7,No,Free Shipping,0.0,0.0,22.0,Debit Card,Quarterly,4.0,0.0,0.825,0.6122448979591836,0.0,0.32000000000000006,0.44189795918367347,Low Value
2563.0,57.0,Male,Shorts,Clothing,62.0,Arizona,XL,Yellow,Spring,4.7,No,Standard,0.0,0.0,27.0,Cash,Fortnightly,26.0,0.0,0.9875,0.9591836734693877,0.21568627450980393,0.3600000000000001,0.6818793517406962,Medium Value
2564.0,69.0,Male,Backpack,Accessories,81.0,Massachusetts,XL,Gray,Winter,4.5,No,Standard,0.0,0.0,1.0,Venmo,Every 3 Months,,0.0,0.7875000000000001,0.10204081632653061,,0.56,,Low Value
2565.0,42.0,Male,Scarf,Accessories,90.0,Kentucky,L,Indigo,Winter,3.0,No,2-Day Shipping,0.0,0.0,27.0,Bank Transfer,Weekly,52.0,0.0,0.16250000000000003,0.8571428571428571,0.21568627450980393,0.15999999999999992,0.45606302521008407,Medium Value
2566.0,30.0,Male,Socks,Clothing,43.0,Vermont,S,Indigo,Fall,3.6,No,Store Pickup,0.0,0.0,8.0,Venmo,Quarterly,4.0,0.0,0.30000000000000004,0.0,0.058823529411764705,0.15999999999999992,0.09364705882352942,Low Value
2567.0,35.0,Male,Handbag,Accessories,38.0,Missouri,S,Yellow,Fall,3.3,No,Standard,0.0,0.0,43.0,PayPal,Quarterly,4.0,0.0,0.4750000000000001,0.14285714285714285,0.0,0.08000000000000007,0.16014285714285717,Low Value
2568.0,19.0,Male,Sunglasses,Accessories,25.0,Michigan,XL,Gold,Spring,4.3,No,Store Pickup,0.0,0.0,24.0,Cash,Fortnightly,26.0,0.0,0.42500000000000004,0.10204081632653061,0.9999999999999999,0.3600000000000001,0.4618163265306122,Medium Value
2569.0,52.0,Male,T-shirt,Clothing,98.0,Texas,XL,Green,Winter,4.3,No,Express,0.0,0.0,29.0,PayPal,Fortnightly,26.0,0.0,0.9125000000000001,0.6326530612244897,0.49019607843137253,0.4800000000000002,0.6306200480192077,Medium Value
2570.0,42.0,Male,Dress,Clothing,75.0,New York,M,Charcoal,Spring,4.8,No,Free Shipping,0.0,0.0,10.0,Bank Transfer,Bi-Weekly,,0.0,0.9750000000000001,0.9183673469387754,,0.8800000000000001,,Low Value
2571.0,36.0,Male,Sneakers,Footwear,27.0,New Mexico,XL,Olive,Spring,4.0,No,Store Pickup,0.0,0.0,12.0,PayPal,Fortnightly,26.0,0.0,0.2,0.7551020408163265,,0.2400000000000002,,Low Value
2572.0,45.0,Male,Sunglasses,Accessories,27.0,Mississippi,L,Black,Winter,3.5,No,Standard,0.0,0.0,48.0,Cash,Fortnightly,26.0,0.0,0.6000000000000001,0.9591836734693877,0.49019607843137253,0.6800000000000002,0.7187322929171669,Medium Value
2573.0,54.0,Male,Blouse,Clothing,42.0,Washington,M,Silver,Fall,3.9,No,Next Day Air,0.0,0.0,40.0,Bank Transfer,Quarterly,4.0,0.0,0.9375,0.346938775510204,,0.20000000000000018,,Low Value
2574.0,54.0,Male,T-shirt,Clothing,90.0,New Mexico,M,Red,Summer,4.4,No,Store Pickup,0.0,0.0,1.0,Bank Transfer,Annually,1.0,0.0,0.9125000000000001,0.4897959183673469,0.058823529411764705,0.2400000000000002,0.42006542617046827,Low Value
2575.0,27.0,Male,Hat,Accessories,63.0,Florida,M,Brown,Summer,4.6,No,2-Day Shipping,0.0,0.0,26.0,Credit Card,Fortnightly,26.0,0.0,0.9875,0.061224489795918366,0.49019607843137253,0.6800000000000002,0.4370486194477791,Low Value
2576.0,53.0,Male,Shorts,Clothing,96.0,Minnesota,M,Silver,Fall,4.0,No,Express,0.0,0.0,9.0,PayPal,Annually,1.0,0.0,0.025000000000000022,0.5306122448979591,0.058823529411764705,0.52,0.28689195678271306,Low Value
2577.0,20.0,Male,Hoodie,Clothing,40.0,New Hampshire,M,Silver,Winter,4.2,No,Free Shipping,0.0,0.0,19.0,Debit Card,Quarterly,4.0,0.0,0.8500000000000001,0.26530612244897955,0.21568627450980393,0.15999999999999992,0.35682833133253306,Low Value
2578.0,52.0,Male,Socks,Clothing,39.0,Minnesota,L,Black,Fall,4.5,No,Next Day Air,0.0,0.0,37.0,Bank Transfer,Monthly,12.0,0.0,0.5625,0.7142857142857142,0.49019607843137253,0.6800000000000002,0.6132731092436975,Medium Value
2579.0,54.0,Male,Sunglasses,Accessories,48.0,Vermont,M,Purple,Fall,3.9,No,Free Shipping,0.0,0.0,3.0,Cash,Quarterly,4.0,0.0,0.525,0.10204081632653061,0.058823529411764705,0.2400000000000002,0.1874633853541417,Low Value
2580.0,65.0,Male,Blouse,Clothing,20.0,Minnesota,M,Purple,Summer,3.7,No,Express,0.0,0.0,40.0,Venmo,Weekly,52.0,0.0,0.4375,0.9183673469387754,0.0,0.44000000000000017,0.49884693877551023,Medium Value
2581.0,43.0,Male,Jeans,Clothing,29.0,Massachusetts,S,Turquoise,Summer,3.6,No,Store Pickup,0.0,0.0,13.0,Bank Transfer,Quarterly,4.0,0.0,0.9625000000000001,0.5714285714285714,0.0,0.9199999999999999,0.5130714285714286,Medium Value
2582.0,57.0,Male,Dress,Clothing,81.0,Wyoming,M,Gold,Winter,4.7,No,Express,0.0,0.0,48.0,Credit Card,Monthly,12.0,0.0,0.7125,0.22448979591836735,0.21568627450980393,0.6399999999999999,0.36100180072028815,Low Value
2583.0,19.0,Male,Dress,Clothing,98.0,South Dakota,S,Indigo,Fall,3.6,No,2-Day Shipping,0.0,0.0,4.0,Venmo,Every 3 Months,,0.0,0.25,0.9387755102040816,0.9999999999999999,0.56,0.7815102040816326,High Value
2584.0,69.0,Male,Jeans,Clothing,93.0,Oklahoma,M,Lavender,Fall,2.5,No,Next Day Air,0.0,0.0,9.0,Cash,Weekly,52.0,0.0,0.03750000000000003,0.5510204081632653,0.0,0.20000000000000018,0.24790816326530613,Low Value
2585.0,26.0,Male,Socks,Clothing,30.0,Florida,L,Blue,Summer,2.9,No,Store Pickup,0.0,0.0,26.0,Bank Transfer,Bi-Weekly,,0.0,0.32500000000000007,0.4081632653061224,0.0,0.20000000000000018,0.24826530612244901,Low Value
2586.0,57.0,Male,Sunglasses,Accessories,37.0,Wisconsin,L,Maroon,Fall,4.4,No,Free Shipping,0.0,0.0,19.0,Debit Card,Weekly,52.0,0.0,0.6875,0.28571428571428564,0.0,0.9600000000000002,0.3477857142857143,Low Value
2587.0,20.0,Male,Coat,Outerwear,28.0,Maine,L,Yellow,Winter,4.6,No,Express,0.0,0.0,1.0,Credit Card,Every 3 Months,,0.0,0.7000000000000001,0.7551020408163265,0.0,0.9199999999999999,0.5340408163265307,Medium Value
2588.0,55.0,Male,Scarf,Accessories,29.0,Connecticut,M,Purple,Winter,3.7,No,Express,0.0,0.0,29.0,PayPal,Every 3 Months,,0.0,0.48750000000000004,0.36734693877551017,0.0,0.32000000000000006,0.2764387755102041,Low Value
2589.0,44.0,Male,Backpack,Accessories,49.0,Delaware,M,Peach,Summer,3.2,No,Free Shipping,0.0,0.0,38.0,Venmo,Bi-Weekly,,0.0,0.38750000000000007,0.6122448979591836,0.9999999999999999,0.08000000000000007,0.6303979591836734,Medium Value
2590.0,52.0,Male,Pants,Clothing,53.0,North Dakota,M,Silver,Winter,4.9,No,2-Day Shipping,0.0,0.0,31.0,PayPal,Annually,1.0,0.0,0.32500000000000007,0.5918367346938774,,0.6800000000000002,,Low Value
2591.0,57.0,Male,Gloves,Accessories,66.0,California,M,Turquoise,Summer,5.0,No,Free Shipping,0.0,0.0,35.0,Venmo,Annually,1.0,0.0,0.07500000000000001,0.7959183673469387,0.058823529411764705,0.44000000000000017,0.39501440576230495,Low Value
2592.0,40.0,Male,Jacket,Outerwear,61.0,New Mexico,S,Olive,Spring,3.3,No,Express,0.0,0.0,40.0,Cash,Quarterly,4.0,0.0,0.38750000000000007,0.836734693877551,,0.52,,Low Value
2593.0,23.0,Male,Shorts,Clothing,23.0,Iowa,XL,Peach,Summer,4.4,No,Store Pickup,0.0,0.0,13.0,Venmo,Quarterly,4.0,0.0,0.30000000000000004,0.4897959183673469,0.0,0.52,0.3079183673469388,Low Value
2594.0,36.0,Male,Pants,Clothing,36.0,Colorado,S,Indigo,Fall,4.7,No,Store Pickup,0.0,0.0,9.0,Bank Transfer,Every 3 Months,,0.0,0.7750000000000001,0.38775510204081626,0.058823529411764705,0.6800000000000002,0.39574909963985594,Low Value
2595.0,59.0,Male,Skirt,Clothing,81.0,Montana,L,Indigo,Fall,3.6,No,Free Shipping,0.0,0.0,25.0,Cash,Every 3 Months,,0.0,0.30000000000000004,0.04081632653061225,0.9999999999999999,0.08000000000000007,0.3843265306122448,Low Value
2596.0,29.0,Male,Blouse,Clothing,56.0,Iowa,XL,Maroon,Summer,3.2,No,Free Shipping,0.0,0.0,3.0,Bank Transfer,Bi-Weekly,,0.0,0.08750000000000002,0.26530612244897955,0.0,1.0,0.22362244897959183,Low Value
2597.0,63.0,Male,Shirt,Clothing,78.0,Louisiana,L,Black,Spring,3.0,No,Next Day Air,0.0,0.0,35.0,Credit Card,Monthly,12.0,0.0,0.875,0.6326530612244897,0.49019607843137253,0.8800000000000001,0.6631200480192077,Medium Value
2598.0,60.0,Male,Jewelry,Accessories,25.0,Alabama,XL,Teal,Summer,4.4,No,Store Pickup,0.0,0.0,13.0,Venmo,Bi-Weekly,,0.0,0.4750000000000001,0.38775510204081626,,0.28000000000000025,,Low Value
2599.0,64.0,Male,Backpack,Accessories,86.0,Nevada,XL,Olive,Fall,3.3,No,Express,0.0,0.0,31.0,Debit Card,Annually,1.0,0.0,0.75,0.673469387755102,0.49019607843137253,0.15999999999999992,0.5824465786314525,Medium Value
2600.0,63.0,Male,Jewelry,Accessories,99.0,Vermont,M,Gold,Winter,3.4,No,Express,0.0,0.0,48.0,Credit Card,Monthly,12.0,0.0,0.25,0.10204081632653061,0.0,0.6800000000000002,0.15881632653061228,Low Value
2601.0,21.0,Male,Belt,Accessories,83.0,New York,M,Gray,Fall,3.9,No,Express,0.0,0.0,6.0,Bank Transfer,Bi-Weekly,,0.0,0.03750000000000003,0.02040816326530612,0.0,0.4800000000000002,0.06366326530612249,Low Value
2602.0,61.0,Male,Dress,Clothing,33.0,Mississippi,L,Orange,Winter,2.9,No,Store Pickup,0.0,0.0,43.0,Cash,Monthly,12.0,0.0,0.17500000000000004,0.693877551020408,0.0,0.6800000000000002,0.38055102040816324,Low Value
2603.0,65.0,Male,Coat,Outerwear,44.0,South Carolina,M,Black,Fall,2.9,No,Free Shipping,0.0,0.0,1.0,Venmo,Quarterly,4.0,0.0,0.1875,0.6530612244897959,0.058823529411764705,0.040000000000000036,0.3203715486194477,Low Value
2604.0,69.0,Male,Dress,Clothing,58.0,Washington,M,Teal,Spring,2.7,No,2-Day Shipping,0.0,0.0,8.0,Cash,Annually,1.0,0.0,0.6875,0.8979591836734693,,0.6000000000000001,,Low Value
2605.0,47.0,Male,Sweater,Clothing,54.0,Colorado,M,Beige,Spring,3.4,No,Store Pickup,0.0,0.0,6.0,Debit Card,Weekly,52.0,0.0,0.5,0.38775510204081626,,0.08000000000000007,,Low Value
2606.0,41.0,Male,Hoodie,Clothing,93.0,Nevada,M,White,Spring,3.7,No,2-Day Shipping,0.0,0.0,32.0,Venmo,Fortnightly,26.0,0.0,0.8375000000000001,0.9591836734693877,0.0,0.6000000000000001,0.6111734693877552,Medium Value
2607.0,68.0,Male,Shoes,Footwear,98.0,Nevada,L,Turquoise,Spring,4.7,No,Standard,0.0,0.0,46.0,Bank Transfer,Bi-Weekly,,0.0,0.26250000000000007,0.7346938775510203,0.21568627450980393,0.15999999999999992,0.4270834333733493,Low Value
2608.0,41.0,Male,Shoes,Footwear,36.0,Oklahoma,XL,Teal,Spring,3.1,No,Express,0.0,0.0,38.0,PayPal,Every 3 Months,,0.0,0.7875000000000001,0.061224489795918366,,0.32000000000000006,,Low Value
2609.0,42.0,Male,Jacket,Outerwear,68.0,Mississippi,L,Orange,Fall,4.2,No,2-Day Shipping,0.0,0.0,48.0,Credit Card,Fortnightly,26.0,0.0,0.7625,0.4693877551020408,,0.6000000000000001,,Low Value
2610.0,66.0,Male,Backpack,Accessories,95.0,Arkansas,M,Black,Summer,3.0,No,Store Pickup,0.0,0.0,18.0,Debit Card,Bi-Weekly,,0.0,0.45000000000000007,0.061224489795918366,,0.56,,Low Value
2611.0,66.0,Male,Jeans,Clothing,93.0,West Virginia,M,Violet,Spring,3.1,No,Express,0.0,0.0,25.0,Cash,Quarterly,4.0,0.0,0.4750000000000001,0.4897959183673469,0.0,0.32000000000000006,0.32291836734693885,Low Value
2612.0,33.0,Male,Jacket,Outerwear,99.0,Michigan,L,Maroon,Fall,4.2,No,2-Day Shipping,0.0,0.0,4.0,Cash,Fortnightly,26.0,0.0,0.8,0.26530612244897955,,0.56,,Low Value
2613.0,55.0,Male,Sunglasses,Accessories,22.0,Louisiana,M,Turquoise,Winter,3.8,No,Next Day Air,0.0,0.0,27.0,Venmo,Quarterly,4.0,0.0,0.012500000000000011,0.26530612244897955,0.49019607843137253,0.56,0.31168127250900357,Low Value
2614.0,58.0,Male,Gloves,Accessories,88.0,South Dakota,M,Gold,Fall,2.9,No,Express,0.0,0.0,14.0,Bank Transfer,Monthly,12.0,0.0,0.1875,0.9183673469387754,,0.6800000000000002,,Low Value
2615.0,18.0,Male,Jacket,Outerwear,65.0,North Dakota,M,Turquoise,Spring,4.2,No,Express,0.0,0.0,36.0,Bank Transfer,Fortnightly,26.0,0.0,0.2875,0.5306122448979591,0.058823529411764705,0.8399999999999999,0.3713919567827131,Low Value
2616.0,49.0,Male,T-shirt,Clothing,62.0,Arizona,M,Maroon,Fall,3.1,No,2-Day Shipping,0.0,0.0,6.0,Debit Card,Quarterly,4.0,0.0,0.0,0.9183673469387754,0.21568627450980393,0.32000000000000006,0.46405282112845136,Medium Value
2617.0,61.0,Male,Sandals,Footwear,55.0,Georgia,XL,Purple,Spring,3.6,No,Express,0.0,0.0,46.0,Cash,Annually,1.0,0.0,0.2,0.4693877551020408,,0.9199999999999999,,Low Value
2618.0,31.0,Male,Shorts,Clothing,97.0,Idaho,S,Maroon,Spring,4.8,No,Standard,0.0,0.0,29.0,Bank Transfer,Annually,1.0,0.0,0.625,0.061224489795918366,0.0,0.6399999999999999,0.21348979591836736,Low Value
2619.0,70.0,Male,Handbag,Accessories,77.0,Louisiana,L,Brown,Fall,4.1,No,Express,0.0,0.0,12.0,Venmo,Monthly,12.0,0.0,0.7875000000000001,0.02040816326530612,0.49019607843137253,0.3600000000000001,0.34872208883553424,Low Value
2620.0,68.0,Male,Pants,Clothing,40.0,Connecticut,L,Indigo,Winter,3.9,No,Free Shipping,0.0,0.0,47.0,Credit Card,Weekly,52.0,0.0,0.7000000000000001,0.5714285714285714,0.49019607843137253,0.44000000000000017,0.5596302521008404,Medium Value
2621.0,27.0,Male,Blouse,Clothing,23.0,Ohio,S,Lavender,Winter,3.0,No,Standard,0.0,0.0,28.0,Debit Card,Annually,1.0,0.0,0.7625,0.12244897959183673,0.49019607843137253,0.08000000000000007,0.35653841536614644,Low Value
2622.0,48.0,Male,Shoes,Footwear,46.0,Maine,M,Beige,Winter,3.0,No,Express,0.0,0.0,21.0,Bank Transfer,Annually,1.0,0.0,0.3375,0.7755102040816325,0.21568627450980393,0.28000000000000025,0.4704099639855942,Medium Value
2623.0,63.0,Male,Backpack,Accessories,75.0,New Hampshire,M,Yellow,Spring,4.9,No,2-Day Shipping,0.0,0.0,15.0,Credit Card,Annually,1.0,0.0,0.1875,0.9183673469387754,0.49019607843137253,0.7600000000000002,0.6279057623049219,Medium Value
2624.0,49.0,Male,Shoes,Footwear,76.0,Massachusetts,M,Gold,Fall,4.8,No,Next Day Air,0.0,0.0,38.0,Cash,Annually,1.0,0.0,0.8125,0.8775510204081631,0.0,0.9600000000000002,0.6095204081632652,Medium Value
2625.0,19.0,Male,Dress,Clothing,59.0,South Dakota,M,Indigo,Summer,3.3,No,Standard,0.0,0.0,19.0,Credit Card,Annually,1.0,0.0,0.9500000000000002,0.38775510204081626,0.0,0.9199999999999999,0.43710204081632653,Low Value
2626.0,30.0,Male,Skirt,Clothing,51.0,Colorado,L,Cyan,Summer,2.7,No,Standard,0.0,0.0,31.0,Credit Card,Weekly,52.0,0.0,0.9750000000000001,0.8775510204081631,0.49019607843137253,0.11999999999999988,0.705079231692677,Medium Value
2627.0,50.0,Male,Jacket,Outerwear,46.0,Rhode Island,XL,Silver,Fall,4.2,No,Express,0.0,0.0,30.0,Credit Card,Every 3 Months,,0.0,0.4,0.44897959183673464,0.0,0.15999999999999992,0.2755918367346939,Low Value
2628.0,66.0,Male,Shirt,Clothing,26.0,Missouri,L,Silver,Fall,3.6,No,Next Day Air,0.0,0.0,40.0,Bank Transfer,Quarterly,4.0,0.0,0.8,0.7346938775510203,0.9999999999999999,0.28000000000000025,0.7818775510204081,High Value
2629.0,25.0,Male,Hoodie,Clothing,51.0,Wyoming,M,Silver,Summer,3.8,No,Next Day Air,0.0,0.0,42.0,Credit Card,Bi-Weekly,,0.0,0.6375000000000001,0.061224489795918366,0.9999999999999999,0.40000000000000013,0.49198979591836733,Medium Value
2630.0,61.0,Male,Scarf,Accessories,44.0,New Hampshire,M,Peach,Winter,3.8,No,Free Shipping,0.0,0.0,25.0,Venmo,Annually,1.0,0.0,0.9375,0.26530612244897955,0.49019607843137253,0.6399999999999999,0.5046812725090035,Medium Value
2631.0,29.0,Male,Skirt,Clothing,82.0,Maine,S,Pink,Spring,4.2,No,Free Shipping,0.0,0.0,20.0,Cash,Quarterly,4.0,0.0,0.3375,0.6122448979591836,0.49019607843137253,0.6399999999999999,0.5234567827130852,Medium Value
2632.0,53.0,Male,Skirt,Clothing,44.0,Connecticut,S,Violet,Summer,2.7,No,Express,0.0,0.0,3.0,Cash,Weekly,52.0,0.0,0.6875,0.16326530612244897,0.058823529411764705,0.9199999999999999,0.312453181272509,Low Value
2633.0,24.0,Male,Scarf,Accessories,27.0,Alaska,M,Black,Fall,5.0,No,Next Day Air,0.0,0.0,14.0,Cash,Annually,1.0,0.0,0.10000000000000003,0.6122448979591836,0.9999999999999999,0.11999999999999988,0.5768979591836734,Medium Value
2634.0,51.0,Male,Sunglasses,Accessories,90.0,Alaska,M,Purple,Fall,4.7,No,Next Day Air,0.0,0.0,32.0,Credit Card,Fortnightly,26.0,0.0,0.30000000000000004,0.510204081632653,,0.8800000000000001,,Low Value
2635.0,26.0,Male,Sandals,Footwear,58.0,North Carolina,S,Black,Summer,3.2,No,Store Pickup,0.0,0.0,20.0,PayPal,Every 3 Months,,0.0,0.55,0.8163265306122448,,0.9199999999999999,,Low Value
2636.0,59.0,Male,Hoodie,Clothing,80.0,Colorado,XL,Peach,Spring,2.9,No,2-Day Shipping,0.0,0.0,34.0,PayPal,Fortnightly,26.0,0.0,0.10000000000000003,0.24489795918367344,0.0,0.15999999999999992,0.13395918367346937,Low Value
2637.0,41.0,Male,Jacket,Outerwear,40.0,Utah,S,Magenta,Winter,4.2,No,Store Pickup,0.0,0.0,6.0,Venmo,Annually,1.0,0.0,0.012500000000000011,0.061224489795918366,0.21568627450980393,0.040000000000000036,0.09569567827130854,Low Value
2638.0,20.0,Male,Pants,Clothing,23.0,Alabama,M,Magenta,Spring,3.7,No,Store Pickup,0.0,0.0,2.0,PayPal,Annually,1.0,0.0,0.26250000000000007,0.28571428571428564,,0.32000000000000006,,Low Value
2639.0,22.0,Male,Shirt,Clothing,34.0,Hawaii,S,Black,Spring,4.2,No,Store Pickup,0.0,0.0,35.0,Credit Card,Annually,1.0,0.0,0.22500000000000003,0.7551020408163265,,0.3600000000000001,,Low Value
2640.0,18.0,Male,Blouse,Clothing,35.0,New Hampshire,XL,Pink,Winter,2.6,No,Free Shipping,0.0,0.0,33.0,Debit Card,Quarterly,4.0,0.0,0.7125,0.04081632653061225,0.49019607843137253,0.44000000000000017,0.34988535414165667,Low Value
2641.0,30.0,Male,Skirt,Clothing,75.0,Indiana,L,Olive,Summer,4.0,No,Store Pickup,0.0,0.0,45.0,Venmo,Bi-Weekly,,0.0,0.2875,0.10204081632653061,,0.52,,Low Value
2642.0,25.0,Male,Sunglasses,Accessories,60.0,Vermont,XL,Olive,Winter,2.7,No,Next Day Air,0.0,0.0,20.0,Bank Transfer,Every 3 Months,,0.0,0.8875,0.673469387755102,,0.3600000000000001,,Low Value
2643.0,39.0,Male,Belt,Accessories,87.0,Iowa,L,Peach,Summer,4.0,No,Store Pickup,0.0,0.0,48.0,Bank Transfer,Annually,1.0,0.0,0.6000000000000001,0.12244897959183673,0.058823529411764705,0.52,0.23862665066026412,Low Value
2644.0,49.0,Male,Gloves,Accessories,41.0,Maryland,S,Silver,Spring,2.9,No,Next Day Air,0.0,0.0,37.0,Cash,Monthly,12.0,0.0,0.21250000000000002,0.4081632653061224,0.0,0.32000000000000006,0.23776530612244898,Low Value
2645.0,25.0,Male,Pants,Clothing,83.0,New Mexico,M,Turquoise,Spring,3.3,No,Standard,0.0,0.0,4.0,Bank Transfer,Every 3 Months,,0.0,0.03750000000000003,0.32653061224489793,0.21568627450980393,0.9199999999999999,0.2948181272509004,Low Value
2646.0,23.0,Male,Scarf,Accessories,81.0,Louisiana,L,Olive,Spring,4.0,No,Store Pickup,0.0,0.0,24.0,Bank Transfer,Bi-Weekly,,0.0,0.5625,0.08163265306122448,,0.56,,Low Value
2647.0,33.0,Male,T-shirt,Clothing,56.0,New Mexico,S,Lavender,Summer,3.9,No,Next Day Air,0.0,0.0,4.0,Debit Card,Every 3 Months,,0.0,0.125,0.4081632653061224,0.49019607843137253,0.6800000000000002,0.40332412965186076,Low Value
2648.0,60.0,Male,Shoes,Footwear,58.0,South Carolina,M,Red,Summer,3.3,No,2-Day Shipping,0.0,0.0,25.0,Debit Card,Annually,1.0,0.0,0.3125,0.836734693877551,,0.8800000000000001,,Low Value
2649.0,51.0,Male,Pants,Clothing,84.0,Illinois,M,Gray,Spring,3.9,No,Next Day Air,0.0,0.0,14.0,PayPal,Bi-Weekly,,0.0,0.0625,0.9795918367346937,0.058823529411764705,0.08000000000000007,0.42998379351740695,Low Value
2650.0,23.0,Male,Gloves,Accessories,21.0,Minnesota,M,Magenta,Fall,3.9,No,Store Pickup,0.0,0.0,14.0,Bank Transfer,Fortnightly,26.0,0.0,0.65,0.6530612244897959,0.49019607843137253,0.52,0.5902833133253301,Medium Value
2651.0,20.0,Male,Socks,Clothing,35.0,Oregon,L,Maroon,Summer,4.2,No,Standard,0.0,0.0,46.0,Credit Card,Every 3 Months,,0.0,0.6875,0.22448979591836735,,0.44000000000000017,,Low Value
2652.0,51.0,Male,Sneakers,Footwear,43.0,Tennessee,M,Cyan,Summer,4.6,No,Store Pickup,0.0,0.0,27.0,PayPal,Quarterly,4.0,0.0,0.5375000000000001,0.346938775510204,,0.15999999999999992,,Low Value
2653.0,23.0,Female,Shorts,Clothing,20.0,Maryland,L,Cyan,Summer,3.3,No,2-Day Shipping,0.0,0.0,46.0,Credit Card,Monthly,12.0,0.0,0.1875,0.9387755102040816,0.058823529411764705,0.56,0.48665726290516204,Medium Value
2654.0,67.0,Female,Blouse,Clothing,36.0,Wisconsin,L,Lavender,Fall,4.8,No,Express,0.0,0.0,24.0,Venmo,Every 3 Months,,0.0,0.15000000000000002,0.346938775510204,0.9999999999999999,0.8800000000000001,0.5567755102040817,Medium Value
2655.0,23.0,Female,Coat,Outerwear,70.0,Idaho,S,Pink,Fall,4.1,No,Next Day Air,0.0,0.0,4.0,PayPal,Annually,1.0,0.0,0.0625,0.9591836734693877,0.21568627450980393,0.32000000000000006,0.4928793517406963,Medium Value
2656.0,26.0,Female,Sunglasses,Accessories,83.0,Wyoming,M,Gray,Summer,3.4,No,Standard,0.0,0.0,2.0,Credit Card,Fortnightly,26.0,0.0,0.875,0.346938775510204,,0.6800000000000002,,Low Value
2657.0,52.0,Female,Shorts,Clothing,76.0,Indiana,L,Yellow,Winter,3.6,No,Express,0.0,0.0,29.0,Bank Transfer,Fortnightly,26.0,0.0,0.625,0.9183673469387754,0.058823529411764705,0.040000000000000036,0.5139939975990395,Medium Value
2658.0,52.0,Female,Dress,Clothing,81.0,Texas,M,Pink,Summer,2.7,No,Express,0.0,0.0,7.0,Credit Card,Fortnightly,26.0,0.0,0.08750000000000002,0.673469387755102,,0.9600000000000002,,Low Value
2659.0,52.0,Female,Handbag,Accessories,47.0,Ohio,XL,Indigo,Summer,3.2,No,Next Day Air,0.0,0.0,39.0,PayPal,Monthly,12.0,0.0,0.9000000000000001,0.18367346938775508,,0.44000000000000017,,Low Value
2660.0,35.0,Female,Boots,Footwear,35.0,Kansas,L,Gray,Summer,4.4,No,2-Day Shipping,0.0,0.0,46.0,Credit Card,Fortnightly,26.0,0.0,0.0,0.22448979591836735,0.21568627450980393,0.8800000000000001,0.24250180072028815,Low Value
2661.0,24.0,Female,Pants,Clothing,85.0,South Carolina,L,Yellow,Spring,4.9,No,Express,0.0,0.0,44.0,Venmo,Annually,1.0,0.0,0.4,0.7142857142857142,0.058823529411764705,0.28000000000000025,0.41136134453781514,Low Value
2662.0,43.0,Female,Boots,Footwear,96.0,Michigan,XL,Olive,Fall,4.8,No,Express,0.0,0.0,20.0,Bank Transfer,Annually,1.0,0.0,0.4625,0.673469387755102,0.058823529411764705,0.44000000000000017,0.4235348139255703,Low Value
2663.0,25.0,Female,Skirt,Clothing,98.0,Nebraska,M,Cyan,Summer,2.8,No,2-Day Shipping,0.0,0.0,44.0,PayPal,Fortnightly,26.0,0.0,0.9500000000000002,0.9795918367346937,0.0,0.44000000000000017,0.6258367346938776,Medium Value
2664.0,46.0,Female,Sneakers,Footwear,52.0,Wisconsin,L,Silver,Fall,2.9,No,Free Shipping,0.0,0.0,23.0,Bank Transfer,Annually,1.0,0.0,0.6000000000000001,0.7142857142857142,0.9999999999999999,0.28000000000000025,0.7337142857142857,Medium Value
2665.0,22.0,Female,Jewelry,Accessories,84.0,Illinois,L,Silver,Winter,3.2,No,Store Pickup,0.0,0.0,37.0,PayPal,Weekly,52.0,0.0,0.125,0.346938775510204,0.49019607843137253,0.11999999999999988,0.32283433373349335,Low Value
2666.0,70.0,Female,T-shirt,Clothing,71.0,Louisiana,L,Red,Winter,3.5,No,Store Pickup,0.0,0.0,4.0,Venmo,Weekly,52.0,0.0,0.21250000000000002,0.7755102040816325,0.49019607843137253,0.6000000000000001,0.5597629051620648,Medium Value
2667.0,49.0,Female,Sandals,Footwear,95.0,Ohio,S,Brown,Winter,4.1,No,Store Pickup,0.0,0.0,14.0,Venmo,Fortnightly,26.0,0.0,0.275,0.673469387755102,0.9999999999999999,0.7600000000000002,0.7003877551020409,Medium Value
2668.0,48.0,Female,Boots,Footwear,47.0,Maryland,M,Orange,Summer,4.1,No,Free Shipping,0.0,0.0,31.0,Cash,Fortnightly,26.0,0.0,0.42500000000000004,0.693877551020408,0.9999999999999999,0.3600000000000001,0.6985510204081631,Medium Value
2669.0,59.0,Female,Coat,Outerwear,75.0,Texas,M,Black,Summer,4.8,No,Next Day Air,0.0,0.0,9.0,PayPal,Quarterly,4.0,0.0,0.7625,0.0,,1.0,,Low Value
2670.0,39.0,Female,Belt,Accessories,28.0,Illinois,L,Teal,Spring,2.8,No,Free Shipping,0.0,0.0,31.0,Credit Card,Weekly,52.0,0.0,0.25,0.9591836734693877,0.058823529411764705,0.2400000000000002,0.4753205282112845,Medium Value
2671.0,30.0,Female,Sunglasses,Accessories,44.0,Pennsylvania,M,Yellow,Fall,4.7,No,Express,0.0,0.0,26.0,Bank Transfer,Bi-Weekly,,0.0,0.8500000000000001,0.36734693877551017,0.9999999999999999,0.6800000000000002,0.6849387755102041,Medium Value
2672.0,37.0,Female,Sandals,Footwear,64.0,Alabama,XL,Gray,Winter,4.8,No,2-Day Shipping,0.0,0.0,41.0,PayPal,Every 3 Months,,0.0,0.925,0.8775510204081631,0.9999999999999999,0.32000000000000006,0.8680204081632653,High Value
2673.0,56.0,Female,Boots,Footwear,28.0,West Virginia,M,Maroon,Spring,2.9,No,Standard,0.0,0.0,13.0,Cash,Annually,1.0,0.0,0.42500000000000004,0.16326530612244897,,0.15999999999999992,,Low Value
2674.0,67.0,Female,Hoodie,Clothing,21.0,Nevada,M,Olive,Summer,2.6,No,2-Day Shipping,0.0,0.0,4.0,Cash,Monthly,12.0,0.0,0.38750000000000007,0.04081632653061225,0.49019607843137253,0.8800000000000001,0.32888535414165665,Low Value
2675.0,40.0,Female,Hat,Accessories,41.0,Florida,S,Charcoal,Fall,3.3,No,Express,0.0,0.0,15.0,Cash,Every 3 Months,,0.0,0.025000000000000022,1.0,0.21568627450980393,0.6000000000000001,0.5297058823529412,Medium Value
2676.0,24.0,Female,Shorts,Clothing,38.0,Virginia,M,Peach,Winter,3.4,No,Free Shipping,0.0,0.0,38.0,Cash,Bi-Weekly,,0.0,0.9375,0.12244897959183673,0.058823529411764705,0.8399999999999999,0.33812665066026404,Low Value
2677.0,43.0,Female,Backpack,Accessories,77.0,Kentucky,M,Maroon,Spring,3.6,No,Free Shipping,0.0,0.0,3.0,Cash,Fortnightly,26.0,0.0,0.4625,0.38775510204081626,0.0,0.52,0.2996020408163265,Low Value
2678.0,45.0,Female,Shorts,Clothing,43.0,Connecticut,L,Olive,Spring,3.8,No,Next Day Air,0.0,0.0,6.0,PayPal,Every 3 Months,,0.0,0.3125,0.3061224489795918,,0.44000000000000017,,Low Value
2679.0,33.0,Female,Belt,Accessories,91.0,Montana,M,Magenta,Spring,3.4,No,2-Day Shipping,0.0,0.0,34.0,Credit Card,Bi-Weekly,,0.0,0.9000000000000001,0.5714285714285714,0.49019607843137253,0.6399999999999999,0.6196302521008403,Medium Value
2680.0,53.0,Female,Shorts,Clothing,68.0,Montana,S,Yellow,Spring,3.8,No,Express,0.0,0.0,7.0,Debit Card,Quarterly,4.0,0.0,0.25,0.4081632653061224,0.9999999999999999,0.08000000000000007,0.5212653061224489,Medium Value
2681.0,44.0,Female,Socks,Clothing,37.0,Nebraska,L,Indigo,Fall,3.3,No,Next Day Air,0.0,0.0,21.0,Venmo,Annually,1.0,0.0,0.525,0.36734693877551017,,0.72,,Low Value
2682.0,23.0,Female,Shoes,Footwear,23.0,Massachusetts,L,Olive,Summer,4.8,No,Standard,0.0,0.0,17.0,Debit Card,Monthly,12.0,0.0,0.875,0.18367346938775508,,0.9600000000000002,,Low Value
2683.0,59.0,Female,Sneakers,Footwear,65.0,North Carolina,L,Maroon,Winter,3.9,No,2-Day Shipping,0.0,0.0,5.0,Venmo,Every 3 Months,,0.0,0.7750000000000001,0.061224489795918366,0.21568627450980393,0.6800000000000002,0.31219567827130856,Low Value
2684.0,68.0,Female,Backpack,Accessories,30.0,Montana,M,Indigo,Summer,4.2,No,Next Day Air,0.0,0.0,21.0,Cash,Fortnightly,26.0,0.0,0.4,0.8979591836734693,0.058823529411764705,0.11999999999999988,0.46883073229291716,Medium Value
2685.0,46.0,Female,Dress,Clothing,45.0,Washington,M,Gray,Summer,4.7,No,Free Shipping,0.0,0.0,42.0,Credit Card,Bi-Weekly,,0.0,0.625,0.32653061224489793,0.49019607843137253,0.9600000000000002,0.4986710684273709,Medium Value
2686.0,56.0,Female,Boots,Footwear,25.0,Virginia,M,Gray,Winter,2.7,No,Express,0.0,0.0,49.0,Credit Card,Quarterly,4.0,0.0,0.7875000000000001,0.4285714285714285,0.49019607843137253,0.11999999999999988,0.4879873949579832,Medium Value
2687.0,40.0,Female,Socks,Clothing,72.0,Georgia,M,Black,Winter,3.8,No,2-Day Shipping,0.0,0.0,33.0,Cash,Fortnightly,26.0,0.0,0.36250000000000004,0.04081632653061225,,0.15999999999999992,,Low Value
2688.0,61.0,Female,Dress,Clothing,75.0,Delaware,M,White,Fall,3.6,No,2-Day Shipping,0.0,0.0,12.0,Debit Card,Bi-Weekly,,0.0,0.8875,0.2040816326530612,0.49019607843137253,0.0,0.4061914765906362,Low Value
2689.0,53.0,Female,Handbag,Accessories,63.0,West Virginia,XL,Turquoise,Spring,2.9,No,2-Day Shipping,0.0,0.0,18.0,Credit Card,Every 3 Months,,0.0,0.9875,0.061224489795918366,0.0,0.08000000000000007,0.22998979591836738,Low Value
2690.0,29.0,Female,Blouse,Clothing,35.0,Wyoming,M,Orange,Fall,3.9,No,Standard,0.0,0.0,47.0,PayPal,Quarterly,4.0,0.0,0.9000000000000001,0.2040816326530612,,0.32000000000000006,,Low Value
2691.0,44.0,Female,Belt,Accessories,32.0,New Mexico,L,Yellow,Summer,4.7,No,Free Shipping,0.0,0.0,18.0,Bank Transfer,Weekly,52.0,0.0,0.8375000000000001,0.9387755102040816,0.49019607843137253,0.4800000000000002,0.7380690276110444,Medium Value
2692.0,43.0,Female,Pants,Clothing,25.0,Nebraska,L,Blue,Winter,3.3,No,2-Day Shipping,0.0,0.0,48.0,Cash,Monthly,12.0,0.0,0.10000000000000003,0.32653061224489793,0.9999999999999999,0.6000000000000001,0.5106122448979592,Medium Value
2693.0,40.0,Female,Sneakers,Footwear,90.0,Washington,XL,Violet,Spring,4.2,No,Free Shipping,0.0,0.0,18.0,Debit Card,Every 3 Months,,0.0,0.6375000000000001,0.6326530612244897,0.21568627450980393,0.6399999999999999,0.509267106842737,Medium Value
2694.0,55.0,Female,Boots,Footwear,70.0,Hawaii,L,Lavender,Summer,2.6,No,Standard,0.0,0.0,46.0,Cash,Quarterly,4.0,0.0,0.15000000000000002,0.7346938775510203,0.0,0.6399999999999999,0.38787755102040816,Low Value
2695.0,66.0,Female,Sunglasses,Accessories,27.0,Louisiana,M,Olive,Spring,4.9,No,Express,0.0,0.0,34.0,Credit Card,Every 3 Months,,0.0,0.16250000000000003,0.8775510204081631,0.058823529411764705,0.0,0.40116746698679473,Low Value
2696.0,50.0,Female,Hat,Accessories,92.0,Tennessee,M,Orange,Fall,3.6,No,Standard,0.0,0.0,10.0,PayPal,Bi-Weekly,,0.0,0.6875,0.5306122448979591,,0.6800000000000002,,Low Value
2697.0,57.0,Female,Coat,Outerwear,20.0,South Dakota,M,White,Spring,4.7,No,Free Shipping,0.0,0.0,12.0,Debit Card,Monthly,12.0,0.0,0.7875000000000001,0.9183673469387754,0.0,0.8800000000000001,0.6128469387755102,Medium Value
2698.0,42.0,Female,Jacket,Outerwear,52.0,Delaware,L,Red,Winter,3.2,No,Standard,0.0,0.0,36.0,Bank Transfer,Quarterly,4.0,0.0,0.9125000000000001,0.24489795918367344,,0.08000000000000007,,Low Value
2699.0,55.0,Female,Hoodie,Clothing,57.0,Virginia,M,Magenta,Summer,3.6,No,Store Pickup,0.0,0.0,34.0,Venmo,Quarterly,4.0,0.0,0.11250000000000004,0.02040816326530612,,0.20000000000000018,,Low Value
2700.0,25.0,Female,Boots,Footwear,96.0,Utah,M,Violet,Fall,3.6,No,2-Day Shipping,0.0,0.0,49.0,Debit Card,Annually,1.0,0.0,0.0625,0.8979591836734693,0.0,0.9199999999999999,0.46368367346938777,Medium Value
2701.0,22.0,Female,T-shirt,Clothing,68.0,California,XL,Olive,Winter,3.2,No,Standard,0.0,0.0,36.0,Cash,Weekly,52.0,0.0,0.7000000000000001,0.693877551020408,,0.7600000000000002,,Low Value
2702.0,49.0,Female,Sweater,Clothing,30.0,Idaho,L,Silver,Summer,2.8,No,Store Pickup,0.0,0.0,18.0,Bank Transfer,Fortnightly,26.0,0.0,0.7625,0.7755102040816325,,0.72,,Low Value
2703.0,70.0,Female,Shoes,Footwear,37.0,Texas,L,Gray,Fall,4.0,No,Next Day Air,0.0,0.0,39.0,Debit Card,Fortnightly,26.0,0.0,0.75,0.7755102040816325,,0.0,,Low Value
2704.0,56.0,Female,Scarf,Accessories,42.0,Tennessee,XL,Olive,Winter,4.4,No,Free Shipping,0.0,0.0,34.0,PayPal,Weekly,52.0,0.0,0.625,0.673469387755102,0.49019607843137253,0.9600000000000002,0.6374465786314527,Medium Value
2705.0,52.0,Female,Dress,Clothing,54.0,Tennessee,L,Beige,Spring,3.4,No,Next Day Air,0.0,0.0,35.0,Debit Card,Weekly,52.0,0.0,0.7625,0.8163265306122448,0.21568627450980393,0.9600000000000002,0.6397364945978392,Medium Value
2706.0,65.0,Female,Jacket,Outerwear,81.0,Washington,S,Turquoise,Spring,5.0,No,Store Pickup,0.0,0.0,1.0,Credit Card,Bi-Weekly,,0.0,0.825,0.9387755102040816,0.0,0.56,0.5965102040816327,Medium Value
2707.0,24.0,Female,Shoes,Footwear,40.0,Alabama,S,Blue,Spring,3.1,No,Express,0.0,0.0,48.0,Debit Card,Quarterly,4.0,0.0,0.925,0.32653061224489793,0.058823529411764705,0.6399999999999999,0.3972593037214886,Low Value
2708.0,32.0,Female,Backpack,Accessories,88.0,Nebraska,M,Pink,Fall,4.2,No,Standard,0.0,0.0,19.0,Cash,Weekly,52.0,0.0,0.5750000000000001,0.7959183673469387,0.21568627450980393,0.32000000000000006,0.5300732292917167,Medium Value
2709.0,57.0,Female,Dress,Clothing,94.0,Alabama,M,Teal,Summer,3.3,No,Store Pickup,0.0,0.0,44.0,Debit Card,Weekly,52.0,0.0,0.9750000000000001,0.8775510204081631,,0.6399999999999999,,Low Value
2710.0,35.0,Female,Shirt,Clothing,54.0,Illinois,S,Cyan,Winter,2.9,No,Standard,0.0,0.0,9.0,Credit Card,Bi-Weekly,,0.0,0.0625,0.4081632653061224,,0.4800000000000002,,Low Value
2711.0,69.0,Female,Jacket,Outerwear,51.0,Wisconsin,L,Purple,Summer,4.7,No,Standard,0.0,0.0,3.0,Bank Transfer,Fortnightly,26.0,0.0,0.525,0.4081632653061224,,0.2400000000000002,,Low Value
2712.0,30.0,Female,Sunglasses,Accessories,22.0,Nebraska,L,Red,Spring,4.0,No,Standard,0.0,0.0,50.0,Venmo,Monthly,12.0,0.0,0.9750000000000001,0.3061224489795918,0.0,0.20000000000000018,0.3374489795918368,Low Value
2713.0,37.0,Female,Jacket,Outerwear,95.0,North Dakota,L,Brown,Fall,4.6,No,Standard,0.0,0.0,7.0,Debit Card,Quarterly,4.0,0.0,0.4125000000000001,0.28571428571428564,0.0,0.3600000000000001,0.2327857142857143,Low Value
2714.0,19.0,Female,Coat,Outerwear,57.0,Mississippi,M,Magenta,Fall,3.8,No,2-Day Shipping,0.0,0.0,20.0,Debit Card,Annually,1.0,0.0,0.5750000000000001,0.510204081632653,,0.08000000000000007,,Low Value
2715.0,53.0,Female,Sweater,Clothing,45.0,Iowa,S,Olive,Winter,3.6,No,Store Pickup,0.0,0.0,16.0,Credit Card,Bi-Weekly,,0.0,0.4,1.0,0.21568627450980393,0.2400000000000002,0.5687058823529412,Medium Value
2716.0,25.0,Female,Sneakers,Footwear,92.0,Mississippi,XL,Pink,Winter,4.1,No,Express,0.0,0.0,29.0,PayPal,Fortnightly,26.0,0.0,0.55,0.5918367346938774,,0.6000000000000001,,Low Value
2717.0,47.0,Female,Shoes,Footwear,40.0,Colorado,L,Black,Spring,2.7,No,Store Pickup,0.0,0.0,21.0,Debit Card,Weekly,52.0,0.0,0.48750000000000004,0.9591836734693877,0.058823529411764705,0.44000000000000017,0.5428205282112846,Medium Value
2718.0,18.0,Female,Sunglasses,Accessories,62.0,Nebraska,XL,Beige,Winter,4.3,No,Free Shipping,0.0,0.0,19.0,Credit Card,Every 3 Months,,0.0,0.5125000000000001,0.4081632653061224,,0.44000000000000017,,Low Value
2719.0,22.0,Female,Shorts,Clothing,90.0,Virginia,M,Peach,Winter,4.9,No,Next Day Air,0.0,0.0,10.0,Venmo,Bi-Weekly,,0.0,0.9625000000000001,0.346938775510204,0.0,0.32000000000000006,0.36327551020408166,Low Value
2720.0,69.0,Female,Hoodie,Clothing,82.0,Louisiana,S,Peach,Fall,4.2,No,Free Shipping,0.0,0.0,4.0,Bank Transfer,Monthly,12.0,0.0,0.03750000000000003,0.8163265306122448,0.21568627450980393,0.6399999999999999,0.4627364945978391,Medium Value
2721.0,55.0,Female,Scarf,Accessories,52.0,Maryland,M,Peach,Spring,2.8,No,Store Pickup,0.0,0.0,45.0,Bank Transfer,Quarterly,4.0,0.0,0.9750000000000001,0.2040816326530612,0.21568627450980393,0.72,0.4133385354141657,Low Value
2722.0,19.0,Female,Sandals,Footwear,70.0,Minnesota,S,Teal,Spring,4.9,No,Free Shipping,0.0,0.0,17.0,PayPal,Fortnightly,26.0,0.0,0.9750000000000001,0.14285714285714285,,0.28000000000000025,,Low Value
2723.0,23.0,Female,Hat,Accessories,83.0,Maine,M,Green,Spring,2.8,No,2-Day Shipping,0.0,0.0,22.0,PayPal,Fortnightly,26.0,0.0,0.48750000000000004,0.836734693877551,,0.56,,Low Value
2724.0,54.0,Female,Shoes,Footwear,49.0,Texas,XL,Brown,Summer,2.9,No,Store Pickup,0.0,0.0,3.0,PayPal,Every 3 Months,,0.0,0.7750000000000001,0.8163265306122448,,1.0,,Low Value
2725.0,52.0,Female,Sneakers,Footwear,91.0,Missouri,M,Brown,Spring,2.5,No,Next Day Air,0.0,0.0,11.0,Debit Card,Fortnightly,26.0,0.0,0.7750000000000001,0.04081632653061225,,0.3600000000000001,,Low Value
2726.0,64.0,Female,Backpack,Accessories,99.0,Mississippi,S,Violet,Summer,2.7,No,Free Shipping,0.0,0.0,4.0,Debit Card,Annually,1.0,0.0,0.26250000000000007,0.18367346938775508,,0.52,,Low Value
2727.0,33.0,Female,Belt,Accessories,92.0,Michigan,L,Blue,Winter,3.3,No,Free Shipping,0.0,0.0,11.0,PayPal,Bi-Weekly,,0.0,0.4,0.693877551020408,0.058823529411764705,0.15999999999999992,0.39119807923169264,Low Value
2728.0,40.0,Female,Shirt,Clothing,87.0,Colorado,L,Charcoal,Winter,3.7,No,2-Day Shipping,0.0,0.0,47.0,Credit Card,Fortnightly,26.0,0.0,0.26250000000000007,0.02040816326530612,0.9999999999999999,0.040000000000000036,0.36466326530612236,Low Value
2729.0,26.0,Female,Skirt,Clothing,28.0,Florida,M,Pink,Winter,4.0,No,Express,0.0,0.0,17.0,Debit Card,Weekly,52.0,0.0,0.625,0.4693877551020408,0.058823529411764705,0.72,0.4024021608643457,Low Value
2730.0,31.0,Female,Gloves,Accessories,71.0,Montana,S,Violet,Summer,4.1,No,Free Shipping,0.0,0.0,32.0,Credit Card,Monthly,12.0,0.0,0.8875,0.9387755102040816,0.21568627450980393,0.11999999999999988,0.6297160864345739,Medium Value
2731.0,23.0,Female,Gloves,Accessories,32.0,Wisconsin,M,Teal,Winter,4.1,No,Store Pickup,0.0,0.0,37.0,Bank Transfer,Annually,1.0,0.0,0.9375,0.6122448979591836,0.21568627450980393,0.8,0.5771038415366146,Medium Value
2732.0,52.0,Female,Handbag,Accessories,33.0,Wisconsin,M,Red,Summer,2.5,No,2-Day Shipping,0.0,0.0,44.0,Bank Transfer,Quarterly,4.0,0.0,0.0625,0.5510204081632653,,0.52,,Low Value
2733.0,21.0,Female,Socks,Clothing,75.0,Delaware,L,Orange,Winter,4.2,No,Store Pickup,0.0,0.0,27.0,Debit Card,Every 3 Months,,0.0,0.8625,0.24489795918367344,0.9999999999999999,0.20000000000000018,0.5904591836734694,Medium Value
2734.0,31.0,Female,Backpack,Accessories,83.0,North Carolina,M,Magenta,Summer,4.7,No,Express,0.0,0.0,46.0,PayPal,Annually,1.0,0.0,0.30000000000000004,0.4285714285714285,0.058823529411764705,0.32000000000000006,0.28107563025210086,Low Value
2735.0,63.0,Female,Jeans,Clothing,93.0,New York,XL,Yellow,Summer,2.7,No,2-Day Shipping,0.0,0.0,13.0,Cash,Bi-Weekly,,0.0,0.4,0.22448979591836735,0.49019607843137253,0.2400000000000002,0.34085474189675874,Low Value
2736.0,46.0,Female,Skirt,Clothing,29.0,California,M,Yellow,Spring,3.0,No,Express,0.0,0.0,2.0,PayPal,Bi-Weekly,,0.0,0.925,0.18367346938775508,,0.40000000000000013,,Low Value
2737.0,44.0,Female,Hoodie,Clothing,25.0,Montana,M,Pink,Spring,4.8,No,Store Pickup,0.0,0.0,45.0,Credit Card,Annually,1.0,0.0,0.9750000000000001,0.8979591836734693,0.058823529411764705,0.8399999999999999,0.6558307322929171,Medium Value
2738.0,57.0,Female,Jewelry,Accessories,76.0,North Carolina,S,Indigo,Spring,4.4,No,Free Shipping,0.0,0.0,35.0,Cash,Every 3 Months,,0.0,0.25,0.836734693877551,0.058823529411764705,0.6399999999999999,0.4663409363745498,Medium Value
2739.0,50.0,Female,Sneakers,Footwear,81.0,Ohio,M,Charcoal,Summer,4.3,No,2-Day Shipping,0.0,0.0,39.0,Venmo,Every 3 Months,,0.0,0.0625,0.3061224489795918,0.9999999999999999,0.44000000000000017,0.4789489795918367,Medium Value
2740.0,33.0,Female,Shirt,Clothing,80.0,Alaska,XL,Blue,Winter,2.5,No,Store Pickup,0.0,0.0,39.0,Credit Card,Every 3 Months,,0.0,0.525,0.10204081632653061,0.0,0.15999999999999992,0.16181632653061226,Low Value
2741.0,19.0,Female,Sunglasses,Accessories,70.0,Pennsylvania,M,Lavender,Summer,4.9,No,Free Shipping,0.0,0.0,34.0,Bank Transfer,Fortnightly,26.0,0.0,0.050000000000000044,0.5510204081632653,,0.9199999999999999,,Low Value
2742.0,68.0,Female,Dress,Clothing,81.0,Maine,L,Yellow,Fall,4.9,No,2-Day Shipping,0.0,0.0,41.0,Venmo,Monthly,12.0,0.0,0.4625,0.4693877551020408,,0.28000000000000025,,Low Value
2743.0,27.0,Female,Shoes,Footwear,86.0,Texas,M,Black,Spring,3.9,No,Free Shipping,0.0,0.0,47.0,Debit Card,Annually,1.0,0.0,0.5750000000000001,0.26530612244897955,0.49019607843137253,0.72,0.4401812725090036,Low Value
2744.0,61.0,Female,Belt,Accessories,94.0,New Jersey,S,Beige,Fall,4.1,No,2-Day Shipping,0.0,0.0,17.0,Venmo,Quarterly,4.0,0.0,0.625,0.5714285714285714,0.49019607843137253,0.6399999999999999,0.5646302521008403,Medium Value
2745.0,38.0,Female,Shirt,Clothing,66.0,Wyoming,M,Silver,Winter,3.3,No,Store Pickup,0.0,0.0,40.0,Credit Card,Monthly,12.0,0.0,0.23750000000000004,0.6530612244897959,0.9999999999999999,0.8399999999999999,0.6927244897959182,Medium Value
2746.0,28.0,Female,Boots,Footwear,98.0,Michigan,M,Magenta,Summer,4.1,No,Standard,0.0,0.0,44.0,PayPal,Bi-Weekly,,0.0,0.17500000000000004,0.5918367346938774,0.0,0.52,0.323734693877551,Low Value
2747.0,39.0,Female,Hoodie,Clothing,25.0,Ohio,M,Orange,Fall,3.7,No,Standard,0.0,0.0,21.0,PayPal,Every 3 Months,,0.0,0.22500000000000003,0.510204081632653,0.058823529411764705,0.8,0.34672869147659063,Low Value
2748.0,18.0,Female,Jeans,Clothing,62.0,West Virginia,M,Teal,Winter,3.1,No,Free Shipping,0.0,0.0,21.0,Credit Card,Every 3 Months,,0.0,0.625,0.22448979591836735,,0.2400000000000002,,Low Value
2749.0,24.0,Female,Jacket,Outerwear,98.0,Virginia,L,Turquoise,Spring,3.0,No,Free Shipping,0.0,0.0,16.0,Venmo,Annually,1.0,0.0,0.75,0.24489795918367344,0.21568627450980393,0.15999999999999992,0.3286650660264106,Low Value
2750.0,64.0,Female,Jacket,Outerwear,53.0,Vermont,M,Cyan,Spring,3.4,No,Standard,0.0,0.0,15.0,Bank Transfer,Annually,1.0,0.0,0.38750000000000007,0.8163265306122448,,0.52,,Low Value
2751.0,51.0,Female,Sandals,Footwear,66.0,Alaska,L,Pink,Spring,2.7,No,2-Day Shipping,0.0,0.0,26.0,PayPal,Every 3 Months,,0.0,0.7375,0.061224489795918366,0.49019607843137253,0.6399999999999999,0.3830486194477791,Low Value
2752.0,27.0,Female,Dress,Clothing,52.0,Minnesota,S,Indigo,Fall,3.1,No,Free Shipping,0.0,0.0,50.0,Venmo,Monthly,12.0,0.0,0.9000000000000001,0.02040816326530612,0.0,0.2400000000000002,0.2121632653061225,Low Value
2753.0,48.0,Female,Sweater,Clothing,64.0,Colorado,S,Peach,Winter,4.0,No,Free Shipping,0.0,0.0,30.0,Venmo,Bi-Weekly,,0.0,0.8125,0.5510204081632653,,1.0,,Low Value
2754.0,69.0,Female,Gloves,Accessories,59.0,Rhode Island,M,Beige,Spring,3.6,No,Next Day Air,0.0,0.0,48.0,PayPal,Quarterly,4.0,0.0,0.5375000000000001,0.4693877551020408,0.0,0.8,0.37525510204081636,Low Value
2755.0,59.0,Female,Sunglasses,Accessories,61.0,New Jersey,L,Gold,Summer,3.6,No,Free Shipping,0.0,0.0,21.0,Venmo,Bi-Weekly,,0.0,0.5,0.26530612244897955,0.49019607843137253,0.11999999999999988,0.36518127250900356,Low Value
2756.0,59.0,Female,Belt,Accessories,97.0,Nevada,M,Indigo,Winter,3.3,No,Store Pickup,0.0,0.0,18.0,Credit Card,Annually,1.0,0.0,0.30000000000000004,0.2040816326530612,0.9999999999999999,0.28000000000000025,0.4696326530612244,Medium Value
2757.0,42.0,Female,Hat,Accessories,23.0,Minnesota,L,Violet,Winter,4.1,No,Free Shipping,0.0,0.0,41.0,PayPal,Monthly,12.0,0.0,0.4625,0.5306122448979591,,0.2400000000000002,,Low Value
2758.0,39.0,Female,Hat,Accessories,98.0,Delaware,XL,Brown,Fall,4.3,No,Next Day Air,0.0,0.0,11.0,Venmo,Monthly,12.0,0.0,0.050000000000000044,0.12244897959183673,0.49019607843137253,0.32000000000000006,0.23803841536614645,Low Value
2759.0,32.0,Female,Blouse,Clothing,98.0,Illinois,M,Purple,Summer,3.2,No,Standard,0.0,0.0,8.0,Bank Transfer,Bi-Weekly,,0.0,0.1875,0.9795918367346937,0.0,0.3600000000000001,0.4653367346938776,Medium Value
2760.0,68.0,Female,Shoes,Footwear,59.0,Washington,M,Turquoise,Summer,3.9,No,Free Shipping,0.0,0.0,42.0,Cash,Every 3 Months,,0.0,0.6625000000000001,0.4081632653061224,0.0,0.52,0.347765306122449,Low Value
2761.0,41.0,Female,Skirt,Clothing,82.0,Alaska,S,Violet,Fall,5.0,No,Next Day Air,0.0,0.0,41.0,Credit Card,Bi-Weekly,,0.0,0.275,0.18367346938775508,,0.40000000000000013,,Low Value
2762.0,31.0,Female,Sneakers,Footwear,82.0,Michigan,M,Purple,Fall,3.4,No,Next Day Air,0.0,0.0,3.0,Credit Card,Every 3 Months,,0.0,0.0,0.7346938775510203,0.9999999999999999,0.9199999999999999,0.685877551020408,Medium Value
2763.0,58.0,Female,T-shirt,Clothing,41.0,Georgia,M,Charcoal,Fall,3.8,No,Store Pickup,0.0,0.0,10.0,Debit Card,Every 3 Months,,0.0,0.8625,0.16326530612244897,,0.56,,Low Value
2764.0,28.0,Female,Handbag,Accessories,52.0,West Virginia,M,Green,Fall,2.9,No,2-Day Shipping,0.0,0.0,35.0,Venmo,Quarterly,4.0,0.0,0.7000000000000001,0.26530612244897955,,0.3600000000000001,,Low Value
2765.0,63.0,Female,Sweater,Clothing,41.0,Arizona,XL,White,Spring,2.6,No,Next Day Air,0.0,0.0,2.0,Debit Card,Weekly,52.0,0.0,0.45000000000000007,0.5918367346938774,0.0,0.040000000000000036,0.330734693877551,Low Value
2766.0,64.0,Female,Gloves,Accessories,70.0,Colorado,M,Purple,Summer,4.3,No,2-Day Shipping,0.0,0.0,24.0,Credit Card,Quarterly,4.0,0.0,1.0,0.836734693877551,0.49019607843137253,0.2400000000000002,0.7057527010804322,Medium Value
2767.0,66.0,Female,Dress,Clothing,91.0,Tennessee,M,Cyan,Winter,2.8,No,Standard,0.0,0.0,47.0,Credit Card,Monthly,12.0,0.0,0.30000000000000004,0.6122448979591836,0.21568627450980393,0.32000000000000006,0.40160384153661466,Low Value
2768.0,31.0,Female,Dress,Clothing,95.0,Iowa,M,Green,Spring,4.5,No,Free Shipping,0.0,0.0,31.0,Cash,Monthly,12.0,0.0,0.7000000000000001,0.9591836734693877,,0.11999999999999988,,Low Value
2769.0,55.0,Female,Blouse,Clothing,25.0,Kansas,M,Beige,Spring,3.8,No,2-Day Shipping,0.0,0.0,28.0,PayPal,Bi-Weekly,,0.0,0.9625000000000001,0.9591836734693877,0.058823529411764705,0.72,0.6658205282112845,Medium Value
2770.0,32.0,Female,Shirt,Clothing,89.0,Oklahoma,L,Lavender,Fall,3.0,No,Standard,0.0,0.0,13.0,Cash,Weekly,52.0,0.0,0.23750000000000004,1.0,0.0,0.08000000000000007,0.4555,Medium Value
2771.0,50.0,Female,Boots,Footwear,44.0,Nebraska,S,Blue,Fall,3.3,No,Express,0.0,0.0,22.0,Bank Transfer,Quarterly,4.0,0.0,1.0,0.18367346938775508,0.49019607843137253,0.7600000000000002,0.4965282112845138,Medium Value
2772.0,58.0,Female,Jacket,Outerwear,52.0,Maryland,S,Beige,Summer,3.1,No,2-Day Shipping,0.0,0.0,12.0,Bank Transfer,Fortnightly,26.0,0.0,0.525,0.8979591836734693,,0.56,,Low Value
2773.0,18.0,Female,Backpack,Accessories,94.0,Pennsylvania,L,Blue,Spring,3.5,No,Store Pickup,0.0,0.0,10.0,Bank Transfer,Every 3 Months,,0.0,0.9750000000000001,0.5306122448979591,0.058823529411764705,0.20000000000000018,0.4448919567827131,Low Value
2774.0,39.0,Female,Pants,Clothing,98.0,Arizona,S,Maroon,Spring,4.6,No,Express,0.0,0.0,45.0,Bank Transfer,Quarterly,4.0,0.0,0.1375,0.18367346938775508,0.49019607843137253,0.6000000000000001,0.3080282112845138,Low Value
2775.0,56.0,Female,Boots,Footwear,40.0,Oklahoma,L,Yellow,Fall,4.1,No,Standard,0.0,0.0,42.0,Credit Card,Quarterly,4.0,0.0,0.8625,0.36734693877551017,0.058823529411764705,0.4800000000000002,0.38508583433373356,Low Value
2776.0,37.0,Female,Socks,Clothing,25.0,Montana,L,Red,Fall,3.6,No,Free Shipping,0.0,0.0,16.0,Debit Card,Weekly,52.0,0.0,0.8875,0.0,,0.52,,Low Value
2777.0,46.0,Female,Scarf,Accessories,62.0,Wyoming,L,Green,Fall,2.9,No,Free Shipping,0.0,0.0,6.0,Bank Transfer,Annually,1.0,0.0,0.375,0.7755102040816325,0.058823529411764705,0.32000000000000006,0.43485114045618245,Low Value
2778.0,52.0,Female,Blouse,Clothing,24.0,Idaho,M,Magenta,Fall,4.8,No,Standard,0.0,0.0,28.0,Credit Card,Every 3 Months,,0.0,0.15000000000000002,0.26530612244897955,0.21568627450980393,0.44000000000000017,0.244828331332533,Low Value
2779.0,70.0,Female,Belt,Accessories,57.0,Pennsylvania,L,Yellow,Spring,3.2,No,Standard,0.0,0.0,24.0,Credit Card,Bi-Weekly,,0.0,0.5875,0.7959183673469387,,0.56,,Low Value
2780.0,61.0,Female,Sunglasses,Accessories,66.0,Montana,L,Blue,Winter,4.3,No,Express,0.0,0.0,14.0,Credit Card,Fortnightly,26.0,0.0,0.10000000000000003,0.8979591836734693,0.9999999999999999,0.40000000000000013,0.7191836734693877,Medium Value
2781.0,33.0,Female,Boots,Footwear,70.0,Ohio,M,Charcoal,Winter,4.1,No,Next Day Air,0.0,0.0,29.0,PayPal,Fortnightly,26.0,0.0,0.5625,0.10204081632653061,0.9999999999999999,0.3600000000000001,0.4893163265306122,Medium Value
2782.0,65.0,Female,Sandals,Footwear,39.0,Mississippi,M,Blue,Spring,4.6,No,Standard,0.0,0.0,33.0,PayPal,Weekly,52.0,0.0,0.6625000000000001,0.22448979591836735,0.0,0.8800000000000001,0.310295918367347,Low Value
2783.0,41.0,Female,Gloves,Accessories,34.0,Idaho,S,Cyan,Spring,3.8,No,Free Shipping,0.0,0.0,30.0,PayPal,Annually,1.0,0.0,0.08750000000000002,0.36734693877551017,0.21568627450980393,0.20000000000000018,0.24914465786314527,Low Value
2784.0,19.0,Female,Skirt,Clothing,38.0,Virginia,M,Silver,Spring,4.5,No,Next Day Air,0.0,0.0,26.0,Credit Card,Quarterly,4.0,0.0,0.8625,0.08163265306122448,,0.56,,Low Value
2785.0,33.0,Female,Skirt,Clothing,70.0,Idaho,M,Black,Winter,3.1,No,Express,0.0,0.0,12.0,PayPal,Every 3 Months,,0.0,0.65,0.7346938775510203,0.21568627450980393,0.8,0.5685834333733493,Medium Value
2786.0,53.0,Female,Blouse,Clothing,80.0,Louisiana,S,Green,Summer,2.9,No,Next Day Air,0.0,0.0,13.0,Bank Transfer,Monthly,12.0,0.0,0.21250000000000002,0.6530612244897959,0.058823529411764705,0.6399999999999999,0.3853715486194477,Low Value
2787.0,54.0,Female,Handbag,Accessories,51.0,Colorado,M,Violet,Spring,3.8,No,Next Day Air,0.0,0.0,41.0,Debit Card,Every 3 Months,,0.0,0.5375000000000001,0.9387755102040816,,0.8,,Low Value
2788.0,36.0,Female,Boots,Footwear,79.0,West Virginia,XL,Pink,Spring,4.1,No,Next Day Air,0.0,0.0,4.0,Venmo,Fortnightly,26.0,0.0,0.875,0.9795918367346937,0.058823529411764705,0.6000000000000001,0.644483793517407,Medium Value
2789.0,56.0,Female,Boots,Footwear,92.0,Rhode Island,M,Olive,Summer,3.1,No,Free Shipping,0.0,0.0,2.0,Credit Card,Annually,1.0,0.0,0.525,0.5510204081632653,0.0,0.72,0.3974081632653061,Low Value
2790.0,28.0,Female,Sweater,Clothing,85.0,North Carolina,L,Orange,Fall,5.0,No,Express,0.0,0.0,28.0,Credit Card,Bi-Weekly,,0.0,0.2875,0.44897959183673464,0.0,0.44000000000000017,0.2810918367346939,Low Value
2791.0,34.0,Female,Socks,Clothing,63.0,Maine,M,Black,Spring,4.5,No,Free Shipping,0.0,0.0,24.0,Debit Card,Annually,1.0,0.0,0.9500000000000002,0.2040816326530612,,0.2400000000000002,,Low Value
2792.0,43.0,Female,Gloves,Accessories,60.0,Iowa,M,Yellow,Fall,2.8,No,Express,0.0,0.0,14.0,Venmo,Fortnightly,26.0,0.0,0.7875000000000001,0.6530612244897959,0.058823529411764705,0.040000000000000036,0.4403715486194478,Low Value
2793.0,54.0,Female,Shorts,Clothing,44.0,Kentucky,L,Violet,Winter,3.2,No,Express,0.0,0.0,11.0,Credit Card,Weekly,52.0,0.0,0.5875,0.9387755102040816,0.9999999999999999,0.3600000000000001,0.8290102040816326,High Value
2794.0,37.0,Female,Boots,Footwear,57.0,Massachusetts,M,Silver,Spring,3.1,No,Standard,0.0,0.0,27.0,Debit Card,Bi-Weekly,,0.0,0.875,0.24489795918367344,,0.15999999999999992,,Low Value
2795.0,33.0,Female,Jacket,Outerwear,24.0,New York,M,Gold,Fall,3.3,No,Standard,0.0,0.0,7.0,Cash,Fortnightly,26.0,0.0,0.4125000000000001,0.061224489795918366,0.9999999999999999,1.0,0.5069897959183673,Medium Value
2796.0,33.0,Female,Scarf,Accessories,35.0,Nebraska,M,Magenta,Winter,3.4,No,Store Pickup,0.0,0.0,49.0,PayPal,Annually,1.0,0.0,0.21250000000000002,0.7959183673469387,0.058823529411764705,0.8399999999999999,0.46251440576230485,Medium Value
2797.0,55.0,Female,Jacket,Outerwear,73.0,Oklahoma,M,Red,Winter,3.8,No,Store Pickup,0.0,0.0,21.0,Cash,Annually,1.0,0.0,0.45000000000000007,0.36734693877551017,0.21568627450980393,0.32000000000000006,0.3336446578631453,Low Value
2798.0,63.0,Female,Jewelry,Accessories,42.0,Oklahoma,M,Green,Winter,3.5,No,Express,0.0,0.0,10.0,Venmo,Every 3 Months,,0.0,0.2875,0.32653061224489793,0.9999999999999999,0.15999999999999992,0.5041122448979591,Medium Value
2799.0,52.0,Female,Hoodie,Clothing,20.0,Rhode Island,XL,Red,Winter,4.8,No,Store Pickup,0.0,0.0,37.0,PayPal,Weekly,52.0,0.0,0.8,0.12244897959183673,0.0,0.9600000000000002,0.30497959183673473,Low Value
2800.0,23.0,Female,T-shirt,Clothing,89.0,Maine,L,Pink,Spring,3.9,No,Free Shipping,0.0,0.0,9.0,Bank Transfer,Every 3 Months,,0.0,0.375,0.4081632653061224,,1.0,,Low Value
2801.0,70.0,Female,Shirt,Clothing,76.0,Arkansas,L,Violet,Fall,3.4,No,Free Shipping,0.0,0.0,14.0,Cash,Bi-Weekly,,0.0,0.8500000000000001,0.8775510204081631,0.9999999999999999,0.8,0.9010204081632653,High Value
2802.0,64.0,Female,Shirt,Clothing,56.0,New Mexico,M,Indigo,Winter,2.6,No,Express,0.0,0.0,30.0,PayPal,Annually,1.0,0.0,0.375,0.02040816326530612,0.9999999999999999,0.4800000000000002,0.4311632653061224,Low Value
2803.0,22.0,Female,Coat,Outerwear,100.0,Hawaii,L,Red,Fall,3.1,No,Store Pickup,0.0,0.0,42.0,Credit Card,Fortnightly,26.0,0.0,0.75,0.5918367346938774,0.21568627450980393,0.11999999999999988,0.4634405762304922,Medium Value
2804.0,46.0,Female,T-shirt,Clothing,44.0,Idaho,M,Violet,Winter,3.3,No,Free Shipping,0.0,0.0,31.0,Bank Transfer,Monthly,12.0,0.0,0.3375,0.8163265306122448,0.0,0.40000000000000013,0.434030612244898,Low Value
2805.0,65.0,Female,Hoodie,Clothing,76.0,South Carolina,M,Cyan,Spring,2.8,No,Standard,0.0,0.0,48.0,Bank Transfer,Every 3 Months,,0.0,0.16250000000000003,0.6122448979591836,0.9999999999999999,0.20000000000000018,0.5973979591836733,Medium Value
2806.0,18.0,Female,Sunglasses,Accessories,97.0,Nevada,S,Black,Fall,4.3,No,Standard,0.0,0.0,48.0,Cash,Quarterly,4.0,0.0,1.0,0.9591836734693877,0.058823529411764705,0.72,0.6733205282112845,Medium Value
2807.0,45.0,Female,Blouse,Clothing,39.0,South Carolina,L,Purple,Spring,2.7,No,Standard,0.0,0.0,50.0,Credit Card,Annually,1.0,0.0,0.07500000000000001,0.8163265306122448,0.9999999999999999,0.44000000000000017,0.685530612244898,Medium Value
2808.0,56.0,Female,Hoodie,Clothing,100.0,Maryland,M,Charcoal,Spring,4.4,No,2-Day Shipping,0.0,0.0,10.0,Debit Card,Fortnightly,26.0,0.0,0.7375,0.836734693877551,0.0,0.7600000000000002,0.5581938775510205,Medium Value
2809.0,49.0,Female,Skirt,Clothing,62.0,Tennessee,M,Beige,Spring,3.9,No,Free Shipping,0.0,0.0,45.0,PayPal,Every 3 Months,,0.0,0.7125,0.7755102040816325,,0.6399999999999999,,Low Value
2810.0,66.0,Female,Shorts,Clothing,98.0,Arkansas,XL,Teal,Summer,3.0,No,Standard,0.0,0.0,27.0,Debit Card,Quarterly,4.0,0.0,0.2,0.28571428571428564,,0.11999999999999988,,Low Value
2811.0,27.0,Female,Jeans,Clothing,31.0,Arizona,M,Purple,Summer,4.0,No,Standard,0.0,0.0,10.0,Debit Card,Fortnightly,26.0,0.0,0.012500000000000011,0.04081632653061225,,0.11999999999999988,,Low Value
2812.0,69.0,Female,Jacket,Outerwear,89.0,Ohio,M,Blue,Fall,3.7,No,Store Pickup,0.0,0.0,19.0,Credit Card,Quarterly,4.0,0.0,0.65,0.5510204081632653,0.058823529411764705,0.9600000000000002,0.46405522208883554,Medium Value
2813.0,66.0,Female,Hoodie,Clothing,91.0,North Dakota,XL,Magenta,Fall,3.8,No,Store Pickup,0.0,0.0,1.0,Credit Card,Every 3 Months,,0.0,0.0625,0.5306122448979591,,0.6399999999999999,,Low Value
2814.0,45.0,Female,Shirt,Clothing,50.0,Vermont,S,Maroon,Summer,3.3,No,2-Day Shipping,0.0,0.0,39.0,Debit Card,Quarterly,4.0,0.0,0.7375,0.7142857142857142,0.0,0.20000000000000018,0.45321428571428574,Medium Value
2815.0,31.0,Female,T-shirt,Clothing,32.0,Minnesota,L,Gold,Winter,3.6,No,Standard,0.0,0.0,14.0,Bank Transfer,Monthly,12.0,0.0,0.6625000000000001,0.836734693877551,0.21568627450980393,0.20000000000000018,0.5518997599039617,Medium Value
2816.0,33.0,Female,Blouse,Clothing,67.0,Idaho,L,Black,Fall,3.9,No,Free Shipping,0.0,0.0,40.0,Venmo,Every 3 Months,,0.0,0.6375000000000001,0.5918367346938774,0.9999999999999999,0.20000000000000018,0.684234693877551,Medium Value
2817.0,43.0,Female,Skirt,Clothing,28.0,Maryland,M,Black,Spring,3.5,No,Free Shipping,0.0,0.0,45.0,Venmo,Weekly,52.0,0.0,0.3500000000000001,0.16326530612244897,0.9999999999999999,0.28000000000000025,0.46330612244897956,Medium Value
2818.0,25.0,Female,Backpack,Accessories,65.0,South Carolina,XL,Yellow,Winter,3.4,No,Standard,0.0,0.0,6.0,Venmo,Weekly,52.0,0.0,0.10000000000000003,0.4897959183673469,0.21568627450980393,0.08000000000000007,0.28862424969988,Low Value
2819.0,46.0,Female,Shorts,Clothing,73.0,California,M,Turquoise,Fall,4.7,No,Next Day Air,0.0,0.0,12.0,Debit Card,Annually,1.0,0.0,0.9375,0.6530612244897959,0.058823529411764705,0.52,0.5183715486194478,Medium Value
2820.0,67.0,Female,Shirt,Clothing,27.0,Georgia,L,Lavender,Spring,3.0,No,Free Shipping,0.0,0.0,19.0,Cash,Monthly,12.0,0.0,0.3500000000000001,0.6122448979591836,0.21568627450980393,0.40000000000000013,0.4196038415366147,Low Value
2821.0,26.0,Female,Backpack,Accessories,89.0,Vermont,L,Yellow,Summer,3.9,No,Free Shipping,0.0,0.0,5.0,Cash,Bi-Weekly,,0.0,0.9125000000000001,0.693877551020408,0.21568627450980393,0.52,0.5767569027611045,Medium Value
2822.0,35.0,Female,Shoes,Footwear,72.0,Georgia,L,Olive,Summer,4.5,No,Standard,0.0,0.0,37.0,Venmo,Monthly,12.0,0.0,0.8375000000000001,0.9183673469387754,0.21568627450980393,0.52,0.6515528211284514,Medium Value
2823.0,61.0,Female,Skirt,Clothing,37.0,New Jersey,S,Brown,Fall,4.1,No,Standard,0.0,0.0,33.0,PayPal,Quarterly,4.0,0.0,0.15000000000000002,0.5714285714285714,0.0,0.3600000000000001,0.2945714285714286,Low Value
2824.0,26.0,Female,Dress,Clothing,63.0,Utah,M,Olive,Summer,4.5,No,Standard,0.0,0.0,47.0,Debit Card,Bi-Weekly,,0.0,0.22500000000000003,0.9795918367346937,0.9999999999999999,0.15999999999999992,0.7528367346938775,High Value
2825.0,39.0,Female,Hat,Accessories,90.0,Utah,M,Purple,Fall,4.0,No,Free Shipping,0.0,0.0,49.0,Debit Card,Quarterly,4.0,0.0,0.42500000000000004,0.5306122448979591,0.21568627450980393,0.3600000000000001,0.3979507803121249,Low Value
2826.0,69.0,Female,Handbag,Accessories,62.0,North Carolina,M,Yellow,Winter,4.3,No,2-Day Shipping,0.0,0.0,28.0,Bank Transfer,Annually,1.0,0.0,0.6875,0.08163265306122448,,0.8800000000000001,,Low Value
2827.0,32.0,Female,Handbag,Accessories,43.0,Florida,L,Brown,Fall,3.6,No,Express,0.0,0.0,23.0,Venmo,Annually,1.0,0.0,0.45000000000000007,0.346938775510204,0.21568627450980393,0.56,0.3494813925570228,Low Value
2828.0,20.0,Female,Blouse,Clothing,96.0,Wisconsin,M,Magenta,Fall,3.1,No,Next Day Air,0.0,0.0,11.0,Bank Transfer,Bi-Weekly,,0.0,0.2875,0.6122448979591836,0.9999999999999999,0.44000000000000017,0.6463979591836734,Medium Value
2829.0,25.0,Female,Scarf,Accessories,83.0,Tennessee,L,Lavender,Fall,2.6,No,Standard,0.0,0.0,33.0,PayPal,Quarterly,4.0,0.0,0.9625000000000001,0.5306122448979591,0.49019607843137253,0.4800000000000002,0.5998037214885955,Medium Value
2830.0,56.0,Female,Jewelry,Accessories,67.0,Arizona,XL,Teal,Fall,3.4,No,Next Day Air,0.0,0.0,47.0,Cash,Weekly,52.0,0.0,0.6875,0.36734693877551017,0.0,0.2400000000000002,0.3084387755102041,Low Value
2831.0,63.0,Female,Skirt,Clothing,90.0,Oregon,L,Cyan,Spring,2.9,No,Store Pickup,0.0,0.0,13.0,Venmo,Every 3 Months,,0.0,0.4375,0.6530612244897959,0.49019607843137253,0.9600000000000002,0.5917833133253301,Medium Value
2832.0,34.0,Female,Hoodie,Clothing,53.0,Virginia,L,Pink,Winter,5.0,No,Express,0.0,0.0,4.0,Credit Card,Weekly,52.0,0.0,0.36250000000000004,0.836734693877551,,0.040000000000000036,,Low Value
2833.0,29.0,Female,Scarf,Accessories,37.0,Maryland,M,Magenta,Summer,4.6,No,Standard,0.0,0.0,40.0,PayPal,Quarterly,4.0,0.0,0.4750000000000001,0.3061224489795918,0.9999999999999999,0.6800000000000002,0.5854489795918367,Medium Value
2834.0,43.0,Female,Jeans,Clothing,56.0,Arkansas,M,Teal,Fall,3.3,No,Free Shipping,0.0,0.0,19.0,Cash,Monthly,12.0,0.0,0.17500000000000004,0.9795918367346937,,0.9199999999999999,,Low Value
2835.0,39.0,Female,Jacket,Outerwear,43.0,Texas,M,Indigo,Fall,2.9,No,2-Day Shipping,0.0,0.0,17.0,Credit Card,Weekly,52.0,0.0,0.2875,0.7959183673469387,,0.08000000000000007,,Low Value
2836.0,33.0,Female,T-shirt,Clothing,84.0,Vermont,S,Pink,Winter,4.9,No,Free Shipping,0.0,0.0,7.0,Venmo,Annually,1.0,0.0,0.3500000000000001,0.08163265306122448,0.0,0.040000000000000036,0.10665306122448981,Low Value
2837.0,51.0,Female,Pants,Clothing,50.0,Wyoming,M,Charcoal,Winter,5.0,No,2-Day Shipping,0.0,0.0,21.0,Cash,Bi-Weekly,,0.0,0.25,0.14285714285714285,0.21568627450980393,0.040000000000000036,0.17584873949579832,Low Value
2838.0,65.0,Female,Shoes,Footwear,88.0,Alabama,M,Brown,Summer,4.5,No,Express,0.0,0.0,44.0,PayPal,Weekly,52.0,0.0,0.11250000000000004,0.02040816326530612,0.0,0.2400000000000002,0.05466326530612248,Low Value
2839.0,51.0,Female,Jacket,Outerwear,50.0,Maine,M,Blue,Fall,3.7,No,Free Shipping,0.0,0.0,2.0,Bank Transfer,Weekly,52.0,0.0,0.7625,0.26530612244897955,0.9999999999999999,0.040000000000000036,0.5626224489795918,Medium Value
2840.0,70.0,Female,Scarf,Accessories,80.0,South Dakota,L,Teal,Summer,2.8,No,Store Pickup,0.0,0.0,30.0,Bank Transfer,Monthly,12.0,0.0,0.8,0.08163265306122448,0.49019607843137253,0.3600000000000001,0.3757118847539016,Low Value
2841.0,40.0,Female,T-shirt,Clothing,47.0,West Virginia,L,Pink,Spring,3.5,No,Store Pickup,0.0,0.0,41.0,Cash,Annually,1.0,0.0,0.32500000000000007,0.673469387755102,0.21568627450980393,0.44000000000000017,0.44309363745498204,Low Value
2842.0,19.0,Female,Dress,Clothing,33.0,Ohio,XL,Magenta,Winter,3.0,No,2-Day Shipping,0.0,0.0,31.0,Cash,Weekly,52.0,0.0,0.825,0.24489795918367344,0.0,0.72,0.3349591836734694,Low Value
2843.0,28.0,Female,Coat,Outerwear,100.0,Arizona,L,Green,Fall,4.3,No,Standard,0.0,0.0,48.0,Debit Card,Quarterly,4.0,0.0,0.4625,0.6122448979591836,0.0,0.9600000000000002,0.43339795918367346,Low Value
2844.0,51.0,Female,Sweater,Clothing,26.0,Ohio,M,White,Summer,3.6,No,Store Pickup,0.0,0.0,41.0,Venmo,Weekly,52.0,0.0,0.5125000000000001,0.8571428571428571,0.058823529411764705,0.9199999999999999,0.5550042016806723,Medium Value
2845.0,32.0,Female,Hat,Accessories,79.0,New Mexico,M,Indigo,Summer,4.4,No,Standard,0.0,0.0,42.0,Venmo,Annually,1.0,0.0,0.875,0.10204081632653061,0.0,0.6800000000000002,0.2838163265306123,Low Value
2846.0,26.0,Female,Backpack,Accessories,77.0,South Dakota,L,Lavender,Summer,4.1,No,Express,0.0,0.0,39.0,Debit Card,Every 3 Months,,0.0,0.38750000000000007,0.44897959183673464,,0.040000000000000036,,Low Value
2847.0,50.0,Female,Socks,Clothing,36.0,Oklahoma,XL,Black,Fall,2.8,No,Next Day Air,0.0,0.0,15.0,PayPal,Bi-Weekly,,0.0,0.3500000000000001,0.18367346938775508,0.9999999999999999,0.28000000000000025,0.471469387755102,Medium Value
2848.0,68.0,Female,Jewelry,Accessories,21.0,Connecticut,L,Charcoal,Winter,2.8,No,Free Shipping,0.0,0.0,3.0,PayPal,Every 3 Months,,0.0,0.375,0.9387755102040816,,0.3600000000000001,,Low Value
2849.0,33.0,Female,Boots,Footwear,72.0,Wisconsin,L,Gray,Fall,4.9,No,Store Pickup,0.0,0.0,28.0,Bank Transfer,Quarterly,4.0,0.0,0.7750000000000001,0.26530612244897955,,0.40000000000000013,,Low Value
2850.0,56.0,Female,Coat,Outerwear,25.0,New Hampshire,M,Gold,Spring,4.1,No,Express,0.0,0.0,27.0,PayPal,Bi-Weekly,,0.0,0.16250000000000003,0.5714285714285714,0.9999999999999999,0.6800000000000002,0.6290714285714285,Medium Value
2851.0,57.0,Female,Sweater,Clothing,79.0,Nebraska,M,Silver,Spring,3.0,No,Store Pickup,0.0,0.0,36.0,Debit Card,Annually,1.0,0.0,0.10000000000000003,0.22448979591836735,,0.11999999999999988,,Low Value
2852.0,58.0,Female,Blouse,Clothing,73.0,Nevada,L,Teal,Summer,3.0,No,Store Pickup,0.0,0.0,42.0,Debit Card,Monthly,12.0,0.0,0.275,0.4897959183673469,0.058823529411764705,1.0,0.36856542617046817,Low Value
2853.0,40.0,Female,Belt,Accessories,71.0,New York,M,Magenta,Spring,3.0,No,Store Pickup,0.0,0.0,30.0,Venmo,Weekly,52.0,0.0,0.2875,0.4081632653061224,0.0,0.32000000000000006,0.25276530612244896,Low Value
2854.0,37.0,Female,Hat,Accessories,48.0,Pennsylvania,M,Magenta,Winter,3.2,No,Next Day Air,0.0,0.0,9.0,PayPal,Weekly,52.0,0.0,0.4375,0.44897959183673464,0.21568627450980393,0.4800000000000002,0.3797977190876351,Low Value
2855.0,36.0,Female,Sandals,Footwear,28.0,Delaware,M,Beige,Fall,2.7,No,Store Pickup,0.0,0.0,25.0,Venmo,Monthly,12.0,0.0,0.6625000000000001,0.18367346938775508,0.21568627450980393,0.0,0.27067527010804326,Low Value
2856.0,29.0,Female,Boots,Footwear,95.0,Mississippi,S,Maroon,Winter,3.8,No,2-Day Shipping,0.0,0.0,33.0,PayPal,Quarterly,4.0,0.0,0.23750000000000004,0.9387755102040816,0.21568627450980393,0.28000000000000025,0.5157160864345739,Medium Value
2857.0,65.0,Female,Jacket,Outerwear,48.0,Iowa,M,Indigo,Winter,3.5,No,2-Day Shipping,0.0,0.0,31.0,Credit Card,Monthly,12.0,0.0,0.0,0.8775510204081631,,0.2400000000000002,,Low Value
2858.0,44.0,Female,Dress,Clothing,93.0,Utah,S,Maroon,Spring,3.8,No,Next Day Air,0.0,0.0,35.0,Debit Card,Monthly,12.0,0.0,0.15000000000000002,0.8163265306122448,0.0,0.40000000000000013,0.396530612244898,Low Value
2859.0,34.0,Female,Jeans,Clothing,87.0,Maryland,L,Teal,Summer,3.8,No,2-Day Shipping,0.0,0.0,46.0,Bank Transfer,Monthly,12.0,0.0,0.825,0.5714285714285714,0.21568627450980393,0.8399999999999999,0.5422773109243697,Medium Value
2860.0,31.0,Female,Shorts,Clothing,32.0,Utah,L,Yellow,Fall,3.4,No,Express,0.0,0.0,29.0,Bank Transfer,Annually,1.0,0.0,0.8875,0.02040816326530612,,0.32000000000000006,,Low Value
2861.0,28.0,Female,Shirt,Clothing,38.0,Rhode Island,M,Gold,Spring,2.9,No,Next Day Air,0.0,0.0,49.0,Bank Transfer,Weekly,52.0,0.0,0.48750000000000004,0.02040816326530612,0.49019607843137253,0.0,0.2527220888355342,Low Value
2862.0,66.0,Female,Coat,Outerwear,54.0,Maryland,M,Teal,Fall,3.4,No,Free Shipping,0.0,0.0,27.0,Credit Card,Monthly,12.0,0.0,0.16250000000000003,0.5714285714285714,0.0,0.8399999999999999,0.3450714285714286,Low Value
2863.0,68.0,Female,Coat,Outerwear,75.0,Hawaii,S,Violet,Summer,4.7,No,Store Pickup,0.0,0.0,5.0,Bank Transfer,Every 3 Months,,0.0,0.55,0.4285714285714285,0.49019607843137253,0.6800000000000002,0.49648739495798316,Medium Value
2864.0,37.0,Female,T-shirt,Clothing,56.0,Connecticut,M,Yellow,Fall,3.9,No,2-Day Shipping,0.0,0.0,18.0,Venmo,Monthly,12.0,0.0,0.5875,0.44897959183673464,,0.6000000000000001,,Low Value
2865.0,58.0,Female,Sweater,Clothing,43.0,Illinois,S,Maroon,Fall,3.6,No,Store Pickup,0.0,0.0,31.0,Venmo,Weekly,52.0,0.0,0.2875,0.9183673469387754,0.058823529411764705,0.040000000000000036,0.44649399759903957,Low Value
2866.0,28.0,Female,Skirt,Clothing,97.0,California,M,Silver,Fall,3.7,No,Free Shipping,0.0,0.0,27.0,Cash,Fortnightly,26.0,0.0,0.15000000000000002,0.36734693877551017,,0.8399999999999999,,Low Value
2867.0,54.0,Female,Blouse,Clothing,75.0,Connecticut,S,Violet,Summer,3.1,No,Free Shipping,0.0,0.0,19.0,Cash,Annually,1.0,0.0,0.23750000000000004,0.4693877551020408,,0.40000000000000013,,Low Value
2868.0,21.0,Female,Sneakers,Footwear,55.0,Colorado,L,White,Summer,4.9,No,Next Day Air,0.0,0.0,33.0,Cash,Fortnightly,26.0,0.0,0.26250000000000007,0.8571428571428571,0.21568627450980393,0.6000000000000001,0.5200630252100841,Medium Value
2869.0,45.0,Female,Backpack,Accessories,49.0,Colorado,M,Black,Winter,2.6,No,Next Day Air,0.0,0.0,42.0,PayPal,Every 3 Months,,0.0,0.4125000000000001,0.26530612244897955,0.49019607843137253,0.9199999999999999,0.42768127250900356,Low Value
2870.0,57.0,Female,Socks,Clothing,58.0,Georgia,M,White,Summer,4.2,No,Standard,0.0,0.0,16.0,Bank Transfer,Weekly,52.0,0.0,0.08750000000000002,0.12244897959183673,0.0,0.56,0.12247959183673471,Low Value
2871.0,47.0,Female,Jewelry,Accessories,34.0,North Dakota,M,Blue,Winter,4.8,No,Free Shipping,0.0,0.0,49.0,Debit Card,Every 3 Months,,0.0,0.7750000000000001,1.0,,0.4800000000000002,,Low Value
2872.0,46.0,Female,Shorts,Clothing,43.0,Idaho,S,Black,Summer,2.7,No,2-Day Shipping,0.0,0.0,40.0,Venmo,Bi-Weekly,,0.0,0.8375000000000001,0.28571428571428564,,0.2400000000000002,,Low Value
2873.0,63.0,Female,Jewelry,Accessories,48.0,Connecticut,L,Olive,Fall,2.6,No,Next Day Air,0.0,0.0,5.0,Cash,Annually,1.0,0.0,0.7250000000000001,0.7959183673469387,,0.20000000000000018,,Low Value
2874.0,44.0,Female,Sweater,Clothing,40.0,Montana,M,Teal,Spring,2.6,No,Free Shipping,0.0,0.0,8.0,Bank Transfer,Monthly,12.0,0.0,0.15000000000000002,0.8163265306122448,0.21568627450980393,0.15999999999999992,0.43723649459783914,Low Value
2875.0,36.0,Female,Shirt,Clothing,29.0,Colorado,L,Silver,Summer,3.1,No,Standard,0.0,0.0,2.0,Debit Card,Annually,1.0,0.0,0.22500000000000003,0.673469387755102,0.058823529411764705,0.15999999999999992,0.34803481392557023,Low Value
2876.0,24.0,Female,Pants,Clothing,81.0,Kentucky,M,Pink,Fall,2.6,No,Free Shipping,0.0,0.0,14.0,Debit Card,Weekly,52.0,0.0,0.21250000000000002,0.5306122448979591,,0.6000000000000001,,Low Value
2877.0,65.0,Female,Hoodie,Clothing,84.0,New Mexico,M,Charcoal,Spring,3.4,No,2-Day Shipping,0.0,0.0,5.0,Bank Transfer,Fortnightly,26.0,0.0,0.7875000000000001,0.22448979591836735,,0.40000000000000013,,Low Value
2878.0,32.0,Female,Socks,Clothing,46.0,New Jersey,M,Silver,Summer,3.6,No,Standard,0.0,0.0,34.0,Venmo,Monthly,12.0,0.0,0.65,0.0,,0.52,,Low Value
2879.0,63.0,Female,Dress,Clothing,86.0,California,L,Turquoise,Summer,4.3,No,Next Day Air,0.0,0.0,13.0,Bank Transfer,Annually,1.0,0.0,0.125,0.7755102040816325,,0.8,,Low Value
2880.0,62.0,Female,Blouse,Clothing,57.0,North Dakota,XL,Turquoise,Winter,4.9,No,Free Shipping,0.0,0.0,31.0,Venmo,Annually,1.0,0.0,0.5750000000000001,0.24489795918367344,,0.08000000000000007,,Low Value
2881.0,19.0,Female,Skirt,Clothing,61.0,Florida,L,Beige,Winter,4.8,No,Store Pickup,0.0,0.0,43.0,PayPal,Quarterly,4.0,0.0,0.3125,1.0,0.0,0.15999999999999992,0.47850000000000004,Medium Value
2882.0,38.0,Female,Backpack,Accessories,90.0,Texas,M,Cyan,Winter,4.2,No,Free Shipping,0.0,0.0,6.0,Bank Transfer,Annually,1.0,0.0,0.6625000000000001,0.7142857142857142,0.9999999999999999,0.9600000000000002,0.8142142857142858,High Value
2883.0,59.0,Female,Blouse,Clothing,51.0,Oklahoma,L,Gold,Winter,2.6,No,Store Pickup,0.0,0.0,23.0,Credit Card,Bi-Weekly,,0.0,0.5875,0.6122448979591836,0.21568627450980393,0.52,0.4791038415366146,Medium Value
2884.0,22.0,Female,Socks,Clothing,48.0,Rhode Island,XL,Silver,Spring,3.2,No,Standard,0.0,0.0,10.0,PayPal,Weekly,52.0,0.0,0.65,0.04081632653061225,,0.9600000000000002,,Low Value
2885.0,55.0,Female,Boots,Footwear,50.0,Arkansas,M,Purple,Summer,3.4,No,2-Day Shipping,0.0,0.0,47.0,Credit Card,Every 3 Months,,0.0,0.050000000000000044,0.2040816326530612,0.49019607843137253,0.8399999999999999,0.32269147659063624,Low Value
2886.0,29.0,Female,Backpack,Accessories,82.0,Nevada,M,Yellow,Summer,3.5,No,Next Day Air,0.0,0.0,14.0,Credit Card,Bi-Weekly,,0.0,0.6000000000000001,0.3061224489795918,0.058823529411764705,0.40000000000000013,0.3000960384153662,Low Value
2887.0,42.0,Female,Hat,Accessories,33.0,Utah,L,Blue,Spring,4.2,No,Free Shipping,0.0,0.0,29.0,PayPal,Weekly,52.0,0.0,0.625,0.22448979591836735,0.058823529411764705,0.6800000000000002,0.30044297719087637,Low Value
2888.0,23.0,Female,Sandals,Footwear,28.0,Kentucky,L,Blue,Winter,2.8,No,Express,0.0,0.0,12.0,Cash,Bi-Weekly,,0.0,0.55,0.7346938775510203,,0.4800000000000002,,Low Value
2889.0,70.0,Female,Hoodie,Clothing,42.0,Wisconsin,L,Green,Spring,5.0,No,2-Day Shipping,0.0,0.0,25.0,Debit Card,Quarterly,4.0,0.0,0.8875,0.8571428571428571,,0.11999999999999988,,Low Value
2890.0,64.0,Female,Sunglasses,Accessories,43.0,Minnesota,M,Charcoal,Fall,3.3,No,Store Pickup,0.0,0.0,21.0,Venmo,Annually,1.0,0.0,0.7750000000000001,0.16326530612244897,0.9999999999999999,0.9199999999999999,0.6123061224489795,Medium Value
2891.0,39.0,Female,Jeans,Clothing,55.0,North Dakota,M,Violet,Winter,3.7,No,Free Shipping,0.0,0.0,23.0,Credit Card,Monthly,12.0,0.0,0.050000000000000044,0.28571428571428564,,0.08000000000000007,,Low Value
2892.0,47.0,Female,T-shirt,Clothing,73.0,Ohio,XL,Black,Winter,2.5,No,Free Shipping,0.0,0.0,10.0,PayPal,Monthly,12.0,0.0,0.75,0.32653061224489793,0.9999999999999999,0.44000000000000017,0.6246122448979592,Medium Value
2893.0,22.0,Female,Dress,Clothing,39.0,Nevada,M,Teal,Spring,3.2,No,Standard,0.0,0.0,47.0,Credit Card,Monthly,12.0,0.0,0.4125000000000001,0.836734693877551,0.49019607843137253,0.8,0.6442527010804322,Medium Value
2894.0,69.0,Female,Belt,Accessories,20.0,Kentucky,S,Orange,Spring,3.1,No,Free Shipping,0.0,0.0,44.0,Debit Card,Every 3 Months,,0.0,0.375,0.26530612244897955,0.21568627450980393,0.6000000000000001,0.305828331332533,Low Value
2895.0,35.0,Female,Jewelry,Accessories,32.0,Kentucky,S,Brown,Spring,3.5,No,Standard,0.0,0.0,41.0,Venmo,Annually,1.0,0.0,0.1375,0.9795918367346937,,0.8,,Low Value
2896.0,56.0,Female,Hoodie,Clothing,86.0,Montana,L,Green,Summer,4.6,No,Standard,0.0,0.0,29.0,Bank Transfer,Monthly,12.0,0.0,0.8500000000000001,0.04081632653061225,0.058823529411764705,0.56,0.25997358943577437,Low Value
2897.0,30.0,Female,Blouse,Clothing,91.0,Delaware,M,Silver,Summer,3.3,No,Free Shipping,0.0,0.0,2.0,Venmo,Every 3 Months,,0.0,0.4,0.5510204081632653,0.21568627450980393,0.52,0.4171140456182473,Low Value
2898.0,43.0,Female,Jacket,Outerwear,59.0,Montana,L,Violet,Fall,2.5,No,Free Shipping,0.0,0.0,2.0,Cash,Fortnightly,26.0,0.0,0.025000000000000022,0.8163265306122448,0.058823529411764705,0.8800000000000001,0.43717767106842736,Low Value
2899.0,23.0,Female,Sneakers,Footwear,33.0,New Jersey,XL,Peach,Summer,4.6,No,Express,0.0,0.0,29.0,Credit Card,Annually,1.0,0.0,0.08750000000000002,0.2040816326530612,0.9999999999999999,0.8399999999999999,0.48313265306122444,Medium Value
2900.0,50.0,Female,Boots,Footwear,64.0,Nebraska,M,Gold,Spring,4.2,No,2-Day Shipping,0.0,0.0,22.0,Bank Transfer,Fortnightly,26.0,0.0,0.17500000000000004,0.9183673469387754,0.9999999999999999,0.44000000000000017,0.7463469387755102,Medium Value
2901.0,41.0,Female,Blouse,Clothing,67.0,Maryland,XL,Violet,Winter,4.0,No,Standard,0.0,0.0,23.0,Cash,Bi-Weekly,,0.0,0.23750000000000004,0.28571428571428564,0.9999999999999999,0.72,0.5337857142857142,Medium Value
2902.0,41.0,Female,Blouse,Clothing,43.0,Alabama,L,Olive,Winter,2.6,No,Free Shipping,0.0,0.0,46.0,Credit Card,Quarterly,4.0,0.0,0.4125000000000001,0.28571428571428564,0.21568627450980393,0.20000000000000018,0.2814915966386555,Low Value
2903.0,27.0,Female,Boots,Footwear,32.0,North Carolina,S,Orange,Spring,4.6,No,Standard,0.0,0.0,19.0,PayPal,Bi-Weekly,,0.0,0.32500000000000007,0.673469387755102,0.9999999999999999,0.72,0.7063877551020408,Medium Value
2904.0,38.0,Female,Scarf,Accessories,39.0,Delaware,S,Teal,Spring,3.5,No,2-Day Shipping,0.0,0.0,24.0,Credit Card,Every 3 Months,,0.0,0.8125,0.24489795918367344,0.21568627450980393,0.9199999999999999,0.41716506602641057,Low Value
2905.0,41.0,Female,Sandals,Footwear,41.0,Iowa,M,Gray,Spring,4.0,No,2-Day Shipping,0.0,0.0,43.0,Venmo,Monthly,12.0,0.0,0.825,0.5306122448979591,0.21568627450980393,0.4800000000000002,0.4899507803121249,Medium Value
2906.0,58.0,Female,Sunglasses,Accessories,53.0,New York,L,Black,Winter,4.8,No,Standard,0.0,0.0,14.0,Debit Card,Fortnightly,26.0,0.0,0.5375000000000001,0.7346938775510203,0.9999999999999999,0.040000000000000036,0.7053775510204081,Medium Value
2907.0,58.0,Female,Coat,Outerwear,27.0,Virginia,M,Indigo,Spring,3.9,No,Standard,0.0,0.0,7.0,Venmo,Annually,1.0,0.0,0.30000000000000004,0.7346938775510203,0.21568627450980393,0.3600000000000001,0.45458343337334933,Medium Value
2908.0,19.0,Female,Sunglasses,Accessories,82.0,Maryland,XL,Lavender,Summer,3.7,No,Next Day Air,0.0,0.0,50.0,PayPal,Bi-Weekly,,0.0,0.9375,0.061224489795918366,,0.56,,Low Value
2909.0,43.0,Female,Blouse,Clothing,87.0,Texas,M,Beige,Winter,3.1,No,Store Pickup,0.0,0.0,15.0,Debit Card,Every 3 Months,,0.0,0.36250000000000004,0.0,,0.9199999999999999,,Low Value
2910.0,27.0,Female,Backpack,Accessories,78.0,Louisiana,M,Indigo,Winter,3.0,No,Next Day Air,0.0,0.0,40.0,Credit Card,Every 3 Months,,0.0,0.7125,0.5714285714285714,0.058823529411764705,0.11999999999999988,0.40071848739495797,Low Value
2911.0,32.0,Female,Belt,Accessories,32.0,Mississippi,M,Blue,Summer,2.9,No,Store Pickup,0.0,0.0,41.0,Credit Card,Monthly,12.0,0.0,0.5375000000000001,1.0,0.0,0.7600000000000002,0.5835000000000001,Medium Value
2912.0,28.0,Female,Socks,Clothing,38.0,Ohio,XL,Orange,Fall,2.9,No,Next Day Air,0.0,0.0,34.0,Venmo,Quarterly,4.0,0.0,0.7875000000000001,0.7551020408163265,,0.2400000000000002,,Low Value
2913.0,48.0,Female,Shoes,Footwear,37.0,Oregon,M,Yellow,Winter,4.0,No,Standard,0.0,0.0,27.0,Cash,Bi-Weekly,,0.0,0.9125000000000001,0.28571428571428564,0.0,0.52,0.3487857142857143,Low Value
2914.0,43.0,Female,Coat,Outerwear,83.0,Wyoming,L,Cyan,Winter,3.5,No,Express,0.0,0.0,12.0,Cash,Every 3 Months,,0.0,0.8875,0.8775510204081631,,0.6399999999999999,,Low Value
2915.0,45.0,Female,Sweater,Clothing,72.0,Pennsylvania,M,Yellow,Fall,3.8,No,Express,0.0,0.0,1.0,Debit Card,Bi-Weekly,,0.0,0.9875,0.26530612244897955,0.9999999999999999,0.8399999999999999,0.6876224489795918,Medium Value
2916.0,26.0,Female,Shirt,Clothing,30.0,Oregon,M,Cyan,Fall,4.5,No,Express,0.0,0.0,39.0,Debit Card,Bi-Weekly,,0.0,0.050000000000000044,0.08163265306122448,0.21568627450980393,0.9600000000000002,0.203358943577431,Low Value
2917.0,62.0,Female,Shorts,Clothing,66.0,Oklahoma,M,Green,Winter,2.7,No,Express,0.0,0.0,13.0,Credit Card,Bi-Weekly,,0.0,0.7750000000000001,0.2040816326530612,0.0,0.9199999999999999,0.32863265306122447,Low Value
2918.0,58.0,Female,Shirt,Clothing,45.0,Colorado,XL,White,Winter,2.9,No,Store Pickup,0.0,0.0,50.0,Venmo,Annually,1.0,0.0,0.10000000000000003,0.28571428571428564,0.0,0.56,0.19028571428571428,Low Value
2919.0,19.0,Female,Sunglasses,Accessories,73.0,New York,S,Black,Fall,4.9,No,Free Shipping,0.0,0.0,36.0,Cash,Weekly,52.0,0.0,0.5875,0.9183673469387754,0.0,0.040000000000000036,0.48884693877551016,Medium Value
2920.0,64.0,Female,Shoes,Footwear,67.0,Minnesota,L,Charcoal,Winter,3.8,No,Standard,0.0,0.0,31.0,Debit Card,Monthly,12.0,0.0,0.8500000000000001,0.5918367346938774,0.21568627450980393,0.4800000000000002,0.5194405762304922,Medium Value
2921.0,33.0,Female,Sunglasses,Accessories,72.0,Texas,XL,Brown,Spring,4.9,No,Free Shipping,0.0,0.0,3.0,Debit Card,Bi-Weekly,,0.0,0.625,0.02040816326530612,0.0,0.8800000000000001,0.22116326530612246,Low Value
2922.0,20.0,Female,Handbag,Accessories,24.0,Wisconsin,M,Cyan,Fall,4.6,No,Standard,0.0,0.0,11.0,Cash,Fortnightly,26.0,0.0,1.0,0.5510204081632653,0.21568627450980393,0.8,0.5651140456182473,Medium Value
2923.0,45.0,Female,Sunglasses,Accessories,68.0,Kentucky,L,Beige,Winter,3.5,No,Express,0.0,0.0,16.0,PayPal,Quarterly,4.0,0.0,0.10000000000000003,0.16326530612244897,0.058823529411764705,0.8800000000000001,0.19095318127250904,Low Value
2924.0,28.0,Female,Shirt,Clothing,70.0,Pennsylvania,M,Magenta,Spring,4.2,No,2-Day Shipping,0.0,0.0,12.0,Cash,Quarterly,4.0,0.0,0.3500000000000001,0.9387755102040816,0.9999999999999999,0.44000000000000017,0.7895102040816326,High Value
2925.0,47.0,Female,Shirt,Clothing,64.0,Rhode Island,L,Indigo,Winter,3.7,No,Free Shipping,0.0,0.0,37.0,Debit Card,Every 3 Months,,0.0,0.2875,0.4081632653061224,,0.11999999999999988,,Low Value
2926.0,54.0,Female,Sweater,Clothing,91.0,Illinois,M,Maroon,Spring,2.8,No,Store Pickup,0.0,0.0,43.0,Credit Card,Every 3 Months,,0.0,0.25,0.836734693877551,,0.6000000000000001,,Low Value
2927.0,64.0,Female,Handbag,Accessories,82.0,Maryland,M,Gray,Winter,4.8,No,2-Day Shipping,0.0,0.0,9.0,Cash,Weekly,52.0,0.0,0.9625000000000001,0.5510204081632653,0.9999999999999999,0.44000000000000017,0.7569081632653061,High Value
2928.0,45.0,Female,Shirt,Clothing,24.0,Missouri,M,Black,Summer,2.7,No,Express,0.0,0.0,15.0,Venmo,Bi-Weekly,,0.0,0.0625,0.24489795918367344,0.49019607843137253,0.52,0.30951800720288114,Low Value
2929.0,40.0,Female,Jewelry,Accessories,80.0,Alabama,L,Yellow,Spring,3.6,No,Store Pickup,0.0,0.0,17.0,Credit Card,Weekly,52.0,0.0,0.3125,0.4897959183673469,0.49019607843137253,0.7600000000000002,0.48147719087635055,Medium Value
2930.0,31.0,Female,Socks,Clothing,53.0,Maine,XL,White,Winter,4.5,No,Next Day Air,0.0,0.0,42.0,Venmo,Fortnightly,26.0,0.0,0.36250000000000004,0.7551020408163265,,0.11999999999999988,,Low Value
2931.0,38.0,Female,T-shirt,Clothing,50.0,Mississippi,M,Orange,Spring,4.0,No,Free Shipping,0.0,0.0,14.0,Venmo,Monthly,12.0,0.0,0.2,0.7959183673469387,0.0,0.3600000000000001,0.3943673469387755,Low Value
2932.0,36.0,Female,Jewelry,Accessories,31.0,Alabama,M,Magenta,Fall,4.5,No,2-Day Shipping,0.0,0.0,49.0,Credit Card,Bi-Weekly,,0.0,0.3500000000000001,0.4897959183673469,,0.9600000000000002,,Low Value
2933.0,65.0,Female,Backpack,Accessories,88.0,Alaska,L,Black,Spring,3.9,No,Express,0.0,0.0,3.0,PayPal,Quarterly,4.0,0.0,0.525,0.38775510204081626,,0.72,,Low Value
2934.0,27.0,Female,Hat,Accessories,52.0,Illinois,M,Brown,Summer,3.8,No,Standard,0.0,0.0,28.0,Venmo,Monthly,12.0,0.0,0.675,0.8775510204081631,,0.3600000000000001,,Low Value
2935.0,38.0,Female,Gloves,Accessories,22.0,Idaho,M,Orange,Fall,4.7,No,Next Day Air,0.0,0.0,41.0,Bank Transfer,Quarterly,4.0,0.0,1.0,0.16326530612244897,,0.56,,Low Value
2936.0,58.0,Female,Sneakers,Footwear,27.0,North Carolina,XL,Gray,Spring,4.6,No,Standard,0.0,0.0,11.0,Venmo,Weekly,52.0,0.0,0.23750000000000004,0.2040816326530612,,0.6800000000000002,,Low Value
2937.0,31.0,Female,Skirt,Clothing,34.0,Washington,M,White,Spring,3.6,No,Express,0.0,0.0,46.0,PayPal,Weekly,52.0,0.0,0.5625,0.04081632653061225,0.49019607843137253,0.08000000000000007,0.28388535414165667,Low Value
2938.0,28.0,Female,Handbag,Accessories,39.0,West Virginia,M,White,Spring,4.3,No,2-Day Shipping,0.0,0.0,15.0,Credit Card,Weekly,52.0,0.0,0.9875,0.673469387755102,0.9999999999999999,0.6399999999999999,0.8308877551020407,High Value
2939.0,28.0,Female,Sunglasses,Accessories,53.0,Maine,M,Violet,Fall,3.0,No,Standard,0.0,0.0,15.0,Cash,Monthly,12.0,0.0,0.6000000000000001,0.9591836734693877,,0.8,,Low Value
2940.0,32.0,Female,Sweater,Clothing,46.0,Kentucky,M,Beige,Winter,4.3,No,Express,0.0,0.0,34.0,Venmo,Weekly,52.0,0.0,0.9625000000000001,0.5510204081632653,0.49019607843137253,0.11999999999999988,0.5719669867947179,Medium Value
2941.0,61.0,Female,Handbag,Accessories,85.0,Massachusetts,L,Beige,Summer,4.8,No,Next Day Air,0.0,0.0,13.0,Cash,Monthly,12.0,0.0,0.3375,0.38775510204081626,0.0,0.3600000000000001,0.25860204081632654,Low Value
2942.0,38.0,Female,Skirt,Clothing,86.0,Pennsylvania,L,Purple,Spring,3.7,No,Free Shipping,0.0,0.0,27.0,PayPal,Monthly,12.0,0.0,0.45000000000000007,0.9795918367346937,0.49019607843137253,0.56,0.6848955582232894,Medium Value
2943.0,54.0,Female,Socks,Clothing,63.0,Hawaii,M,Brown,Summer,2.6,No,Free Shipping,0.0,0.0,37.0,Bank Transfer,Weekly,52.0,0.0,0.8875,0.26530612244897955,0.9999999999999999,0.040000000000000036,0.5876224489795918,Medium Value
2944.0,29.0,Female,Shirt,Clothing,44.0,Virginia,M,Orange,Spring,3.4,No,Standard,0.0,0.0,37.0,Credit Card,Monthly,12.0,0.0,0.9125000000000001,0.16326530612244897,0.21568627450980393,0.7600000000000002,0.3885120048019208,Low Value
2945.0,50.0,Female,Sneakers,Footwear,95.0,New York,XL,Cyan,Summer,3.9,No,Free Shipping,0.0,0.0,4.0,Venmo,Every 3 Months,,0.0,0.2,0.7346938775510203,0.0,0.9600000000000002,0.4298775510204082,Low Value
2946.0,32.0,Female,Belt,Accessories,49.0,Delaware,M,Charcoal,Summer,4.8,No,Free Shipping,0.0,0.0,1.0,Credit Card,Every 3 Months,,0.0,0.3125,0.061224489795918366,0.9999999999999999,0.44000000000000017,0.43098979591836734,Low Value
2947.0,38.0,Female,Pants,Clothing,77.0,Hawaii,L,Purple,Spring,2.8,No,Free Shipping,0.0,0.0,29.0,Bank Transfer,Quarterly,4.0,0.0,0.30000000000000004,0.0,0.058823529411764705,0.11999999999999988,0.08964705882352941,Low Value
2948.0,52.0,Female,Jewelry,Accessories,63.0,Nebraska,L,Peach,Spring,4.4,No,Standard,0.0,0.0,50.0,Venmo,Annually,1.0,0.0,0.15000000000000002,0.7142857142857142,,0.72,,Low Value
2949.0,61.0,Female,Pants,Clothing,83.0,Vermont,M,Violet,Winter,3.1,No,Standard,0.0,0.0,38.0,Debit Card,Bi-Weekly,,0.0,0.2,0.4081632653061224,,0.20000000000000018,,Low Value
2950.0,25.0,Female,Jewelry,Accessories,93.0,Iowa,M,Peach,Spring,3.8,No,Store Pickup,0.0,0.0,15.0,PayPal,Annually,1.0,0.0,0.8125,0.3061224489795918,0.21568627450980393,0.32000000000000006,0.38165486194477793,Low Value
2951.0,22.0,Female,Jeans,Clothing,91.0,Iowa,S,Maroon,Winter,4.1,No,2-Day Shipping,0.0,0.0,44.0,Debit Card,Every 3 Months,,0.0,0.2,0.836734693877551,0.21568627450980393,0.0,0.43939975990396163,Low Value
2952.0,47.0,Female,Scarf,Accessories,99.0,Arkansas,L,Maroon,Fall,4.6,No,Free Shipping,0.0,0.0,14.0,Cash,Weekly,52.0,0.0,0.4375,0.6122448979591836,0.21568627450980393,1.0,0.4971038415366147,Medium Value
2953.0,50.0,Female,Belt,Accessories,24.0,Alabama,M,Peach,Spring,4.9,No,Next Day Air,0.0,0.0,5.0,Debit Card,Monthly,12.0,0.0,0.0,0.10204081632653061,0.9999999999999999,0.72,0.4128163265306122,Low Value
2954.0,45.0,Female,Dress,Clothing,82.0,Maryland,M,Silver,Summer,4.8,No,Next Day Air,0.0,0.0,11.0,Credit Card,Annually,1.0,0.0,0.8875,0.4693877551020408,0.21568627450980393,0.6800000000000002,0.4979609843937575,Medium Value
2955.0,33.0,Female,T-shirt,Clothing,28.0,South Dakota,M,Indigo,Winter,3.9,No,Express,0.0,0.0,15.0,Credit Card,Annually,1.0,0.0,0.6375000000000001,0.12244897959183673,,0.56,,Low Value
2956.0,42.0,Female,Boots,Footwear,67.0,Vermont,M,Silver,Winter,2.6,No,Free Shipping,0.0,0.0,46.0,Credit Card,Annually,1.0,0.0,0.55,0.4897959183673469,0.9999999999999999,0.56,0.6619183673469388,Medium Value
2957.0,52.0,Female,Dress,Clothing,88.0,Montana,M,Olive,Fall,3.7,No,Standard,0.0,0.0,30.0,Venmo,Monthly,12.0,0.0,0.012500000000000011,0.346938775510204,,0.6800000000000002,,Low Value
2958.0,69.0,Female,Jewelry,Accessories,70.0,South Dakota,S,Gray,Fall,4.7,No,Standard,0.0,0.0,2.0,Cash,Annually,1.0,0.0,1.0,0.26530612244897955,0.058823529411764705,0.40000000000000013,0.3637695078031213,Low Value
2959.0,55.0,Female,Skirt,Clothing,100.0,Ohio,M,Black,Summer,4.5,No,Standard,0.0,0.0,28.0,PayPal,Monthly,12.0,0.0,0.9500000000000002,0.836734693877551,,0.0,,Low Value
2960.0,38.0,Female,Handbag,Accessories,28.0,Texas,L,Maroon,Summer,4.7,No,Free Shipping,0.0,0.0,9.0,PayPal,Quarterly,4.0,0.0,0.8875,0.10204081632653061,,0.15999999999999992,,Low Value
2961.0,57.0,Female,Coat,Outerwear,48.0,Indiana,S,Olive,Spring,3.6,No,Standard,0.0,0.0,47.0,Credit Card,Weekly,52.0,0.0,0.25,0.26530612244897955,,0.08000000000000007,,Low Value
2962.0,33.0,Female,Hoodie,Clothing,43.0,New Hampshire,S,Gold,Fall,2.8,No,Free Shipping,0.0,0.0,21.0,Debit Card,Bi-Weekly,,0.0,0.4125000000000001,0.5918367346938774,0.058823529411764705,0.8800000000000001,0.4248817527010804,Low Value
2963.0,57.0,Female,Pants,Clothing,40.0,California,L,Pink,Fall,4.0,No,Express,0.0,0.0,42.0,Credit Card,Every 3 Months,,0.0,0.3500000000000001,0.18367346938775508,0.21568627450980393,0.52,0.2601752701080432,Low Value
2964.0,52.0,Female,Boots,Footwear,97.0,Maine,M,Brown,Spring,3.6,No,Free Shipping,0.0,0.0,28.0,Credit Card,Weekly,52.0,0.0,0.625,0.12244897959183673,0.9999999999999999,0.4800000000000002,0.5219795918367347,Medium Value
2965.0,44.0,Female,Coat,Outerwear,25.0,Ohio,S,White,Fall,3.8,No,2-Day Shipping,0.0,0.0,13.0,Venmo,Fortnightly,26.0,0.0,0.11250000000000004,0.5510204081632653,0.058823529411764705,0.8800000000000001,0.34855522208883555,Low Value
2966.0,48.0,Female,Scarf,Accessories,45.0,Delaware,M,Blue,Summer,4.4,No,Standard,0.0,0.0,25.0,PayPal,Fortnightly,26.0,0.0,0.11250000000000004,0.36734693877551017,0.058823529411764705,0.44000000000000017,0.2310858343337335,Low Value
2967.0,52.0,Female,Boots,Footwear,49.0,Oklahoma,L,Orange,Fall,2.8,No,Store Pickup,0.0,0.0,38.0,Debit Card,Every 3 Months,,0.0,0.4125000000000001,0.24489795918367344,,0.11999999999999988,,Low Value
2968.0,34.0,Female,Sneakers,Footwear,36.0,Indiana,L,Silver,Summer,3.4,No,Free Shipping,0.0,0.0,40.0,Venmo,Annually,1.0,0.0,0.7375,0.44897959183673464,0.49019607843137253,0.4800000000000002,0.5221506602641056,Medium Value
2969.0,26.0,Female,Sweater,Clothing,48.0,South Carolina,S,Gray,Fall,4.9,No,Express,0.0,0.0,25.0,Cash,Every 3 Months,,0.0,0.5625,0.08163265306122448,0.9999999999999999,0.40000000000000013,0.48515306122448976,Medium Value
2970.0,36.0,Female,Belt,Accessories,62.0,Vermont,S,Blue,Fall,4.3,No,Next Day Air,0.0,0.0,20.0,Cash,Every 3 Months,,0.0,0.9875,0.32653061224489793,,0.4800000000000002,,Low Value
2971.0,24.0,Female,Jewelry,Accessories,74.0,Kansas,M,White,Winter,3.4,No,Free Shipping,0.0,0.0,44.0,Credit Card,Bi-Weekly,,0.0,0.5,0.6122448979591836,0.9999999999999999,0.20000000000000018,0.6648979591836733,Medium Value
2972.0,30.0,Female,Handbag,Accessories,100.0,Utah,L,Yellow,Fall,3.9,No,Next Day Air,0.0,0.0,9.0,PayPal,Every 3 Months,,0.0,0.825,0.36734693877551017,0.9999999999999999,0.9600000000000002,0.707938775510204,Medium Value
2973.0,31.0,Female,Jacket,Outerwear,39.0,New York,S,Indigo,Fall,4.2,No,Free Shipping,0.0,0.0,11.0,Venmo,Every 3 Months,,0.0,0.6625000000000001,0.14285714285714285,0.49019607843137253,0.8399999999999999,0.4207016806722689,Low Value
2974.0,25.0,Female,Boots,Footwear,65.0,Indiana,M,Blue,Summer,2.7,No,Store Pickup,0.0,0.0,3.0,Bank Transfer,Fortnightly,26.0,0.0,0.3125,0.28571428571428564,0.0,0.32000000000000006,0.20878571428571427,Low Value
2975.0,57.0,Female,Sneakers,Footwear,99.0,Tennessee,XL,Peach,Summer,4.1,No,Store Pickup,0.0,0.0,34.0,Credit Card,Weekly,52.0,0.0,0.625,0.346938775510204,,0.20000000000000018,,Low Value
2976.0,61.0,Female,Scarf,Accessories,68.0,Georgia,XL,Lavender,Winter,4.5,No,2-Day Shipping,0.0,0.0,48.0,Cash,Every 3 Months,,0.0,0.5625,0.3061224489795918,0.0,0.40000000000000013,0.27494897959183673,Low Value
2977.0,30.0,Female,Coat,Outerwear,97.0,Nebraska,M,Silver,Summer,2.8,No,Express,0.0,0.0,28.0,Cash,Fortnightly,26.0,0.0,0.4375,0.24489795918367344,0.21568627450980393,0.6800000000000002,0.3181650660264106,Low Value
2978.0,38.0,Female,Shorts,Clothing,47.0,Washington,L,Gold,Winter,3.4,No,Standard,0.0,0.0,20.0,Venmo,Annually,1.0,0.0,0.5625,0.7551020408163265,,0.8,,Low Value
2979.0,53.0,Female,Shorts,Clothing,56.0,Idaho,S,Cyan,Spring,3.9,No,Free Shipping,0.0,0.0,49.0,Bank Transfer,Fortnightly,26.0,0.0,0.012500000000000011,0.5306122448979591,,0.11999999999999988,,Low Value
2980.0,31.0,Female,Jeans,Clothing,91.0,Louisiana,L,Olive,Fall,2.6,No,Next Day Air,0.0,0.0,14.0,PayPal,Weekly,52.0,0.0,0.07500000000000001,0.6122448979591836,0.058823529411764705,0.9600000000000002,0.3735450180072029,Low Value
2981.0,70.0,Female,Gloves,Accessories,93.0,New Jersey,L,Teal,Fall,4.4,No,2-Day Shipping,0.0,0.0,9.0,Bank Transfer,Monthly,12.0,0.0,0.6375000000000001,0.4693877551020408,,0.32000000000000006,,Low Value
2982.0,21.0,Female,Pants,Clothing,36.0,Delaware,L,Pink,Winter,4.9,No,Standard,0.0,0.0,37.0,Venmo,Annually,1.0,0.0,0.26250000000000007,0.4081632653061224,,0.20000000000000018,,Low Value
2983.0,33.0,Female,Dress,Clothing,45.0,Wisconsin,M,Orange,Summer,3.6,No,Store Pickup,0.0,0.0,4.0,Credit Card,Weekly,52.0,0.0,0.30000000000000004,0.28571428571428564,0.0,0.56,0.23028571428571426,Low Value
2984.0,60.0,Female,Pants,Clothing,44.0,West Virginia,M,Charcoal,Winter,2.8,No,2-Day Shipping,0.0,0.0,1.0,Credit Card,Quarterly,4.0,0.0,0.7625,0.9591836734693877,,0.11999999999999988,,Low Value
2985.0,45.0,Female,Gloves,Accessories,32.0,Texas,L,Red,Spring,4.3,No,2-Day Shipping,0.0,0.0,36.0,Debit Card,Bi-Weekly,,0.0,0.7125,0.9387755102040816,0.058823529411764705,0.8,0.6156572629051622,Medium Value
2986.0,46.0,Female,Belt,Accessories,36.0,Hawaii,S,Teal,Summer,3.0,No,Express,0.0,0.0,21.0,Cash,Bi-Weekly,,0.0,0.07500000000000001,0.44897959183673464,0.9999999999999999,0.6000000000000001,0.5545918367346938,Medium Value
2987.0,62.0,Female,Belt,Accessories,85.0,Arizona,S,Silver,Summer,3.3,No,2-Day Shipping,0.0,0.0,16.0,Credit Card,Monthly,12.0,0.0,0.1375,0.061224489795918366,0.058823529411764705,0.15999999999999992,0.08563685474189675,Low Value
2988.0,63.0,Female,Skirt,Clothing,36.0,Louisiana,L,Black,Winter,2.5,No,Store Pickup,0.0,0.0,42.0,Cash,Monthly,12.0,0.0,0.7750000000000001,0.9387755102040816,,0.6000000000000001,,Low Value
2989.0,69.0,Female,Socks,Clothing,55.0,Nevada,S,Pink,Spring,5.0,No,2-Day Shipping,0.0,0.0,31.0,Debit Card,Monthly,12.0,0.0,0.5,0.12244897959183673,0.21568627450980393,0.3600000000000001,0.24968547418967588,Low Value
2990.0,46.0,Female,Belt,Accessories,20.0,Rhode Island,XL,Teal,Summer,4.3,No,2-Day Shipping,0.0,0.0,6.0,Credit Card,Weekly,52.0,0.0,0.625,0.10204081632653061,0.0,0.0,0.16581632653061223,Low Value
2991.0,69.0,Female,Shirt,Clothing,91.0,Illinois,M,Teal,Fall,4.2,No,Free Shipping,0.0,0.0,24.0,Venmo,Monthly,12.0,0.0,0.07500000000000001,0.9387755102040816,0.058823529411764705,0.11999999999999988,0.4201572629051621,Low Value
2992.0,66.0,Female,Dress,Clothing,71.0,Utah,L,Green,Summer,3.9,No,Standard,0.0,0.0,7.0,PayPal,Bi-Weekly,,0.0,1.0,0.12244897959183673,,0.20000000000000018,,Low Value
2993.0,41.0,Female,Socks,Clothing,64.0,North Dakota,M,Charcoal,Spring,3.9,No,Store Pickup,0.0,0.0,25.0,Venmo,Weekly,52.0,0.0,0.7750000000000001,0.0,0.058823529411764705,0.2400000000000002,0.19664705882352945,Low Value
2994.0,32.0,Female,Jacket,Outerwear,21.0,Kansas,L,Indigo,Spring,4.2,No,Free Shipping,0.0,0.0,18.0,Cash,Bi-Weekly,,0.0,0.050000000000000044,0.44897959183673464,0.9999999999999999,0.040000000000000036,0.4935918367346938,Medium Value
2995.0,69.0,Female,Sweater,Clothing,100.0,Nevada,S,White,Winter,3.5,No,Store Pickup,0.0,0.0,14.0,Bank Transfer,Quarterly,4.0,0.0,0.675,0.5918367346938774,0.21568627450980393,0.9600000000000002,0.5324405762304922,Medium Value
2996.0,29.0,Female,Jeans,Clothing,96.0,Virginia,M,Orange,Summer,2.5,No,Standard,0.0,0.0,42.0,Debit Card,Bi-Weekly,,0.0,0.4750000000000001,0.4693877551020408,0.058823529411764705,0.40000000000000013,0.3404021608643458,Low Value
2997.0,70.0,Female,Jewelry,Accessories,91.0,Utah,M,White,Spring,2.9,No,Express,0.0,0.0,6.0,Venmo,Every 3 Months,,0.0,0.45000000000000007,0.16326530612244897,0.9999999999999999,0.040000000000000036,0.45930612244897956,Medium Value
2998.0,41.0,Female,Sweater,Clothing,40.0,Idaho,S,Yellow,Spring,2.7,No,Next Day Air,0.0,0.0,14.0,Venmo,Every 3 Months,,0.0,0.21250000000000002,0.4897959183673469,0.058823529411764705,0.40000000000000013,0.29606542617046827,Low Value
2999.0,31.0,Female,Hoodie,Clothing,53.0,Alaska,M,Red,Summer,4.7,No,Express,0.0,0.0,30.0,Debit Card,Quarterly,4.0,0.0,0.55,0.346938775510204,,0.8,,Low Value
3000.0,31.0,Female,Sunglasses,Accessories,48.0,New Hampshire,S,Charcoal,Winter,3.8,No,Standard,0.0,0.0,10.0,Cash,Monthly,12.0,0.0,0.4750000000000001,0.12244897959183673,0.49019607843137253,0.72,0.3630384153661465,Low Value
3001.0,57.0,Female,Sandals,Footwear,70.0,Ohio,M,Lavender,Winter,3.7,No,Express,0.0,0.0,7.0,PayPal,Weekly,52.0,0.0,0.30000000000000004,0.02040816326530612,0.0,0.9199999999999999,0.16016326530612246,Low Value
3002.0,29.0,Female,Coat,Outerwear,29.0,Montana,L,Charcoal,Summer,4.7,No,Express,0.0,0.0,28.0,Credit Card,Quarterly,4.0,0.0,0.23750000000000004,0.7142857142857142,0.0,0.6800000000000002,0.4012142857142857,Low Value
3003.0,70.0,Female,Belt,Accessories,29.0,Louisiana,M,Maroon,Fall,3.6,No,Next Day Air,0.0,0.0,19.0,Bank Transfer,Quarterly,4.0,0.0,0.3500000000000001,0.6122448979591836,,0.28000000000000025,,Low Value
3004.0,51.0,Female,Blouse,Clothing,53.0,Oregon,M,Brown,Fall,2.8,No,Express,0.0,0.0,13.0,Credit Card,Every 3 Months,,0.0,0.15000000000000002,0.18367346938775508,0.49019607843137253,0.6399999999999999,0.3145282112845138,Low Value
3005.0,45.0,Female,Skirt,Clothing,79.0,Arizona,M,Lavender,Winter,3.7,No,Store Pickup,0.0,0.0,23.0,Venmo,Fortnightly,26.0,0.0,0.7375,0.5306122448979591,0.21568627450980393,0.6000000000000001,0.48445078031212485,Medium Value
3006.0,18.0,Female,Shorts,Clothing,65.0,Alaska,XL,Brown,Spring,3.5,No,Express,0.0,0.0,5.0,Venmo,Weekly,52.0,0.0,0.08750000000000002,0.26530612244897955,,0.15999999999999992,,Low Value
3007.0,37.0,Female,Dress,Clothing,99.0,Utah,M,Olive,Summer,3.7,No,Store Pickup,0.0,0.0,17.0,Venmo,Bi-Weekly,,0.0,0.9750000000000001,0.32653061224489793,0.21568627450980393,0.040000000000000036,0.39431812725090043,Low Value
3008.0,23.0,Female,Sunglasses,Accessories,60.0,New York,L,Lavender,Winter,3.0,No,Next Day Air,0.0,0.0,31.0,Venmo,Weekly,52.0,0.0,0.5875,0.18367346938775508,0.058823529411764705,0.08000000000000007,0.21661644657863144,Low Value
3009.0,39.0,Female,Shoes,Footwear,86.0,New Mexico,M,Gold,Winter,4.9,No,Free Shipping,0.0,0.0,19.0,PayPal,Weekly,52.0,0.0,0.21250000000000002,0.061224489795918366,,0.8399999999999999,,Low Value
3010.0,62.0,Female,Belt,Accessories,73.0,Louisiana,M,Silver,Winter,4.6,No,Free Shipping,0.0,0.0,8.0,Venmo,Fortnightly,26.0,0.0,0.36250000000000004,0.4897959183673469,,0.28000000000000025,,Low Value
3011.0,70.0,Female,Belt,Accessories,45.0,Ohio,M,Violet,Winter,3.3,No,Free Shipping,0.0,0.0,15.0,Credit Card,Annually,1.0,0.0,0.675,0.04081632653061225,,0.6399999999999999,,Low Value
3012.0,20.0,Female,Belt,Accessories,70.0,Nevada,S,Brown,Summer,3.0,No,Next Day Air,0.0,0.0,18.0,Credit Card,Every 3 Months,,0.0,0.9125000000000001,0.9387755102040816,0.49019607843137253,0.56,0.7610690276110444,High Value
3013.0,42.0,Female,Belt,Accessories,65.0,Idaho,M,Teal,Fall,3.5,No,Standard,0.0,0.0,16.0,PayPal,Annually,1.0,0.0,0.5,0.8163265306122448,,0.20000000000000018,,Low Value
3014.0,41.0,Female,Skirt,Clothing,55.0,Arizona,L,Peach,Summer,4.2,No,Store Pickup,0.0,0.0,13.0,Cash,Monthly,12.0,0.0,0.7000000000000001,0.5510204081632653,,0.44000000000000017,,Low Value
3015.0,24.0,Female,T-shirt,Clothing,65.0,Utah,M,Maroon,Spring,4.5,No,Express,0.0,0.0,38.0,PayPal,Every 3 Months,,0.0,0.55,0.9795918367346937,,0.8399999999999999,,Low Value
3016.0,37.0,Female,Scarf,Accessories,21.0,Wyoming,XL,Lavender,Spring,2.8,No,Express,0.0,0.0,27.0,Bank Transfer,Bi-Weekly,,0.0,0.22500000000000003,0.12244897959183673,0.49019607843137253,0.8,0.32103841536614647,Low Value
3017.0,30.0,Female,Blouse,Clothing,26.0,Indiana,L,Lavender,Summer,4.9,No,Store Pickup,0.0,0.0,31.0,Bank Transfer,Quarterly,4.0,0.0,0.8875,0.4285714285714285,0.21568627450980393,0.28000000000000025,0.4416344537815126,Low Value
3018.0,58.0,Female,Sunglasses,Accessories,71.0,Wisconsin,S,Purple,Summer,3.3,No,Next Day Air,0.0,0.0,24.0,Cash,Bi-Weekly,,0.0,0.625,0.673469387755102,0.21568627450980393,0.9600000000000002,0.555093637454982,Medium Value
3019.0,43.0,Female,Boots,Footwear,41.0,Texas,M,Green,Summer,3.0,No,Free Shipping,0.0,0.0,21.0,Debit Card,Bi-Weekly,,0.0,0.025000000000000022,0.08163265306122448,,1.0,,Low Value
3020.0,19.0,Female,Jacket,Outerwear,44.0,Utah,M,Yellow,Winter,3.9,No,2-Day Shipping,0.0,0.0,15.0,PayPal,Annually,1.0,0.0,0.48750000000000004,0.28571428571428564,,0.52,,Low Value
3021.0,23.0,Female,Jeans,Clothing,81.0,Arkansas,S,Charcoal,Fall,2.8,No,Store Pickup,0.0,0.0,48.0,Venmo,Every 3 Months,,0.0,0.025000000000000022,0.510204081632653,0.9999999999999999,0.3600000000000001,0.5450816326530612,Medium Value
3022.0,65.0,Female,Sunglasses,Accessories,77.0,Pennsylvania,S,Blue,Summer,4.5,No,2-Day Shipping,0.0,0.0,47.0,Cash,Quarterly,4.0,0.0,0.675,0.04081632653061225,0.49019607843137253,0.52,0.35038535414165667,Low Value
3023.0,58.0,Female,Sandals,Footwear,26.0,Georgia,M,Lavender,Fall,4.0,No,Free Shipping,0.0,0.0,23.0,PayPal,Weekly,52.0,0.0,0.6375000000000001,0.836734693877551,0.058823529411764705,0.28000000000000025,0.5078409363745499,Medium Value
3024.0,50.0,Female,Backpack,Accessories,31.0,Indiana,M,Brown,Summer,2.9,No,Express,0.0,0.0,4.0,PayPal,Quarterly,4.0,0.0,0.75,0.0,0.21568627450980393,0.8800000000000001,0.3027058823529412,Low Value
3025.0,67.0,Female,Blouse,Clothing,82.0,Idaho,S,White,Spring,4.0,No,Free Shipping,0.0,0.0,47.0,Credit Card,Every 3 Months,,0.0,0.48750000000000004,0.38775510204081626,,0.8,,Low Value
3026.0,40.0,Female,Shoes,Footwear,60.0,Montana,XL,Green,Summer,3.4,No,Store Pickup,0.0,0.0,7.0,PayPal,Monthly,12.0,0.0,0.9500000000000002,0.7755102040816325,0.21568627450980393,0.32000000000000006,0.5969099639855943,Medium Value
3027.0,55.0,Female,Shirt,Clothing,70.0,Tennessee,L,Magenta,Fall,2.5,No,Free Shipping,0.0,0.0,6.0,Credit Card,Annually,1.0,0.0,0.2875,0.4693877551020408,0.49019607843137253,0.56,0.44831392557022803,Low Value
3028.0,52.0,Female,Hoodie,Clothing,26.0,West Virginia,XL,Peach,Winter,2.8,No,2-Day Shipping,0.0,0.0,47.0,Credit Card,Quarterly,4.0,0.0,0.7000000000000001,0.9795918367346937,0.058823529411764705,0.44000000000000017,0.593483793517407,Medium Value
3029.0,62.0,Female,Dress,Clothing,100.0,California,L,Charcoal,Summer,3.0,No,Free Shipping,0.0,0.0,7.0,PayPal,Every 3 Months,,0.0,0.48750000000000004,0.12244897959183673,,0.11999999999999988,,Low Value
3030.0,64.0,Female,Dress,Clothing,82.0,Georgia,M,Gold,Summer,3.1,No,Free Shipping,0.0,0.0,1.0,Debit Card,Quarterly,4.0,0.0,0.3500000000000001,0.24489795918367344,,0.72,,Low Value
3031.0,43.0,Female,Sneakers,Footwear,24.0,Maryland,XL,Purple,Spring,2.6,No,2-Day Shipping,0.0,0.0,23.0,Credit Card,Weekly,52.0,0.0,0.025000000000000022,0.02040816326530612,0.9999999999999999,0.40000000000000013,0.3531632653061224,Low Value
3032.0,61.0,Female,Blouse,Clothing,74.0,Idaho,L,Teal,Summer,4.9,No,2-Day Shipping,0.0,0.0,30.0,Credit Card,Monthly,12.0,0.0,0.25,0.061224489795918366,0.9999999999999999,0.6800000000000002,0.4424897959183673,Low Value
3033.0,26.0,Female,Backpack,Accessories,58.0,California,XL,Green,Summer,3.5,No,Next Day Air,0.0,0.0,24.0,Credit Card,Quarterly,4.0,0.0,0.6625000000000001,0.32653061224489793,0.058823529411764705,0.8399999999999999,0.36475930372148857,Low Value
3034.0,22.0,Female,Sweater,Clothing,56.0,Alabama,L,Orange,Spring,2.6,No,Store Pickup,0.0,0.0,9.0,PayPal,Weekly,52.0,0.0,0.07500000000000001,0.8571428571428571,,0.040000000000000036,,Low Value
3035.0,51.0,Female,Boots,Footwear,37.0,Utah,L,Peach,Spring,3.5,No,2-Day Shipping,0.0,0.0,25.0,Credit Card,Quarterly,4.0,0.0,0.26250000000000007,0.10204081632653061,0.21568627450980393,0.3600000000000001,0.19402220888355345,Low Value
3036.0,69.0,Female,Handbag,Accessories,64.0,Kentucky,M,Gold,Spring,4.5,No,Free Shipping,0.0,0.0,18.0,Cash,Bi-Weekly,,0.0,0.9750000000000001,0.9183673469387754,0.058823529411764705,0.2400000000000002,0.6039939975990396,Medium Value
3037.0,50.0,Female,Hoodie,Clothing,58.0,Vermont,S,Violet,Spring,4.3,No,Next Day Air,0.0,0.0,7.0,Venmo,Fortnightly,26.0,0.0,0.5375000000000001,0.12244897959183673,,0.44000000000000017,,Low Value
3038.0,51.0,Female,Belt,Accessories,44.0,Iowa,L,Charcoal,Summer,4.8,No,Next Day Air,0.0,0.0,2.0,Cash,Annually,1.0,0.0,0.4375,0.673469387755102,0.49019607843137253,0.6800000000000002,0.5719465786314526,Medium Value
3039.0,56.0,Female,Jewelry,Accessories,39.0,Georgia,M,Brown,Summer,4.2,No,Free Shipping,0.0,0.0,36.0,Debit Card,Annually,1.0,0.0,0.875,0.4081632653061224,,0.44000000000000017,,Low Value
3040.0,59.0,Female,Blouse,Clothing,48.0,Alabama,L,Blue,Spring,3.2,No,Next Day Air,0.0,0.0,31.0,PayPal,Bi-Weekly,,0.0,0.32500000000000007,0.24489795918367344,,0.44000000000000017,,Low Value
3041.0,18.0,Female,Handbag,Accessories,32.0,Nebraska,M,Gold,Fall,4.1,No,Express,0.0,0.0,10.0,Cash,Fortnightly,26.0,0.0,0.8500000000000001,0.6530612244897959,,0.20000000000000018,,Low Value
3042.0,48.0,Female,Handbag,Accessories,79.0,Rhode Island,M,Orange,Winter,4.0,No,Express,0.0,0.0,27.0,PayPal,Monthly,12.0,0.0,0.9375,0.4693877551020408,,0.0,,Low Value
3043.0,53.0,Female,Coat,Outerwear,27.0,South Dakota,L,Turquoise,Winter,2.9,No,Next Day Air,0.0,0.0,14.0,PayPal,Every 3 Months,,0.0,0.1375,0.061224489795918366,0.0,0.6000000000000001,0.11198979591836736,Low Value
3044.0,45.0,Female,Belt,Accessories,98.0,Illinois,S,Peach,Fall,2.6,No,Store Pickup,0.0,0.0,17.0,Credit Card,Monthly,12.0,0.0,0.275,0.08163265306122448,,0.6399999999999999,,Low Value
3045.0,21.0,Female,Boots,Footwear,67.0,North Carolina,M,Magenta,Winter,2.7,No,Free Shipping,0.0,0.0,10.0,Bank Transfer,Quarterly,4.0,0.0,0.30000000000000004,0.2040816326530612,0.9999999999999999,0.9600000000000002,0.5376326530612244,Medium Value
3046.0,42.0,Female,Socks,Clothing,37.0,Florida,L,Black,Winter,4.6,No,2-Day Shipping,0.0,0.0,4.0,PayPal,Bi-Weekly,,0.0,0.9875,0.38775510204081626,0.0,0.6000000000000001,0.4126020408163265,Low Value
3047.0,60.0,Female,Shoes,Footwear,49.0,Pennsylvania,M,White,Spring,3.2,No,Store Pickup,0.0,0.0,25.0,Cash,Every 3 Months,,0.0,0.0,0.5510204081632653,0.058823529411764705,0.40000000000000013,0.27805522208883554,Low Value
3048.0,21.0,Female,Sneakers,Footwear,74.0,Vermont,M,Violet,Fall,4.1,No,2-Day Shipping,0.0,0.0,3.0,PayPal,Bi-Weekly,,0.0,0.21250000000000002,0.8571428571428571,0.21568627450980393,0.28000000000000025,0.47806302521008404,Medium Value
3049.0,69.0,Female,Jewelry,Accessories,93.0,Colorado,M,Olive,Summer,3.9,No,Standard,0.0,0.0,47.0,Venmo,Fortnightly,26.0,0.0,0.375,0.18367346938775508,,0.11999999999999988,,Low Value
3050.0,40.0,Female,Handbag,Accessories,60.0,Utah,L,Red,Summer,3.0,No,Next Day Air,0.0,0.0,41.0,Bank Transfer,Bi-Weekly,,0.0,0.6625000000000001,0.510204081632653,,0.40000000000000013,,Low Value
3051.0,31.0,Female,Coat,Outerwear,76.0,Kentucky,S,Green,Spring,3.6,No,Standard,0.0,0.0,28.0,Venmo,Every 3 Months,,0.0,0.8,0.5714285714285714,0.21568627450980393,0.2400000000000002,0.4772773109243698,Medium Value
3052.0,44.0,Female,Sunglasses,Accessories,64.0,Wyoming,L,Gold,Summer,4.6,No,Express,0.0,0.0,49.0,Debit Card,Every 3 Months,,0.0,0.55,0.693877551020408,0.058823529411764705,0.32000000000000006,0.4371980792316926,Low Value
3053.0,48.0,Female,Shoes,Footwear,38.0,Maine,XL,Olive,Spring,4.5,No,Store Pickup,0.0,0.0,7.0,Bank Transfer,Fortnightly,26.0,0.0,0.012500000000000011,0.44897959183673464,,0.8399999999999999,,Low Value
3054.0,32.0,Female,Shoes,Footwear,91.0,Maine,L,Brown,Winter,3.2,No,Next Day Air,0.0,0.0,22.0,Bank Transfer,Monthly,12.0,0.0,0.2,0.28571428571428564,0.058823529411764705,0.9600000000000002,0.2679327731092437,Low Value
3055.0,42.0,Female,Boots,Footwear,70.0,New Hampshire,S,Magenta,Summer,4.9,No,2-Day Shipping,0.0,0.0,34.0,Venmo,Monthly,12.0,0.0,0.7625,0.9183673469387754,0.0,0.3600000000000001,0.5558469387755102,Medium Value
3056.0,27.0,Female,Sandals,Footwear,22.0,Kansas,M,Violet,Fall,5.0,No,Standard,0.0,0.0,5.0,Debit Card,Bi-Weekly,,0.0,0.42500000000000004,0.26530612244897955,,0.40000000000000013,,Low Value
3057.0,69.0,Female,Gloves,Accessories,59.0,New Jersey,M,Beige,Spring,3.8,No,Standard,0.0,0.0,15.0,Cash,Bi-Weekly,,0.0,0.5375000000000001,0.32653061224489793,,0.9199999999999999,,Low Value
3058.0,67.0,Female,Backpack,Accessories,22.0,North Carolina,M,Blue,Spring,3.4,No,Next Day Air,0.0,0.0,26.0,Bank Transfer,Weekly,52.0,0.0,0.48750000000000004,0.16326530612244897,0.9999999999999999,0.08000000000000007,0.47080612244897957,Medium Value
3059.0,41.0,Female,Handbag,Accessories,74.0,West Virginia,S,Orange,Winter,3.8,No,Store Pickup,0.0,0.0,3.0,Bank Transfer,Fortnightly,26.0,0.0,0.4125000000000001,0.24489795918367344,0.49019607843137253,0.3600000000000001,0.3635180072028812,Low Value
3060.0,46.0,Female,Sweater,Clothing,71.0,Kentucky,L,Maroon,Spring,3.2,No,Express,0.0,0.0,42.0,Credit Card,Quarterly,4.0,0.0,0.5375000000000001,0.38775510204081626,0.21568627450980393,0.40000000000000013,0.36730792316926775,Low Value
3061.0,47.0,Female,Coat,Outerwear,80.0,California,S,Charcoal,Summer,4.7,No,Store Pickup,0.0,0.0,1.0,Venmo,Monthly,12.0,0.0,0.16250000000000003,0.7755102040816325,0.058823529411764705,0.4800000000000002,0.4083511404561825,Low Value
3062.0,33.0,Female,T-shirt,Clothing,59.0,South Dakota,L,Olive,Fall,4.5,No,Express,0.0,0.0,20.0,PayPal,Every 3 Months,,0.0,0.55,1.0,0.058823529411764705,0.32000000000000006,0.5596470588235295,Medium Value
3063.0,51.0,Female,Backpack,Accessories,96.0,California,L,Green,Fall,3.3,No,Standard,0.0,0.0,39.0,PayPal,Monthly,12.0,0.0,0.9750000000000001,0.4081632653061224,,0.15999999999999992,,Low Value
3064.0,26.0,Female,Sunglasses,Accessories,43.0,Connecticut,L,Brown,Winter,3.9,No,Store Pickup,0.0,0.0,24.0,Credit Card,Fortnightly,26.0,0.0,0.8125,0.04081632653061225,0.9999999999999999,0.56,0.5348265306122448,Medium Value
3065.0,22.0,Female,Belt,Accessories,76.0,Idaho,S,Cyan,Winter,3.6,No,Express,0.0,0.0,49.0,Bank Transfer,Quarterly,4.0,0.0,0.7750000000000001,0.16326530612244897,0.49019607843137253,0.08000000000000007,0.3753649459783914,Low Value
3066.0,49.0,Female,Jacket,Outerwear,59.0,North Dakota,M,Beige,Fall,2.8,No,Store Pickup,0.0,0.0,7.0,Venmo,Bi-Weekly,,0.0,0.8125,0.5714285714285714,,0.72,,Low Value
3067.0,58.0,Female,Skirt,Clothing,48.0,Michigan,L,Teal,Summer,4.3,No,Free Shipping,0.0,0.0,13.0,Venmo,Every 3 Months,,0.0,0.21250000000000002,0.836734693877551,0.9999999999999999,0.20000000000000018,0.6971938775510204,Medium Value
3068.0,70.0,Female,Belt,Accessories,22.0,Missouri,S,Gray,Spring,3.5,No,Free Shipping,0.0,0.0,2.0,Cash,Weekly,52.0,0.0,0.45000000000000007,0.8163265306122448,0.49019607843137253,1.0,0.6635894357743096,Medium Value
3069.0,32.0,Female,Boots,Footwear,40.0,California,M,Indigo,Winter,4.2,No,Express,0.0,0.0,4.0,Debit Card,Weekly,52.0,0.0,0.16250000000000003,0.32653061224489793,0.21568627450980393,0.08000000000000007,0.23581812725090037,Low Value
3070.0,62.0,Female,Jeans,Clothing,73.0,Delaware,L,Magenta,Spring,4.6,No,Express,0.0,0.0,17.0,Debit Card,Quarterly,4.0,0.0,0.4625,0.38775510204081626,0.0,0.8800000000000001,0.33560204081632655,Low Value
3071.0,52.0,Female,Shoes,Footwear,26.0,Alabama,XL,Red,Fall,2.6,No,Free Shipping,0.0,0.0,43.0,PayPal,Bi-Weekly,,0.0,0.1375,0.346938775510204,,0.8399999999999999,,Low Value
3072.0,23.0,Female,Sweater,Clothing,41.0,New Hampshire,L,Turquoise,Spring,3.4,No,Next Day Air,0.0,0.0,6.0,PayPal,Monthly,12.0,0.0,0.6125,0.12244897959183673,0.21568627450980393,0.28000000000000025,0.2641854741896759,Low Value
3073.0,26.0,Female,Jewelry,Accessories,98.0,New York,L,Peach,Spring,3.1,No,Standard,0.0,0.0,46.0,PayPal,Quarterly,4.0,0.0,0.9000000000000001,0.9387755102040816,0.49019607843137253,0.72,0.7745690276110444,High Value
3074.0,58.0,Female,Shirt,Clothing,63.0,Oregon,L,White,Winter,3.6,No,Free Shipping,0.0,0.0,7.0,Debit Card,Bi-Weekly,,0.0,0.32500000000000007,0.02040816326530612,,0.8399999999999999,,Low Value
3075.0,26.0,Female,Boots,Footwear,55.0,Massachusetts,L,Maroon,Winter,4.2,No,Next Day Air,0.0,0.0,34.0,Debit Card,Fortnightly,26.0,0.0,0.7625,0.4897959183673469,0.058823529411764705,0.9600000000000002,0.46206542617046825,Medium Value
3076.0,54.0,Female,Shorts,Clothing,90.0,Utah,XL,Beige,Winter,3.6,No,Standard,0.0,0.0,21.0,PayPal,Every 3 Months,,0.0,0.9625000000000001,0.510204081632653,0.0,0.52,0.4485816326530612,Low Value
3077.0,66.0,Female,Handbag,Accessories,46.0,New Hampshire,M,Blue,Summer,3.6,No,Express,0.0,0.0,13.0,Venmo,Bi-Weekly,,0.0,0.9125000000000001,0.02040816326530612,0.9999999999999999,0.040000000000000036,0.49466326530612237,Medium Value
3078.0,60.0,Female,Sweater,Clothing,88.0,Illinois,S,Red,Spring,3.0,No,Store Pickup,0.0,0.0,33.0,Debit Card,Bi-Weekly,,0.0,0.45000000000000007,0.8979591836734693,,0.8800000000000001,,Low Value
3079.0,32.0,Female,Belt,Accessories,95.0,Alaska,M,Blue,Spring,2.5,No,2-Day Shipping,0.0,0.0,24.0,Bank Transfer,Bi-Weekly,,0.0,0.4125000000000001,0.16326530612244897,,0.6399999999999999,,Low Value
3080.0,48.0,Female,Belt,Accessories,31.0,Wyoming,M,Maroon,Fall,4.0,No,Store Pickup,0.0,0.0,4.0,Bank Transfer,Annually,1.0,0.0,0.5750000000000001,0.0,0.9999999999999999,0.4800000000000002,0.46299999999999997,Medium Value
3081.0,69.0,Female,Hoodie,Clothing,42.0,Colorado,L,Yellow,Spring,4.1,No,Next Day Air,0.0,0.0,5.0,Cash,Bi-Weekly,,0.0,0.375,0.061224489795918366,,0.20000000000000018,,Low Value
3082.0,64.0,Female,Sneakers,Footwear,44.0,Vermont,L,Pink,Winter,4.9,No,Next Day Air,0.0,0.0,11.0,Credit Card,Weekly,52.0,0.0,0.9625000000000001,0.6122448979591836,0.058823529411764705,0.8800000000000001,0.5430450180072028,Medium Value
3083.0,56.0,Female,T-shirt,Clothing,99.0,Utah,M,Maroon,Spring,4.0,No,Next Day Air,0.0,0.0,20.0,Bank Transfer,Annually,1.0,0.0,0.7375,0.4081632653061224,,0.8800000000000001,,Low Value
3084.0,22.0,Female,Pants,Clothing,20.0,Illinois,S,Purple,Summer,3.5,No,Store Pickup,0.0,0.0,28.0,PayPal,Quarterly,4.0,0.0,0.7000000000000001,0.6326530612244897,0.49019607843137253,0.6000000000000001,0.6001200480192077,Medium Value
3085.0,46.0,Female,Scarf,Accessories,37.0,Idaho,S,Indigo,Spring,3.2,No,Store Pickup,0.0,0.0,43.0,PayPal,Monthly,12.0,0.0,0.22500000000000003,0.3061224489795918,0.9999999999999999,0.040000000000000036,0.4714489795918366,Medium Value
3086.0,24.0,Female,Sweater,Clothing,50.0,Nevada,L,Gray,Winter,2.8,No,Store Pickup,0.0,0.0,10.0,Venmo,Every 3 Months,,0.0,0.3125,0.673469387755102,0.49019607843137253,0.20000000000000018,0.4989465786314526,Medium Value
3087.0,47.0,Female,Handbag,Accessories,73.0,Utah,M,Lavender,Summer,3.5,No,Next Day Air,0.0,0.0,26.0,Venmo,Every 3 Months,,0.0,0.7125,0.7959183673469387,,0.32000000000000006,,Low Value
3088.0,62.0,Female,Shirt,Clothing,84.0,North Carolina,M,Charcoal,Spring,3.1,No,Free Shipping,0.0,0.0,29.0,Bank Transfer,Monthly,12.0,0.0,0.38750000000000007,0.061224489795918366,,0.3600000000000001,,Low Value
3089.0,34.0,Female,Dress,Clothing,64.0,Arkansas,M,Teal,Spring,3.3,No,Store Pickup,0.0,0.0,35.0,Bank Transfer,Quarterly,4.0,0.0,0.07500000000000001,0.04081632653061225,0.058823529411764705,0.6000000000000001,0.10897358943577433,Low Value
3090.0,50.0,Female,Sandals,Footwear,21.0,North Carolina,L,Blue,Fall,4.6,No,Free Shipping,0.0,0.0,23.0,Cash,Bi-Weekly,,0.0,0.7000000000000001,0.5510204081632653,,0.040000000000000036,,Low Value
3091.0,29.0,Female,Shirt,Clothing,36.0,Texas,M,Peach,Summer,4.9,No,Store Pickup,0.0,0.0,15.0,Bank Transfer,Quarterly,4.0,0.0,0.925,0.8571428571428571,,0.3600000000000001,,Low Value
3092.0,68.0,Female,Dress,Clothing,81.0,Nevada,L,Orange,Winter,3.4,No,2-Day Shipping,0.0,0.0,46.0,Credit Card,Annually,1.0,0.0,0.15000000000000002,0.38775510204081626,0.0,0.7600000000000002,0.26110204081632654,Low Value
3093.0,52.0,Female,Sunglasses,Accessories,54.0,Utah,L,Silver,Fall,3.5,No,Next Day Air,0.0,0.0,14.0,Bank Transfer,Bi-Weekly,,0.0,0.0,0.7959183673469387,,0.8800000000000001,,Low Value
3094.0,29.0,Female,Socks,Clothing,63.0,Pennsylvania,L,Red,Summer,4.8,No,Store Pickup,0.0,0.0,17.0,Cash,Every 3 Months,,0.0,0.0,0.673469387755102,,0.8,,Low Value
3095.0,22.0,Female,Sandals,Footwear,59.0,Georgia,M,Gray,Summer,2.7,No,Store Pickup,0.0,0.0,9.0,Cash,Weekly,52.0,0.0,0.48750000000000004,0.2040816326530612,,0.15999999999999992,,Low Value
3096.0,62.0,Female,Hat,Accessories,53.0,Minnesota,S,Beige,Fall,3.4,No,Standard,0.0,0.0,13.0,Venmo,Fortnightly,26.0,0.0,0.9625000000000001,0.510204081632653,0.058823529411764705,0.6800000000000002,0.48222869147659064,Medium Value
3097.0,69.0,Female,Shirt,Clothing,63.0,Kansas,L,White,Winter,3.5,No,Next Day Air,0.0,0.0,20.0,Bank Transfer,Monthly,12.0,0.0,0.6000000000000001,0.5714285714285714,,0.6399999999999999,,Low Value
3098.0,48.0,Female,Shoes,Footwear,33.0,Delaware,M,Silver,Fall,3.7,No,Free Shipping,0.0,0.0,39.0,Bank Transfer,Quarterly,4.0,0.0,0.5750000000000001,0.9387755102040816,0.9999999999999999,0.7600000000000002,0.8665102040816326,High Value
3099.0,66.0,Female,Pants,Clothing,64.0,New Mexico,L,Cyan,Summer,3.3,No,Next Day Air,0.0,0.0,50.0,Bank Transfer,Quarterly,4.0,0.0,0.8125,0.9591836734693877,0.49019607843137253,0.8800000000000001,0.7812322929171669,High Value
3100.0,42.0,Female,Shirt,Clothing,98.0,Michigan,S,Maroon,Fall,2.9,No,Free Shipping,0.0,0.0,21.0,Bank Transfer,Bi-Weekly,,0.0,0.15000000000000002,0.5714285714285714,,0.2400000000000002,,Low Value
3101.0,50.0,Female,Hat,Accessories,85.0,Vermont,L,Purple,Winter,3.9,No,Express,0.0,0.0,3.0,Bank Transfer,Weekly,52.0,0.0,0.30000000000000004,0.26530612244897955,0.21568627450980393,0.08000000000000007,0.238828331332533,Low Value
3102.0,32.0,Female,Jewelry,Accessories,82.0,Idaho,S,Brown,Summer,2.7,No,Express,0.0,0.0,9.0,PayPal,Fortnightly,26.0,0.0,0.9375,0.7959183673469387,,0.8399999999999999,,Low Value
3103.0,51.0,Female,Jacket,Outerwear,85.0,South Dakota,M,Green,Summer,4.3,No,Standard,0.0,0.0,29.0,Cash,Bi-Weekly,,0.0,0.8125,0.061224489795918366,0.9999999999999999,0.7600000000000002,0.5629897959183674,Medium Value
3104.0,27.0,Female,Shirt,Clothing,37.0,Illinois,S,Peach,Winter,3.0,No,2-Day Shipping,0.0,0.0,42.0,Bank Transfer,Weekly,52.0,0.0,0.30000000000000004,0.7346938775510203,0.9999999999999999,0.8399999999999999,0.7378775510204081,Medium Value
3105.0,43.0,Female,Pants,Clothing,56.0,Georgia,S,Turquoise,Summer,5.0,No,2-Day Shipping,0.0,0.0,41.0,Debit Card,Fortnightly,26.0,0.0,0.125,0.9387755102040816,,0.9600000000000002,,Low Value
3106.0,48.0,Female,Skirt,Clothing,33.0,Oregon,M,Olive,Fall,2.7,No,Express,0.0,0.0,17.0,Debit Card,Monthly,12.0,0.0,0.012500000000000011,0.0,0.058823529411764705,0.6000000000000001,0.08014705882352943,Low Value
3107.0,62.0,Female,Sandals,Footwear,57.0,Alabama,M,Yellow,Winter,4.7,No,Next Day Air,0.0,0.0,20.0,PayPal,Annually,1.0,0.0,0.025000000000000022,0.510204081632653,0.058823529411764705,0.15999999999999992,0.2427286914765906,Low Value
3108.0,65.0,Female,Blouse,Clothing,31.0,Hawaii,L,Gray,Winter,4.6,No,Standard,0.0,0.0,18.0,Credit Card,Bi-Weekly,,0.0,0.625,0.22448979591836735,0.058823529411764705,0.040000000000000036,0.23644297719087637,Low Value
3109.0,50.0,Female,Socks,Clothing,69.0,Oregon,M,Purple,Fall,3.2,No,2-Day Shipping,0.0,0.0,7.0,PayPal,Monthly,12.0,0.0,0.11250000000000004,0.3061224489795918,0.49019607843137253,0.8399999999999999,0.3760078031212485,Low Value
3110.0,60.0,Female,Jacket,Outerwear,92.0,Illinois,M,Gray,Winter,4.3,No,Free Shipping,0.0,0.0,47.0,Bank Transfer,Fortnightly,26.0,0.0,0.7875000000000001,0.36734693877551017,0.0,0.9600000000000002,0.4004387755102041,Low Value
3111.0,19.0,Female,Handbag,Accessories,46.0,Texas,L,Lavender,Fall,4.6,No,Next Day Air,0.0,0.0,2.0,Bank Transfer,Bi-Weekly,,0.0,0.9875,0.4081632653061224,0.9999999999999999,0.72,0.7327653061224488,Medium Value
3112.0,21.0,Female,Belt,Accessories,81.0,Kansas,XL,Indigo,Spring,4.9,No,Free Shipping,0.0,0.0,25.0,Debit Card,Quarterly,4.0,0.0,0.1875,0.28571428571428564,0.9999999999999999,0.72,0.5237857142857142,Medium Value
3113.0,19.0,Female,Blouse,Clothing,97.0,Texas,S,Green,Fall,3.8,No,Express,0.0,0.0,26.0,Venmo,Annually,1.0,0.0,0.25,0.16326530612244897,0.0,0.8399999999999999,0.19930612244897958,Low Value
3114.0,46.0,Female,Shirt,Clothing,93.0,Nebraska,L,Green,Summer,2.6,No,Express,0.0,0.0,2.0,Debit Card,Weekly,52.0,0.0,0.0625,0.12244897959183673,,0.040000000000000036,,Low Value
3115.0,21.0,Female,Handbag,Accessories,56.0,Arkansas,M,Olive,Spring,4.7,No,Store Pickup,0.0,0.0,45.0,Venmo,Bi-Weekly,,0.0,0.55,0.9387755102040816,0.058823529411764705,0.2400000000000002,0.5271572629051621,Medium Value
3116.0,26.0,Female,Scarf,Accessories,53.0,South Dakota,M,Charcoal,Fall,4.1,No,Free Shipping,0.0,0.0,9.0,Bank Transfer,Bi-Weekly,,0.0,0.875,0.32653061224489793,0.21568627450980393,0.2400000000000002,0.39431812725090043,Low Value
3117.0,50.0,Female,Coat,Outerwear,66.0,Montana,L,Gray,Spring,3.7,No,Store Pickup,0.0,0.0,1.0,Venmo,Weekly,52.0,0.0,0.8500000000000001,0.9183673469387754,0.49019607843137253,0.2400000000000002,0.7084057623049219,Medium Value
3118.0,43.0,Female,Hoodie,Clothing,50.0,Florida,M,Olive,Fall,3.0,No,Free Shipping,0.0,0.0,4.0,PayPal,Bi-Weekly,,0.0,0.4375,0.6326530612244897,0.058823529411764705,0.7600000000000002,0.43420828331332534,Low Value
3119.0,61.0,Female,Shorts,Clothing,97.0,Virginia,L,Blue,Summer,4.7,No,Standard,0.0,0.0,31.0,Debit Card,Quarterly,4.0,0.0,0.875,0.673469387755102,0.0,0.72,0.5163877551020408,Medium Value
3120.0,63.0,Female,Sandals,Footwear,79.0,Louisiana,XL,Silver,Winter,4.7,No,2-Day Shipping,0.0,0.0,21.0,Credit Card,Every 3 Months,,0.0,0.375,0.346938775510204,0.21568627450980393,0.2400000000000002,0.30248139255702283,Low Value
3121.0,46.0,Female,Shirt,Clothing,76.0,Louisiana,M,Magenta,Fall,4.0,No,Store Pickup,0.0,0.0,32.0,Debit Card,Fortnightly,26.0,0.0,0.17500000000000004,0.08163265306122448,0.49019607843137253,0.2400000000000002,0.23871188475390157,Low Value
3122.0,63.0,Female,Hoodie,Clothing,38.0,Louisiana,L,Black,Fall,2.6,No,Standard,0.0,0.0,16.0,Venmo,Weekly,52.0,0.0,0.7125,0.8775510204081631,0.21568627450980393,0.9600000000000002,0.6542262905162066,Medium Value
3123.0,23.0,Female,Socks,Clothing,45.0,Georgia,M,Pink,Fall,3.0,No,Express,0.0,0.0,34.0,Credit Card,Fortnightly,26.0,0.0,0.8625,0.061224489795918366,0.058823529411764705,0.15999999999999992,0.23063685474189677,Low Value
3124.0,57.0,Female,Handbag,Accessories,77.0,Iowa,XL,Red,Fall,3.3,No,Next Day Air,0.0,0.0,40.0,Venmo,Bi-Weekly,,0.0,0.8375000000000001,0.7346938775510203,0.49019607843137253,0.52,0.66043637454982,Medium Value
3125.0,57.0,Female,Jewelry,Accessories,51.0,California,M,Peach,Summer,3.4,No,Standard,0.0,0.0,4.0,Cash,Every 3 Months,,0.0,0.7125,0.8571428571428571,0.21568627450980393,0.6800000000000002,0.618063025210084,Medium Value
3126.0,33.0,Female,Coat,Outerwear,26.0,Oregon,L,Lavender,Spring,4.0,No,Standard,0.0,0.0,3.0,Cash,Quarterly,4.0,0.0,0.8125,0.5510204081632653,0.058823529411764705,0.56,0.45655522208883553,Medium Value
3127.0,57.0,Female,Sunglasses,Accessories,76.0,Maine,L,Lavender,Winter,2.6,No,Store Pickup,0.0,0.0,28.0,Bank Transfer,Bi-Weekly,,0.0,0.5750000000000001,0.7142857142857142,0.21568627450980393,0.11999999999999988,0.47742016806722687,Medium Value
3128.0,55.0,Female,Gloves,Accessories,94.0,Louisiana,M,Beige,Winter,3.4,No,Free Shipping,0.0,0.0,43.0,Credit Card,Every 3 Months,,0.0,0.15000000000000002,0.3061224489795918,0.0,0.040000000000000036,0.15644897959183673,Low Value
3129.0,65.0,Female,Jacket,Outerwear,32.0,Arkansas,S,Indigo,Fall,4.4,No,Standard,0.0,0.0,20.0,Cash,Annually,1.0,0.0,0.9000000000000001,0.7551020408163265,,0.20000000000000018,,Low Value
3130.0,60.0,Female,Sandals,Footwear,20.0,Maryland,S,Cyan,Summer,4.7,No,Express,0.0,0.0,40.0,Venmo,Every 3 Months,,0.0,0.75,0.7346938775510203,0.49019607843137253,0.08000000000000007,0.59893637454982,Medium Value
3131.0,52.0,Female,Pants,Clothing,20.0,Vermont,M,Yellow,Summer,4.5,No,Store Pickup,0.0,0.0,34.0,Venmo,Every 3 Months,,0.0,0.7250000000000001,0.16326530612244897,,0.11999999999999988,,Low Value
3132.0,34.0,Female,Jacket,Outerwear,59.0,North Dakota,M,Peach,Fall,2.9,No,Store Pickup,0.0,0.0,11.0,Bank Transfer,Every 3 Months,,0.0,0.050000000000000044,0.26530612244897955,0.49019607843137253,0.15999999999999992,0.2791812725090036,Low Value
3133.0,33.0,Female,Sweater,Clothing,97.0,Michigan,M,Yellow,Summer,4.2,No,Express,0.0,0.0,26.0,Cash,Quarterly,4.0,0.0,0.48750000000000004,0.04081632653061225,0.9999999999999999,0.52,0.4658265306122448,Medium Value
3134.0,58.0,Female,T-shirt,Clothing,68.0,Arkansas,M,Orange,Spring,4.1,No,Next Day Air,0.0,0.0,29.0,Cash,Bi-Weekly,,0.0,0.26250000000000007,0.18367346938775508,0.49019607843137253,0.7600000000000002,0.34902821128451383,Low Value
3135.0,35.0,Female,Boots,Footwear,66.0,Kentucky,L,Gray,Spring,4.4,No,Store Pickup,0.0,0.0,47.0,Bank Transfer,Weekly,52.0,0.0,0.07500000000000001,0.510204081632653,,0.2400000000000002,,Low Value
3136.0,68.0,Female,Shoes,Footwear,85.0,Indiana,L,Yellow,Spring,4.7,No,Free Shipping,0.0,0.0,48.0,Venmo,Fortnightly,26.0,0.0,0.4,0.5918367346938774,,0.4800000000000002,,Low Value
3137.0,58.0,Female,Skirt,Clothing,32.0,Minnesota,M,Gray,Fall,3.1,No,Next Day Air,0.0,0.0,29.0,Cash,Bi-Weekly,,0.0,0.32500000000000007,0.6326530612244897,0.49019607843137253,0.9600000000000002,0.5611200480192077,Medium Value
3138.0,34.0,Female,Coat,Outerwear,44.0,Louisiana,M,Turquoise,Spring,2.7,No,2-Day Shipping,0.0,0.0,14.0,Bank Transfer,Monthly,12.0,0.0,0.4,0.693877551020408,0.21568627450980393,0.52,0.4742569027611044,Medium Value
3139.0,47.0,Female,Blouse,Clothing,95.0,Kentucky,L,Gray,Fall,4.6,No,Next Day Air,0.0,0.0,40.0,Cash,Every 3 Months,,0.0,0.275,0.510204081632653,,0.3600000000000001,,Low Value
3140.0,35.0,Female,Sunglasses,Accessories,85.0,Georgia,M,Olive,Winter,4.4,No,Next Day Air,0.0,0.0,4.0,Venmo,Weekly,52.0,0.0,0.21250000000000002,0.7755102040816325,0.21568627450980393,0.8399999999999999,0.5014099639855941,Medium Value
3141.0,34.0,Female,Gloves,Accessories,44.0,Alaska,XL,Peach,Summer,4.6,No,Free Shipping,0.0,0.0,37.0,Bank Transfer,Weekly,52.0,0.0,0.4,0.6122448979591836,0.21568627450980393,0.28000000000000025,0.4176038415366147,Low Value
3142.0,36.0,Female,Sunglasses,Accessories,30.0,Mississippi,S,Peach,Winter,4.9,No,Express,0.0,0.0,47.0,Credit Card,Bi-Weekly,,0.0,0.17500000000000004,0.5510204081632653,0.0,0.08000000000000007,0.26340816326530614,Low Value
3143.0,23.0,Female,Sneakers,Footwear,21.0,Kansas,L,Magenta,Winter,4.0,No,2-Day Shipping,0.0,0.0,1.0,Venmo,Quarterly,4.0,0.0,0.8500000000000001,0.22448979591836735,,0.72,,Low Value
3144.0,68.0,Female,Hoodie,Clothing,22.0,Arizona,M,Purple,Summer,2.9,No,Store Pickup,0.0,0.0,26.0,Cash,Quarterly,4.0,0.0,0.8500000000000001,0.9183673469387754,0.9999999999999999,0.52,0.8893469387755102,High Value
3145.0,23.0,Female,Boots,Footwear,70.0,Maine,L,Beige,Spring,2.6,No,Free Shipping,0.0,0.0,12.0,Debit Card,Quarterly,4.0,0.0,0.38750000000000007,0.5306122448979591,,0.7600000000000002,,Low Value
3146.0,57.0,Female,Handbag,Accessories,29.0,Texas,XL,Purple,Spring,4.6,No,Standard,0.0,0.0,16.0,PayPal,Fortnightly,26.0,0.0,0.9625000000000001,0.061224489795918366,0.0,0.44000000000000017,0.2609897959183674,Low Value
3147.0,21.0,Female,Shirt,Clothing,83.0,Virginia,S,Yellow,Winter,4.9,No,Free Shipping,0.0,0.0,19.0,PayPal,Annually,1.0,0.0,0.45000000000000007,0.26530612244897955,,0.40000000000000013,,Low Value
3148.0,45.0,Female,Sweater,Clothing,99.0,North Dakota,M,Pink,Winter,4.3,No,Express,0.0,0.0,21.0,Credit Card,Weekly,52.0,0.0,0.4125000000000001,0.5918367346938774,0.058823529411764705,0.6800000000000002,0.4048817527010804,Low Value
3149.0,37.0,Female,Shorts,Clothing,35.0,West Virginia,L,Purple,Fall,4.3,No,Free Shipping,0.0,0.0,15.0,Venmo,Weekly,52.0,0.0,0.6375000000000001,0.10204081632653061,0.0,0.8800000000000001,0.2563163265306123,Low Value
3150.0,18.0,Female,Belt,Accessories,40.0,North Carolina,M,Lavender,Winter,4.6,No,Free Shipping,0.0,0.0,9.0,Venmo,Annually,1.0,0.0,0.9125000000000001,0.8571428571428571,0.0,0.9199999999999999,0.6173571428571428,Medium Value
3151.0,55.0,Female,Blouse,Clothing,25.0,Georgia,M,Peach,Spring,2.6,No,Express,0.0,0.0,7.0,Bank Transfer,Bi-Weekly,,0.0,0.65,0.5510204081632653,0.9999999999999999,0.28000000000000025,0.6784081632653061,Medium Value
3152.0,52.0,Female,T-shirt,Clothing,64.0,New Mexico,L,Orange,Fall,3.1,No,2-Day Shipping,0.0,0.0,47.0,Bank Transfer,Quarterly,4.0,0.0,0.48750000000000004,0.7755102040816325,0.21568627450980393,0.40000000000000013,0.5124099639855942,Medium Value
3153.0,49.0,Female,Belt,Accessories,90.0,North Carolina,M,Red,Fall,3.1,No,Store Pickup,0.0,0.0,17.0,PayPal,Monthly,12.0,0.0,0.8375000000000001,0.5918367346938774,,0.6800000000000002,,Low Value
3154.0,56.0,Female,Socks,Clothing,88.0,Alabama,L,Red,Fall,3.1,No,Next Day Air,0.0,0.0,46.0,Venmo,Fortnightly,26.0,0.0,0.7250000000000001,0.08163265306122448,0.49019607843137253,0.3600000000000001,0.3607118847539016,Low Value
3155.0,27.0,Female,Belt,Accessories,55.0,Connecticut,M,Gold,Winter,4.4,No,Standard,0.0,0.0,32.0,Cash,Quarterly,4.0,0.0,0.6000000000000001,0.836734693877551,,0.8800000000000001,,Low Value
3156.0,22.0,Female,Handbag,Accessories,90.0,Montana,M,Brown,Fall,4.3,No,Free Shipping,0.0,0.0,34.0,Cash,Annually,1.0,0.0,0.7000000000000001,0.38775510204081626,0.49019607843137253,0.20000000000000018,0.4621608643457383,Medium Value
3157.0,18.0,Female,Shirt,Clothing,50.0,Montana,M,Black,Winter,3.1,No,2-Day Shipping,0.0,0.0,18.0,Cash,Monthly,12.0,0.0,0.9875,0.693877551020408,0.49019607843137253,0.6000000000000001,0.682109843937575,Medium Value
3158.0,21.0,Female,Belt,Accessories,34.0,Maine,L,Red,Fall,3.1,No,Store Pickup,0.0,0.0,5.0,Debit Card,Fortnightly,26.0,0.0,0.4,0.18367346938775508,,0.8399999999999999,,Low Value
3159.0,30.0,Female,Jewelry,Accessories,77.0,Mississippi,M,Gray,Winter,4.9,No,2-Day Shipping,0.0,0.0,44.0,Credit Card,Monthly,12.0,0.0,0.4750000000000001,0.7142857142857142,0.058823529411764705,0.9600000000000002,0.49436134453781516,Medium Value
3160.0,62.0,Female,Hat,Accessories,89.0,Louisiana,L,Pink,Winter,2.9,No,Store Pickup,0.0,0.0,4.0,Bank Transfer,Quarterly,4.0,0.0,0.48750000000000004,0.4081632653061224,0.49019607843137253,0.11999999999999988,0.4198241296518608,Low Value
3161.0,28.0,Female,Backpack,Accessories,87.0,Nebraska,XL,Turquoise,Fall,3.8,No,Next Day Air,0.0,0.0,37.0,Cash,Fortnightly,26.0,0.0,0.6375000000000001,0.5714285714285714,,0.28000000000000025,,Low Value
3162.0,66.0,Female,Dress,Clothing,77.0,Massachusetts,S,Charcoal,Winter,4.2,No,2-Day Shipping,0.0,0.0,43.0,Cash,Monthly,12.0,0.0,0.925,0.7755102040816325,0.9999999999999999,0.11999999999999988,0.807204081632653,High Value
3163.0,66.0,Female,Shoes,Footwear,85.0,Wisconsin,L,Blue,Winter,3.9,No,Standard,0.0,0.0,28.0,Bank Transfer,Quarterly,4.0,0.0,0.25,0.3061224489795918,0.21568627450980393,0.6800000000000002,0.3051548619447779,Low Value
3164.0,49.0,Female,Pants,Clothing,66.0,Nebraska,XL,Turquoise,Summer,2.8,No,Express,0.0,0.0,36.0,Cash,Monthly,12.0,0.0,0.050000000000000044,0.6326530612244897,0.21568627450980393,0.9199999999999999,0.4197671068427371,Low Value
3165.0,40.0,Female,Dress,Clothing,32.0,Arizona,L,Silver,Winter,2.6,No,Standard,0.0,0.0,16.0,Credit Card,Annually,1.0,0.0,0.22500000000000003,0.673469387755102,0.21568627450980393,0.11999999999999988,0.39109363745498205,Low Value
3166.0,49.0,Female,Jacket,Outerwear,92.0,Hawaii,M,Lavender,Spring,3.0,No,Store Pickup,0.0,0.0,38.0,Bank Transfer,Every 3 Months,,0.0,0.21250000000000002,0.7551020408163265,0.0,0.8,0.4245408163265307,Low Value
3167.0,19.0,Female,Shirt,Clothing,80.0,Georgia,M,Gold,Winter,2.7,No,Next Day Air,0.0,0.0,37.0,Bank Transfer,Fortnightly,26.0,0.0,0.11250000000000004,0.26530612244897955,0.0,0.6399999999999999,0.19262244897959185,Low Value
3168.0,24.0,Female,Dress,Clothing,78.0,Oregon,M,Blue,Fall,2.8,No,2-Day Shipping,0.0,0.0,9.0,Cash,Bi-Weekly,,0.0,0.9000000000000001,0.44897959183673464,,0.72,,Low Value
3169.0,31.0,Female,Jeans,Clothing,24.0,Montana,M,Orange,Spring,2.9,No,2-Day Shipping,0.0,0.0,14.0,PayPal,Fortnightly,26.0,0.0,0.050000000000000044,1.0,,0.7600000000000002,,Low Value
3170.0,35.0,Female,T-shirt,Clothing,59.0,Georgia,M,White,Fall,3.8,No,Free Shipping,0.0,0.0,3.0,Venmo,Weekly,52.0,0.0,0.4,0.9795918367346937,0.21568627450980393,0.20000000000000018,0.5565426170468187,Medium Value
3171.0,65.0,Female,Sunglasses,Accessories,41.0,Rhode Island,XL,Charcoal,Spring,4.4,No,Express,0.0,0.0,10.0,Credit Card,Fortnightly,26.0,0.0,0.11250000000000004,0.26530612244897955,0.0,0.08000000000000007,0.13662244897959186,Low Value
3172.0,68.0,Female,Jewelry,Accessories,26.0,Tennessee,M,Maroon,Spring,3.1,No,Express,0.0,0.0,26.0,Bank Transfer,Bi-Weekly,,0.0,0.125,0.836734693877551,0.9999999999999999,0.32000000000000006,0.6916938775510204,Medium Value
3173.0,57.0,Female,Socks,Clothing,52.0,Missouri,M,Olive,Fall,3.7,No,Standard,0.0,0.0,30.0,Debit Card,Bi-Weekly,,0.0,0.1375,0.7755102040816325,0.0,0.72,0.40970408163265304,Low Value
3174.0,69.0,Female,Skirt,Clothing,46.0,Washington,L,Teal,Summer,4.9,No,Next Day Air,0.0,0.0,32.0,PayPal,Fortnightly,26.0,0.0,0.5875,0.8571428571428571,,0.15999999999999992,,Low Value
3175.0,45.0,Female,Pants,Clothing,52.0,Oklahoma,L,Orange,Winter,3.8,No,Store Pickup,0.0,0.0,35.0,PayPal,Monthly,12.0,0.0,0.5625,0.22448979591836735,0.21568627450980393,0.9600000000000002,0.36300180072028815,Low Value
3176.0,35.0,Female,Socks,Clothing,42.0,Connecticut,M,Maroon,Fall,3.4,No,Store Pickup,0.0,0.0,26.0,Debit Card,Every 3 Months,,0.0,0.025000000000000022,0.4081632653061224,0.9999999999999999,0.44000000000000017,0.5122653061224489,Medium Value
3177.0,36.0,Female,Sandals,Footwear,37.0,Arkansas,XL,Turquoise,Spring,4.6,No,2-Day Shipping,0.0,0.0,39.0,Credit Card,Monthly,12.0,0.0,0.45000000000000007,0.6530612244897959,0.21568627450980393,0.32000000000000006,0.44793037214885956,Low Value
3178.0,55.0,Female,Belt,Accessories,52.0,Missouri,L,Beige,Fall,3.2,No,Standard,0.0,0.0,31.0,Credit Card,Monthly,12.0,0.0,0.7250000000000001,0.10204081632653061,0.0,0.2400000000000002,0.20981632653061227,Low Value
3179.0,66.0,Female,Sandals,Footwear,34.0,Washington,L,Beige,Spring,2.7,No,Free Shipping,0.0,0.0,28.0,Credit Card,Annually,1.0,0.0,0.875,0.18367346938775508,,0.08000000000000007,,Low Value
3180.0,57.0,Female,Shorts,Clothing,88.0,Idaho,M,Olive,Spring,4.3,No,Free Shipping,0.0,0.0,12.0,Debit Card,Bi-Weekly,,0.0,0.8125,0.346938775510204,0.9999999999999999,0.3600000000000001,0.6372755102040816,Medium Value
3181.0,18.0,Female,Handbag,Accessories,88.0,Montana,L,Turquoise,Fall,3.8,No,Standard,0.0,0.0,46.0,PayPal,Weekly,52.0,0.0,0.4750000000000001,0.9183673469387754,0.9999999999999999,0.3600000000000001,0.7983469387755102,High Value
3182.0,31.0,Female,Jacket,Outerwear,51.0,Montana,M,Charcoal,Summer,4.4,No,Free Shipping,0.0,0.0,27.0,PayPal,Every 3 Months,,0.0,0.17500000000000004,0.9795918367346937,0.21568627450980393,0.56,0.5475426170468187,Medium Value
3183.0,50.0,Female,Sunglasses,Accessories,97.0,Georgia,L,Green,Fall,3.6,No,Free Shipping,0.0,0.0,4.0,Credit Card,Annually,1.0,0.0,0.25,0.7755102040816325,0.9999999999999999,0.40000000000000013,0.700204081632653,Medium Value
3184.0,50.0,Female,Sneakers,Footwear,56.0,Mississippi,M,Green,Winter,3.5,No,Standard,0.0,0.0,14.0,Cash,Every 3 Months,,0.0,0.11250000000000004,0.3061224489795918,0.21568627450980393,0.6399999999999999,0.2736548619447779,Low Value
3185.0,61.0,Female,Sweater,Clothing,53.0,Hawaii,L,Green,Spring,4.2,No,2-Day Shipping,0.0,0.0,30.0,Venmo,Quarterly,4.0,0.0,0.7000000000000001,0.5510204081632653,0.0,0.28000000000000025,0.38840816326530614,Low Value
3186.0,52.0,Female,Skirt,Clothing,71.0,Ohio,L,Gold,Fall,4.7,No,Express,0.0,0.0,6.0,PayPal,Annually,1.0,0.0,0.8,0.4285714285714285,0.058823529411764705,0.8399999999999999,0.43307563025210083,Low Value
3187.0,38.0,Female,Jewelry,Accessories,93.0,Virginia,S,Cyan,Winter,4.8,No,Store Pickup,0.0,0.0,43.0,Venmo,Annually,1.0,0.0,0.5625,0.7142857142857142,,0.56,,Low Value
3188.0,67.0,Female,Blouse,Clothing,72.0,Texas,L,Indigo,Winter,3.2,No,Free Shipping,0.0,0.0,28.0,Debit Card,Weekly,52.0,0.0,0.75,0.346938775510204,0.21568627450980393,0.08000000000000007,0.36148139255702283,Low Value
3189.0,42.0,Female,Blouse,Clothing,59.0,Vermont,M,Lavender,Winter,3.5,No,Standard,0.0,0.0,39.0,Bank Transfer,Monthly,12.0,0.0,0.9750000000000001,0.6122448979591836,0.9999999999999999,0.20000000000000018,0.7598979591836734,High Value
3190.0,25.0,Female,Boots,Footwear,87.0,Kansas,M,Beige,Summer,4.2,No,Store Pickup,0.0,0.0,30.0,PayPal,Bi-Weekly,,0.0,0.6375000000000001,0.7551020408163265,0.49019607843137253,0.32000000000000006,0.6085996398559425,Medium Value
3191.0,41.0,Female,Jeans,Clothing,78.0,California,S,Purple,Fall,3.4,No,Free Shipping,0.0,0.0,5.0,Credit Card,Fortnightly,26.0,0.0,0.6125,0.836734693877551,0.058823529411764705,0.08000000000000007,0.48284093637454983,Medium Value
3192.0,62.0,Female,Hoodie,Clothing,68.0,Mississippi,XL,Maroon,Winter,4.7,No,Store Pickup,0.0,0.0,42.0,Credit Card,Every 3 Months,,0.0,0.9375,0.5306122448979591,0.0,0.8399999999999999,0.48374489795918363,Medium Value
3193.0,19.0,Female,Sweater,Clothing,76.0,Iowa,S,Maroon,Fall,3.0,No,Free Shipping,0.0,0.0,20.0,Cash,Fortnightly,26.0,0.0,0.5875,0.4693877551020408,0.21568627450980393,0.08000000000000007,0.3779609843937575,Low Value
3194.0,63.0,Female,Gloves,Accessories,99.0,Virginia,L,Teal,Winter,4.0,No,Express,0.0,0.0,35.0,Credit Card,Fortnightly,26.0,0.0,0.36250000000000004,0.7551020408163265,0.0,0.0,0.37454081632653063,Low Value
3195.0,43.0,Female,Sneakers,Footwear,52.0,Maryland,L,Gold,Summer,4.6,No,Standard,0.0,0.0,10.0,Credit Card,Bi-Weekly,,0.0,0.9625000000000001,0.16326530612244897,0.0,0.7600000000000002,0.3338061224489796,Low Value
3196.0,68.0,Female,Sunglasses,Accessories,58.0,Missouri,S,Red,Spring,4.9,No,Next Day Air,0.0,0.0,36.0,Credit Card,Quarterly,4.0,0.0,0.17500000000000004,0.36734693877551017,0.21568627450980393,0.6000000000000001,0.30664465786314526,Low Value
3197.0,24.0,Female,Belt,Accessories,59.0,Wisconsin,L,Maroon,Winter,2.8,No,Express,0.0,0.0,21.0,Debit Card,Fortnightly,26.0,0.0,0.675,0.2040816326530612,,0.52,,Low Value
3198.0,27.0,Female,Sweater,Clothing,71.0,Maine,M,Teal,Spring,3.2,No,Free Shipping,0.0,0.0,29.0,Credit Card,Every 3 Months,,0.0,0.9500000000000002,0.3061224489795918,0.058823529411764705,0.0,0.33009603841536617,Low Value
3199.0,61.0,Female,Gloves,Accessories,94.0,Pennsylvania,L,Peach,Winter,2.8,No,Free Shipping,0.0,0.0,39.0,Debit Card,Weekly,52.0,0.0,0.6000000000000001,0.346938775510204,0.21568627450980393,0.6000000000000001,0.3834813925570228,Low Value
3200.0,59.0,Female,Handbag,Accessories,40.0,Maine,XL,Pink,Winter,4.2,No,Express,0.0,0.0,16.0,PayPal,Monthly,12.0,0.0,0.8,0.14285714285714285,0.21568627450980393,0.6399999999999999,0.34584873949579836,Low Value
3201.0,67.0,Female,Socks,Clothing,24.0,Missouri,L,Black,Spring,4.8,No,Free Shipping,0.0,0.0,32.0,Credit Card,Monthly,12.0,0.0,0.4625,0.061224489795918366,0.9999999999999999,0.11999999999999988,0.42898979591836733,Low Value
3202.0,46.0,Female,Pants,Clothing,38.0,Vermont,S,Indigo,Fall,2.8,No,2-Day Shipping,0.0,0.0,34.0,Cash,Monthly,12.0,0.0,0.8,0.7346938775510203,0.058823529411764705,0.3600000000000001,0.5075246098439375,Medium Value
3203.0,65.0,Female,Scarf,Accessories,37.0,Wisconsin,L,Green,Fall,4.5,No,Standard,0.0,0.0,38.0,Venmo,Annually,1.0,0.0,0.15000000000000002,0.5918367346938774,0.21568627450980393,0.08000000000000007,0.3394405762304922,Low Value
3204.0,63.0,Female,Coat,Outerwear,29.0,New Jersey,L,Teal,Spring,4.1,No,Express,0.0,0.0,14.0,Venmo,Annually,1.0,0.0,0.21250000000000002,0.7346938775510203,0.21568627450980393,0.52,0.4530834333733493,Medium Value
3205.0,57.0,Female,Jacket,Outerwear,92.0,New Mexico,XL,Lavender,Fall,4.3,No,Free Shipping,0.0,0.0,23.0,Debit Card,Bi-Weekly,,0.0,0.4750000000000001,0.5918367346938774,0.058823529411764705,0.7600000000000002,0.4253817527010804,Low Value
3206.0,40.0,Female,Hoodie,Clothing,24.0,Colorado,XL,Magenta,Fall,4.4,No,2-Day Shipping,0.0,0.0,50.0,Bank Transfer,Every 3 Months,,0.0,0.675,0.32653061224489793,0.9999999999999999,0.11999999999999988,0.5776122448979591,Medium Value
3207.0,36.0,Female,Boots,Footwear,52.0,California,M,Brown,Winter,3.0,No,Free Shipping,0.0,0.0,49.0,PayPal,Monthly,12.0,0.0,0.9875,0.2040816326530612,,1.0,,Low Value
3208.0,67.0,Female,Socks,Clothing,29.0,Arizona,XL,Beige,Summer,2.7,No,Next Day Air,0.0,0.0,14.0,PayPal,Annually,1.0,0.0,0.7625,0.836734693877551,0.0,0.8800000000000001,0.5751938775510204,Medium Value
3209.0,61.0,Female,Jewelry,Accessories,30.0,Indiana,L,Indigo,Winter,3.3,No,2-Day Shipping,0.0,0.0,42.0,PayPal,Weekly,52.0,0.0,0.7000000000000001,0.38775510204081626,0.9999999999999999,0.28000000000000025,0.6231020408163265,Medium Value
3210.0,64.0,Female,Shoes,Footwear,31.0,Arkansas,L,Peach,Fall,4.3,No,Standard,0.0,0.0,39.0,Debit Card,Annually,1.0,0.0,0.9750000000000001,0.7346938775510203,0.21568627450980393,0.15999999999999992,0.5695834333733494,Medium Value
3211.0,30.0,Female,Socks,Clothing,67.0,Nevada,M,Magenta,Summer,2.9,No,Express,0.0,0.0,43.0,Venmo,Bi-Weekly,,0.0,0.8875,0.22448979591836735,0.49019607843137253,0.4800000000000002,0.46235474189675874,Medium Value
3212.0,53.0,Female,Pants,Clothing,65.0,Rhode Island,L,Turquoise,Winter,4.9,No,Standard,0.0,0.0,12.0,Cash,Monthly,12.0,0.0,0.7375,0.8163265306122448,0.058823529411764705,0.6800000000000002,0.5596776710684274,Medium Value
3213.0,27.0,Female,Sneakers,Footwear,22.0,Wyoming,M,Indigo,Winter,3.6,No,2-Day Shipping,0.0,0.0,21.0,Debit Card,Weekly,52.0,0.0,0.7875000000000001,0.6326530612244897,0.058823529411764705,0.3600000000000001,0.46420828331332536,Medium Value
3214.0,27.0,Female,Sunglasses,Accessories,56.0,Texas,M,Brown,Winter,3.3,No,Standard,0.0,0.0,33.0,Credit Card,Monthly,12.0,0.0,0.875,0.28571428571428564,0.9999999999999999,0.15999999999999992,0.6052857142857142,Medium Value
3215.0,53.0,Female,Skirt,Clothing,78.0,Washington,M,Yellow,Spring,3.1,No,Free Shipping,0.0,0.0,6.0,Debit Card,Annually,1.0,0.0,0.0,0.7755102040816325,0.058823529411764705,0.4800000000000002,0.37585114045618245,Low Value
3216.0,34.0,Female,Coat,Outerwear,90.0,Rhode Island,M,Magenta,Summer,2.7,No,Free Shipping,0.0,0.0,10.0,PayPal,Every 3 Months,,0.0,0.012500000000000011,0.9591836734693877,0.49019607843137253,0.08000000000000007,0.5412322929171669,Medium Value
3217.0,39.0,Female,Hoodie,Clothing,85.0,Illinois,S,Olive,Winter,3.4,No,Next Day Air,0.0,0.0,18.0,Cash,Weekly,52.0,0.0,0.5,0.14285714285714285,0.49019607843137253,0.28000000000000025,0.3322016806722689,Low Value
3218.0,44.0,Female,Sunglasses,Accessories,58.0,Oregon,M,Silver,Fall,3.4,No,Express,0.0,0.0,46.0,Venmo,Weekly,52.0,0.0,0.1375,0.2040816326530612,,0.9600000000000002,,Low Value
3219.0,37.0,Female,Skirt,Clothing,34.0,Florida,M,Teal,Fall,3.9,No,Express,0.0,0.0,49.0,PayPal,Monthly,12.0,0.0,0.25,0.7142857142857142,0.21568627450980393,0.11999999999999988,0.41242016806722687,Low Value
3220.0,57.0,Female,Coat,Outerwear,40.0,Kansas,L,White,Summer,3.5,No,2-Day Shipping,0.0,0.0,39.0,Credit Card,Weekly,52.0,0.0,0.07500000000000001,1.0,,0.8800000000000001,,Low Value
3221.0,38.0,Female,Handbag,Accessories,29.0,North Dakota,M,Blue,Fall,4.1,No,Free Shipping,0.0,0.0,16.0,Cash,Monthly,12.0,0.0,0.9750000000000001,0.7755102040816325,,0.32000000000000006,,Low Value
3222.0,21.0,Female,T-shirt,Clothing,76.0,New Hampshire,M,Yellow,Winter,3.2,No,Standard,0.0,0.0,28.0,Cash,Annually,1.0,0.0,0.38750000000000007,0.2040816326530612,,0.72,,Low Value
3223.0,45.0,Female,Sunglasses,Accessories,84.0,Texas,S,Maroon,Fall,4.6,No,Store Pickup,0.0,0.0,22.0,PayPal,Quarterly,4.0,0.0,0.9375,0.08163265306122448,,0.4800000000000002,,Low Value
3224.0,68.0,Female,Shirt,Clothing,65.0,Montana,S,Gray,Spring,3.9,No,Standard,0.0,0.0,36.0,Venmo,Bi-Weekly,,0.0,0.2,0.12244897959183673,0.0,0.8,0.16897959183673472,Low Value
3225.0,37.0,Female,Hoodie,Clothing,80.0,Delaware,L,Indigo,Winter,2.7,No,Free Shipping,0.0,0.0,18.0,PayPal,Monthly,12.0,0.0,0.4,1.0,0.9999999999999999,0.3600000000000001,0.8160000000000001,High Value
3226.0,53.0,Female,Blouse,Clothing,98.0,New Hampshire,M,Pink,Fall,3.0,No,Store Pickup,0.0,0.0,31.0,Credit Card,Weekly,52.0,0.0,0.1875,0.4081632653061224,,0.08000000000000007,,Low Value
3227.0,57.0,Female,Sneakers,Footwear,71.0,Minnesota,XL,Beige,Spring,3.3,No,Next Day Air,0.0,0.0,38.0,Bank Transfer,Fortnightly,26.0,0.0,0.6000000000000001,0.6122448979591836,0.49019607843137253,0.7600000000000002,0.5879567827130853,Medium Value
3228.0,28.0,Female,Scarf,Accessories,69.0,Alaska,XL,White,Fall,2.7,No,Free Shipping,0.0,0.0,42.0,Debit Card,Quarterly,4.0,0.0,0.375,0.7755102040816325,,0.6000000000000001,,Low Value
3229.0,37.0,Female,Jewelry,Accessories,95.0,Connecticut,M,Yellow,Spring,4.6,No,2-Day Shipping,0.0,0.0,27.0,PayPal,Annually,1.0,0.0,1.0,0.5510204081632653,0.49019607843137253,0.28000000000000025,0.5954669867947179,Medium Value
3230.0,54.0,Female,Pants,Clothing,67.0,Connecticut,M,Teal,Fall,2.7,No,Express,0.0,0.0,24.0,Cash,Monthly,12.0,0.0,0.675,0.6530612244897959,0.9999999999999999,0.6800000000000002,0.7642244897959183,High Value
3231.0,49.0,Female,Sneakers,Footwear,49.0,Kansas,M,Olive,Summer,2.5,No,Next Day Air,0.0,0.0,38.0,Debit Card,Annually,1.0,0.0,0.3125,0.836734693877551,0.058823529411764705,0.20000000000000018,0.43484093637454985,Low Value
3232.0,62.0,Female,Shoes,Footwear,97.0,Nevada,M,Maroon,Winter,4.4,No,Free Shipping,0.0,0.0,9.0,Credit Card,Annually,1.0,0.0,0.9625000000000001,0.08163265306122448,,0.11999999999999988,,Low Value
3233.0,45.0,Female,T-shirt,Clothing,34.0,Massachusetts,M,White,Spring,4.0,No,Next Day Air,0.0,0.0,19.0,Bank Transfer,Monthly,12.0,0.0,0.5,0.4897959183673469,0.21568627450980393,0.9600000000000002,0.45662424969987997,Medium Value
3234.0,45.0,Female,Belt,Accessories,74.0,Indiana,M,Lavender,Fall,3.8,No,Express,0.0,0.0,11.0,Debit Card,Bi-Weekly,,0.0,0.0625,0.9591836734693877,0.0,0.8800000000000001,0.48417346938775513,Medium Value
3235.0,49.0,Female,Jewelry,Accessories,96.0,Washington,M,Black,Winter,2.5,No,2-Day Shipping,0.0,0.0,16.0,Debit Card,Quarterly,4.0,0.0,0.4375,0.5918367346938774,0.9999999999999999,0.7600000000000002,0.700234693877551,Medium Value
3236.0,27.0,Female,Belt,Accessories,68.0,Kansas,M,Green,Summer,4.0,No,Free Shipping,0.0,0.0,18.0,Venmo,Monthly,12.0,0.0,0.9875,0.673469387755102,0.058823529411764705,0.2400000000000002,0.5085348139255703,Medium Value
3237.0,63.0,Female,Belt,Accessories,84.0,South Carolina,L,Olive,Fall,4.1,No,Next Day Air,0.0,0.0,8.0,Cash,Monthly,12.0,0.0,0.3125,0.673469387755102,,0.040000000000000036,,Low Value
3238.0,61.0,Female,T-shirt,Clothing,57.0,Vermont,M,Gray,Summer,2.8,No,Express,0.0,0.0,4.0,Cash,Weekly,52.0,0.0,0.0,0.26530612244897955,0.49019607843137253,0.56,0.30918127250900357,Low Value
3239.0,25.0,Female,Sneakers,Footwear,84.0,Wyoming,XL,Teal,Fall,3.4,No,2-Day Shipping,0.0,0.0,37.0,Cash,Quarterly,4.0,0.0,0.8500000000000001,0.02040816326530612,0.9999999999999999,0.040000000000000036,0.4821632653061224,Medium Value
3240.0,33.0,Female,Sunglasses,Accessories,32.0,Colorado,M,Charcoal,Fall,2.7,No,2-Day Shipping,0.0,0.0,30.0,Cash,Monthly,12.0,0.0,0.9875,0.8163265306122448,,0.6000000000000001,,Low Value
3241.0,56.0,Female,Sandals,Footwear,37.0,West Virginia,M,Violet,Fall,3.8,No,2-Day Shipping,0.0,0.0,37.0,Bank Transfer,Monthly,12.0,0.0,0.825,0.04081632653061225,0.21568627450980393,0.9600000000000002,0.3420324129651861,Low Value
3242.0,50.0,Female,Handbag,Accessories,58.0,Connecticut,M,Lavender,Summer,4.4,No,Store Pickup,0.0,0.0,30.0,PayPal,Quarterly,4.0,0.0,0.625,0.346938775510204,0.9999999999999999,0.32000000000000006,0.5957755102040816,Medium Value
3243.0,45.0,Female,Socks,Clothing,74.0,Oregon,S,Beige,Fall,2.8,No,Express,0.0,0.0,17.0,Venmo,Weekly,52.0,0.0,0.375,0.0,0.49019607843137253,0.20000000000000018,0.24205882352941177,Low Value
3244.0,45.0,Female,Hoodie,Clothing,99.0,Idaho,L,Black,Summer,5.0,No,Store Pickup,0.0,0.0,11.0,Bank Transfer,Every 3 Months,,0.0,0.4625,0.08163265306122448,0.21568627450980393,0.08000000000000007,0.197858943577431,Low Value
3245.0,65.0,Female,Sweater,Clothing,81.0,Arkansas,M,Black,Fall,4.7,No,Express,0.0,0.0,42.0,Credit Card,Annually,1.0,0.0,0.6125,0.8163265306122448,0.0,0.2400000000000002,0.47303061224489795,Medium Value
3246.0,63.0,Female,Pants,Clothing,76.0,Kansas,M,Purple,Fall,3.2,No,Next Day Air,0.0,0.0,20.0,Cash,Weekly,52.0,0.0,0.925,0.08163265306122448,0.21568627450980393,0.9199999999999999,0.37435894357743094,Low Value
3247.0,70.0,Female,Sneakers,Footwear,98.0,Michigan,M,Magenta,Summer,2.9,No,Store Pickup,0.0,0.0,37.0,Cash,Monthly,12.0,0.0,0.050000000000000044,0.18367346938775508,,0.15999999999999992,,Low Value
3248.0,53.0,Female,Gloves,Accessories,91.0,Arkansas,M,Teal,Summer,3.7,No,Express,0.0,0.0,12.0,PayPal,Fortnightly,26.0,0.0,0.7375,0.38775510204081626,0.0,0.8,0.38260204081632654,Low Value
3249.0,22.0,Female,T-shirt,Clothing,79.0,Pennsylvania,S,Teal,Summer,4.2,No,Free Shipping,0.0,0.0,41.0,Bank Transfer,Quarterly,4.0,0.0,0.1375,0.2040816326530612,0.9999999999999999,0.8399999999999999,0.49313265306122445,Medium Value
3250.0,26.0,Female,Backpack,Accessories,83.0,Virginia,M,Pink,Summer,3.4,No,Express,0.0,0.0,32.0,Credit Card,Quarterly,4.0,0.0,0.5875,0.061224489795918366,0.49019607843137253,1.0,0.38904861944777913,Low Value
3251.0,23.0,Female,Coat,Outerwear,90.0,Minnesota,M,Teal,Spring,2.9,No,2-Day Shipping,0.0,0.0,15.0,Venmo,Weekly,52.0,0.0,0.5375000000000001,0.7551020408163265,0.9999999999999999,0.72,0.7815408163265305,High Value
3252.0,25.0,Female,Coat,Outerwear,20.0,Nevada,M,Gold,Winter,3.7,No,Standard,0.0,0.0,39.0,Venmo,Quarterly,4.0,0.0,0.5125000000000001,0.36734693877551017,,0.9600000000000002,,Low Value
3253.0,69.0,Female,Sandals,Footwear,21.0,Montana,L,Brown,Spring,2.7,No,Store Pickup,0.0,0.0,48.0,Credit Card,Fortnightly,26.0,0.0,0.375,0.3061224489795918,,0.6000000000000001,,Low Value
3254.0,36.0,Female,Backpack,Accessories,60.0,Nebraska,M,Brown,Fall,3.2,No,2-Day Shipping,0.0,0.0,8.0,Venmo,Fortnightly,26.0,0.0,0.7750000000000001,0.02040816326530612,0.21568627450980393,0.2400000000000002,0.25186914765906365,Low Value
3255.0,21.0,Female,Sweater,Clothing,31.0,Indiana,S,Magenta,Winter,4.9,No,Store Pickup,0.0,0.0,11.0,Bank Transfer,Every 3 Months,,0.0,0.38750000000000007,0.2040816326530612,0.21568627450980393,0.040000000000000036,0.22783853541416568,Low Value
3256.0,57.0,Female,Shorts,Clothing,40.0,New Jersey,M,Black,Fall,2.8,No,Next Day Air,0.0,0.0,36.0,Bank Transfer,Monthly,12.0,0.0,0.03750000000000003,0.346938775510204,0.49019607843137253,0.9600000000000002,0.38933433373349335,Low Value
3257.0,60.0,Female,Sunglasses,Accessories,26.0,Wisconsin,L,Teal,Winter,4.7,No,Free Shipping,0.0,0.0,50.0,Venmo,Every 3 Months,,0.0,0.8875,0.9387755102040816,0.49019607843137253,0.40000000000000013,0.7400690276110444,Medium Value
3258.0,44.0,Female,Shirt,Clothing,98.0,Minnesota,M,Brown,Fall,3.3,No,Express,0.0,0.0,39.0,Venmo,Every 3 Months,,0.0,0.5,0.28571428571428564,,0.8,,Low Value
3259.0,31.0,Female,Shoes,Footwear,51.0,New Jersey,M,Magenta,Spring,4.3,No,Express,0.0,0.0,11.0,Credit Card,Bi-Weekly,,0.0,0.17500000000000004,0.28571428571428564,0.9999999999999999,0.11999999999999988,0.46128571428571424,Medium Value
3260.0,57.0,Female,Hat,Accessories,95.0,Oklahoma,XL,Indigo,Fall,3.7,No,2-Day Shipping,0.0,0.0,5.0,Debit Card,Every 3 Months,,0.0,0.03750000000000003,0.9387755102040816,0.058823529411764705,0.6800000000000002,0.4686572629051621,Medium Value
3261.0,39.0,Female,Scarf,Accessories,36.0,Wisconsin,M,Violet,Summer,4.5,No,2-Day Shipping,0.0,0.0,7.0,Credit Card,Annually,1.0,0.0,0.7750000000000001,0.9387755102040816,0.21568627450980393,0.6399999999999999,0.6592160864345739,Medium Value
3262.0,48.0,Female,Belt,Accessories,52.0,Rhode Island,L,Cyan,Winter,3.4,No,Store Pickup,0.0,0.0,50.0,Debit Card,Weekly,52.0,0.0,0.6625000000000001,0.10204081632653061,,0.40000000000000013,,Low Value
3263.0,42.0,Female,T-shirt,Clothing,35.0,Indiana,M,Violet,Spring,2.7,No,Standard,0.0,0.0,21.0,Cash,Every 3 Months,,0.0,0.15000000000000002,0.346938775510204,0.21568627450980393,0.6000000000000001,0.2934813925570228,Low Value
3264.0,56.0,Female,Shorts,Clothing,68.0,Vermont,S,Black,Fall,4.4,No,Express,0.0,0.0,31.0,Debit Card,Fortnightly,26.0,0.0,0.75,0.7959183673469387,,0.6000000000000001,,Low Value
3265.0,28.0,Female,Pants,Clothing,50.0,Maine,S,Charcoal,Winter,4.0,No,Express,0.0,0.0,39.0,Cash,Bi-Weekly,,0.0,0.4750000000000001,0.6122448979591836,0.49019607843137253,0.0,0.48695678271308523,Medium Value
3266.0,40.0,Female,Sunglasses,Accessories,100.0,Alabama,M,White,Winter,3.2,No,Express,0.0,0.0,28.0,Credit Card,Fortnightly,26.0,0.0,0.7750000000000001,0.6122448979591836,,0.6800000000000002,,Low Value
3267.0,49.0,Female,Coat,Outerwear,74.0,Alabama,S,Gray,Winter,4.2,No,Next Day Air,0.0,0.0,33.0,Bank Transfer,Weekly,52.0,0.0,0.5,0.061224489795918366,0.49019607843137253,0.3600000000000001,0.3075486194477791,Low Value
3268.0,37.0,Female,Hoodie,Clothing,45.0,Idaho,L,Pink,Winter,3.0,No,Store Pickup,0.0,0.0,42.0,Credit Card,Quarterly,4.0,0.0,0.7375,0.7142857142857142,,0.9199999999999999,,Low Value
3269.0,22.0,Female,Dress,Clothing,97.0,Arkansas,M,Cyan,Fall,2.8,No,Free Shipping,0.0,0.0,5.0,Bank Transfer,Every 3 Months,,0.0,0.26250000000000007,0.6122448979591836,,0.9600000000000002,,Low Value
3270.0,27.0,Female,Blouse,Clothing,60.0,Ohio,M,Blue,Winter,4.9,No,Express,0.0,0.0,25.0,Cash,Monthly,12.0,0.0,0.23750000000000004,0.10204081632653061,0.49019607843137253,0.44000000000000017,0.279375150060024,Low Value
3271.0,59.0,Female,Socks,Clothing,25.0,Illinois,M,Indigo,Winter,4.7,No,Express,0.0,0.0,48.0,PayPal,Annually,1.0,0.0,0.2,0.0,0.21568627450980393,0.6000000000000001,0.1647058823529412,Low Value
3272.0,35.0,Female,Socks,Clothing,55.0,Nevada,XL,Magenta,Spring,4.4,No,Standard,0.0,0.0,30.0,Credit Card,Weekly,52.0,0.0,0.625,0.5714285714285714,0.21568627450980393,0.040000000000000036,0.42227731092436976,Low Value
3273.0,58.0,Female,Shoes,Footwear,99.0,Texas,M,Lavender,Winter,3.1,No,Next Day Air,0.0,0.0,34.0,PayPal,Quarterly,4.0,0.0,0.3375,0.36734693877551017,0.21568627450980393,0.2400000000000002,0.30314465786314526,Low Value
3274.0,58.0,Female,Belt,Accessories,45.0,Nevada,S,Orange,Summer,2.6,No,Free Shipping,0.0,0.0,34.0,PayPal,Every 3 Months,,0.0,0.08750000000000002,0.22448979591836735,0.49019607843137253,0.44000000000000017,0.29835474189675876,Low Value
3275.0,46.0,Female,Sweater,Clothing,20.0,Oklahoma,M,Cyan,Spring,3.9,No,Store Pickup,0.0,0.0,14.0,Cash,Fortnightly,26.0,0.0,0.4,0.346938775510204,0.0,0.6000000000000001,0.27877551020408164,Low Value
3276.0,43.0,Female,Pants,Clothing,88.0,Alabama,XL,Green,Summer,2.6,No,2-Day Shipping,0.0,0.0,2.0,Debit Card,Weekly,52.0,0.0,0.6875,0.8979591836734693,0.058823529411764705,0.56,0.5703307322929172,Medium Value
3277.0,39.0,Female,Scarf,Accessories,99.0,South Dakota,M,White,Summer,4.0,No,Store Pickup,0.0,0.0,41.0,PayPal,Every 3 Months,,0.0,0.125,0.8979591836734693,0.21568627450980393,0.56,0.504889555822329,Medium Value
3278.0,59.0,Female,Skirt,Clothing,86.0,Texas,M,Blue,Spring,4.9,No,Store Pickup,0.0,0.0,3.0,Credit Card,Monthly,12.0,0.0,0.925,0.14285714285714285,0.058823529411764705,0.32000000000000006,0.2917899159663866,Low Value
3279.0,59.0,Female,Dress,Clothing,70.0,Montana,M,Black,Summer,3.3,No,2-Day Shipping,0.0,0.0,18.0,Bank Transfer,Weekly,52.0,0.0,0.6000000000000001,0.061224489795918366,,0.15999999999999992,,Low Value
3280.0,59.0,Female,Hat,Accessories,50.0,Wyoming,S,Red,Fall,3.0,No,Express,0.0,0.0,1.0,Debit Card,Fortnightly,26.0,0.0,0.3125,0.08163265306122448,0.49019607843137253,0.2400000000000002,0.26621188475390156,Low Value
3281.0,45.0,Female,Handbag,Accessories,57.0,New York,L,Red,Winter,2.7,No,Next Day Air,0.0,0.0,5.0,PayPal,Monthly,12.0,0.0,0.5875,0.5918367346938774,0.058823529411764705,0.8800000000000001,0.4598817527010804,Medium Value
3282.0,27.0,Female,Pants,Clothing,69.0,Oregon,L,Gold,Winter,3.1,No,Free Shipping,0.0,0.0,41.0,Bank Transfer,Annually,1.0,0.0,0.32500000000000007,0.28571428571428564,0.21568627450980393,0.56,0.29999159663865543,Low Value
3283.0,24.0,Female,T-shirt,Clothing,94.0,California,M,Red,Fall,4.8,No,Next Day Air,0.0,0.0,5.0,Credit Card,Monthly,12.0,0.0,0.1375,0.32653061224489793,,0.72,,Low Value
3284.0,47.0,Female,Jacket,Outerwear,24.0,North Carolina,L,Purple,Spring,2.9,No,Express,0.0,0.0,10.0,Debit Card,Every 3 Months,,0.0,0.30000000000000004,0.8979591836734693,,0.6800000000000002,,Low Value
3285.0,70.0,Female,Scarf,Accessories,79.0,Kentucky,L,White,Spring,4.5,No,2-Day Shipping,0.0,0.0,20.0,Venmo,Annually,1.0,0.0,1.0,0.04081632653061225,0.0,0.72,0.2883265306122449,Low Value
3286.0,58.0,Female,Hat,Accessories,31.0,Hawaii,XL,Magenta,Fall,4.6,No,Free Shipping,0.0,0.0,11.0,Cash,Weekly,52.0,0.0,0.9000000000000001,0.8571428571428571,0.9999999999999999,0.8399999999999999,0.9068571428571428,High Value
3287.0,45.0,Female,Jacket,Outerwear,67.0,Illinois,L,Pink,Winter,5.0,No,Express,0.0,0.0,4.0,Venmo,Fortnightly,26.0,0.0,0.7250000000000001,0.061224489795918366,0.21568627450980393,0.52,0.28619567827130854,Low Value
3288.0,24.0,Female,Skirt,Clothing,63.0,West Virginia,L,Black,Spring,4.3,No,2-Day Shipping,0.0,0.0,38.0,Credit Card,Weekly,52.0,0.0,0.15000000000000002,0.8163265306122448,0.9999999999999999,0.32000000000000006,0.688530612244898,Medium Value
3289.0,67.0,Female,Handbag,Accessories,61.0,South Carolina,XL,White,Spring,4.9,No,Next Day Air,0.0,0.0,19.0,Credit Card,Bi-Weekly,,0.0,0.9625000000000001,0.3061224489795918,0.21568627450980393,0.4800000000000002,0.427654861944778,Low Value
3290.0,31.0,Female,Backpack,Accessories,50.0,Montana,M,Maroon,Summer,4.0,No,2-Day Shipping,0.0,0.0,16.0,Venmo,Every 3 Months,,0.0,0.9375,0.18367346938775508,0.0,0.72,0.33296938775510204,Low Value
3291.0,52.0,Female,Coat,Outerwear,82.0,North Dakota,L,Black,Spring,3.1,No,Free Shipping,0.0,0.0,2.0,PayPal,Monthly,12.0,0.0,0.55,0.02040816326530612,0.058823529411764705,0.6399999999999999,0.19981032412965188,Low Value
3292.0,29.0,Female,Belt,Accessories,51.0,New Mexico,L,Olive,Fall,2.6,No,2-Day Shipping,0.0,0.0,11.0,Cash,Monthly,12.0,0.0,0.1875,0.2040816326530612,,0.28000000000000025,,Low Value
3293.0,62.0,Female,Handbag,Accessories,23.0,Missouri,L,Gray,Spring,4.9,No,Standard,0.0,0.0,18.0,Bank Transfer,Fortnightly,26.0,0.0,0.42500000000000004,0.0,,0.52,,Low Value
3294.0,19.0,Female,Coat,Outerwear,91.0,West Virginia,M,Gold,Spring,3.5,No,2-Day Shipping,0.0,0.0,47.0,Credit Card,Fortnightly,26.0,0.0,0.9500000000000002,0.8163265306122448,0.058823529411764705,0.28000000000000025,0.5621776710684274,Medium Value
3295.0,62.0,Female,Sweater,Clothing,60.0,South Carolina,S,Magenta,Spring,4.5,No,Store Pickup,0.0,0.0,15.0,Bank Transfer,Bi-Weekly,,0.0,0.4750000000000001,0.7755102040816325,0.058823529411764705,0.40000000000000013,0.4628511404561825,Medium Value
3296.0,70.0,Female,Blouse,Clothing,34.0,West Virginia,S,Lavender,Summer,2.8,No,Next Day Air,0.0,0.0,15.0,Cash,Weekly,52.0,0.0,0.03750000000000003,0.0,,0.2400000000000002,,Low Value
3297.0,20.0,Female,Blouse,Clothing,23.0,Alaska,M,Green,Spring,4.2,No,Next Day Air,0.0,0.0,47.0,Venmo,Quarterly,4.0,0.0,0.1875,0.04081632653061225,0.21568627450980393,0.6800000000000002,0.1865324129651861,Low Value
3298.0,67.0,Female,Belt,Accessories,82.0,West Virginia,M,Violet,Fall,4.1,No,Free Shipping,0.0,0.0,47.0,PayPal,Monthly,12.0,0.0,0.03750000000000003,0.4081632653061224,0.0,0.3600000000000001,0.20676530612244898,Low Value
3299.0,65.0,Female,Jacket,Outerwear,73.0,New Mexico,M,Brown,Fall,3.5,No,Express,0.0,0.0,6.0,Bank Transfer,Every 3 Months,,0.0,0.925,0.9591836734693877,0.058823529411764705,0.40000000000000013,0.6263205282112846,Medium Value
3300.0,45.0,Female,Shorts,Clothing,32.0,South Dakota,L,Teal,Spring,4.0,No,2-Day Shipping,0.0,0.0,18.0,Venmo,Monthly,12.0,0.0,0.3125,0.4693877551020408,0.0,0.6000000000000001,0.31025510204081636,Low Value
3301.0,26.0,Female,Hat,Accessories,80.0,Oklahoma,M,Charcoal,Spring,4.0,No,Express,0.0,0.0,40.0,Bank Transfer,Bi-Weekly,,0.0,0.03750000000000003,0.8979591836734693,,0.7600000000000002,,Low Value
3302.0,36.0,Female,Pants,Clothing,58.0,Oklahoma,XL,Charcoal,Summer,2.5,No,Free Shipping,0.0,0.0,31.0,Credit Card,Fortnightly,26.0,0.0,0.925,0.9183673469387754,0.21568627450980393,0.15999999999999992,0.6330528211284514,Medium Value
3303.0,36.0,Female,Blouse,Clothing,82.0,Alabama,XL,Beige,Winter,4.2,No,Standard,0.0,0.0,31.0,Venmo,Bi-Weekly,,0.0,0.9875,0.693877551020408,0.49019607843137253,0.44000000000000017,0.666109843937575,Medium Value
3304.0,20.0,Female,Belt,Accessories,60.0,Mississippi,S,Turquoise,Summer,3.4,No,Next Day Air,0.0,0.0,4.0,Credit Card,Fortnightly,26.0,0.0,0.2,0.9387755102040816,0.49019607843137253,0.7600000000000002,0.6385690276110445,Medium Value
3305.0,30.0,Female,Handbag,Accessories,79.0,Mississippi,XL,Orange,Fall,4.8,No,Next Day Air,0.0,0.0,36.0,Bank Transfer,Every 3 Months,,0.0,0.375,0.693877551020408,0.21568627450980393,0.8,0.4972569027611044,Medium Value
3306.0,34.0,Female,Hoodie,Clothing,41.0,Nebraska,L,Cyan,Summer,4.9,No,Standard,0.0,0.0,31.0,PayPal,Bi-Weekly,,0.0,0.7625,0.8979591836734693,0.9999999999999999,0.52,0.8636836734693877,High Value
3307.0,63.0,Female,Jacket,Outerwear,39.0,Colorado,L,Orange,Summer,3.6,No,Store Pickup,0.0,0.0,6.0,Venmo,Fortnightly,26.0,0.0,0.1375,0.10204081632653061,,0.44000000000000017,,Low Value
3308.0,18.0,Female,Scarf,Accessories,36.0,Pennsylvania,S,Green,Winter,4.0,No,Store Pickup,0.0,0.0,1.0,Cash,Monthly,12.0,0.0,0.3500000000000001,0.38775510204081626,0.0,0.72,0.2971020408163265,Low Value
3309.0,55.0,Female,Jeans,Clothing,70.0,Utah,M,Pink,Fall,2.6,No,Express,0.0,0.0,29.0,Cash,Monthly,12.0,0.0,0.8875,0.04081632653061225,,0.6000000000000001,,Low Value
3310.0,48.0,Female,Handbag,Accessories,47.0,Massachusetts,M,Blue,Summer,3.1,No,Store Pickup,0.0,0.0,19.0,PayPal,Monthly,12.0,0.0,0.9875,0.5918367346938774,0.058823529411764705,0.3600000000000001,0.4878817527010804,Medium Value
3311.0,45.0,Female,Jacket,Outerwear,27.0,Iowa,M,Pink,Winter,3.6,No,Free Shipping,0.0,0.0,12.0,PayPal,Fortnightly,26.0,0.0,0.625,0.5510204081632653,,0.7600000000000002,,Low Value
3312.0,29.0,Female,Hat,Accessories,52.0,Florida,L,Blue,Summer,4.0,No,Express,0.0,0.0,18.0,Bank Transfer,Annually,1.0,0.0,0.675,0.28571428571428564,,0.11999999999999988,,Low Value
3313.0,55.0,Female,Sneakers,Footwear,75.0,Louisiana,L,Black,Summer,3.9,No,Next Day Air,0.0,0.0,45.0,Cash,Quarterly,4.0,0.0,0.7375,0.5714285714285714,0.058823529411764705,0.11999999999999988,0.40571848739495797,Low Value
3314.0,55.0,Female,Hat,Accessories,30.0,Kansas,XL,Black,Fall,3.9,No,Express,0.0,0.0,45.0,Credit Card,Monthly,12.0,0.0,0.16250000000000003,0.28571428571428564,,0.9600000000000002,,Low Value
3315.0,55.0,Female,Socks,Clothing,94.0,Kansas,M,Violet,Spring,3.3,No,Standard,0.0,0.0,8.0,Credit Card,Quarterly,4.0,0.0,0.36250000000000004,0.346938775510204,0.49019607843137253,0.6800000000000002,0.42633433373349333,Low Value
3316.0,48.0,Female,Scarf,Accessories,68.0,Kentucky,S,Gold,Summer,2.9,No,Standard,0.0,0.0,4.0,PayPal,Every 3 Months,,0.0,0.9500000000000002,0.12244897959183673,,0.15999999999999992,,Low Value
3317.0,42.0,Female,Socks,Clothing,45.0,New Mexico,M,Olive,Summer,3.1,No,Free Shipping,0.0,0.0,5.0,Debit Card,Fortnightly,26.0,0.0,0.5750000000000001,0.36734693877551017,,0.8399999999999999,,Low Value
3318.0,21.0,Female,Hat,Accessories,67.0,North Carolina,XL,Pink,Summer,4.7,No,Standard,0.0,0.0,30.0,Cash,Quarterly,4.0,0.0,0.3125,0.28571428571428564,0.9999999999999999,0.11999999999999988,0.4887857142857142,Medium Value
3319.0,45.0,Female,Jacket,Outerwear,46.0,North Dakota,M,Olive,Summer,3.9,No,Free Shipping,0.0,0.0,15.0,PayPal,Monthly,12.0,0.0,0.10000000000000003,0.04081632653061225,,0.040000000000000036,,Low Value
3320.0,23.0,Female,Shorts,Clothing,31.0,North Dakota,M,Indigo,Summer,4.3,No,Next Day Air,0.0,0.0,17.0,Credit Card,Every 3 Months,,0.0,0.3500000000000001,0.24489795918367344,,0.40000000000000013,,Low Value
3321.0,66.0,Female,Blouse,Clothing,44.0,Illinois,XL,Silver,Fall,4.2,No,2-Day Shipping,0.0,0.0,45.0,Cash,Every 3 Months,,0.0,0.5875,0.7346938775510203,0.21568627450980393,0.40000000000000013,0.5160834333733493,Medium Value
3322.0,32.0,Female,Coat,Outerwear,100.0,Maine,S,Charcoal,Winter,4.3,No,Next Day Air,0.0,0.0,3.0,Venmo,Annually,1.0,0.0,0.48750000000000004,0.510204081632653,0.0,0.3600000000000001,0.33758163265306124,Low Value
3323.0,52.0,Female,Sweater,Clothing,92.0,Indiana,XL,Orange,Winter,4.6,No,Next Day Air,0.0,0.0,43.0,PayPal,Weekly,52.0,0.0,0.675,0.5714285714285714,0.21568627450980393,0.56,0.48427731092436976,Medium Value
3324.0,54.0,Female,Handbag,Accessories,78.0,North Dakota,M,Yellow,Winter,3.8,No,Free Shipping,0.0,0.0,4.0,Credit Card,Monthly,12.0,0.0,0.7625,0.9387755102040816,,0.32000000000000006,,Low Value
3325.0,37.0,Female,T-shirt,Clothing,32.0,Missouri,S,Red,Fall,3.3,No,Standard,0.0,0.0,41.0,Venmo,Weekly,52.0,0.0,0.07500000000000001,0.9387755102040816,,0.6399999999999999,,Low Value
3326.0,29.0,Female,Sandals,Footwear,97.0,Alaska,M,Maroon,Fall,3.7,No,2-Day Shipping,0.0,0.0,16.0,Venmo,Monthly,12.0,0.0,0.5125000000000001,0.9591836734693877,0.49019607843137253,0.20000000000000018,0.6532322929171669,Medium Value
3327.0,47.0,Female,Gloves,Accessories,95.0,North Dakota,M,Magenta,Summer,4.3,No,Standard,0.0,0.0,10.0,Debit Card,Annually,1.0,0.0,0.03750000000000003,0.9183673469387754,,0.20000000000000018,,Low Value
3328.0,47.0,Female,Shorts,Clothing,64.0,Connecticut,M,Black,Spring,4.1,No,Express,0.0,0.0,2.0,Debit Card,Quarterly,4.0,0.0,0.16250000000000003,0.12244897959183673,0.21568627450980393,0.28000000000000025,0.17418547418967592,Low Value
3329.0,42.0,Female,Sandals,Footwear,35.0,Wisconsin,M,Violet,Spring,3.2,No,Free Shipping,0.0,0.0,11.0,Cash,Bi-Weekly,,0.0,0.4750000000000001,0.8979591836734693,,0.56,,Low Value
3330.0,34.0,Female,Backpack,Accessories,54.0,New Jersey,M,Gray,Winter,3.8,No,Express,0.0,0.0,1.0,Debit Card,Bi-Weekly,,0.0,0.5625,0.9387755102040816,0.058823529411764705,0.44000000000000017,0.5496572629051621,Medium Value
3331.0,38.0,Female,Sneakers,Footwear,96.0,Missouri,M,Black,Spring,3.2,No,2-Day Shipping,0.0,0.0,41.0,Bank Transfer,Quarterly,4.0,0.0,0.3500000000000001,0.10204081632653061,0.49019607843137253,0.2400000000000002,0.281875150060024,Low Value
3332.0,55.0,Female,Sunglasses,Accessories,58.0,California,M,Pink,Summer,3.5,No,Free Shipping,0.0,0.0,39.0,PayPal,Quarterly,4.0,0.0,0.0625,0.5714285714285714,,0.9199999999999999,,Low Value
3333.0,27.0,Female,T-shirt,Clothing,23.0,Washington,M,Silver,Summer,3.1,No,2-Day Shipping,0.0,0.0,1.0,PayPal,Bi-Weekly,,0.0,0.38750000000000007,0.836734693877551,0.21568627450980393,0.52,0.5288997599039617,Medium Value
3334.0,55.0,Female,Jeans,Clothing,35.0,Minnesota,M,Violet,Spring,4.2,No,Express,0.0,0.0,3.0,PayPal,Monthly,12.0,0.0,0.1375,0.9183673469387754,0.49019607843137253,0.11999999999999988,0.5539057623049218,Medium Value
3335.0,66.0,Female,Shirt,Clothing,23.0,California,M,Beige,Summer,3.4,No,Free Shipping,0.0,0.0,21.0,Credit Card,Annually,1.0,0.0,0.9875,0.5510204081632653,0.0,0.6000000000000001,0.4779081632653061,Medium Value
3336.0,44.0,Female,Hat,Accessories,94.0,Texas,XL,Cyan,Winter,3.5,No,Express,0.0,0.0,48.0,Bank Transfer,Quarterly,4.0,0.0,0.0625,0.26530612244897955,,0.8399999999999999,,Low Value
3337.0,39.0,Female,Blouse,Clothing,45.0,Montana,M,Brown,Fall,4.0,No,Free Shipping,0.0,0.0,24.0,Debit Card,Annually,1.0,0.0,0.4,0.22448979591836735,,0.40000000000000013,,Low Value
3338.0,23.0,Female,Jacket,Outerwear,23.0,Arizona,L,Blue,Winter,4.4,No,2-Day Shipping,0.0,0.0,45.0,Bank Transfer,Bi-Weekly,,0.0,0.3375,0.8163265306122448,0.0,0.4800000000000002,0.442030612244898,Low Value
3339.0,29.0,Female,Skirt,Clothing,94.0,Minnesota,L,White,Winter,2.9,No,2-Day Shipping,0.0,0.0,46.0,Credit Card,Monthly,12.0,0.0,0.9750000000000001,0.14285714285714285,0.0,0.9600000000000002,0.3481428571428572,Low Value
3340.0,20.0,Female,Gloves,Accessories,99.0,Nebraska,M,Cyan,Fall,3.6,No,Store Pickup,0.0,0.0,35.0,Cash,Fortnightly,26.0,0.0,0.32500000000000007,0.4693877551020408,0.058823529411764705,0.6399999999999999,0.33440216086434577,Low Value
3341.0,42.0,Female,T-shirt,Clothing,36.0,Virginia,XL,Maroon,Fall,4.4,No,Free Shipping,0.0,0.0,47.0,Credit Card,Fortnightly,26.0,0.0,0.15000000000000002,0.346938775510204,0.49019607843137253,0.8399999999999999,0.3998343337334933,Low Value
3342.0,55.0,Female,Jacket,Outerwear,50.0,Connecticut,XL,Olive,Summer,4.5,No,Standard,0.0,0.0,35.0,Credit Card,Monthly,12.0,0.0,0.6875,0.10204081632653061,0.058823529411764705,0.8,0.27596338535414167,Low Value
3343.0,66.0,Female,Jacket,Outerwear,81.0,New Jersey,M,Violet,Spring,3.8,No,Free Shipping,0.0,0.0,45.0,Credit Card,Weekly,52.0,0.0,0.38750000000000007,0.7959183673469387,0.9999999999999999,1.0,0.7958673469387754,High Value
3344.0,24.0,Female,Shorts,Clothing,31.0,Kentucky,XL,Green,Winter,3.6,No,2-Day Shipping,0.0,0.0,6.0,Cash,Bi-Weekly,,0.0,0.4,0.10204081632653061,,0.52,,Low Value
3345.0,62.0,Female,Hat,Accessories,48.0,Washington,XL,Magenta,Fall,4.3,No,Free Shipping,0.0,0.0,20.0,Cash,Annually,1.0,0.0,0.5750000000000001,0.5306122448979591,0.058823529411764705,0.8800000000000001,0.43289195678271314,Low Value
3346.0,28.0,Female,Handbag,Accessories,91.0,Florida,M,Turquoise,Summer,4.0,No,2-Day Shipping,0.0,0.0,3.0,Venmo,Bi-Weekly,,0.0,0.1875,0.02040816326530612,0.9999999999999999,0.11999999999999988,0.35766326530612236,Low Value
3347.0,30.0,Female,Jeans,Clothing,99.0,Oklahoma,M,Black,Summer,3.4,No,Express,0.0,0.0,30.0,Venmo,Quarterly,4.0,0.0,0.2875,0.7755102040816325,,0.040000000000000036,,Low Value
3348.0,22.0,Female,Shoes,Footwear,70.0,Iowa,XL,Cyan,Summer,4.4,No,Standard,0.0,0.0,28.0,PayPal,Bi-Weekly,,0.0,0.050000000000000044,0.16326530612244897,0.058823529411764705,0.52,0.144953181272509,Low Value
3349.0,28.0,Female,T-shirt,Clothing,74.0,New Hampshire,L,Gray,Winter,2.8,No,Standard,0.0,0.0,15.0,Cash,Every 3 Months,,0.0,0.7875000000000001,0.3061224489795918,,0.11999999999999988,,Low Value
3350.0,35.0,Female,Jewelry,Accessories,79.0,Georgia,M,Red,Fall,2.8,No,Store Pickup,0.0,0.0,29.0,PayPal,Quarterly,4.0,0.0,0.525,0.7142857142857142,0.058823529411764705,0.040000000000000036,0.41236134453781514,Low Value
3351.0,45.0,Female,Handbag,Accessories,33.0,Mississippi,S,Olive,Fall,4.9,No,2-Day Shipping,0.0,0.0,15.0,Cash,Bi-Weekly,,0.0,0.7250000000000001,0.02040816326530612,,0.3600000000000001,,Low Value
3352.0,43.0,Female,Shirt,Clothing,49.0,New Hampshire,L,Cyan,Spring,4.2,No,2-Day Shipping,0.0,0.0,18.0,Bank Transfer,Fortnightly,26.0,0.0,0.5125000000000001,0.4081632653061224,0.9999999999999999,0.8,0.6457653061224489,Medium Value
3353.0,55.0,Female,Belt,Accessories,96.0,Washington,M,Teal,Summer,2.9,No,Next Day Air,0.0,0.0,7.0,Bank Transfer,Bi-Weekly,,0.0,0.4625,0.7755102040816325,0.0,0.52,0.454704081632653,Medium Value
3354.0,31.0,Female,Dress,Clothing,66.0,Ohio,L,Teal,Fall,4.6,No,Free Shipping,0.0,0.0,19.0,Credit Card,Every 3 Months,,0.0,0.625,0.7551020408163265,0.0,0.20000000000000018,0.44704081632653064,Low Value
3355.0,42.0,Female,Skirt,Clothing,45.0,Maryland,M,Orange,Fall,2.8,No,Next Day Air,0.0,0.0,15.0,PayPal,Weekly,52.0,0.0,0.4625,0.10204081632653061,,0.4800000000000002,,Low Value
3356.0,40.0,Female,Blouse,Clothing,28.0,Delaware,M,Peach,Spring,2.6,No,Store Pickup,0.0,0.0,3.0,Bank Transfer,Bi-Weekly,,0.0,0.675,0.10204081632653061,,0.7600000000000002,,Low Value
3357.0,39.0,Female,Jeans,Clothing,48.0,Tennessee,M,Silver,Summer,3.5,No,Store Pickup,0.0,0.0,13.0,PayPal,Bi-Weekly,,0.0,0.875,1.0,0.21568627450980393,0.2400000000000002,0.6637058823529413,Medium Value
3358.0,41.0,Female,Hoodie,Clothing,67.0,Arkansas,M,Pink,Winter,3.5,No,Free Shipping,0.0,0.0,37.0,Credit Card,Monthly,12.0,0.0,0.9750000000000001,0.16326530612244897,0.0,0.6800000000000002,0.3283061224489796,Low Value
3359.0,56.0,Female,T-shirt,Clothing,59.0,Tennessee,M,Magenta,Fall,3.4,No,2-Day Shipping,0.0,0.0,26.0,Cash,Annually,1.0,0.0,0.2875,0.28571428571428564,,0.2400000000000002,,Low Value
3360.0,43.0,Female,Sunglasses,Accessories,74.0,New Hampshire,L,Red,Fall,3.9,No,Next Day Air,0.0,0.0,29.0,Debit Card,Monthly,12.0,0.0,0.21250000000000002,0.08163265306122448,0.058823529411764705,1.0,0.19280012004801922,Low Value
3361.0,22.0,Female,Jacket,Outerwear,81.0,Minnesota,M,Maroon,Spring,3.3,No,2-Day Shipping,0.0,0.0,47.0,Cash,Every 3 Months,,0.0,0.22500000000000003,0.24489795918367344,,0.08000000000000007,,Low Value
3362.0,47.0,Female,Shoes,Footwear,26.0,Florida,M,Silver,Spring,4.1,No,Free Shipping,0.0,0.0,47.0,Credit Card,Bi-Weekly,,0.0,0.5,0.8775510204081631,0.49019607843137253,0.52,0.6500792316926771,Medium Value
3363.0,50.0,Female,Handbag,Accessories,61.0,Tennessee,M,Gray,Summer,3.0,No,Next Day Air,0.0,0.0,48.0,Venmo,Fortnightly,26.0,0.0,0.4375,0.7142857142857142,0.0,0.32000000000000006,0.40521428571428575,Low Value
3364.0,58.0,Female,Sweater,Clothing,23.0,California,M,Turquoise,Winter,3.0,No,Next Day Air,0.0,0.0,46.0,Bank Transfer,Bi-Weekly,,0.0,0.38750000000000007,0.346938775510204,0.49019607843137253,0.9199999999999999,0.4553343337334933,Medium Value
3365.0,50.0,Female,Scarf,Accessories,33.0,Oregon,M,Peach,Fall,3.2,No,Standard,0.0,0.0,7.0,Credit Card,Monthly,12.0,0.0,0.6375000000000001,0.7755102040816325,0.9999999999999999,0.3600000000000001,0.773704081632653,High Value
3366.0,43.0,Female,Skirt,Clothing,58.0,Tennessee,L,Teal,Fall,3.9,No,Express,0.0,0.0,45.0,Credit Card,Every 3 Months,,0.0,0.5125000000000001,0.2040816326530612,,0.7600000000000002,,Low Value
3367.0,38.0,Female,Gloves,Accessories,65.0,North Carolina,M,Red,Spring,3.6,No,2-Day Shipping,0.0,0.0,47.0,Debit Card,Quarterly,4.0,0.0,0.5625,0.0,,0.56,,Low Value
3368.0,44.0,Female,T-shirt,Clothing,48.0,Tennessee,M,Blue,Summer,3.1,No,Store Pickup,0.0,0.0,6.0,Venmo,Fortnightly,26.0,0.0,0.17500000000000004,0.673469387755102,0.0,0.56,0.36038775510204085,Low Value
3369.0,30.0,Female,Sandals,Footwear,25.0,Nebraska,M,Blue,Spring,4.8,No,Express,0.0,0.0,29.0,Bank Transfer,Every 3 Months,,0.0,0.8375000000000001,0.9387755102040816,,0.6800000000000002,,Low Value
3370.0,47.0,Female,Sweater,Clothing,51.0,Maine,M,Indigo,Winter,3.8,No,2-Day Shipping,0.0,0.0,42.0,Cash,Monthly,12.0,0.0,0.7375,0.4693877551020408,0.058823529411764705,0.6000000000000001,0.4129021608643458,Low Value
3371.0,30.0,Female,Belt,Accessories,31.0,Illinois,M,Charcoal,Summer,2.8,No,Store Pickup,0.0,0.0,46.0,Cash,Fortnightly,26.0,0.0,0.32500000000000007,0.38775510204081626,0.058823529411764705,0.040000000000000036,0.2417490996398559,Low Value
3372.0,49.0,Female,Hoodie,Clothing,99.0,Colorado,S,Turquoise,Winter,4.0,No,Next Day Air,0.0,0.0,28.0,PayPal,Annually,1.0,0.0,0.65,0.2040816326530612,0.0,0.7600000000000002,0.2876326530612245,Low Value
3373.0,56.0,Female,Socks,Clothing,25.0,Pennsylvania,M,Maroon,Winter,4.6,No,Free Shipping,0.0,0.0,14.0,Credit Card,Every 3 Months,,0.0,0.9125000000000001,0.04081632653061225,,0.28000000000000025,,Low Value
3374.0,70.0,Female,Sandals,Footwear,52.0,Minnesota,M,Purple,Spring,3.5,No,Store Pickup,0.0,0.0,12.0,Debit Card,Every 3 Months,,0.0,0.7000000000000001,0.7551020408163265,,0.72,,Low Value
3375.0,22.0,Female,Blouse,Clothing,47.0,Nevada,S,Lavender,Spring,3.7,No,2-Day Shipping,0.0,0.0,41.0,Debit Card,Annually,1.0,0.0,0.45000000000000007,0.8979591836734693,0.9999999999999999,0.9600000000000002,0.8451836734693878,High Value
3376.0,51.0,Female,Boots,Footwear,98.0,Connecticut,XL,Yellow,Fall,4.9,No,Express,0.0,0.0,8.0,Credit Card,Annually,1.0,0.0,0.7875000000000001,0.6122448979591836,0.058823529411764705,0.52,0.4720450180072029,Medium Value
3377.0,22.0,Female,Hat,Accessories,46.0,Ohio,M,Green,Winter,4.1,No,Store Pickup,0.0,0.0,24.0,Cash,Quarterly,4.0,0.0,0.875,0.3061224489795918,,0.0,,Low Value
3378.0,37.0,Female,Shirt,Clothing,32.0,Kentucky,M,Yellow,Winter,4.6,No,Next Day Air,0.0,0.0,18.0,PayPal,Fortnightly,26.0,0.0,0.925,0.04081632653061225,0.058823529411764705,0.9600000000000002,0.31497358943577436,Low Value
3379.0,49.0,Female,Shorts,Clothing,75.0,Minnesota,L,Gold,Fall,4.5,No,Next Day Air,0.0,0.0,6.0,Cash,Quarterly,4.0,0.0,0.6000000000000001,0.28571428571428564,0.0,0.20000000000000018,0.25428571428571434,Low Value
3380.0,61.0,Female,Handbag,Accessories,51.0,Tennessee,L,Turquoise,Summer,5.0,No,Store Pickup,0.0,0.0,40.0,Cash,Weekly,52.0,0.0,0.4125000000000001,0.2040816326530612,,0.28000000000000025,,Low Value
3381.0,41.0,Female,Dress,Clothing,52.0,North Dakota,L,Blue,Summer,3.8,No,Standard,0.0,0.0,6.0,PayPal,Every 3 Months,,0.0,0.1875,0.4285714285714285,0.49019607843137253,0.15999999999999992,0.37198739495798316,Low Value
3382.0,57.0,Female,Hat,Accessories,66.0,Minnesota,L,Turquoise,Winter,4.7,No,Standard,0.0,0.0,27.0,Credit Card,Quarterly,4.0,0.0,0.125,0.693877551020408,0.0,0.11999999999999988,0.31455102040816324,Low Value
3383.0,34.0,Female,Sweater,Clothing,35.0,Nebraska,M,Maroon,Spring,2.8,No,Express,0.0,0.0,2.0,Bank Transfer,Weekly,52.0,0.0,0.07500000000000001,0.08163265306122448,,0.2400000000000002,,Low Value
3384.0,27.0,Female,Coat,Outerwear,43.0,Delaware,M,Pink,Fall,2.6,No,Next Day Air,0.0,0.0,39.0,Venmo,Bi-Weekly,,0.0,0.5,0.693877551020408,,0.3600000000000001,,Low Value
3385.0,39.0,Female,Hoodie,Clothing,24.0,Minnesota,L,Maroon,Summer,3.8,No,Free Shipping,0.0,0.0,9.0,Venmo,Quarterly,4.0,0.0,0.125,0.5306122448979591,0.9999999999999999,0.15999999999999992,0.5532448979591836,Medium Value
3386.0,62.0,Female,Jewelry,Accessories,83.0,Rhode Island,M,Olive,Winter,2.8,No,Standard,0.0,0.0,16.0,Credit Card,Every 3 Months,,0.0,0.8875,0.16326530612244897,0.21568627450980393,0.28000000000000025,0.3355120048019208,Low Value
3387.0,34.0,Female,T-shirt,Clothing,62.0,Michigan,M,Lavender,Fall,2.6,No,2-Day Shipping,0.0,0.0,36.0,Cash,Quarterly,4.0,0.0,0.6375000000000001,0.4081632653061224,,0.52,,Low Value
3388.0,53.0,Female,Pants,Clothing,78.0,New Jersey,S,Pink,Spring,3.4,No,2-Day Shipping,0.0,0.0,2.0,Credit Card,Bi-Weekly,,0.0,0.55,0.44897959183673464,0.21568627450980393,0.44000000000000017,0.3982977190876351,Low Value
3389.0,35.0,Female,Sweater,Clothing,61.0,South Dakota,M,Cyan,Spring,4.5,No,Store Pickup,0.0,0.0,21.0,Credit Card,Weekly,52.0,0.0,0.42500000000000004,0.04081632653061225,,0.72,,Low Value
3390.0,38.0,Female,Pants,Clothing,57.0,North Carolina,L,Maroon,Fall,3.8,No,Free Shipping,0.0,0.0,39.0,Venmo,Annually,1.0,0.0,0.1875,0.6122448979591836,0.0,0.9199999999999999,0.37439795918367347,Low Value
3391.0,32.0,Female,Socks,Clothing,70.0,Oregon,S,Red,Summer,3.0,No,Next Day Air,0.0,0.0,38.0,PayPal,Annually,1.0,0.0,0.22500000000000003,0.8775510204081631,0.0,0.0,0.39602040816326534,Low Value
3392.0,47.0,Female,Hoodie,Clothing,57.0,Montana,M,Silver,Fall,3.7,No,2-Day Shipping,0.0,0.0,6.0,Debit Card,Every 3 Months,,0.0,0.6125,0.38775510204081626,0.21568627450980393,0.0,0.34230792316926767,Low Value
3393.0,53.0,Female,Scarf,Accessories,74.0,New Jersey,XL,Blue,Winter,4.4,No,Free Shipping,0.0,0.0,6.0,Venmo,Bi-Weekly,,0.0,0.9500000000000002,0.673469387755102,0.9999999999999999,0.8399999999999999,0.8433877551020408,High Value
3394.0,60.0,Female,Dress,Clothing,90.0,Arizona,M,Gold,Fall,3.1,No,Next Day Air,0.0,0.0,50.0,Debit Card,Monthly,12.0,0.0,0.6625000000000001,0.32653061224489793,,0.6800000000000002,,Low Value
3395.0,31.0,Female,Sandals,Footwear,98.0,Vermont,S,Yellow,Spring,4.2,No,Store Pickup,0.0,0.0,9.0,PayPal,Annually,1.0,0.0,0.36250000000000004,0.38775510204081626,0.0,0.6800000000000002,0.2956020408163265,Low Value
3396.0,44.0,Female,Dress,Clothing,43.0,Colorado,M,Silver,Winter,3.1,No,Free Shipping,0.0,0.0,15.0,Debit Card,Every 3 Months,,0.0,0.30000000000000004,0.9183673469387754,,0.9199999999999999,,Low Value
3397.0,29.0,Female,Pants,Clothing,37.0,Tennessee,XL,Black,Winter,5.0,No,Next Day Air,0.0,0.0,5.0,PayPal,Quarterly,4.0,0.0,0.9125000000000001,0.5510204081632653,0.0,0.8,0.4829081632653061,Medium Value
3398.0,19.0,Female,Blouse,Clothing,38.0,New Jersey,L,Yellow,Summer,2.7,No,Standard,0.0,0.0,13.0,Bank Transfer,Bi-Weekly,,0.0,0.65,0.10204081632653061,0.49019607843137253,0.32000000000000006,0.349875150060024,Low Value
3399.0,54.0,Female,Jeans,Clothing,60.0,Montana,L,Pink,Winter,3.8,No,Standard,0.0,0.0,44.0,Cash,Fortnightly,26.0,0.0,0.8875,1.0,,0.08000000000000007,,Low Value
3400.0,40.0,Female,Pants,Clothing,55.0,Montana,XL,Yellow,Winter,3.3,No,Standard,0.0,0.0,36.0,Debit Card,Annually,1.0,0.0,0.7875000000000001,0.8163265306122448,0.21568627450980393,0.11999999999999988,0.5607364945978391,Medium Value
3401.0,39.0,Female,Sunglasses,Accessories,51.0,Nevada,M,Lavender,Fall,4.8,No,Free Shipping,0.0,0.0,18.0,Venmo,Fortnightly,26.0,0.0,0.525,1.0,0.0,0.40000000000000013,0.545,Medium Value
3402.0,44.0,Female,Backpack,Accessories,71.0,Nevada,L,Peach,Winter,3.4,No,Standard,0.0,0.0,39.0,Credit Card,Weekly,52.0,0.0,0.6375000000000001,0.6530612244897959,0.21568627450980393,0.20000000000000018,0.4734303721488595,Medium Value
3403.0,22.0,Female,Hoodie,Clothing,61.0,Louisiana,M,Black,Spring,4.4,No,2-Day Shipping,0.0,0.0,11.0,PayPal,Every 3 Months,,0.0,0.9125000000000001,0.4897959183673469,0.058823529411764705,0.8,0.47606542617046826,Medium Value
3404.0,30.0,Female,Boots,Footwear,65.0,Illinois,M,Olive,Summer,3.9,No,Standard,0.0,0.0,1.0,Cash,Bi-Weekly,,0.0,0.5375000000000001,0.02040816326530612,0.9999999999999999,0.72,0.4876632653061224,Medium Value
3405.0,69.0,Female,Gloves,Accessories,34.0,South Carolina,L,Olive,Fall,3.9,No,2-Day Shipping,0.0,0.0,34.0,Credit Card,Annually,1.0,0.0,0.9500000000000002,0.28571428571428564,0.0,0.6399999999999999,0.3682857142857143,Low Value
3406.0,28.0,Female,Blouse,Clothing,87.0,Washington,M,White,Summer,4.2,No,Store Pickup,0.0,0.0,47.0,Bank Transfer,Bi-Weekly,,0.0,0.7250000000000001,0.22448979591836735,0.9999999999999999,0.72,0.6067959183673469,Medium Value
3407.0,57.0,Female,Sweater,Clothing,79.0,Nebraska,M,Red,Spring,4.0,No,Store Pickup,0.0,0.0,24.0,Venmo,Quarterly,4.0,0.0,0.050000000000000044,0.5510204081632653,,1.0,,Low Value
3408.0,46.0,Female,Dress,Clothing,46.0,Alabama,S,Purple,Spring,2.6,No,Store Pickup,0.0,0.0,20.0,Cash,Quarterly,4.0,0.0,0.5375000000000001,0.22448979591836735,,0.52,,Low Value
3409.0,48.0,Female,Socks,Clothing,72.0,Montana,L,Purple,Summer,4.4,No,Standard,0.0,0.0,11.0,Bank Transfer,Annually,1.0,0.0,0.4750000000000001,0.04081632653061225,0.0,0.9600000000000002,0.20732653061224496,Low Value
3410.0,24.0,Female,Shirt,Clothing,93.0,Minnesota,M,Teal,Summer,3.2,No,Next Day Air,0.0,0.0,3.0,Credit Card,Every 3 Months,,0.0,0.4375,0.38775510204081626,0.9999999999999999,1.0,0.6426020408163264,Medium Value
3411.0,50.0,Female,Sandals,Footwear,76.0,Ohio,L,Teal,Summer,4.3,No,Free Shipping,0.0,0.0,38.0,Bank Transfer,Bi-Weekly,,0.0,0.4750000000000001,0.04081632653061225,,0.72,,Low Value
3412.0,29.0,Female,Shoes,Footwear,56.0,New York,L,Gray,Winter,4.9,No,2-Day Shipping,0.0,0.0,45.0,Cash,Weekly,52.0,0.0,0.10000000000000003,0.6326530612244897,0.49019607843137253,0.6399999999999999,0.48412004801920766,Medium Value
3413.0,61.0,Female,Sandals,Footwear,83.0,Indiana,M,Magenta,Fall,3.8,No,Store Pickup,0.0,0.0,31.0,Venmo,Quarterly,4.0,0.0,0.21250000000000002,0.693877551020408,0.21568627450980393,0.8,0.46475690276110443,Medium Value
3414.0,34.0,Female,Gloves,Accessories,90.0,Delaware,XL,Black,Winter,2.5,No,Express,0.0,0.0,16.0,PayPal,Bi-Weekly,,0.0,0.7250000000000001,0.6122448979591836,0.21568627450980393,0.44000000000000017,0.4986038415366147,Medium Value
3415.0,27.0,Female,Boots,Footwear,94.0,Connecticut,M,Maroon,Spring,4.9,No,Next Day Air,0.0,0.0,3.0,Bank Transfer,Quarterly,4.0,0.0,0.6625000000000001,0.24489795918367344,0.0,0.20000000000000018,0.2504591836734694,Low Value
3416.0,38.0,Female,Blouse,Clothing,68.0,New York,M,Gold,Fall,3.0,No,2-Day Shipping,0.0,0.0,15.0,Bank Transfer,Annually,1.0,0.0,0.0,0.04081632653061225,0.49019607843137253,0.4800000000000002,0.21138535414165666,Low Value
3417.0,25.0,Female,Sandals,Footwear,53.0,Alabama,M,Purple,Spring,3.2,No,Store Pickup,0.0,0.0,11.0,Bank Transfer,Every 3 Months,,0.0,0.5,0.9591836734693877,,0.72,,Low Value
3418.0,54.0,Female,Coat,Outerwear,35.0,Massachusetts,M,Blue,Summer,2.9,No,2-Day Shipping,0.0,0.0,22.0,Debit Card,Fortnightly,26.0,0.0,0.6375000000000001,0.28571428571428564,,0.8399999999999999,,Low Value
3419.0,53.0,Female,Jacket,Outerwear,30.0,South Carolina,M,Beige,Summer,2.8,No,Free Shipping,0.0,0.0,35.0,Debit Card,Annually,1.0,0.0,0.8625,0.24489795918367344,0.0,0.8800000000000001,0.3584591836734694,Low Value
3420.0,23.0,Female,Jewelry,Accessories,26.0,West Virginia,L,Indigo,Winter,3.1,No,Store Pickup,0.0,0.0,5.0,Venmo,Bi-Weekly,,0.0,0.4125000000000001,0.4081632653061224,0.21568627450980393,0.8399999999999999,0.3944711884753902,Low Value
3421.0,19.0,Female,Hat,Accessories,60.0,Kentucky,M,Purple,Winter,3.4,No,Express,0.0,0.0,35.0,PayPal,Bi-Weekly,,0.0,0.8375000000000001,0.5714285714285714,0.49019607843137253,0.20000000000000018,0.5631302521008403,Medium Value
3422.0,57.0,Female,Shoes,Footwear,30.0,New Jersey,M,Maroon,Summer,2.9,No,Free Shipping,0.0,0.0,27.0,PayPal,Weekly,52.0,0.0,0.21250000000000002,0.4693877551020408,0.058823529411764705,0.3600000000000001,0.2839021608643458,Low Value
3423.0,19.0,Female,Coat,Outerwear,91.0,New York,L,Beige,Winter,3.2,No,Next Day Air,0.0,0.0,9.0,Venmo,Monthly,12.0,0.0,0.21250000000000002,0.4081632653061224,0.0,0.52,0.25776530612244897,Low Value
3424.0,33.0,Female,Boots,Footwear,71.0,Massachusetts,M,Brown,Spring,3.8,No,Next Day Air,0.0,0.0,21.0,PayPal,Bi-Weekly,,0.0,0.7250000000000001,0.08163265306122448,,0.2400000000000002,,Low Value
3425.0,33.0,Female,Scarf,Accessories,64.0,Florida,L,Green,Summer,3.6,No,2-Day Shipping,0.0,0.0,23.0,Credit Card,Monthly,12.0,0.0,0.03750000000000003,0.9387755102040816,0.058823529411764705,0.7600000000000002,0.4766572629051621,Medium Value
3426.0,38.0,Female,Hat,Accessories,54.0,Michigan,M,Blue,Summer,4.3,No,Next Day Air,0.0,0.0,3.0,Debit Card,Bi-Weekly,,0.0,0.6625000000000001,0.673469387755102,,0.8,,Low Value
3427.0,47.0,Female,Socks,Clothing,35.0,Oregon,XL,Magenta,Fall,4.8,No,2-Day Shipping,0.0,0.0,31.0,Credit Card,Annually,1.0,0.0,0.08750000000000002,0.8979591836734693,0.49019607843137253,0.11999999999999988,0.5357424969987995,Medium Value
3428.0,39.0,Female,T-shirt,Clothing,38.0,Michigan,XL,Turquoise,Winter,2.5,No,Store Pickup,0.0,0.0,44.0,Cash,Annually,1.0,0.0,0.48750000000000004,0.22448979591836735,0.0,0.08000000000000007,0.19529591836734697,Low Value
3429.0,32.0,Female,Jewelry,Accessories,69.0,Washington,M,Gray,Fall,2.5,No,Next Day Air,0.0,0.0,20.0,Venmo,Monthly,12.0,0.0,0.4125000000000001,0.6122448979591836,0.9999999999999999,0.3600000000000001,0.6633979591836734,Medium Value
3430.0,27.0,Female,Skirt,Clothing,96.0,Alaska,S,Purple,Winter,4.6,No,Express,0.0,0.0,34.0,Debit Card,Weekly,52.0,0.0,0.275,0.8571428571428571,0.0,0.8399999999999999,0.4818571428571429,Medium Value
3431.0,67.0,Female,Socks,Clothing,73.0,Montana,M,Lavender,Winter,4.2,No,Next Day Air,0.0,0.0,17.0,Bank Transfer,Every 3 Months,,0.0,0.3125,0.08163265306122448,0.0,1.0,0.1951530612244898,Low Value
3432.0,46.0,Female,Belt,Accessories,49.0,New Mexico,S,Green,Summer,4.2,No,Express,0.0,0.0,20.0,Venmo,Annually,1.0,0.0,0.8625,0.7142857142857142,0.058823529411764705,0.40000000000000013,0.5158613445378152,Medium Value
3433.0,36.0,Female,Boots,Footwear,44.0,Connecticut,M,Gray,Summer,4.8,No,2-Day Shipping,0.0,0.0,46.0,PayPal,Every 3 Months,,0.0,0.8125,0.22448979591836735,0.0,0.32000000000000006,0.28429591836734697,Low Value
3434.0,62.0,Female,Socks,Clothing,93.0,Alaska,M,Yellow,Spring,4.5,No,Free Shipping,0.0,0.0,28.0,PayPal,Annually,1.0,0.0,0.6125,0.6122448979591836,,0.8,,Low Value
3435.0,31.0,Female,Pants,Clothing,72.0,Ohio,S,Orange,Summer,3.3,No,2-Day Shipping,0.0,0.0,6.0,Venmo,Fortnightly,26.0,0.0,0.5750000000000001,0.6122448979591836,,0.2400000000000002,,Low Value
3436.0,68.0,Female,Socks,Clothing,91.0,Montana,M,Beige,Summer,2.7,No,2-Day Shipping,0.0,0.0,50.0,Debit Card,Bi-Weekly,,0.0,0.275,0.28571428571428564,0.9999999999999999,0.6000000000000001,0.5292857142857142,Medium Value
3437.0,57.0,Female,Belt,Accessories,83.0,Nebraska,L,Peach,Winter,2.8,No,2-Day Shipping,0.0,0.0,41.0,Bank Transfer,Monthly,12.0,0.0,0.25,0.2040816326530612,0.9999999999999999,0.0,0.4316326530612244,Low Value
3438.0,22.0,Female,Jacket,Outerwear,62.0,Oklahoma,S,Green,Winter,3.5,No,2-Day Shipping,0.0,0.0,50.0,PayPal,Annually,1.0,0.0,0.7750000000000001,0.346938775510204,0.21568627450980393,0.7600000000000002,0.43448139255702284,Low Value
3439.0,26.0,Female,Shirt,Clothing,71.0,Kentucky,M,Violet,Fall,3.0,No,Store Pickup,0.0,0.0,33.0,Credit Card,Monthly,12.0,0.0,0.8500000000000001,0.16326530612244897,0.058823529411764705,0.7600000000000002,0.32895318127250905,Low Value
3440.0,43.0,Female,Gloves,Accessories,93.0,Idaho,M,Gray,Summer,4.5,No,Express,0.0,0.0,25.0,Venmo,Quarterly,4.0,0.0,0.9875,0.2040816326530612,0.9999999999999999,0.28000000000000025,0.6071326530612244,Medium Value
3441.0,45.0,Female,Handbag,Accessories,63.0,Maryland,L,Magenta,Fall,4.3,No,2-Day Shipping,0.0,0.0,2.0,PayPal,Weekly,52.0,0.0,0.8125,0.7551020408163265,,0.52,,Low Value
3442.0,64.0,Female,Sweater,Clothing,96.0,Tennessee,XL,Charcoal,Fall,4.1,No,Standard,0.0,0.0,15.0,Credit Card,Annually,1.0,0.0,0.4625,0.836734693877551,0.058823529411764705,0.8399999999999999,0.5288409363745499,Medium Value
3443.0,28.0,Female,Skirt,Clothing,78.0,Michigan,M,Violet,Spring,4.3,No,Next Day Air,0.0,0.0,12.0,PayPal,Weekly,52.0,0.0,0.45000000000000007,0.8163265306122448,0.21568627450980393,0.9600000000000002,0.5772364945978392,Medium Value
3444.0,47.0,Female,Dress,Clothing,24.0,Tennessee,L,Silver,Summer,5.0,No,Free Shipping,0.0,0.0,28.0,Cash,Bi-Weekly,,0.0,0.7375,0.8979591836734693,0.21568627450980393,0.40000000000000013,0.611389555822329,Medium Value
3445.0,53.0,Female,Pants,Clothing,63.0,Rhode Island,S,Green,Summer,3.8,No,2-Day Shipping,0.0,0.0,12.0,Bank Transfer,Bi-Weekly,,0.0,0.5875,0.8163265306122448,,0.3600000000000001,,Low Value
3446.0,42.0,Female,Hat,Accessories,58.0,Florida,M,Magenta,Fall,4.9,No,Standard,0.0,0.0,3.0,Debit Card,Annually,1.0,0.0,0.5125000000000001,0.693877551020408,0.9999999999999999,0.56,0.7360510204081632,Medium Value
3447.0,51.0,Female,Boots,Footwear,55.0,Louisiana,S,Purple,Spring,5.0,No,2-Day Shipping,0.0,0.0,20.0,Cash,Weekly,52.0,0.0,0.21250000000000002,0.4081632653061224,,0.56,,Low Value
3448.0,62.0,Female,Sandals,Footwear,58.0,Arkansas,M,Blue,Fall,4.3,No,Express,0.0,0.0,3.0,Bank Transfer,Bi-Weekly,,0.0,0.6875,0.24489795918367344,,0.6800000000000002,,Low Value
3449.0,18.0,Female,Coat,Outerwear,28.0,Kentucky,S,Yellow,Winter,4.1,No,Express,0.0,0.0,32.0,Bank Transfer,Fortnightly,26.0,0.0,0.012500000000000011,0.44897959183673464,0.49019607843137253,0.3600000000000001,0.36515066026410564,Low Value
3450.0,48.0,Female,Blouse,Clothing,37.0,Kansas,M,Brown,Spring,4.5,No,Standard,0.0,0.0,35.0,Cash,Monthly,12.0,0.0,0.8625,0.10204081632653061,0.9999999999999999,0.9600000000000002,0.6093163265306123,Medium Value
3451.0,20.0,Female,Shorts,Clothing,78.0,Vermont,M,Pink,Spring,3.6,No,Store Pickup,0.0,0.0,31.0,PayPal,Monthly,12.0,0.0,0.050000000000000044,0.7755102040816325,0.0,0.15999999999999992,0.33620408163265303,Low Value
3452.0,32.0,Female,Blouse,Clothing,73.0,Nevada,XL,Silver,Fall,3.0,No,Free Shipping,0.0,0.0,13.0,Credit Card,Annually,1.0,0.0,0.08750000000000002,0.12244897959183673,0.058823529411764705,0.9600000000000002,0.18012665066026412,Low Value
3453.0,26.0,Female,Jacket,Outerwear,20.0,Oklahoma,M,Indigo,Spring,3.7,No,Next Day Air,0.0,0.0,3.0,Venmo,Fortnightly,26.0,0.0,0.07500000000000001,0.6326530612244897,,0.8399999999999999,,Low Value
3454.0,31.0,Female,Shirt,Clothing,60.0,Alabama,L,Pink,Winter,4.3,No,Standard,0.0,0.0,48.0,Venmo,Bi-Weekly,,0.0,0.7750000000000001,0.8571428571428571,0.058823529411764705,0.44000000000000017,0.5595042016806724,Medium Value
3455.0,55.0,Female,Handbag,Accessories,71.0,Louisiana,S,Lavender,Fall,4.6,No,Store Pickup,0.0,0.0,15.0,PayPal,Bi-Weekly,,0.0,0.10000000000000003,0.28571428571428564,0.21568627450980393,0.72,0.27099159663865546,Low Value
3456.0,49.0,Female,T-shirt,Clothing,89.0,Ohio,M,Orange,Fall,4.7,No,Standard,0.0,0.0,13.0,Venmo,Annually,1.0,0.0,0.5625,0.9591836734693877,0.0,0.8399999999999999,0.580173469387755,Medium Value
3457.0,42.0,Female,Hoodie,Clothing,53.0,Texas,M,Red,Fall,4.6,No,Express,0.0,0.0,21.0,Venmo,Monthly,12.0,0.0,0.7750000000000001,0.693877551020408,0.9999999999999999,0.8800000000000001,0.8205510204081632,High Value
3458.0,64.0,Female,Jewelry,Accessories,87.0,Maryland,M,Gray,Summer,3.0,No,Express,0.0,0.0,29.0,Cash,Fortnightly,26.0,0.0,0.22500000000000003,0.8163265306122448,0.058823529411764705,0.40000000000000013,0.4291776710684274,Low Value
3459.0,68.0,Female,Jewelry,Accessories,37.0,West Virginia,L,Violet,Spring,3.4,No,Standard,0.0,0.0,24.0,Venmo,Quarterly,4.0,0.0,0.16250000000000003,0.26530612244897955,0.9999999999999999,0.11999999999999988,0.4506224489795918,Medium Value
3460.0,68.0,Female,Hoodie,Clothing,37.0,Ohio,L,Green,Fall,3.8,No,Express,0.0,0.0,21.0,PayPal,Annually,1.0,0.0,0.22500000000000003,0.4285714285714285,0.21568627450980393,0.6000000000000001,0.3411344537815126,Low Value
3461.0,41.0,Female,Scarf,Accessories,78.0,Indiana,M,Gold,Spring,3.1,No,Express,0.0,0.0,5.0,Bank Transfer,Bi-Weekly,,0.0,0.3500000000000001,0.3061224489795918,,0.72,,Low Value
3462.0,51.0,Female,Shoes,Footwear,23.0,Wyoming,S,Maroon,Spring,4.4,No,Standard,0.0,0.0,47.0,Cash,Quarterly,4.0,0.0,0.1875,0.02040816326530612,,0.52,,Low Value
3463.0,44.0,Female,Jeans,Clothing,73.0,Michigan,L,Olive,Spring,4.5,No,Standard,0.0,0.0,34.0,Credit Card,Every 3 Months,,0.0,0.11250000000000004,0.24489795918367344,,0.20000000000000018,,Low Value
3464.0,27.0,Female,Jewelry,Accessories,27.0,Maine,M,Yellow,Fall,2.8,No,2-Day Shipping,0.0,0.0,45.0,PayPal,Fortnightly,26.0,0.0,0.3500000000000001,0.7551020408163265,0.49019607843137253,0.8399999999999999,0.6030996398559424,Medium Value
3465.0,36.0,Female,Coat,Outerwear,59.0,Utah,S,Peach,Winter,2.7,No,Next Day Air,0.0,0.0,12.0,PayPal,Annually,1.0,0.0,0.8375000000000001,0.8571428571428571,0.9999999999999999,0.9199999999999999,0.9023571428571427,High Value
3466.0,19.0,Female,Backpack,Accessories,53.0,Iowa,M,Gold,Spring,3.4,No,Standard,0.0,0.0,31.0,Debit Card,Weekly,52.0,0.0,0.525,0.510204081632653,0.058823529411764705,0.8800000000000001,0.41472869147659064,Low Value
3467.0,49.0,Female,Socks,Clothing,42.0,Maryland,S,Purple,Summer,4.6,No,Standard,0.0,0.0,43.0,Bank Transfer,Annually,1.0,0.0,0.9500000000000002,0.7755102040816325,0.9999999999999999,0.56,0.856204081632653,High Value
3468.0,18.0,Female,Scarf,Accessories,45.0,Texas,M,Charcoal,Fall,5.0,No,Next Day Air,0.0,0.0,5.0,Credit Card,Annually,1.0,0.0,0.26250000000000007,1.0,0.21568627450980393,0.6000000000000001,0.5772058823529412,Medium Value
3469.0,36.0,Female,Sunglasses,Accessories,89.0,Ohio,S,Indigo,Winter,3.5,No,Standard,0.0,0.0,36.0,Debit Card,Quarterly,4.0,0.0,0.275,0.7959183673469387,,0.4800000000000002,,Low Value
3470.0,36.0,Female,Socks,Clothing,85.0,North Dakota,L,Magenta,Fall,3.3,No,Store Pickup,0.0,0.0,12.0,Cash,Annually,1.0,0.0,0.4625,0.22448979591836735,0.49019607843137253,0.4800000000000002,0.37735474189675877,Low Value
3471.0,19.0,Female,Coat,Outerwear,69.0,West Virginia,S,Olive,Summer,4.5,No,Free Shipping,0.0,0.0,31.0,Cash,Bi-Weekly,,0.0,0.5625,0.6530612244897959,,0.6800000000000002,,Low Value
3472.0,43.0,Female,Sandals,Footwear,66.0,North Carolina,S,Blue,Spring,3.1,No,Store Pickup,0.0,0.0,31.0,Cash,Bi-Weekly,,0.0,0.42500000000000004,0.9795918367346937,0.9999999999999999,0.8800000000000001,0.8648367346938775,High Value
3473.0,31.0,Female,Blouse,Clothing,42.0,Georgia,S,White,Summer,4.0,No,Free Shipping,0.0,0.0,15.0,Debit Card,Weekly,52.0,0.0,0.025000000000000022,0.8571428571428571,,0.72,,Low Value
3474.0,63.0,Female,Dress,Clothing,40.0,Kansas,M,Cyan,Spring,2.5,No,Express,0.0,0.0,11.0,Cash,Weekly,52.0,0.0,0.9500000000000002,0.26530612244897955,0.21568627450980393,0.9600000000000002,0.4568283313325331,Medium Value
3475.0,41.0,Female,Pants,Clothing,82.0,Maine,M,Cyan,Winter,4.4,No,Store Pickup,0.0,0.0,18.0,Venmo,Monthly,12.0,0.0,0.7625,0.4081632653061224,,0.56,,Low Value
3476.0,48.0,Female,Sneakers,Footwear,88.0,South Carolina,M,Orange,Spring,4.4,No,Express,0.0,0.0,9.0,Cash,Quarterly,4.0,0.0,0.32500000000000007,0.6122448979591836,0.058823529411764705,0.3600000000000001,0.3635450180072029,Low Value
3477.0,68.0,Female,Boots,Footwear,99.0,South Carolina,XL,Orange,Summer,3.2,No,Free Shipping,0.0,0.0,11.0,Cash,Weekly,52.0,0.0,0.675,0.5714285714285714,0.49019607843137253,0.6800000000000002,0.5786302521008404,Medium Value
3478.0,53.0,Female,Handbag,Accessories,85.0,Kentucky,S,Teal,Spring,3.8,No,Store Pickup,0.0,0.0,38.0,Debit Card,Bi-Weekly,,0.0,0.375,0.6326530612244897,0.21568627450980393,0.8800000000000001,0.4807671068427371,Medium Value
3479.0,36.0,Female,Handbag,Accessories,57.0,Arizona,M,Magenta,Fall,4.6,No,Store Pickup,0.0,0.0,42.0,PayPal,Quarterly,4.0,0.0,0.75,0.3061224489795918,,0.6000000000000001,,Low Value
3480.0,46.0,Female,Sweater,Clothing,56.0,New York,S,Orange,Summer,4.9,No,Standard,0.0,0.0,41.0,Cash,Monthly,12.0,0.0,0.45000000000000007,0.7551020408163265,,0.6000000000000001,,Low Value
3481.0,21.0,Female,Sandals,Footwear,79.0,New Hampshire,L,Peach,Winter,3.5,No,Free Shipping,0.0,0.0,45.0,PayPal,Monthly,12.0,0.0,0.6125,0.673469387755102,,0.2400000000000002,,Low Value
3482.0,52.0,Female,Socks,Clothing,67.0,Ohio,S,Maroon,Summer,3.4,No,Store Pickup,0.0,0.0,41.0,Debit Card,Bi-Weekly,,0.0,0.9625000000000001,0.5918367346938774,0.058823529411764705,0.6800000000000002,0.5148817527010805,Medium Value
3483.0,66.0,Female,Gloves,Accessories,61.0,Hawaii,M,Gold,Winter,3.9,No,Next Day Air,0.0,0.0,35.0,Debit Card,Weekly,52.0,0.0,0.5750000000000001,0.26530612244897955,0.49019607843137253,0.4800000000000002,0.4161812725090036,Low Value
3484.0,19.0,Female,Hoodie,Clothing,37.0,Texas,L,White,Winter,3.9,No,Express,0.0,0.0,21.0,Credit Card,Every 3 Months,,0.0,0.625,0.6530612244897959,0.21568627450980393,0.2400000000000002,0.4749303721488595,Medium Value
3485.0,44.0,Female,Dress,Clothing,75.0,Illinois,L,Gray,Fall,4.2,No,Free Shipping,0.0,0.0,13.0,Credit Card,Bi-Weekly,,0.0,0.375,0.693877551020408,0.9999999999999999,0.4800000000000002,0.7005510204081631,Medium Value
3486.0,50.0,Female,Shirt,Clothing,21.0,Massachusetts,XL,Brown,Winter,3.4,No,Standard,0.0,0.0,23.0,Debit Card,Fortnightly,26.0,0.0,0.8125,0.24489795918367344,0.058823529411764705,0.28000000000000025,0.3061062424969988,Low Value
3487.0,51.0,Female,Shorts,Clothing,89.0,North Carolina,L,Charcoal,Winter,4.9,No,Standard,0.0,0.0,6.0,PayPal,Weekly,52.0,0.0,0.48750000000000004,0.5918367346938774,0.49019607843137253,0.11999999999999988,0.49329351740696276,Medium Value
3488.0,25.0,Female,Sandals,Footwear,24.0,West Virginia,L,Beige,Fall,2.9,No,Store Pickup,0.0,0.0,39.0,Bank Transfer,Annually,1.0,0.0,0.675,0.5918367346938774,0.21568627450980393,0.15999999999999992,0.45244057623049216,Medium Value
3489.0,62.0,Female,Sweater,Clothing,27.0,Delaware,XL,Teal,Spring,4.9,No,Store Pickup,0.0,0.0,7.0,Cash,Quarterly,4.0,0.0,0.22500000000000003,0.9387755102040816,0.0,0.40000000000000013,0.4605102040816327,Medium Value
3490.0,48.0,Female,Dress,Clothing,26.0,Idaho,L,Black,Summer,4.6,No,2-Day Shipping,0.0,0.0,32.0,PayPal,Every 3 Months,,0.0,0.9875,0.0,,0.52,,Low Value
3491.0,62.0,Female,Boots,Footwear,82.0,Oregon,M,Violet,Spring,3.6,No,Store Pickup,0.0,0.0,43.0,Credit Card,Quarterly,4.0,0.0,0.9625000000000001,0.0,0.9999999999999999,0.8800000000000001,0.5805,Medium Value
3492.0,22.0,Female,Pants,Clothing,28.0,Maine,M,Orange,Winter,4.3,No,Express,0.0,0.0,15.0,Cash,Monthly,12.0,0.0,0.5875,0.6530612244897959,0.0,0.8,0.45872448979591834,Medium Value
3493.0,48.0,Female,Gloves,Accessories,65.0,South Dakota,M,Turquoise,Fall,4.6,No,Standard,0.0,0.0,48.0,Bank Transfer,Annually,1.0,0.0,0.0,0.8571428571428571,0.9999999999999999,0.56,0.6988571428571428,Medium Value
3494.0,48.0,Female,Pants,Clothing,82.0,New Mexico,XL,Black,Winter,4.7,No,Store Pickup,0.0,0.0,35.0,Credit Card,Weekly,52.0,0.0,0.3125,0.7346938775510203,0.9999999999999999,0.3600000000000001,0.6923775510204081,Medium Value
3495.0,62.0,Female,Scarf,Accessories,38.0,Washington,M,Silver,Winter,3.5,No,Free Shipping,0.0,0.0,41.0,PayPal,Quarterly,4.0,0.0,0.4,0.44897959183673464,0.058823529411764705,0.8399999999999999,0.3612388955582233,Low Value
3496.0,24.0,Female,Shorts,Clothing,33.0,Georgia,XL,Gray,Spring,2.8,No,Free Shipping,0.0,0.0,14.0,Cash,Weekly,52.0,0.0,0.6000000000000001,0.22448979591836735,0.0,0.8399999999999999,0.293795918367347,Low Value
3497.0,39.0,Female,Shoes,Footwear,38.0,Idaho,M,Pink,Summer,4.0,No,Free Shipping,0.0,0.0,22.0,PayPal,Monthly,12.0,0.0,0.9750000000000001,0.5918367346938774,0.49019607843137253,0.8800000000000001,0.6667935174069628,Medium Value
3498.0,35.0,Female,Handbag,Accessories,48.0,Colorado,M,Red,Spring,4.3,No,Store Pickup,0.0,0.0,16.0,Venmo,Every 3 Months,,0.0,0.7875000000000001,0.12244897959183673,0.9999999999999999,0.28000000000000025,0.5344795918367347,Medium Value
3499.0,47.0,Female,Sandals,Footwear,35.0,Kentucky,M,Lavender,Summer,3.8,No,Standard,0.0,0.0,2.0,Bank Transfer,Bi-Weekly,,0.0,0.38750000000000007,0.38775510204081626,0.21568627450980393,1.0,0.39730792316926766,Low Value
3500.0,22.0,Female,Socks,Clothing,29.0,New Jersey,L,Indigo,Fall,3.0,No,Next Day Air,0.0,0.0,13.0,PayPal,Every 3 Months,,0.0,0.012500000000000011,0.18367346938775508,0.21568627450980393,0.8,0.22067527010804322,Low Value
3501.0,38.0,Female,Shirt,Clothing,48.0,Oregon,S,Silver,Fall,4.6,No,Next Day Air,0.0,0.0,38.0,Debit Card,Fortnightly,26.0,0.0,0.9000000000000001,0.7959183673469387,,0.40000000000000013,,Low Value
3502.0,53.0,Female,Shoes,Footwear,87.0,Nebraska,M,Silver,Fall,4.8,No,Standard,0.0,0.0,43.0,Bank Transfer,Weekly,52.0,0.0,0.5375000000000001,0.4081632653061224,0.21568627450980393,0.8,0.4154711884753902,Low Value
3503.0,31.0,Female,Backpack,Accessories,62.0,Massachusetts,M,Green,Fall,4.7,No,Next Day Air,0.0,0.0,26.0,Bank Transfer,Quarterly,4.0,0.0,0.45000000000000007,0.32653061224489793,,0.28000000000000025,,Low Value
3504.0,31.0,Female,Shirt,Clothing,96.0,Nebraska,M,Pink,Spring,3.9,No,Free Shipping,0.0,0.0,39.0,Cash,Weekly,52.0,0.0,0.9375,0.08163265306122448,0.9999999999999999,0.8399999999999999,0.6041530612244898,Medium Value
3505.0,65.0,Female,Handbag,Accessories,41.0,Hawaii,S,Violet,Fall,4.0,No,Next Day Air,0.0,0.0,50.0,Venmo,Monthly,12.0,0.0,0.5750000000000001,0.4285714285714285,0.0,0.6000000000000001,0.3464285714285714,Low Value
3506.0,48.0,Female,Jewelry,Accessories,42.0,Indiana,L,Red,Winter,3.7,No,2-Day Shipping,0.0,0.0,40.0,Bank Transfer,Every 3 Months,,0.0,0.10000000000000003,0.08163265306122448,0.9999999999999999,0.6800000000000002,0.42065306122448975,Low Value
3507.0,18.0,Female,Shirt,Clothing,57.0,Illinois,L,Olive,Winter,3.7,No,2-Day Shipping,0.0,0.0,12.0,Cash,Fortnightly,26.0,0.0,0.7875000000000001,0.346938775510204,,0.6399999999999999,,Low Value
3508.0,46.0,Female,Handbag,Accessories,65.0,Colorado,S,Purple,Spring,4.2,No,Store Pickup,0.0,0.0,33.0,Credit Card,Every 3 Months,,0.0,0.4375,0.836734693877551,,0.44000000000000017,,Low Value
3509.0,52.0,Female,Pants,Clothing,54.0,Pennsylvania,M,Gray,Fall,4.7,No,Standard,0.0,0.0,49.0,Bank Transfer,Weekly,52.0,0.0,0.10000000000000003,0.4285714285714285,0.0,0.4800000000000002,0.23942857142857144,Low Value
3510.0,50.0,Female,T-shirt,Clothing,22.0,Ohio,L,Brown,Winter,4.3,No,Next Day Air,0.0,0.0,43.0,Venmo,Bi-Weekly,,0.0,0.7375,0.7346938775510203,,0.44000000000000017,,Low Value
3511.0,49.0,Female,Sneakers,Footwear,96.0,Pennsylvania,S,Orange,Fall,4.9,No,2-Day Shipping,0.0,0.0,14.0,Venmo,Monthly,12.0,0.0,0.1375,0.44897959183673464,0.0,0.52,0.2590918367346939,Low Value
3512.0,69.0,Female,Jewelry,Accessories,81.0,Mississippi,M,Blue,Summer,3.9,No,2-Day Shipping,0.0,0.0,21.0,Credit Card,Every 3 Months,,0.0,0.21250000000000002,0.9387755102040816,0.49019607843137253,0.20000000000000018,0.5850690276110444,Medium Value
3513.0,36.0,Female,Shirt,Clothing,46.0,Kentucky,M,White,Fall,3.4,No,Free Shipping,0.0,0.0,31.0,Debit Card,Quarterly,4.0,0.0,0.17500000000000004,0.2040816326530612,0.49019607843137253,0.3600000000000001,0.2996914765906363,Low Value
3514.0,30.0,Female,Blouse,Clothing,74.0,Alaska,XL,Charcoal,Spring,4.2,No,Store Pickup,0.0,0.0,29.0,Credit Card,Fortnightly,26.0,0.0,0.675,0.6326530612244897,0.9999999999999999,0.9199999999999999,0.7800612244897959,High Value
3515.0,25.0,Female,Sneakers,Footwear,50.0,Georgia,XL,Gray,Winter,4.7,No,Express,0.0,0.0,32.0,Cash,Monthly,12.0,0.0,0.1375,0.38775510204081626,0.9999999999999999,0.040000000000000036,0.48660204081632646,Medium Value
3516.0,19.0,Female,Dress,Clothing,80.0,South Dakota,XL,Charcoal,Winter,4.0,No,Next Day Air,0.0,0.0,16.0,Debit Card,Bi-Weekly,,0.0,0.5750000000000001,0.04081632653061225,0.058823529411764705,0.15999999999999992,0.1649735894357743,Low Value
3517.0,34.0,Female,Boots,Footwear,56.0,South Carolina,S,White,Summer,4.0,No,Free Shipping,0.0,0.0,38.0,PayPal,Bi-Weekly,,0.0,0.9875,0.6326530612244897,0.9999999999999999,0.9600000000000002,0.846561224489796,High Value
3518.0,29.0,Female,Skirt,Clothing,69.0,Tennessee,M,Orange,Winter,3.1,No,Next Day Air,0.0,0.0,34.0,Debit Card,Every 3 Months,,0.0,0.4375,0.08163265306122448,0.49019607843137253,1.0,0.36721188475390154,Low Value
3519.0,50.0,Female,Shirt,Clothing,97.0,Colorado,M,Black,Spring,4.2,No,Standard,0.0,0.0,30.0,PayPal,Quarterly,4.0,0.0,0.03750000000000003,0.8979591836734693,0.058823529411764705,0.8399999999999999,0.4683307322929171,Medium Value
3520.0,31.0,Female,Shorts,Clothing,66.0,Wisconsin,M,White,Winter,3.7,No,Next Day Air,0.0,0.0,14.0,Bank Transfer,Fortnightly,26.0,0.0,0.8500000000000001,0.8571428571428571,,0.6800000000000002,,Low Value
3521.0,41.0,Female,Hat,Accessories,70.0,Georgia,S,Brown,Spring,3.1,No,Express,0.0,0.0,33.0,Bank Transfer,Monthly,12.0,0.0,0.07500000000000001,0.0,,0.9600000000000002,,Low Value
3522.0,52.0,Female,Shoes,Footwear,50.0,Maryland,M,Pink,Winter,3.7,No,Store Pickup,0.0,0.0,35.0,Venmo,Weekly,52.0,0.0,0.925,0.16326530612244897,0.058823529411764705,0.9199999999999999,0.35995318127250897,Low Value
3523.0,27.0,Female,Pants,Clothing,85.0,New Jersey,M,Yellow,Spring,3.2,No,Store Pickup,0.0,0.0,13.0,Cash,Quarterly,4.0,0.0,0.0625,0.24489795918367344,,0.20000000000000018,,Low Value
3524.0,49.0,Female,Backpack,Accessories,59.0,Nevada,M,Cyan,Summer,2.8,No,Standard,0.0,0.0,30.0,Cash,Fortnightly,26.0,0.0,0.9500000000000002,0.08163265306122448,0.0,0.40000000000000013,0.2626530612244899,Low Value
3525.0,69.0,Female,Pants,Clothing,74.0,Michigan,L,Silver,Summer,2.9,No,Free Shipping,0.0,0.0,30.0,Credit Card,Monthly,12.0,0.0,0.11250000000000004,0.7755102040816325,0.49019607843137253,0.3600000000000001,0.5157629051620648,Medium Value
3526.0,45.0,Female,Sunglasses,Accessories,38.0,Wyoming,L,Olive,Winter,3.5,No,Standard,0.0,0.0,47.0,Bank Transfer,Annually,1.0,0.0,0.2,0.12244897959183673,0.9999999999999999,0.3600000000000001,0.4249795918367347,Low Value
3527.0,20.0,Female,Sweater,Clothing,99.0,Massachusetts,M,Olive,Spring,3.8,No,Express,0.0,0.0,1.0,PayPal,Every 3 Months,,0.0,0.875,0.14285714285714285,,0.9600000000000002,,Low Value
3528.0,25.0,Female,Blouse,Clothing,97.0,Washington,S,Charcoal,Spring,4.7,No,Free Shipping,0.0,0.0,1.0,Cash,Weekly,52.0,0.0,0.22500000000000003,0.7959183673469387,0.0,0.7600000000000002,0.4393673469387755,Low Value
3529.0,38.0,Female,Scarf,Accessories,67.0,Maine,L,Gray,Summer,4.5,No,Free Shipping,0.0,0.0,33.0,PayPal,Annually,1.0,0.0,0.4,0.693877551020408,0.21568627450980393,0.6800000000000002,0.4902569027611044,Medium Value
3530.0,55.0,Female,T-shirt,Clothing,20.0,Montana,S,Maroon,Winter,3.9,No,Next Day Air,0.0,0.0,43.0,Bank Transfer,Weekly,52.0,0.0,0.8500000000000001,0.26530612244897955,0.21568627450980393,0.2400000000000002,0.36482833133253306,Low Value
3531.0,62.0,Female,Sunglasses,Accessories,45.0,Oklahoma,L,Black,Spring,3.4,No,Express,0.0,0.0,37.0,PayPal,Weekly,52.0,0.0,0.45000000000000007,0.510204081632653,0.21568627450980393,0.6000000000000001,0.4187875150060024,Low Value
3532.0,54.0,Female,Shoes,Footwear,52.0,North Dakota,XL,Violet,Winter,4.6,No,2-Day Shipping,0.0,0.0,23.0,Cash,Quarterly,4.0,0.0,0.6375000000000001,0.26530612244897955,0.058823529411764705,0.9199999999999999,0.34326950780312127,Low Value
3533.0,61.0,Female,Pants,Clothing,68.0,Connecticut,L,Indigo,Fall,4.6,No,Standard,0.0,0.0,12.0,Credit Card,Annually,1.0,0.0,0.925,0.16326530612244897,0.49019607843137253,0.32000000000000006,0.42936494597839137,Low Value
3534.0,50.0,Female,Sneakers,Footwear,98.0,Texas,L,Yellow,Fall,4.7,No,Standard,0.0,0.0,30.0,Venmo,Fortnightly,26.0,0.0,0.9625000000000001,0.6326530612244897,0.0,0.8800000000000001,0.533561224489796,Medium Value
3535.0,65.0,Female,Shoes,Footwear,83.0,Delaware,M,Gray,Fall,3.2,No,Express,0.0,0.0,7.0,Cash,Weekly,52.0,0.0,0.08750000000000002,0.28571428571428564,,0.28000000000000025,,Low Value
3536.0,68.0,Female,Shorts,Clothing,51.0,Mississippi,M,Red,Summer,5.0,No,Express,0.0,0.0,20.0,Debit Card,Monthly,12.0,0.0,0.10000000000000003,0.4897959183673469,0.21568627450980393,1.0,0.38062424969987996,Low Value
3537.0,55.0,Female,Handbag,Accessories,21.0,Minnesota,L,Peach,Spring,4.5,No,Express,0.0,0.0,10.0,Venmo,Monthly,12.0,0.0,0.5875,0.5306122448979591,0.21568627450980393,0.9600000000000002,0.49045078031212486,Medium Value
3538.0,57.0,Female,Handbag,Accessories,92.0,Georgia,M,Gray,Spring,3.5,No,Standard,0.0,0.0,40.0,Credit Card,Every 3 Months,,0.0,0.625,0.7755102040816325,0.058823529411764705,0.9600000000000002,0.5488511404561824,Medium Value
3539.0,56.0,Female,Shoes,Footwear,63.0,Iowa,S,White,Spring,4.5,No,Store Pickup,0.0,0.0,21.0,Venmo,Monthly,12.0,0.0,0.9375,0.9795918367346937,,0.4800000000000002,,Low Value
3540.0,29.0,Female,Jewelry,Accessories,56.0,New York,S,Green,Spring,3.2,No,Express,0.0,0.0,17.0,Credit Card,Bi-Weekly,,0.0,0.050000000000000044,0.22448979591836735,,0.20000000000000018,,Low Value
3541.0,24.0,Female,Shorts,Clothing,95.0,Nevada,M,Magenta,Spring,4.6,No,Free Shipping,0.0,0.0,5.0,Bank Transfer,Weekly,52.0,0.0,0.1875,0.24489795918367344,0.9999999999999999,0.040000000000000036,0.43945918367346937,Low Value
3542.0,59.0,Female,Blouse,Clothing,66.0,Virginia,M,Olive,Winter,4.0,No,Next Day Air,0.0,0.0,22.0,PayPal,Annually,1.0,0.0,0.025000000000000022,0.4285714285714285,0.058823529411764705,0.040000000000000036,0.19807563025210081,Low Value
3543.0,62.0,Female,Coat,Outerwear,28.0,Idaho,S,Olive,Spring,4.2,No,Express,0.0,0.0,5.0,Venmo,Weekly,52.0,0.0,0.5750000000000001,0.36734693877551017,,0.9199999999999999,,Low Value
3544.0,58.0,Female,Hat,Accessories,83.0,Colorado,M,Blue,Winter,4.1,No,Standard,0.0,0.0,18.0,PayPal,Every 3 Months,,0.0,0.7875000000000001,0.04081632653061225,,0.28000000000000025,,Low Value
3545.0,64.0,Female,Socks,Clothing,55.0,Wisconsin,XL,Charcoal,Fall,3.6,No,2-Day Shipping,0.0,0.0,42.0,Cash,Every 3 Months,,0.0,0.9375,1.0,0.9999999999999999,0.9600000000000002,0.9835,High Value
3546.0,48.0,Female,Sandals,Footwear,28.0,Connecticut,M,Yellow,Spring,3.7,No,2-Day Shipping,0.0,0.0,22.0,Debit Card,Annually,1.0,0.0,0.26250000000000007,0.28571428571428564,0.0,0.3600000000000001,0.2027857142857143,Low Value
3547.0,60.0,Female,Scarf,Accessories,79.0,Kansas,M,Violet,Summer,3.6,No,Free Shipping,0.0,0.0,37.0,Bank Transfer,Bi-Weekly,,0.0,0.7125,0.8775510204081631,,0.08000000000000007,,Low Value
3548.0,52.0,Female,Scarf,Accessories,31.0,Pennsylvania,L,Magenta,Summer,3.8,No,Standard,0.0,0.0,23.0,Credit Card,Annually,1.0,0.0,0.4,0.9591836734693877,0.21568627450980393,0.9199999999999999,0.6203793517406962,Medium Value
3549.0,63.0,Female,Blouse,Clothing,37.0,Utah,M,Red,Fall,3.0,No,Standard,0.0,0.0,47.0,Debit Card,Fortnightly,26.0,0.0,0.26250000000000007,0.061224489795918366,,0.6399999999999999,,Low Value
3550.0,44.0,Female,T-shirt,Clothing,34.0,Oregon,M,Cyan,Summer,3.4,No,2-Day Shipping,0.0,0.0,11.0,Bank Transfer,Fortnightly,26.0,0.0,0.10000000000000003,0.22448979591836735,,0.8399999999999999,,Low Value
3551.0,63.0,Female,Shoes,Footwear,74.0,West Virginia,S,Orange,Winter,4.8,No,Standard,0.0,0.0,32.0,Cash,Weekly,52.0,0.0,0.875,0.6530612244897959,0.0,0.7600000000000002,0.5122244897959184,Medium Value
3552.0,66.0,Female,Gloves,Accessories,31.0,Montana,L,Black,Spring,2.6,No,Store Pickup,0.0,0.0,20.0,Venmo,Weekly,52.0,0.0,0.4375,0.7959183673469387,0.0,0.40000000000000013,0.44586734693877556,Low Value
3553.0,22.0,Female,Sunglasses,Accessories,66.0,Kentucky,M,Blue,Winter,2.9,No,Next Day Air,0.0,0.0,3.0,PayPal,Quarterly,4.0,0.0,0.6625000000000001,0.7551020408163265,,0.9199999999999999,,Low Value
3554.0,62.0,Female,Shoes,Footwear,99.0,Minnesota,M,Charcoal,Spring,4.9,No,Free Shipping,0.0,0.0,32.0,Bank Transfer,Weekly,52.0,0.0,0.8375000000000001,0.36734693877551017,,0.15999999999999992,,Low Value
3555.0,39.0,Female,Dress,Clothing,55.0,Louisiana,M,Indigo,Spring,5.0,No,Free Shipping,0.0,0.0,5.0,Credit Card,Fortnightly,26.0,0.0,0.8625,0.7551020408163265,0.058823529411764705,0.28000000000000025,0.52018787515006,Medium Value
3556.0,25.0,Female,Blouse,Clothing,23.0,Delaware,L,Silver,Spring,4.6,No,Next Day Air,0.0,0.0,45.0,Cash,Quarterly,4.0,0.0,0.7750000000000001,0.346938775510204,0.49019607843137253,0.7600000000000002,0.5168343337334934,Medium Value
3557.0,70.0,Female,Sweater,Clothing,88.0,Arizona,M,Brown,Fall,4.2,No,Express,0.0,0.0,43.0,Cash,Bi-Weekly,,0.0,0.75,0.4693877551020408,0.21568627450980393,0.8399999999999999,0.4864609843937575,Medium Value
3558.0,52.0,Female,Jacket,Outerwear,26.0,Nevada,M,Peach,Summer,4.9,No,Next Day Air,0.0,0.0,1.0,PayPal,Every 3 Months,,0.0,0.8375000000000001,0.5714285714285714,0.058823529411764705,0.040000000000000036,0.417718487394958,Low Value
3559.0,68.0,Female,Backpack,Accessories,94.0,Alaska,L,Magenta,Summer,4.8,No,Standard,0.0,0.0,9.0,Venmo,Quarterly,4.0,0.0,0.26250000000000007,0.26530612244897955,0.0,0.2400000000000002,0.18262244897959187,Low Value
3560.0,18.0,Female,Shorts,Clothing,25.0,Utah,M,Beige,Fall,3.0,No,Next Day Air,0.0,0.0,13.0,Venmo,Every 3 Months,,0.0,0.7875000000000001,0.8775510204081631,0.49019607843137253,0.72,0.727579231692677,Medium Value
3561.0,18.0,Female,Socks,Clothing,96.0,Kansas,XL,Violet,Fall,3.5,No,Express,0.0,0.0,5.0,Credit Card,Annually,1.0,0.0,0.6375000000000001,0.346938775510204,0.058823529411764705,0.2400000000000002,0.30792256902761106,Low Value
3562.0,63.0,Female,Sneakers,Footwear,29.0,North Carolina,L,Black,Spring,3.4,No,Standard,0.0,0.0,39.0,Credit Card,Fortnightly,26.0,0.0,0.7000000000000001,0.36734693877551017,,0.8399999999999999,,Low Value
3563.0,47.0,Female,Sneakers,Footwear,36.0,Maryland,M,Cyan,Winter,3.4,No,Free Shipping,0.0,0.0,7.0,Bank Transfer,Weekly,52.0,0.0,0.17500000000000004,0.061224489795918366,0.9999999999999999,0.8399999999999999,0.44348979591836735,Low Value
3564.0,43.0,Female,Blouse,Clothing,90.0,Maine,M,Green,Summer,4.9,No,Standard,0.0,0.0,8.0,Credit Card,Every 3 Months,,0.0,0.7625,0.4897959183673469,,0.08000000000000007,,Low Value
3565.0,60.0,Female,Gloves,Accessories,38.0,Illinois,S,Brown,Summer,4.4,No,Free Shipping,0.0,0.0,40.0,Venmo,Annually,1.0,0.0,0.3375,0.04081632653061225,0.21568627450980393,0.20000000000000018,0.16853241296518612,Low Value
3566.0,49.0,Female,Handbag,Accessories,52.0,Pennsylvania,S,Gray,Spring,4.2,No,Store Pickup,0.0,0.0,35.0,PayPal,Monthly,12.0,0.0,0.2,0.7959183673469387,0.058823529411764705,0.32000000000000006,0.40801440576230497,Low Value
3567.0,28.0,Female,Jeans,Clothing,88.0,Alaska,S,Orange,Spring,3.1,No,Next Day Air,0.0,0.0,14.0,Venmo,Monthly,12.0,0.0,0.38750000000000007,0.08163265306122448,0.9999999999999999,0.08000000000000007,0.41815306122448975,Low Value
3568.0,32.0,Female,Scarf,Accessories,56.0,New Mexico,S,Silver,Summer,4.0,No,Next Day Air,0.0,0.0,26.0,Credit Card,Monthly,12.0,0.0,0.825,0.32653061224489793,0.0,0.32000000000000006,0.3276122448979592,Low Value
3569.0,29.0,Female,Sandals,Footwear,71.0,Arkansas,M,Purple,Spring,4.8,No,Next Day Air,0.0,0.0,14.0,PayPal,Quarterly,4.0,0.0,0.26250000000000007,0.7142857142857142,,0.72,,Low Value
3570.0,35.0,Female,Sandals,Footwear,94.0,Alaska,M,Olive,Fall,3.3,No,Express,0.0,0.0,9.0,Bank Transfer,Fortnightly,26.0,0.0,0.875,0.8163265306122448,0.0,0.9199999999999999,0.5935306122448979,Medium Value
3571.0,23.0,Female,Dress,Clothing,97.0,Louisiana,XL,Teal,Winter,4.7,No,Standard,0.0,0.0,32.0,Debit Card,Annually,1.0,0.0,0.9125000000000001,0.38775510204081626,,0.32000000000000006,,Low Value
3572.0,70.0,Female,Skirt,Clothing,27.0,North Dakota,M,White,Summer,3.2,No,Standard,0.0,0.0,15.0,Bank Transfer,Every 3 Months,,0.0,0.45000000000000007,0.02040816326530612,,0.72,,Low Value
3573.0,23.0,Female,Shorts,Clothing,28.0,Rhode Island,M,Black,Spring,5.0,No,Standard,0.0,0.0,25.0,Credit Card,Monthly,12.0,0.0,0.23750000000000004,0.6122448979591836,0.21568627450980393,0.20000000000000018,0.3771038415366147,Low Value
3574.0,43.0,Female,Jeans,Clothing,67.0,Connecticut,L,Maroon,Fall,4.9,No,Free Shipping,0.0,0.0,27.0,PayPal,Monthly,12.0,0.0,0.825,0.44897959183673464,0.49019607843137253,0.9199999999999999,0.5836506602641056,Medium Value
3575.0,29.0,Female,Socks,Clothing,70.0,New York,M,Cyan,Fall,4.9,No,Express,0.0,0.0,39.0,Bank Transfer,Quarterly,4.0,0.0,0.7750000000000001,0.5918367346938774,0.0,0.15999999999999992,0.407734693877551,Low Value
3576.0,61.0,Female,Coat,Outerwear,95.0,Kentucky,M,Violet,Fall,3.7,No,Express,0.0,0.0,49.0,Venmo,Bi-Weekly,,0.0,0.11250000000000004,0.510204081632653,,0.44000000000000017,,Low Value
3577.0,29.0,Female,Boots,Footwear,24.0,Maine,L,Yellow,Spring,3.0,No,Express,0.0,0.0,12.0,Venmo,Bi-Weekly,,0.0,0.08750000000000002,0.7959183673469387,0.0,0.40000000000000013,0.37586734693877555,Low Value
3578.0,66.0,Female,Belt,Accessories,35.0,Missouri,S,Yellow,Winter,2.6,No,Standard,0.0,0.0,13.0,Bank Transfer,Weekly,52.0,0.0,0.0625,0.36734693877551017,0.0,0.8800000000000001,0.2474387755102041,Low Value
3579.0,46.0,Female,Shoes,Footwear,22.0,Georgia,L,Olive,Winter,2.6,No,Standard,0.0,0.0,22.0,Bank Transfer,Quarterly,4.0,0.0,0.1375,0.061224489795918366,0.21568627450980393,0.7600000000000002,0.19269567827130857,Low Value
3580.0,34.0,Female,Scarf,Accessories,66.0,Arizona,L,Olive,Fall,4.8,No,Standard,0.0,0.0,19.0,Credit Card,Every 3 Months,,0.0,0.03750000000000003,0.6530612244897959,0.49019607843137253,0.32000000000000006,0.4477833133253301,Low Value
3581.0,51.0,Female,Blouse,Clothing,83.0,New Hampshire,M,Magenta,Summer,3.2,No,2-Day Shipping,0.0,0.0,3.0,Cash,Bi-Weekly,,0.0,0.3375,0.5714285714285714,0.21568627450980393,0.72,0.4327773109243698,Low Value
3582.0,26.0,Female,Dress,Clothing,95.0,Georgia,M,Orange,Fall,4.9,No,Next Day Air,0.0,0.0,50.0,Credit Card,Weekly,52.0,0.0,0.5875,0.9387755102040816,,0.6000000000000001,,Low Value
3583.0,23.0,Female,Shorts,Clothing,41.0,California,S,Beige,Summer,3.4,No,2-Day Shipping,0.0,0.0,15.0,PayPal,Annually,1.0,0.0,0.6875,1.0,0.9999999999999999,0.9600000000000002,0.9335,High Value
3584.0,52.0,Female,Blouse,Clothing,77.0,Arizona,L,Brown,Summer,2.7,No,Store Pickup,0.0,0.0,44.0,Credit Card,Every 3 Months,,0.0,0.7750000000000001,0.5510204081632653,0.49019607843137253,0.15999999999999992,0.5384669867947178,Medium Value
3585.0,39.0,Female,Sneakers,Footwear,52.0,Florida,L,Indigo,Fall,4.8,No,Express,0.0,0.0,48.0,Debit Card,Monthly,12.0,0.0,0.15000000000000002,0.08163265306122448,0.49019607843137253,0.6000000000000001,0.26971188475390157,Low Value
3586.0,39.0,Female,Gloves,Accessories,41.0,New York,XL,Gray,Winter,4.1,No,Standard,0.0,0.0,4.0,Venmo,Bi-Weekly,,0.0,0.26250000000000007,0.22448979591836735,0.0,0.72,0.21429591836734696,Low Value
3587.0,33.0,Female,Hoodie,Clothing,28.0,Idaho,M,Yellow,Winter,4.6,No,Store Pickup,0.0,0.0,12.0,PayPal,Bi-Weekly,,0.0,0.8625,0.061224489795918366,0.9999999999999999,0.08000000000000007,0.5049897959183673,Medium Value
3588.0,33.0,Female,Sweater,Clothing,90.0,Virginia,S,Violet,Summer,4.4,No,Standard,0.0,0.0,33.0,Debit Card,Annually,1.0,0.0,0.7750000000000001,0.4285714285714285,,1.0,,Low Value
3589.0,23.0,Female,Sunglasses,Accessories,55.0,Michigan,M,Magenta,Spring,3.5,No,2-Day Shipping,0.0,0.0,40.0,Cash,Annually,1.0,0.0,0.9875,0.6326530612244897,0.9999999999999999,0.7600000000000002,0.826561224489796,High Value
3590.0,31.0,Female,Belt,Accessories,73.0,New Hampshire,M,Blue,Spring,4.8,No,Next Day Air,0.0,0.0,38.0,Cash,Every 3 Months,,0.0,0.9750000000000001,0.6326530612244897,0.058823529411764705,0.40000000000000013,0.5057082833133254,Medium Value
3591.0,27.0,Female,Dress,Clothing,87.0,South Dakota,M,Gray,Fall,2.9,No,2-Day Shipping,0.0,0.0,19.0,Venmo,Every 3 Months,,0.0,0.42500000000000004,0.9591836734693877,,0.32000000000000006,,Low Value
3592.0,48.0,Female,Jacket,Outerwear,89.0,South Dakota,M,Gold,Winter,3.2,No,2-Day Shipping,0.0,0.0,38.0,Bank Transfer,Quarterly,4.0,0.0,0.8500000000000001,0.693877551020408,0.21568627450980393,0.52,0.5642569027611044,Medium Value
3593.0,61.0,Female,Boots,Footwear,82.0,New Jersey,L,Lavender,Spring,4.4,No,2-Day Shipping,0.0,0.0,18.0,Venmo,Fortnightly,26.0,0.0,0.2875,0.8775510204081631,0.49019607843137253,0.8,0.6355792316926772,Medium Value
3594.0,63.0,Female,Sandals,Footwear,80.0,Wyoming,M,Black,Spring,4.6,No,Next Day Air,0.0,0.0,24.0,PayPal,Monthly,12.0,0.0,0.6625000000000001,0.5714285714285714,0.9999999999999999,0.9199999999999999,0.7530714285714285,High Value
3595.0,19.0,Female,Scarf,Accessories,87.0,Alabama,L,Charcoal,Summer,2.6,No,2-Day Shipping,0.0,0.0,29.0,Venmo,Quarterly,4.0,0.0,0.375,0.510204081632653,0.21568627450980393,0.15999999999999992,0.3597875150060024,Low Value
3596.0,21.0,Female,Blouse,Clothing,41.0,South Dakota,M,Violet,Spring,3.1,No,Store Pickup,0.0,0.0,14.0,PayPal,Annually,1.0,0.0,0.6625000000000001,0.04081632653061225,0.058823529411764705,0.28000000000000025,0.19447358943577436,Low Value
3597.0,28.0,Female,Hoodie,Clothing,83.0,South Carolina,M,Charcoal,Spring,4.3,No,Standard,0.0,0.0,44.0,Cash,Fortnightly,26.0,0.0,0.38750000000000007,0.0,,0.11999999999999988,,Low Value
3598.0,29.0,Female,Sunglasses,Accessories,71.0,New Mexico,M,Maroon,Summer,3.1,No,Standard,0.0,0.0,18.0,Bank Transfer,Quarterly,4.0,0.0,0.025000000000000022,0.32653061224489793,0.0,0.32000000000000006,0.16761224489795917,Low Value
3599.0,23.0,Female,Hoodie,Clothing,76.0,Connecticut,XL,Purple,Spring,4.6,No,Store Pickup,0.0,0.0,19.0,Bank Transfer,Bi-Weekly,,0.0,0.15000000000000002,0.32653061224489793,0.49019607843137253,0.32000000000000006,0.33967106842737094,Low Value
3600.0,37.0,Female,Scarf,Accessories,34.0,Kansas,S,Peach,Spring,4.6,No,Express,0.0,0.0,4.0,Cash,Weekly,52.0,0.0,0.22500000000000003,0.7142857142857142,0.9999999999999999,0.6800000000000002,0.6987142857142857,Medium Value
3601.0,67.0,Female,Dress,Clothing,81.0,South Carolina,XL,Olive,Spring,2.7,No,Free Shipping,0.0,0.0,25.0,Cash,Bi-Weekly,,0.0,0.5750000000000001,0.6326530612244897,0.49019607843137253,0.44000000000000017,0.5591200480192077,Medium Value
3602.0,34.0,Female,T-shirt,Clothing,47.0,North Carolina,M,Indigo,Summer,3.0,No,Next Day Air,0.0,0.0,3.0,PayPal,Monthly,12.0,0.0,0.0,1.0,,0.8399999999999999,,Low Value
3603.0,58.0,Female,Skirt,Clothing,36.0,Wyoming,S,Magenta,Summer,3.3,No,Store Pickup,0.0,0.0,40.0,Debit Card,Quarterly,4.0,0.0,0.30000000000000004,0.7755102040816325,0.0,0.44000000000000017,0.41420408163265304,Low Value
3604.0,45.0,Female,Jeans,Clothing,51.0,Louisiana,M,Gold,Spring,2.7,No,Free Shipping,0.0,0.0,5.0,Cash,Weekly,52.0,0.0,0.1375,0.32653061224489793,0.21568627450980393,0.6000000000000001,0.2828181272509004,Low Value
3605.0,63.0,Female,Hoodie,Clothing,86.0,Louisiana,M,Orange,Fall,3.3,No,Standard,0.0,0.0,17.0,Debit Card,Annually,1.0,0.0,0.3125,0.7755102040816325,,0.08000000000000007,,Low Value
3606.0,68.0,Female,Jeans,Clothing,41.0,Alabama,M,Gold,Fall,4.3,No,Store Pickup,0.0,0.0,36.0,Bank Transfer,Every 3 Months,,0.0,0.6375000000000001,0.08163265306122448,0.0,0.7600000000000002,0.23615306122448987,Low Value
3607.0,41.0,Female,Sandals,Footwear,90.0,Minnesota,XL,Purple,Fall,4.8,No,Express,0.0,0.0,41.0,Venmo,Annually,1.0,0.0,0.9500000000000002,0.9387755102040816,0.0,0.28000000000000025,0.5935102040816327,Medium Value
3608.0,50.0,Female,Hat,Accessories,93.0,New Mexico,L,Charcoal,Fall,3.3,No,Standard,0.0,0.0,20.0,Venmo,Bi-Weekly,,0.0,0.15000000000000002,0.346938775510204,0.9999999999999999,0.040000000000000036,0.4727755102040816,Medium Value
3609.0,24.0,Female,Gloves,Accessories,56.0,Tennessee,M,Cyan,Fall,4.3,No,Next Day Air,0.0,0.0,2.0,Cash,Every 3 Months,,0.0,0.875,0.6122448979591836,,0.3600000000000001,,Low Value
3610.0,21.0,Female,Socks,Clothing,39.0,New Mexico,M,Cyan,Summer,3.0,No,2-Day Shipping,0.0,0.0,31.0,Debit Card,Monthly,12.0,0.0,0.6000000000000001,0.7755102040816325,0.49019607843137253,1.0,0.6772629051620648,Medium Value
3611.0,18.0,Female,Jacket,Outerwear,86.0,Texas,XL,Green,Fall,4.8,No,2-Day Shipping,0.0,0.0,23.0,Bank Transfer,Fortnightly,26.0,0.0,0.3125,0.22448979591836735,0.9999999999999999,0.15999999999999992,0.4682959183673469,Medium Value
3612.0,63.0,Female,T-shirt,Clothing,82.0,Washington,M,Silver,Spring,2.9,No,Standard,0.0,0.0,30.0,Credit Card,Annually,1.0,0.0,0.5875,0.8979591836734693,,1.0,,Low Value
3613.0,47.0,Female,Sandals,Footwear,29.0,Michigan,M,Teal,Summer,3.6,No,Standard,0.0,0.0,26.0,Cash,Every 3 Months,,0.0,0.4625,0.6530612244897959,0.49019607843137253,0.7600000000000002,0.5767833133253302,Medium Value
3614.0,58.0,Female,Hat,Accessories,27.0,Minnesota,M,Magenta,Fall,3.5,No,Store Pickup,0.0,0.0,40.0,Venmo,Annually,1.0,0.0,0.5,0.04081632653061225,0.0,0.40000000000000013,0.1563265306122449,Low Value
3615.0,46.0,Female,Gloves,Accessories,25.0,Delaware,L,Maroon,Spring,4.7,No,2-Day Shipping,0.0,0.0,19.0,Bank Transfer,Annually,1.0,0.0,0.15000000000000002,0.08163265306122448,,0.52,,Low Value
3616.0,35.0,Female,Dress,Clothing,31.0,California,M,Gold,Winter,4.4,No,Free Shipping,0.0,0.0,4.0,Credit Card,Monthly,12.0,0.0,0.11250000000000004,0.44897959183673464,0.21568627450980393,0.52,0.31879771908763505,Low Value
3617.0,42.0,Female,Hoodie,Clothing,23.0,Wisconsin,L,Purple,Winter,3.3,No,Store Pickup,0.0,0.0,33.0,Debit Card,Fortnightly,26.0,0.0,0.0,0.7755102040816325,0.49019607843137253,0.56,0.5132629051620647,Medium Value
3618.0,48.0,Female,Belt,Accessories,47.0,Kentucky,M,Lavender,Fall,4.3,No,Express,0.0,0.0,29.0,Debit Card,Monthly,12.0,0.0,0.9750000000000001,0.18367346938775508,0.0,0.32000000000000006,0.3004693877551021,Low Value
3619.0,28.0,Female,Gloves,Accessories,67.0,Nevada,M,Maroon,Fall,4.0,No,2-Day Shipping,0.0,0.0,47.0,PayPal,Bi-Weekly,,0.0,0.08750000000000002,0.061224489795918366,,0.15999999999999992,,Low Value
3620.0,44.0,Female,Scarf,Accessories,75.0,North Carolina,S,Magenta,Winter,4.9,No,2-Day Shipping,0.0,0.0,50.0,Venmo,Weekly,52.0,0.0,0.5875,0.346938775510204,0.21568627450980393,0.4800000000000002,0.36898139255702284,Low Value
3621.0,60.0,Female,Sandals,Footwear,82.0,Louisiana,M,Turquoise,Summer,2.9,No,Express,0.0,0.0,28.0,Credit Card,Fortnightly,26.0,0.0,0.7750000000000001,0.0,,0.4800000000000002,,Low Value
3622.0,38.0,Female,Sneakers,Footwear,32.0,New Jersey,XL,Silver,Summer,4.0,No,2-Day Shipping,0.0,0.0,5.0,Cash,Fortnightly,26.0,0.0,0.65,0.346938775510204,0.49019607843137253,0.8399999999999999,0.4998343337334933,Medium Value
3623.0,46.0,Female,Dress,Clothing,41.0,Wisconsin,M,Purple,Fall,4.3,No,Store Pickup,0.0,0.0,12.0,Credit Card,Annually,1.0,0.0,0.7125,0.9183673469387754,0.0,0.9600000000000002,0.6058469387755103,Medium Value
3624.0,39.0,Female,Jewelry,Accessories,89.0,Arkansas,M,Violet,Winter,2.7,No,2-Day Shipping,0.0,0.0,4.0,PayPal,Weekly,52.0,0.0,0.675,0.24489795918367344,0.49019607843137253,0.2400000000000002,0.40401800720288117,Low Value
3625.0,22.0,Female,Hat,Accessories,82.0,Texas,XL,Peach,Fall,5.0,No,Store Pickup,0.0,0.0,22.0,Bank Transfer,Bi-Weekly,,0.0,0.23750000000000004,0.08163265306122448,0.49019607843137253,0.40000000000000013,0.26721188475390156,Low Value
3626.0,44.0,Female,Scarf,Accessories,99.0,Illinois,L,Green,Winter,4.4,No,Express,0.0,0.0,32.0,PayPal,Weekly,52.0,0.0,0.75,0.2040816326530612,0.9999999999999999,0.9600000000000002,0.6276326530612244,Medium Value
3627.0,69.0,Female,Blouse,Clothing,98.0,Mississippi,L,Teal,Fall,3.5,No,Express,0.0,0.0,32.0,Venmo,Quarterly,4.0,0.0,0.48750000000000004,0.9795918367346937,0.9999999999999999,0.7600000000000002,0.8653367346938775,High Value
3628.0,39.0,Female,Belt,Accessories,54.0,Delaware,M,Silver,Winter,3.3,No,Next Day Air,0.0,0.0,48.0,Cash,Every 3 Months,,0.0,0.6000000000000001,0.0,0.49019607843137253,0.7600000000000002,0.3430588235294118,Low Value
3629.0,53.0,Female,Blouse,Clothing,88.0,Georgia,L,Purple,Summer,3.8,No,Free Shipping,0.0,0.0,35.0,Credit Card,Monthly,12.0,0.0,0.7125,0.2040816326530612,0.058823529411764705,0.3600000000000001,0.2777797118847539,Low Value
3630.0,52.0,Female,T-shirt,Clothing,43.0,Kansas,L,Lavender,Summer,4.5,No,Standard,0.0,0.0,44.0,Debit Card,Fortnightly,26.0,0.0,0.375,0.9387755102040816,,0.20000000000000018,,Low Value
3631.0,65.0,Female,Hat,Accessories,73.0,Oklahoma,M,Lavender,Winter,4.8,No,Store Pickup,0.0,0.0,29.0,Cash,Weekly,52.0,0.0,0.3125,0.38775510204081626,0.21568627450980393,0.040000000000000036,0.2863079231692677,Low Value
3632.0,48.0,Female,Hat,Accessories,50.0,New Jersey,M,Peach,Fall,2.9,No,Store Pickup,0.0,0.0,26.0,Credit Card,Monthly,12.0,0.0,0.6375000000000001,0.346938775510204,0.0,0.28000000000000025,0.29427551020408166,Low Value
3633.0,27.0,Female,Sneakers,Footwear,73.0,Utah,L,Green,Spring,3.2,No,Express,0.0,0.0,3.0,Debit Card,Quarterly,4.0,0.0,0.4,0.8571428571428571,0.058823529411764705,0.8399999999999999,0.5245042016806722,Medium Value
3634.0,39.0,Female,Gloves,Accessories,51.0,Montana,M,Orange,Spring,2.8,No,Free Shipping,0.0,0.0,1.0,Bank Transfer,Bi-Weekly,,0.0,0.375,0.061224489795918366,,0.52,,Low Value
3635.0,59.0,Female,Socks,Clothing,22.0,Ohio,M,Pink,Winter,3.3,No,Standard,0.0,0.0,17.0,PayPal,Annually,1.0,0.0,0.5750000000000001,0.38775510204081626,0.058823529411764705,0.9199999999999999,0.3797490996398559,Low Value
3636.0,52.0,Female,Sandals,Footwear,32.0,Colorado,L,Cyan,Fall,3.3,No,Free Shipping,0.0,0.0,17.0,Credit Card,Fortnightly,26.0,0.0,0.7625,0.12244897959183673,0.21568627450980393,0.8,0.3461854741896759,Low Value
3637.0,50.0,Female,Sandals,Footwear,38.0,California,L,Lavender,Summer,4.2,No,2-Day Shipping,0.0,0.0,36.0,Cash,Weekly,52.0,0.0,0.10000000000000003,0.6122448979591836,0.49019607843137253,0.6800000000000002,0.47995678271308523,Medium Value
3638.0,32.0,Female,Boots,Footwear,66.0,Utah,L,Yellow,Winter,3.6,No,Express,0.0,0.0,32.0,Credit Card,Fortnightly,26.0,0.0,0.5625,0.8163265306122448,0.49019607843137253,0.08000000000000007,0.5940894357743097,Medium Value
3639.0,40.0,Female,Backpack,Accessories,20.0,Kansas,M,Olive,Spring,4.6,No,Express,0.0,0.0,50.0,PayPal,Bi-Weekly,,0.0,0.75,0.04081632653061225,0.21568627450980393,0.8,0.31103241296518613,Low Value
3640.0,26.0,Female,Coat,Outerwear,44.0,Illinois,M,Brown,Summer,3.6,No,2-Day Shipping,0.0,0.0,39.0,Venmo,Annually,1.0,0.0,0.925,0.3061224489795918,0.21568627450980393,0.9600000000000002,0.46815486194477796,Medium Value
3641.0,47.0,Female,Sunglasses,Accessories,31.0,Minnesota,L,Pink,Spring,4.0,No,Next Day Air,0.0,0.0,17.0,PayPal,Monthly,12.0,0.0,0.125,0.8571428571428571,0.0,0.11999999999999988,0.3798571428571429,Low Value
3642.0,51.0,Female,Jacket,Outerwear,45.0,New York,M,Cyan,Fall,2.7,No,Free Shipping,0.0,0.0,39.0,Bank Transfer,Every 3 Months,,0.0,0.3125,0.5714285714285714,0.49019607843137253,0.40000000000000013,0.47813025210084037,Medium Value
3643.0,47.0,Female,Dress,Clothing,71.0,Arizona,L,Maroon,Summer,4.4,No,Store Pickup,0.0,0.0,5.0,PayPal,Annually,1.0,0.0,0.8875,0.08163265306122448,,0.0,,Low Value
3644.0,53.0,Female,Scarf,Accessories,96.0,Tennessee,XL,Magenta,Fall,3.2,No,Standard,0.0,0.0,47.0,Debit Card,Annually,1.0,0.0,0.2,0.5918367346938774,0.058823529411764705,0.15999999999999992,0.31038175270108037,Low Value
3645.0,35.0,Female,Blouse,Clothing,32.0,Arkansas,M,Violet,Winter,2.6,No,Next Day Air,0.0,0.0,18.0,Venmo,Weekly,52.0,0.0,0.6625000000000001,0.6530612244897959,0.21568627450980393,0.6800000000000002,0.5264303721488596,Medium Value
3646.0,38.0,Female,Backpack,Accessories,90.0,Colorado,L,Silver,Summer,3.4,No,Free Shipping,0.0,0.0,31.0,Credit Card,Every 3 Months,,0.0,0.5,0.9183673469387754,,0.8399999999999999,,Low Value
3647.0,69.0,Female,Jewelry,Accessories,68.0,Nevada,M,Maroon,Spring,5.0,No,2-Day Shipping,0.0,0.0,39.0,Debit Card,Fortnightly,26.0,0.0,0.7125,0.32653061224489793,0.49019607843137253,0.20000000000000018,0.4401710684273709,Low Value
3648.0,47.0,Female,Shorts,Clothing,45.0,Kansas,M,Gray,Winter,2.9,No,Store Pickup,0.0,0.0,12.0,Bank Transfer,Weekly,52.0,0.0,0.825,0.9387755102040816,,0.7600000000000002,,Low Value
3649.0,31.0,Female,Skirt,Clothing,67.0,New York,M,White,Winter,5.0,No,Free Shipping,0.0,0.0,45.0,Cash,Bi-Weekly,,0.0,0.275,0.32653061224489793,,0.040000000000000036,,Low Value
3650.0,68.0,Female,Skirt,Clothing,57.0,Minnesota,M,Brown,Fall,4.4,No,Standard,0.0,0.0,33.0,Credit Card,Fortnightly,26.0,0.0,0.625,0.32653061224489793,,0.9199999999999999,,Low Value
3651.0,51.0,Female,Jeans,Clothing,60.0,Ohio,M,Silver,Summer,3.5,No,2-Day Shipping,0.0,0.0,3.0,PayPal,Annually,1.0,0.0,0.30000000000000004,0.5510204081632653,,0.15999999999999992,,Low Value
3652.0,20.0,Female,Handbag,Accessories,32.0,Arizona,M,Yellow,Spring,3.8,No,Express,0.0,0.0,5.0,Venmo,Every 3 Months,,0.0,0.8875,0.14285714285714285,0.21568627450980393,0.20000000000000018,0.31934873949579834,Low Value
3653.0,27.0,Female,Handbag,Accessories,29.0,Kentucky,S,Magenta,Fall,3.8,No,Store Pickup,0.0,0.0,23.0,Debit Card,Monthly,12.0,0.0,0.125,0.14285714285714285,0.058823529411764705,0.8,0.17978991596638658,Low Value
3654.0,67.0,Female,Coat,Outerwear,20.0,Minnesota,M,Blue,Spring,3.9,No,Next Day Air,0.0,0.0,39.0,Credit Card,Fortnightly,26.0,0.0,0.03750000000000003,0.061224489795918366,,0.4800000000000002,,Low Value
3655.0,21.0,Female,Jewelry,Accessories,98.0,Arkansas,M,Green,Winter,3.3,No,Next Day Air,0.0,0.0,10.0,Credit Card,Annually,1.0,0.0,0.012500000000000011,0.4693877551020408,0.9999999999999999,0.9199999999999999,0.5822551020408163,Medium Value
3656.0,20.0,Female,Sweater,Clothing,27.0,Wyoming,M,Yellow,Fall,2.9,No,Next Day Air,0.0,0.0,4.0,Credit Card,Bi-Weekly,,0.0,0.17500000000000004,0.5714285714285714,0.49019607843137253,0.9199999999999999,0.5026302521008403,Medium Value
3657.0,35.0,Female,Jacket,Outerwear,67.0,North Dakota,XL,Cyan,Spring,3.7,No,2-Day Shipping,0.0,0.0,18.0,Credit Card,Monthly,12.0,0.0,0.32500000000000007,0.18367346938775508,0.9999999999999999,0.8800000000000001,0.526469387755102,Medium Value
3658.0,58.0,Female,Shoes,Footwear,82.0,Alabama,L,Gold,Winter,3.7,No,Express,0.0,0.0,1.0,Debit Card,Every 3 Months,,0.0,0.26250000000000007,0.2040816326530612,,0.040000000000000036,,Low Value
3659.0,28.0,Female,T-shirt,Clothing,72.0,Mississippi,M,Magenta,Fall,4.6,No,Standard,0.0,0.0,18.0,PayPal,Fortnightly,26.0,0.0,0.16250000000000003,0.346938775510204,0.49019607843137253,0.8399999999999999,0.40233433373349337,Low Value
3660.0,27.0,Female,Sandals,Footwear,77.0,Illinois,S,Gray,Fall,4.9,No,Store Pickup,0.0,0.0,46.0,Bank Transfer,Annually,1.0,0.0,0.3500000000000001,0.510204081632653,0.0,0.3600000000000001,0.31008163265306127,Low Value
3661.0,19.0,Female,Shoes,Footwear,74.0,Arkansas,L,Indigo,Winter,3.1,No,2-Day Shipping,0.0,0.0,13.0,Bank Transfer,Fortnightly,26.0,0.0,0.5750000000000001,0.7755102040816325,0.9999999999999999,0.20000000000000018,0.745204081632653,Medium Value
3662.0,63.0,Female,Sandals,Footwear,39.0,Kansas,S,White,Winter,3.5,No,Next Day Air,0.0,0.0,5.0,Credit Card,Fortnightly,26.0,0.0,0.42500000000000004,0.061224489795918366,0.0,0.6000000000000001,0.16948979591836738,Low Value
3663.0,69.0,Female,Shorts,Clothing,80.0,Rhode Island,M,Indigo,Spring,4.9,No,Next Day Air,0.0,0.0,11.0,Debit Card,Weekly,52.0,0.0,0.4375,0.4693877551020408,0.9999999999999999,0.040000000000000036,0.5792551020408163,Medium Value
3664.0,65.0,Female,Backpack,Accessories,59.0,Florida,M,Green,Summer,4.4,No,Express,0.0,0.0,49.0,Credit Card,Weekly,52.0,0.0,0.8,0.02040816326530612,,0.3600000000000001,,Low Value
3665.0,63.0,Female,Jacket,Outerwear,68.0,Missouri,M,Turquoise,Fall,4.4,No,Store Pickup,0.0,0.0,1.0,Debit Card,Fortnightly,26.0,0.0,0.5750000000000001,0.7142857142857142,0.0,0.8,0.4807142857142857,Medium Value
3666.0,28.0,Female,Socks,Clothing,77.0,North Carolina,M,Peach,Fall,3.4,No,Next Day Air,0.0,0.0,11.0,Credit Card,Quarterly,4.0,0.0,0.5625,0.7142857142857142,0.9999999999999999,0.08000000000000007,0.7062142857142857,Medium Value
3667.0,67.0,Female,Jewelry,Accessories,50.0,Alabama,M,Olive,Winter,3.0,No,2-Day Shipping,0.0,0.0,47.0,Cash,Every 3 Months,,0.0,0.7875000000000001,0.44897959183673464,,0.15999999999999992,,Low Value
3668.0,51.0,Female,Pants,Clothing,45.0,Washington,L,Cyan,Fall,2.6,No,Next Day Air,0.0,0.0,20.0,Venmo,Monthly,12.0,0.0,0.5125000000000001,0.7142857142857142,0.058823529411764705,0.6000000000000001,0.46586134453781514,Medium Value
3669.0,59.0,Female,Blouse,Clothing,71.0,Michigan,XL,Magenta,Summer,3.2,No,Store Pickup,0.0,0.0,18.0,Venmo,Annually,1.0,0.0,0.5625,0.02040816326530612,0.0,0.28000000000000025,0.14866326530612248,Low Value
3670.0,25.0,Female,Socks,Clothing,52.0,Washington,S,Silver,Fall,4.6,No,Store Pickup,0.0,0.0,43.0,PayPal,Quarterly,4.0,0.0,0.4375,0.32653061224489793,,0.6000000000000001,,Low Value
3671.0,31.0,Female,Shoes,Footwear,50.0,Vermont,S,White,Winter,3.8,No,Free Shipping,0.0,0.0,4.0,PayPal,Every 3 Months,,0.0,0.7375,0.36734693877551017,0.9999999999999999,0.3600000000000001,0.6304387755102041,Medium Value
3672.0,62.0,Female,Handbag,Accessories,66.0,Illinois,L,Pink,Summer,4.8,No,2-Day Shipping,0.0,0.0,20.0,Venmo,Quarterly,4.0,0.0,0.9500000000000002,0.8163265306122448,0.21568627450980393,0.9600000000000002,0.6772364945978393,Medium Value
3673.0,51.0,Female,Sandals,Footwear,81.0,New York,S,Pink,Fall,4.5,No,Free Shipping,0.0,0.0,7.0,PayPal,Monthly,12.0,0.0,0.2875,0.5306122448979591,0.058823529411764705,0.44000000000000017,0.3313919567827131,Low Value
3674.0,32.0,Female,Socks,Clothing,28.0,Rhode Island,M,Pink,Summer,4.2,No,2-Day Shipping,0.0,0.0,31.0,Bank Transfer,Fortnightly,26.0,0.0,0.25,0.6326530612244897,0.49019607843137253,0.44000000000000017,0.49412004801920767,Medium Value
3675.0,35.0,Female,Handbag,Accessories,65.0,Washington,M,Blue,Winter,2.7,No,2-Day Shipping,0.0,0.0,41.0,Venmo,Fortnightly,26.0,0.0,0.525,0.6530612244897959,0.0,0.28000000000000025,0.3942244897959184,Low Value
3676.0,70.0,Female,Hat,Accessories,80.0,Virginia,M,White,Winter,4.5,No,Express,0.0,0.0,3.0,Bank Transfer,Monthly,12.0,0.0,0.65,0.4693877551020408,0.058823529411764705,0.4800000000000002,0.38340216086434575,Low Value
3677.0,19.0,Female,Jewelry,Accessories,94.0,Wisconsin,S,Teal,Spring,4.9,No,Free Shipping,0.0,0.0,16.0,PayPal,Monthly,12.0,0.0,0.8375000000000001,0.6122448979591836,,0.040000000000000036,,Low Value
3678.0,32.0,Female,Backpack,Accessories,30.0,Michigan,M,Gray,Fall,2.8,No,Standard,0.0,0.0,43.0,Cash,Annually,1.0,0.0,0.1375,0.693877551020408,0.9999999999999999,0.56,0.6610510204081631,Medium Value
3679.0,56.0,Female,Shirt,Clothing,45.0,Texas,S,Beige,Fall,3.5,No,Standard,0.0,0.0,29.0,Bank Transfer,Fortnightly,26.0,0.0,0.17500000000000004,0.02040816326530612,0.21568627450980393,0.3600000000000001,0.14386914765906364,Low Value
3680.0,53.0,Female,Coat,Outerwear,91.0,Idaho,M,Violet,Summer,2.5,No,Store Pickup,0.0,0.0,5.0,Cash,Bi-Weekly,,0.0,0.4125000000000001,0.836734693877551,,0.3600000000000001,,Low Value
3681.0,22.0,Female,Sunglasses,Accessories,36.0,Iowa,S,Blue,Winter,2.9,No,Standard,0.0,0.0,30.0,Debit Card,Quarterly,4.0,0.0,0.8125,0.9387755102040816,,0.6800000000000002,,Low Value
3682.0,26.0,Female,Gloves,Accessories,73.0,Connecticut,XL,Magenta,Fall,4.2,No,Next Day Air,0.0,0.0,33.0,Debit Card,Monthly,12.0,0.0,0.375,0.8775510204081631,,0.15999999999999992,,Low Value
3683.0,42.0,Female,Shirt,Clothing,60.0,Wyoming,M,Maroon,Fall,4.6,No,Store Pickup,0.0,0.0,46.0,Venmo,Bi-Weekly,,0.0,0.8875,0.14285714285714285,,0.6399999999999999,,Low Value
3684.0,30.0,Female,Socks,Clothing,77.0,Mississippi,M,Purple,Winter,3.0,No,Free Shipping,0.0,0.0,17.0,Venmo,Fortnightly,26.0,0.0,0.45000000000000007,0.24489795918367344,0.058823529411764705,0.44000000000000017,0.24960624249699884,Low Value
3685.0,29.0,Female,Skirt,Clothing,86.0,Pennsylvania,L,Charcoal,Spring,4.4,No,Free Shipping,0.0,0.0,47.0,Credit Card,Bi-Weekly,,0.0,0.5,0.18367346938775508,0.0,0.6000000000000001,0.23346938775510206,Low Value
3686.0,47.0,Female,Shorts,Clothing,42.0,Tennessee,L,Red,Summer,2.6,No,Standard,0.0,0.0,17.0,Cash,Bi-Weekly,,0.0,0.17500000000000004,0.0,0.49019607843137253,0.6000000000000001,0.24205882352941177,Low Value
3687.0,59.0,Female,Sandals,Footwear,70.0,Louisiana,M,Charcoal,Spring,4.8,No,Free Shipping,0.0,0.0,17.0,Cash,Bi-Weekly,,0.0,0.125,0.0,0.21568627450980393,0.44000000000000017,0.1337058823529412,Low Value
3688.0,34.0,Female,Shirt,Clothing,44.0,Arkansas,L,Lavender,Summer,2.9,No,Next Day Air,0.0,0.0,28.0,Bank Transfer,Every 3 Months,,0.0,0.6375000000000001,0.346938775510204,0.0,0.2400000000000002,0.29027551020408165,Low Value
3689.0,52.0,Female,Sunglasses,Accessories,91.0,West Virginia,L,White,Spring,3.0,No,Next Day Air,0.0,0.0,8.0,Cash,Monthly,12.0,0.0,1.0,0.02040816326530612,0.0,0.7600000000000002,0.28416326530612246,Low Value
3690.0,47.0,Female,Jewelry,Accessories,30.0,South Carolina,L,Red,Fall,4.5,No,Standard,0.0,0.0,8.0,Bank Transfer,Quarterly,4.0,0.0,0.8125,0.7142857142857142,,0.72,,Low Value
3691.0,24.0,Female,Blouse,Clothing,23.0,Kansas,S,Violet,Fall,3.7,No,Store Pickup,0.0,0.0,4.0,Bank Transfer,Bi-Weekly,,0.0,0.7875000000000001,0.32653061224489793,,0.40000000000000013,,Low Value
3692.0,63.0,Female,Sandals,Footwear,21.0,Michigan,XL,Orange,Summer,4.8,No,Next Day Air,0.0,0.0,24.0,PayPal,Weekly,52.0,0.0,0.1375,0.0,0.0,0.20000000000000018,0.04750000000000002,Low Value
3693.0,59.0,Female,Coat,Outerwear,34.0,Alabama,L,Turquoise,Spring,4.8,No,Free Shipping,0.0,0.0,29.0,Cash,Fortnightly,26.0,0.0,0.7750000000000001,1.0,0.058823529411764705,0.8800000000000001,0.6606470588235296,Medium Value
3694.0,66.0,Female,Blouse,Clothing,46.0,South Dakota,M,Violet,Summer,4.7,No,2-Day Shipping,0.0,0.0,10.0,Venmo,Weekly,52.0,0.0,0.7375,0.04081632653061225,,0.0,,Low Value
3695.0,45.0,Female,Sweater,Clothing,41.0,Rhode Island,M,Blue,Winter,2.6,No,Express,0.0,0.0,11.0,PayPal,Bi-Weekly,,0.0,0.525,0.8979591836734693,0.058823529411764705,0.2400000000000002,0.5058307322929172,Medium Value
3696.0,38.0,Female,Skirt,Clothing,33.0,Florida,M,White,Fall,4.6,No,Standard,0.0,0.0,18.0,Bank Transfer,Fortnightly,26.0,0.0,0.9000000000000001,0.5510204081632653,0.0,0.32000000000000006,0.4324081632653062,Low Value
3697.0,63.0,Female,Blouse,Clothing,48.0,Connecticut,L,Turquoise,Fall,3.4,No,Next Day Air,0.0,0.0,26.0,Bank Transfer,Annually,1.0,0.0,0.4750000000000001,0.10204081632653061,,0.8800000000000001,,Low Value
3698.0,55.0,Female,Hoodie,Clothing,66.0,Pennsylvania,L,Pink,Winter,3.0,No,Standard,0.0,0.0,39.0,Cash,Weekly,52.0,0.0,0.8500000000000001,0.6530612244897959,,0.3600000000000001,,Low Value
3699.0,25.0,Female,Skirt,Clothing,54.0,California,XL,Maroon,Spring,4.0,No,2-Day Shipping,0.0,0.0,4.0,Venmo,Annually,1.0,0.0,0.30000000000000004,0.5714285714285714,0.0,0.2400000000000002,0.3125714285714286,Low Value
3700.0,51.0,Female,Backpack,Accessories,55.0,Oklahoma,M,Olive,Fall,2.6,No,Store Pickup,0.0,0.0,24.0,Bank Transfer,Weekly,52.0,0.0,0.45000000000000007,0.02040816326530612,,0.8399999999999999,,Low Value
3701.0,28.0,Female,Handbag,Accessories,84.0,North Dakota,XL,Charcoal,Summer,3.4,No,Store Pickup,0.0,0.0,2.0,Bank Transfer,Every 3 Months,,0.0,0.03750000000000003,0.8571428571428571,,0.9600000000000002,,Low Value
3702.0,46.0,Female,Sandals,Footwear,66.0,New Mexico,M,Charcoal,Spring,4.5,No,Store Pickup,0.0,0.0,36.0,Cash,Annually,1.0,0.0,0.3125,0.9591836734693877,0.49019607843137253,0.08000000000000007,0.6012322929171668,Medium Value
3703.0,58.0,Female,Shoes,Footwear,65.0,South Carolina,M,Indigo,Spring,2.7,No,Store Pickup,0.0,0.0,36.0,Venmo,Weekly,52.0,0.0,0.1375,0.8571428571428571,0.9999999999999999,0.6800000000000002,0.7383571428571428,Medium Value
3704.0,30.0,Female,Sandals,Footwear,83.0,Michigan,S,Teal,Fall,2.9,No,Standard,0.0,0.0,23.0,PayPal,Every 3 Months,,0.0,0.9500000000000002,0.510204081632653,,0.040000000000000036,,Low Value
3705.0,68.0,Female,Sunglasses,Accessories,61.0,Missouri,L,Black,Winter,4.0,No,Store Pickup,0.0,0.0,36.0,Credit Card,Quarterly,4.0,0.0,0.9500000000000002,0.510204081632653,,0.28000000000000025,,Low Value
3706.0,28.0,Female,Skirt,Clothing,65.0,Colorado,L,Teal,Summer,3.2,No,Free Shipping,0.0,0.0,2.0,Debit Card,Annually,1.0,0.0,0.75,1.0,,0.7600000000000002,,Low Value
3707.0,26.0,Female,Sandals,Footwear,55.0,Kansas,M,Green,Spring,4.0,No,Store Pickup,0.0,0.0,17.0,Cash,Bi-Weekly,,0.0,0.10000000000000003,0.7142857142857142,0.058823529411764705,0.44000000000000017,0.36736134453781516,Low Value
3708.0,35.0,Female,Gloves,Accessories,79.0,Illinois,M,Gold,Fall,3.4,No,2-Day Shipping,0.0,0.0,19.0,Venmo,Weekly,52.0,0.0,0.38750000000000007,0.510204081632653,0.49019607843137253,0.08000000000000007,0.43664045618247294,Low Value
3709.0,40.0,Female,Hoodie,Clothing,96.0,South Carolina,M,Red,Fall,4.9,No,Express,0.0,0.0,41.0,PayPal,Monthly,12.0,0.0,0.26250000000000007,0.02040816326530612,0.21568627450980393,0.72,0.19736914765906366,Low Value
3710.0,31.0,Female,Socks,Clothing,43.0,Utah,M,Silver,Fall,3.6,No,Free Shipping,0.0,0.0,27.0,PayPal,Quarterly,4.0,0.0,0.9875,0.9795918367346937,0.21568627450980393,0.040000000000000036,0.6580426170468188,Medium Value
3711.0,60.0,Female,Jewelry,Accessories,40.0,Hawaii,M,Yellow,Summer,3.6,No,2-Day Shipping,0.0,0.0,32.0,Bank Transfer,Fortnightly,26.0,0.0,0.4125000000000001,0.6326530612244897,,0.72,,Low Value
3712.0,69.0,Female,Hat,Accessories,62.0,Texas,XL,Peach,Fall,3.2,No,Free Shipping,0.0,0.0,33.0,Cash,Annually,1.0,0.0,0.0625,0.04081632653061225,0.0,0.56,0.0848265306122449,Low Value
3713.0,51.0,Female,Blouse,Clothing,72.0,Oregon,M,Turquoise,Spring,3.7,No,2-Day Shipping,0.0,0.0,24.0,PayPal,Quarterly,4.0,0.0,0.9375,0.7551020408163265,,0.15999999999999992,,Low Value
3714.0,49.0,Female,Shoes,Footwear,87.0,Arizona,M,Peach,Spring,2.6,No,Express,0.0,0.0,31.0,Debit Card,Every 3 Months,,0.0,0.8500000000000001,0.08163265306122448,0.21568627450980393,0.2400000000000002,0.29135894357743103,Low Value
3715.0,18.0,Female,Hat,Accessories,31.0,New York,S,Peach,Winter,3.9,No,Express,0.0,0.0,35.0,Credit Card,Weekly,52.0,0.0,0.9625000000000001,0.14285714285714285,,0.6800000000000002,,Low Value
3716.0,63.0,Female,Sunglasses,Accessories,34.0,Nebraska,S,Orange,Fall,3.4,No,Free Shipping,0.0,0.0,2.0,Bank Transfer,Monthly,12.0,0.0,0.7625,0.8571428571428571,0.9999999999999999,0.6399999999999999,0.8593571428571427,High Value
3717.0,57.0,Female,Shirt,Clothing,53.0,Vermont,M,Charcoal,Fall,3.4,No,Next Day Air,0.0,0.0,42.0,Debit Card,Every 3 Months,,0.0,0.07500000000000001,0.4285714285714285,0.49019607843137253,0.6800000000000002,0.4014873949579832,Low Value
3718.0,45.0,Female,T-shirt,Clothing,85.0,Maryland,XL,White,Summer,4.2,No,Express,0.0,0.0,47.0,Bank Transfer,Every 3 Months,,0.0,0.26250000000000007,0.18367346938775508,,0.7600000000000002,,Low Value
3719.0,36.0,Female,Pants,Clothing,50.0,Tennessee,L,Turquoise,Fall,2.9,No,Standard,0.0,0.0,44.0,Bank Transfer,Bi-Weekly,,0.0,0.9125000000000001,0.510204081632653,0.21568627450980393,0.3600000000000001,0.4872875150060024,Medium Value
3720.0,20.0,Female,Pants,Clothing,91.0,Pennsylvania,M,Red,Summer,4.1,No,Free Shipping,0.0,0.0,8.0,Bank Transfer,Every 3 Months,,0.0,0.6125,0.836734693877551,,0.9199999999999999,,Low Value
3721.0,21.0,Female,Hat,Accessories,56.0,South Carolina,M,Peach,Fall,3.6,No,Free Shipping,0.0,0.0,13.0,Credit Card,Quarterly,4.0,0.0,0.30000000000000004,0.6530612244897959,0.9999999999999999,0.8,0.7012244897959183,Medium Value
3722.0,62.0,Female,Coat,Outerwear,60.0,Connecticut,L,Pink,Fall,4.0,No,Next Day Air,0.0,0.0,10.0,Cash,Annually,1.0,0.0,0.42500000000000004,0.44897959183673464,0.058823529411764705,0.08000000000000007,0.2902388955582233,Low Value
3723.0,23.0,Female,Jacket,Outerwear,34.0,Kentucky,XL,Yellow,Fall,4.0,No,Standard,0.0,0.0,1.0,Credit Card,Fortnightly,26.0,0.0,0.5125000000000001,0.5918367346938774,0.058823529411764705,0.40000000000000013,0.39688175270108045,Low Value
3724.0,26.0,Female,Sandals,Footwear,30.0,Rhode Island,M,Beige,Spring,3.6,No,Free Shipping,0.0,0.0,1.0,Debit Card,Monthly,12.0,0.0,0.75,0.7142857142857142,0.9999999999999999,0.2400000000000002,0.7597142857142857,High Value
3725.0,30.0,Female,Gloves,Accessories,71.0,Colorado,L,Green,Winter,3.1,No,Express,0.0,0.0,18.0,Bank Transfer,Annually,1.0,0.0,0.125,0.04081632653061225,,0.11999999999999988,,Low Value
3726.0,18.0,Female,Dress,Clothing,100.0,Oklahoma,S,Turquoise,Winter,4.4,No,Next Day Air,0.0,0.0,2.0,PayPal,Annually,1.0,0.0,0.925,0.24489795918367344,0.0,0.15999999999999992,0.2989591836734694,Low Value
3727.0,47.0,Female,Belt,Accessories,85.0,Idaho,XL,Orange,Fall,4.3,No,Next Day Air,0.0,0.0,36.0,Debit Card,Every 3 Months,,0.0,0.050000000000000044,0.7551020408163265,,0.8,,Low Value
3728.0,41.0,Female,Socks,Clothing,83.0,Maine,M,Gold,Summer,3.5,No,Next Day Air,0.0,0.0,17.0,Debit Card,Bi-Weekly,,0.0,0.012500000000000011,0.36734693877551017,0.21568627450980393,0.40000000000000013,0.2541446578631453,Low Value
3729.0,62.0,Female,Jacket,Outerwear,31.0,Vermont,L,Red,Winter,3.0,No,Standard,0.0,0.0,1.0,Debit Card,Annually,1.0,0.0,0.4,0.26530612244897955,,0.72,,Low Value
3730.0,28.0,Female,Boots,Footwear,82.0,Rhode Island,M,Teal,Spring,4.7,No,2-Day Shipping,0.0,0.0,50.0,Cash,Quarterly,4.0,0.0,0.48750000000000004,0.8571428571428571,0.0,0.9600000000000002,0.536357142857143,Medium Value
3731.0,46.0,Female,Shirt,Clothing,79.0,Florida,M,Teal,Summer,2.5,No,2-Day Shipping,0.0,0.0,3.0,Credit Card,Bi-Weekly,,0.0,0.38750000000000007,0.18367346938775508,0.49019607843137253,0.2400000000000002,0.3220282112845138,Low Value
3732.0,54.0,Female,Hat,Accessories,62.0,West Virginia,M,Lavender,Spring,3.1,No,2-Day Shipping,0.0,0.0,45.0,PayPal,Quarterly,4.0,0.0,0.1875,0.673469387755102,0.058823529411764705,0.6000000000000001,0.38453481392557026,Low Value
3733.0,36.0,Female,Shoes,Footwear,92.0,Indiana,L,Pink,Spring,3.3,No,Free Shipping,0.0,0.0,28.0,PayPal,Annually,1.0,0.0,0.8375000000000001,0.6122448979591836,0.0,0.44000000000000017,0.45639795918367354,Medium Value
3734.0,25.0,Female,Socks,Clothing,58.0,Illinois,M,Maroon,Fall,4.7,No,Next Day Air,0.0,0.0,6.0,Debit Card,Every 3 Months,,0.0,0.275,0.673469387755102,0.9999999999999999,0.6000000000000001,0.6843877551020409,Medium Value
3735.0,38.0,Female,Hoodie,Clothing,88.0,California,M,Beige,Spring,3.4,No,Next Day Air,0.0,0.0,33.0,Debit Card,Every 3 Months,,0.0,0.825,0.5510204081632653,,0.040000000000000036,,Low Value
3736.0,38.0,Female,Sandals,Footwear,44.0,Massachusetts,L,Orange,Spring,3.1,No,2-Day Shipping,0.0,0.0,29.0,PayPal,Annually,1.0,0.0,0.07500000000000001,0.693877551020408,0.0,0.2400000000000002,0.31655102040816324,Low Value
3737.0,42.0,Female,Jeans,Clothing,56.0,Idaho,M,Red,Spring,4.6,No,Store Pickup,0.0,0.0,2.0,PayPal,Every 3 Months,,0.0,0.5,0.8163265306122448,0.058823529411764705,0.40000000000000013,0.48417767106842735,Medium Value
3738.0,19.0,Female,Jewelry,Accessories,23.0,Kentucky,S,Maroon,Winter,4.9,No,Free Shipping,0.0,0.0,43.0,PayPal,Bi-Weekly,,0.0,0.7875000000000001,0.9591836734693877,0.49019607843137253,0.56,0.744232292917167,Medium Value
3739.0,34.0,Female,Shorts,Clothing,45.0,Delaware,M,Brown,Spring,2.7,No,Free Shipping,0.0,0.0,48.0,Cash,Fortnightly,26.0,0.0,0.5375000000000001,0.8979591836734693,0.058823529411764705,0.08000000000000007,0.4923307322929172,Medium Value
3740.0,38.0,Female,Sunglasses,Accessories,31.0,Idaho,M,Olive,Fall,4.2,No,Free Shipping,0.0,0.0,43.0,Credit Card,Weekly,52.0,0.0,0.0625,0.18367346938775508,0.49019607843137253,0.6399999999999999,0.2970282112845138,Low Value
3741.0,42.0,Female,Pants,Clothing,96.0,Virginia,M,Silver,Summer,2.6,No,Store Pickup,0.0,0.0,26.0,Debit Card,Bi-Weekly,,0.0,0.5625,0.16326530612244897,0.9999999999999999,0.72,0.5498061224489795,Medium Value
3742.0,58.0,Female,Shirt,Clothing,96.0,Arizona,M,Purple,Spring,3.2,No,2-Day Shipping,0.0,0.0,26.0,Debit Card,Bi-Weekly,,0.0,0.5,0.5918367346938774,0.0,0.15999999999999992,0.35273469387755096,Low Value
3743.0,56.0,Female,Shirt,Clothing,80.0,Maryland,M,Gray,Fall,4.4,No,Standard,0.0,0.0,50.0,Credit Card,Bi-Weekly,,0.0,0.6875,0.8979591836734693,0.0,0.6000000000000001,0.5566836734693877,Medium Value
3744.0,62.0,Female,Pants,Clothing,28.0,Idaho,L,Cyan,Fall,3.6,No,Free Shipping,0.0,0.0,36.0,Debit Card,Quarterly,4.0,0.0,0.4625,0.8163265306122448,0.058823529411764705,0.6399999999999999,0.5006776710684273,Medium Value
3745.0,24.0,Female,Hoodie,Clothing,51.0,New Jersey,M,Gray,Summer,2.7,No,Next Day Air,0.0,0.0,26.0,Bank Transfer,Fortnightly,26.0,0.0,0.9875,0.7959183673469387,0.49019607843137253,0.4800000000000002,0.7109261704681873,Medium Value
3746.0,60.0,Female,Socks,Clothing,41.0,Washington,L,Gold,Spring,4.3,No,Express,0.0,0.0,2.0,Debit Card,Monthly,12.0,0.0,0.3125,0.836734693877551,0.49019607843137253,0.11999999999999988,0.5562527010804321,Medium Value
3747.0,53.0,Female,Coat,Outerwear,99.0,Idaho,XL,Cyan,Summer,2.6,No,Next Day Air,0.0,0.0,49.0,PayPal,Monthly,12.0,0.0,0.5750000000000001,0.32653061224489793,0.49019607843137253,0.28000000000000025,0.4206710684273709,Low Value
3748.0,26.0,Female,Sweater,Clothing,53.0,Rhode Island,L,Olive,Spring,4.3,No,Store Pickup,0.0,0.0,32.0,Bank Transfer,Bi-Weekly,,0.0,0.4125000000000001,0.061224489795918366,0.0,0.8,0.1869897959183674,Low Value
3749.0,34.0,Female,Backpack,Accessories,25.0,Delaware,M,Violet,Fall,3.9,No,2-Day Shipping,0.0,0.0,3.0,Venmo,Annually,1.0,0.0,0.925,0.10204081632653061,0.21568627450980393,0.52,0.34252220888355345,Low Value
3750.0,24.0,Female,Blouse,Clothing,95.0,Alaska,L,Yellow,Winter,2.9,No,2-Day Shipping,0.0,0.0,38.0,Venmo,Every 3 Months,,0.0,0.3375,0.4285714285714285,0.9999999999999999,0.44000000000000017,0.5829285714285714,Medium Value
3751.0,42.0,Female,Hoodie,Clothing,88.0,Arizona,M,Gold,Fall,3.1,No,Free Shipping,0.0,0.0,5.0,PayPal,Monthly,12.0,0.0,0.75,0.9183673469387754,,0.44000000000000017,,Low Value
3752.0,36.0,Female,Jewelry,Accessories,97.0,Alabama,S,Silver,Fall,4.2,No,Free Shipping,0.0,0.0,8.0,Credit Card,Every 3 Months,,0.0,0.5625,0.5306122448979591,0.21568627450980393,0.28000000000000025,0.41745078031212485,Low Value
3753.0,24.0,Female,Coat,Outerwear,81.0,Washington,L,Pink,Winter,4.1,No,2-Day Shipping,0.0,0.0,43.0,Venmo,Weekly,52.0,0.0,0.6875,0.346938775510204,,0.52,,Low Value
3754.0,39.0,Female,Sunglasses,Accessories,26.0,Louisiana,S,Turquoise,Winter,4.2,No,Next Day Air,0.0,0.0,22.0,Bank Transfer,Fortnightly,26.0,0.0,0.3125,0.6122448979591836,0.9999999999999999,0.7600000000000002,0.6833979591836734,Medium Value
3755.0,46.0,Female,Shoes,Footwear,41.0,Nebraska,M,Turquoise,Summer,4.4,No,Express,0.0,0.0,10.0,Cash,Every 3 Months,,0.0,0.38750000000000007,0.0,0.9999999999999999,0.4800000000000002,0.4255,Low Value
3756.0,64.0,Female,Skirt,Clothing,93.0,Pennsylvania,M,Peach,Fall,3.4,No,Free Shipping,0.0,0.0,26.0,Credit Card,Monthly,12.0,0.0,0.4750000000000001,0.02040816326530612,0.49019607843137253,0.040000000000000036,0.2542220888355342,Low Value
3757.0,64.0,Female,Skirt,Clothing,69.0,South Carolina,L,Teal,Spring,4.8,No,Express,0.0,0.0,42.0,Debit Card,Bi-Weekly,,0.0,0.0,0.9183673469387754,0.0,0.6000000000000001,0.42734693877551017,Low Value
3758.0,61.0,Female,Skirt,Clothing,44.0,California,L,Red,Fall,4.5,No,2-Day Shipping,0.0,0.0,33.0,Cash,Weekly,52.0,0.0,0.7750000000000001,0.5306122448979591,0.9999999999999999,0.44000000000000017,0.7112448979591837,Medium Value
3759.0,61.0,Female,Sandals,Footwear,54.0,Indiana,S,Black,Spring,2.7,No,Store Pickup,0.0,0.0,23.0,Bank Transfer,Quarterly,4.0,0.0,0.9000000000000001,0.04081632653061225,0.9999999999999999,0.0,0.49632653061224485,Medium Value
3760.0,44.0,Female,Sneakers,Footwear,61.0,Missouri,M,Pink,Spring,3.5,No,Store Pickup,0.0,0.0,30.0,Venmo,Quarterly,4.0,0.0,0.7625,0.9387755102040816,0.058823529411764705,0.28000000000000025,0.5736572629051621,Medium Value
3761.0,65.0,Female,Socks,Clothing,80.0,Connecticut,M,Peach,Fall,3.1,No,Next Day Air,0.0,0.0,36.0,PayPal,Weekly,52.0,0.0,0.30000000000000004,0.38775510204081626,0.058823529411764705,0.0,0.2327490996398559,Low Value
3762.0,60.0,Female,Backpack,Accessories,30.0,Nevada,M,Green,Summer,2.8,No,Next Day Air,0.0,0.0,3.0,Venmo,Every 3 Months,,0.0,0.65,0.44897959183673464,0.0,0.28000000000000025,0.3375918367346939,Low Value
3763.0,65.0,Female,Shorts,Clothing,94.0,New York,L,Green,Fall,2.9,No,Store Pickup,0.0,0.0,13.0,PayPal,Annually,1.0,0.0,0.07500000000000001,0.24489795918367344,0.21568627450980393,0.040000000000000036,0.18166506602641058,Low Value
3764.0,27.0,Female,Shirt,Clothing,24.0,Oklahoma,XL,Red,Winter,4.5,No,Standard,0.0,0.0,38.0,Cash,Every 3 Months,,0.0,0.07500000000000001,0.22448979591836735,,0.9199999999999999,,Low Value
3765.0,36.0,Female,Socks,Clothing,21.0,South Dakota,M,Maroon,Fall,3.5,No,Next Day Air,0.0,0.0,19.0,Venmo,Monthly,12.0,0.0,0.8,0.7142857142857142,0.49019607843137253,1.0,0.6927731092436974,Medium Value
3766.0,22.0,Female,Jewelry,Accessories,52.0,Missouri,M,Green,Summer,4.3,No,Standard,0.0,0.0,14.0,Bank Transfer,Bi-Weekly,,0.0,0.65,0.0,0.21568627450980393,0.28000000000000025,0.2227058823529412,Low Value
3767.0,62.0,Female,Handbag,Accessories,59.0,Texas,M,Black,Fall,4.9,No,Next Day Air,0.0,0.0,43.0,Debit Card,Annually,1.0,0.0,0.4375,0.26530612244897955,0.9999999999999999,0.44000000000000017,0.5376224489795918,Medium Value
3768.0,59.0,Female,Shorts,Clothing,51.0,New York,XL,Black,Summer,3.1,No,Free Shipping,0.0,0.0,10.0,Bank Transfer,Fortnightly,26.0,0.0,0.7125,0.8979591836734693,0.0,0.08000000000000007,0.5096836734693877,Medium Value
3769.0,50.0,Female,Sweater,Clothing,35.0,Vermont,M,Yellow,Winter,4.0,No,Free Shipping,0.0,0.0,34.0,Bank Transfer,Quarterly,4.0,0.0,0.4625,0.6122448979591836,0.058823529411764705,0.2400000000000002,0.3790450180072029,Low Value
3770.0,51.0,Female,Gloves,Accessories,87.0,Arizona,L,Green,Summer,3.6,No,Standard,0.0,0.0,31.0,Venmo,Annually,1.0,0.0,0.6375000000000001,0.8163265306122448,0.9999999999999999,0.20000000000000018,0.774030612244898,High Value
3771.0,23.0,Female,Pants,Clothing,42.0,Montana,L,Black,Summer,4.0,No,Store Pickup,0.0,0.0,34.0,Bank Transfer,Weekly,52.0,0.0,0.23750000000000004,0.7142857142857142,0.0,0.15999999999999992,0.3492142857142857,Low Value
3772.0,21.0,Female,T-shirt,Clothing,86.0,Oklahoma,M,Red,Winter,2.6,No,Express,0.0,0.0,28.0,Venmo,Bi-Weekly,,0.0,0.10000000000000003,0.10204081632653061,,0.8800000000000001,,Low Value
3773.0,44.0,Female,Pants,Clothing,26.0,New Hampshire,L,Yellow,Fall,3.1,No,Next Day Air,0.0,0.0,35.0,Cash,Annually,1.0,0.0,0.16250000000000003,0.5510204081632653,0.0,0.4800000000000002,0.30090816326530617,Low Value
3774.0,25.0,Female,Sweater,Clothing,60.0,Wisconsin,M,Violet,Summer,3.5,No,Store Pickup,0.0,0.0,41.0,Cash,Quarterly,4.0,0.0,0.7375,0.5714285714285714,0.21568627450980393,0.56,0.4967773109243698,Medium Value
3775.0,57.0,Female,Gloves,Accessories,83.0,Alaska,S,Cyan,Winter,3.9,No,Standard,0.0,0.0,48.0,PayPal,Fortnightly,26.0,0.0,0.125,0.26530612244897955,0.21568627450980393,0.6000000000000001,0.255828331332533,Low Value
3776.0,41.0,Female,Belt,Accessories,63.0,South Dakota,S,Pink,Spring,2.7,No,2-Day Shipping,0.0,0.0,45.0,Cash,Quarterly,4.0,0.0,0.6875,0.12244897959183673,,0.11999999999999988,,Low Value
3777.0,19.0,Female,Sneakers,Footwear,25.0,Alaska,L,Olive,Spring,4.1,No,Standard,0.0,0.0,10.0,Credit Card,Fortnightly,26.0,0.0,0.8625,0.6122448979591836,,0.6399999999999999,,Low Value
3778.0,43.0,Female,Shorts,Clothing,65.0,Utah,M,Maroon,Fall,4.3,No,Express,0.0,0.0,9.0,Cash,Weekly,52.0,0.0,0.9375,0.510204081632653,,0.6800000000000002,,Low Value
3779.0,25.0,Female,Sneakers,Footwear,60.0,South Dakota,M,Cyan,Fall,2.9,No,Free Shipping,0.0,0.0,30.0,Debit Card,Annually,1.0,0.0,0.30000000000000004,0.22448979591836735,0.49019607843137253,0.72,0.3688547418967587,Low Value
3780.0,60.0,Female,Jeans,Clothing,75.0,California,XL,Lavender,Spring,4.0,No,Express,0.0,0.0,45.0,PayPal,Annually,1.0,0.0,0.825,0.8979591836734693,0.49019607843137253,0.72,0.7432424969987995,Medium Value
3781.0,54.0,Female,Sneakers,Footwear,57.0,Mississippi,L,Yellow,Fall,4.1,No,Free Shipping,0.0,0.0,41.0,Venmo,Quarterly,4.0,0.0,0.8875,0.7959183673469387,0.0,0.040000000000000036,0.4998673469387755,Medium Value
3782.0,52.0,Female,Boots,Footwear,99.0,Tennessee,M,Pink,Winter,3.7,No,Standard,0.0,0.0,40.0,PayPal,Fortnightly,26.0,0.0,0.26250000000000007,0.836734693877551,0.21568627450980393,0.52,0.5038997599039616,Medium Value
3783.0,40.0,Female,Jacket,Outerwear,45.0,Alabama,L,Orange,Spring,2.8,No,Free Shipping,0.0,0.0,42.0,PayPal,Fortnightly,26.0,0.0,0.9875,0.8979591836734693,0.058823529411764705,0.15999999999999992,0.5903307322929172,Medium Value
3784.0,39.0,Female,Gloves,Accessories,66.0,Maine,XL,Orange,Summer,3.2,No,Free Shipping,0.0,0.0,17.0,Debit Card,Fortnightly,26.0,0.0,0.5625,0.673469387755102,0.058823529411764705,1.0,0.4995348139255702,Medium Value
3785.0,54.0,Female,Socks,Clothing,53.0,Virginia,M,Violet,Winter,4.5,No,Next Day Air,0.0,0.0,4.0,Venmo,Annually,1.0,0.0,0.3500000000000001,0.673469387755102,,0.8399999999999999,,Low Value
3786.0,64.0,Female,Jeans,Clothing,94.0,New Hampshire,L,Lavender,Winter,3.8,No,Standard,0.0,0.0,6.0,Cash,Monthly,12.0,0.0,0.26250000000000007,0.32653061224489793,,0.28000000000000025,,Low Value
3787.0,31.0,Female,Boots,Footwear,47.0,Tennessee,L,Yellow,Fall,3.6,No,2-Day Shipping,0.0,0.0,22.0,Venmo,Weekly,52.0,0.0,0.275,0.5306122448979591,0.9999999999999999,0.20000000000000018,0.5872448979591837,Medium Value
3788.0,37.0,Female,Blouse,Clothing,80.0,New York,M,Pink,Fall,3.6,No,2-Day Shipping,0.0,0.0,46.0,PayPal,Every 3 Months,,0.0,0.07500000000000001,0.6122448979591836,0.058823529411764705,0.6000000000000001,0.3375450180072029,Low Value
3789.0,43.0,Female,Hat,Accessories,65.0,Kansas,XL,Teal,Spring,3.2,No,Next Day Air,0.0,0.0,27.0,Debit Card,Monthly,12.0,0.0,0.1875,0.9387755102040816,0.49019607843137253,0.6399999999999999,0.6240690276110443,Medium Value
3790.0,56.0,Female,Shirt,Clothing,75.0,North Dakota,M,Magenta,Summer,3.8,No,Express,0.0,0.0,18.0,Bank Transfer,Every 3 Months,,0.0,0.1375,0.4897959183673469,0.0,0.6000000000000001,0.2834183673469388,Low Value
3791.0,27.0,Female,Handbag,Accessories,45.0,Alaska,XL,Beige,Summer,4.4,No,Standard,0.0,0.0,31.0,Credit Card,Weekly,52.0,0.0,0.6625000000000001,0.9387755102040816,0.49019607843137253,0.6399999999999999,0.7190690276110444,Medium Value
3792.0,40.0,Female,Sunglasses,Accessories,51.0,Texas,M,Gray,Spring,3.7,No,Store Pickup,0.0,0.0,1.0,Venmo,Weekly,52.0,0.0,0.7750000000000001,0.14285714285714285,0.9999999999999999,0.3600000000000001,0.5481428571428572,Medium Value
3793.0,43.0,Female,Scarf,Accessories,58.0,Massachusetts,S,Turquoise,Summer,2.6,No,Express,0.0,0.0,2.0,PayPal,Fortnightly,26.0,0.0,0.15000000000000002,0.6326530612244897,0.49019607843137253,0.15999999999999992,0.4461200480192077,Low Value
3794.0,62.0,Female,Sunglasses,Accessories,20.0,Delaware,M,Pink,Fall,4.0,No,Standard,0.0,0.0,46.0,Bank Transfer,Annually,1.0,0.0,0.08750000000000002,0.6530612244897959,,0.20000000000000018,,Low Value
3795.0,44.0,Female,Scarf,Accessories,82.0,South Dakota,M,Violet,Summer,3.6,No,2-Day Shipping,0.0,0.0,27.0,Venmo,Weekly,52.0,0.0,0.825,0.3061224489795918,,0.6000000000000001,,Low Value
3796.0,45.0,Female,Gloves,Accessories,92.0,Arkansas,M,Charcoal,Spring,2.5,No,Express,0.0,0.0,3.0,Cash,Weekly,52.0,0.0,0.22500000000000003,0.5306122448979591,0.9999999999999999,0.9199999999999999,0.6492448979591836,Medium Value
3797.0,40.0,Female,Shorts,Clothing,81.0,Utah,M,Lavender,Fall,3.2,No,Free Shipping,0.0,0.0,47.0,Bank Transfer,Quarterly,4.0,0.0,0.9125000000000001,0.32653061224489793,,0.8399999999999999,,Low Value
3798.0,68.0,Female,Sunglasses,Accessories,44.0,California,M,Gray,Summer,2.5,No,Next Day Air,0.0,0.0,20.0,Cash,Quarterly,4.0,0.0,0.48750000000000004,0.32653061224489793,0.058823529411764705,0.6399999999999999,0.3097593037214886,Low Value
3799.0,63.0,Female,Jewelry,Accessories,72.0,Rhode Island,S,Brown,Winter,3.2,No,Next Day Air,0.0,0.0,23.0,Credit Card,Annually,1.0,0.0,0.4750000000000001,0.5510204081632653,,0.040000000000000036,,Low Value
3800.0,60.0,Female,Jacket,Outerwear,26.0,Oklahoma,L,Violet,Winter,2.6,No,Store Pickup,0.0,0.0,13.0,Credit Card,Monthly,12.0,0.0,0.8,0.7551020408163265,0.49019607843137253,0.0,0.6090996398559424,Medium Value
3801.0,19.0,Female,Sweater,Clothing,26.0,Vermont,M,Turquoise,Fall,4.8,No,Next Day Air,0.0,0.0,12.0,Venmo,Bi-Weekly,,0.0,1.0,0.6530612244897959,0.49019607843137253,0.9199999999999999,0.70028331332533,Medium Value
3802.0,26.0,Female,Blouse,Clothing,84.0,Kentucky,M,Peach,Spring,5.0,No,Store Pickup,0.0,0.0,36.0,PayPal,Fortnightly,26.0,0.0,0.0625,0.4693877551020408,,0.6800000000000002,,Low Value
3803.0,70.0,Female,Scarf,Accessories,72.0,Illinois,S,Turquoise,Spring,3.2,No,2-Day Shipping,0.0,0.0,1.0,Bank Transfer,Monthly,12.0,0.0,0.11250000000000004,0.26530612244897955,0.058823529411764705,0.56,0.20226950780312125,Low Value
3804.0,48.0,Female,Handbag,Accessories,55.0,Connecticut,M,Violet,Spring,3.6,No,Standard,0.0,0.0,14.0,Debit Card,Weekly,52.0,0.0,0.275,0.08163265306122448,0.49019607843137253,0.4800000000000002,0.2827118847539016,Low Value
3805.0,37.0,Female,Hat,Accessories,77.0,Florida,M,Olive,Fall,2.7,No,2-Day Shipping,0.0,0.0,45.0,Cash,Annually,1.0,0.0,0.4625,0.14285714285714285,0.21568627450980393,0.6800000000000002,0.28234873949579836,Low Value
3806.0,48.0,Female,Scarf,Accessories,57.0,New Jersey,M,Green,Fall,3.1,No,Standard,0.0,0.0,31.0,Credit Card,Quarterly,4.0,0.0,0.8,0.836734693877551,0.21568627450980393,0.6800000000000002,0.6273997599039617,Medium Value
3807.0,18.0,Female,Boots,Footwear,71.0,Missouri,M,Teal,Spring,3.0,No,Standard,0.0,0.0,41.0,PayPal,Weekly,52.0,0.0,0.6375000000000001,0.9591836734693877,,0.6000000000000001,,Low Value
3808.0,38.0,Female,Blouse,Clothing,39.0,Michigan,L,Peach,Spring,2.9,No,Next Day Air,0.0,0.0,36.0,PayPal,Annually,1.0,0.0,0.8375000000000001,0.7959183673469387,0.058823529411764705,1.0,0.6035144057623049,Medium Value
3809.0,33.0,Female,Socks,Clothing,28.0,Washington,M,Pink,Winter,4.7,No,Express,0.0,0.0,6.0,Debit Card,Bi-Weekly,,0.0,0.4,0.9183673469387754,0.0,0.9600000000000002,0.5433469387755102,Medium Value
3810.0,57.0,Female,Shoes,Footwear,33.0,New York,S,Maroon,Winter,3.7,No,Standard,0.0,0.0,28.0,Credit Card,Annually,1.0,0.0,0.4750000000000001,0.7959183673469387,,0.6000000000000001,,Low Value
3811.0,46.0,Female,Skirt,Clothing,79.0,Wisconsin,L,Peach,Fall,3.9,No,Free Shipping,0.0,0.0,29.0,Venmo,Monthly,12.0,0.0,0.17500000000000004,0.6122448979591836,0.49019607843137253,0.28000000000000025,0.45495678271308526,Medium Value
3812.0,46.0,Female,Belt,Accessories,30.0,Idaho,M,Maroon,Winter,4.0,No,Standard,0.0,0.0,14.0,Cash,Monthly,12.0,0.0,0.5,0.7755102040816325,,0.20000000000000018,,Low Value
3813.0,50.0,Female,Skirt,Clothing,75.0,Michigan,M,Pink,Spring,2.8,No,Next Day Air,0.0,0.0,7.0,Bank Transfer,Every 3 Months,,0.0,0.6000000000000001,0.7142857142857142,0.49019607843137253,0.040000000000000036,0.5567731092436975,Medium Value
3814.0,61.0,Female,Pants,Clothing,89.0,Georgia,M,Orange,Summer,4.1,No,Express,0.0,0.0,31.0,Venmo,Bi-Weekly,,0.0,0.675,0.4897959183673469,,0.7600000000000002,,Low Value
3815.0,45.0,Female,Dress,Clothing,95.0,Michigan,M,Orange,Winter,4.2,No,Free Shipping,0.0,0.0,26.0,Bank Transfer,Every 3 Months,,0.0,0.7875000000000001,0.4693877551020408,0.0,0.56,0.4012551020408163,Low Value
3816.0,32.0,Female,Hat,Accessories,44.0,Maine,M,Brown,Fall,4.3,No,Express,0.0,0.0,12.0,Venmo,Fortnightly,26.0,0.0,0.7375,0.36734693877551017,0.9999999999999999,0.6000000000000001,0.6544387755102041,Medium Value
3817.0,29.0,Female,Coat,Outerwear,86.0,Maryland,S,Silver,Summer,4.3,No,Store Pickup,0.0,0.0,45.0,Credit Card,Fortnightly,26.0,0.0,0.7000000000000001,0.9795918367346937,,0.6000000000000001,,Low Value
3818.0,66.0,Female,Scarf,Accessories,91.0,Missouri,M,Magenta,Fall,2.6,No,Express,0.0,0.0,40.0,PayPal,Annually,1.0,0.0,0.0,0.061224489795918366,0.0,0.6800000000000002,0.09248979591836737,Low Value
3819.0,70.0,Female,Sneakers,Footwear,41.0,Oregon,XL,Indigo,Winter,3.8,No,Free Shipping,0.0,0.0,42.0,Cash,Monthly,12.0,0.0,0.5125000000000001,0.7142857142857142,0.058823529411764705,0.7600000000000002,0.48186134453781515,Medium Value
3820.0,36.0,Female,Pants,Clothing,99.0,Arkansas,S,Gold,Spring,2.9,No,Express,0.0,0.0,45.0,Cash,Quarterly,4.0,0.0,0.7250000000000001,0.14285714285714285,0.058823529411764705,0.0,0.21978991596638658,Low Value
3821.0,34.0,Female,Belt,Accessories,65.0,New Hampshire,M,Purple,Winter,5.0,No,Standard,0.0,0.0,34.0,Debit Card,Quarterly,4.0,0.0,0.012500000000000011,0.5714285714285714,,0.2400000000000002,,Low Value
3822.0,20.0,Female,Sneakers,Footwear,48.0,Oregon,M,Gold,Summer,4.6,No,Free Shipping,0.0,0.0,34.0,Credit Card,Every 3 Months,,0.0,0.7125,0.510204081632653,0.058823529411764705,0.40000000000000013,0.4042286914765907,Low Value
3823.0,70.0,Female,Hat,Accessories,41.0,Kansas,S,Gold,Spring,3.2,No,Free Shipping,0.0,0.0,17.0,PayPal,Every 3 Months,,0.0,0.8500000000000001,0.9387755102040816,,0.20000000000000018,,Low Value
3824.0,50.0,Female,Shirt,Clothing,42.0,California,M,Gold,Summer,3.0,No,Standard,0.0,0.0,27.0,Bank Transfer,Weekly,52.0,0.0,0.55,0.8775510204081631,0.0,0.7600000000000002,0.5370204081632654,Medium Value
3825.0,54.0,Female,Shorts,Clothing,26.0,Georgia,M,Olive,Summer,4.0,No,Free Shipping,0.0,0.0,31.0,Credit Card,Quarterly,4.0,0.0,0.4625,0.9795918367346937,0.21568627450980393,0.9600000000000002,0.6450426170468186,Medium Value
3826.0,49.0,Female,Shorts,Clothing,35.0,Hawaii,L,Green,Fall,4.1,No,Express,0.0,0.0,47.0,Debit Card,Fortnightly,26.0,0.0,0.36250000000000004,0.16326530612244897,0.21568627450980393,0.11999999999999988,0.21451200480192076,Low Value
3827.0,50.0,Female,Jacket,Outerwear,31.0,Montana,M,Gray,Summer,4.0,No,Express,0.0,0.0,25.0,Bank Transfer,Annually,1.0,0.0,0.1875,0.5510204081632653,0.49019607843137253,0.32000000000000006,0.4369669867947179,Low Value
3828.0,62.0,Female,Jewelry,Accessories,73.0,Montana,M,Red,Summer,4.1,No,Standard,0.0,0.0,47.0,Cash,Fortnightly,26.0,0.0,0.9875,0.0,0.49019607843137253,0.9600000000000002,0.4405588235294118,Low Value
3829.0,42.0,Female,Blouse,Clothing,82.0,Mississippi,M,Charcoal,Spring,3.4,No,Free Shipping,0.0,0.0,8.0,Cash,Weekly,52.0,0.0,0.275,0.5510204081632653,,0.6800000000000002,,Low Value
3830.0,69.0,Female,Pants,Clothing,32.0,Washington,M,Indigo,Spring,2.9,No,Free Shipping,0.0,0.0,32.0,Debit Card,Fortnightly,26.0,0.0,0.15000000000000002,0.6530612244897959,0.49019607843137253,0.32000000000000006,0.47028331332533013,Medium Value
3831.0,22.0,Female,Hat,Accessories,27.0,Pennsylvania,M,Indigo,Summer,3.0,No,2-Day Shipping,0.0,0.0,33.0,Bank Transfer,Every 3 Months,,0.0,0.012500000000000011,0.5510204081632653,0.21568627450980393,0.08000000000000007,0.2956140456182473,Low Value
3832.0,36.0,Female,Backpack,Accessories,86.0,Nevada,L,Silver,Spring,4.0,No,Next Day Air,0.0,0.0,16.0,Debit Card,Every 3 Months,,0.0,0.11250000000000004,0.16326530612244897,0.0,0.32000000000000006,0.11980612244897959,Low Value
3833.0,64.0,Female,Boots,Footwear,38.0,Kansas,XL,Purple,Winter,4.8,No,2-Day Shipping,0.0,0.0,27.0,Cash,Weekly,52.0,0.0,0.55,0.5510204081632653,0.0,0.52,0.3824081632653061,Low Value
3834.0,44.0,Female,Jacket,Outerwear,93.0,Arizona,L,Gray,Summer,4.6,No,Free Shipping,0.0,0.0,17.0,PayPal,Every 3 Months,,0.0,0.32500000000000007,0.36734693877551017,,0.28000000000000025,,Low Value
3835.0,43.0,Female,Hoodie,Clothing,59.0,Tennessee,M,Magenta,Winter,4.1,No,2-Day Shipping,0.0,0.0,17.0,Cash,Quarterly,4.0,0.0,0.9625000000000001,0.38775510204081626,,0.6399999999999999,,Low Value
3836.0,58.0,Female,Sandals,Footwear,58.0,Pennsylvania,L,Silver,Winter,2.6,No,Express,0.0,0.0,28.0,PayPal,Bi-Weekly,,0.0,0.925,0.04081632653061225,0.21568627450980393,0.72,0.3380324129651861,Low Value
3837.0,62.0,Female,Skirt,Clothing,84.0,Alaska,M,Violet,Spring,2.5,No,Free Shipping,0.0,0.0,38.0,PayPal,Fortnightly,26.0,0.0,0.2875,0.4285714285714285,0.9999999999999999,0.6000000000000001,0.5889285714285714,Medium Value
3838.0,45.0,Female,Hoodie,Clothing,100.0,New Mexico,M,Green,Spring,4.8,No,Free Shipping,0.0,0.0,33.0,Bank Transfer,Fortnightly,26.0,0.0,0.42500000000000004,0.6530612244897959,,0.56,,Low Value
3839.0,47.0,Female,Dress,Clothing,25.0,Rhode Island,L,Green,Summer,4.2,No,Express,0.0,0.0,24.0,Venmo,Every 3 Months,,0.0,0.38750000000000007,0.4081632653061224,0.0,0.32000000000000006,0.272765306122449,Low Value
3840.0,66.0,Female,Sandals,Footwear,29.0,Connecticut,M,Peach,Spring,3.9,No,Free Shipping,0.0,0.0,14.0,Venmo,Quarterly,4.0,0.0,0.8125,0.12244897959183673,0.0,0.040000000000000036,0.2154795918367347,Low Value
3841.0,30.0,Female,Jeans,Clothing,42.0,Idaho,M,Turquoise,Spring,3.7,No,Express,0.0,0.0,5.0,Venmo,Fortnightly,26.0,0.0,0.9500000000000002,0.9183673469387754,0.21568627450980393,0.6800000000000002,0.6900528211284515,Medium Value
3842.0,68.0,Female,Jeans,Clothing,57.0,Mississippi,L,Pink,Fall,4.2,No,2-Day Shipping,0.0,0.0,8.0,Bank Transfer,Monthly,12.0,0.0,0.275,0.4693877551020408,0.0,0.3600000000000001,0.2787551020408164,Low Value
3843.0,35.0,Female,Jacket,Outerwear,84.0,Colorado,L,Lavender,Winter,4.2,No,Next Day Air,0.0,0.0,42.0,Debit Card,Monthly,12.0,0.0,0.5375000000000001,0.10204081632653061,0.058823529411764705,0.6399999999999999,0.22996338535414168,Low Value
3844.0,64.0,Female,Hat,Accessories,71.0,Georgia,L,Silver,Winter,4.0,No,Free Shipping,0.0,0.0,48.0,Venmo,Every 3 Months,,0.0,0.0,0.7959183673469387,0.21568627450980393,0.56,0.43907322929171666,Low Value
3845.0,30.0,Female,Shorts,Clothing,87.0,Montana,S,Cyan,Fall,5.0,No,Next Day Air,0.0,0.0,40.0,Venmo,Quarterly,4.0,0.0,0.0625,0.32653061224489793,0.9999999999999999,0.11999999999999988,0.45511224489795915,Medium Value
3846.0,58.0,Female,Sweater,Clothing,52.0,California,M,Green,Winter,4.9,No,Standard,0.0,0.0,46.0,Venmo,Annually,1.0,0.0,0.9375,0.4693877551020408,0.49019607843137253,0.040000000000000036,0.526313925570228,Medium Value
3847.0,57.0,Female,Blouse,Clothing,58.0,Pennsylvania,L,Orange,Summer,4.0,No,Express,0.0,0.0,40.0,PayPal,Every 3 Months,,0.0,0.22500000000000003,0.4285714285714285,0.49019607843137253,0.6000000000000001,0.4234873949579832,Low Value
3848.0,60.0,Female,Sweater,Clothing,34.0,Delaware,S,Blue,Fall,3.2,No,2-Day Shipping,0.0,0.0,31.0,PayPal,Fortnightly,26.0,0.0,0.11250000000000004,0.04081632653061225,0.9999999999999999,0.9600000000000002,0.43482653061224485,Low Value
3849.0,22.0,Female,Jewelry,Accessories,60.0,New Hampshire,M,Magenta,Winter,3.0,No,Next Day Air,0.0,0.0,39.0,Cash,Every 3 Months,,0.0,0.55,0.7755102040816325,0.058823529411764705,0.28000000000000025,0.4658511404561825,Medium Value
3850.0,46.0,Female,Hoodie,Clothing,68.0,Florida,S,Cyan,Winter,2.6,No,Express,0.0,0.0,36.0,PayPal,Fortnightly,26.0,0.0,0.9000000000000001,0.7959183673469387,0.058823529411764705,0.56,0.572014405762305,Medium Value
3851.0,27.0,Female,Jewelry,Accessories,74.0,Mississippi,L,Indigo,Summer,4.4,No,2-Day Shipping,0.0,0.0,25.0,Debit Card,Every 3 Months,,0.0,0.17500000000000004,0.0,0.058823529411764705,0.08000000000000007,0.06064705882352943,Low Value
3852.0,50.0,Female,Scarf,Accessories,83.0,Montana,M,Pink,Summer,3.9,No,Free Shipping,0.0,0.0,24.0,Debit Card,Annually,1.0,0.0,0.6125,0.26530612244897955,,0.3600000000000001,,Low Value
3853.0,65.0,Female,Hat,Accessories,79.0,Mississippi,M,Peach,Fall,4.0,No,2-Day Shipping,0.0,0.0,19.0,PayPal,Weekly,52.0,0.0,0.5625,0.9795918367346937,0.0,0.40000000000000013,0.5443367346938776,Medium Value
3854.0,61.0,Female,Sunglasses,Accessories,76.0,Tennessee,M,Lavender,Fall,4.0,No,Store Pickup,0.0,0.0,49.0,Debit Card,Bi-Weekly,,0.0,0.7625,0.6530612244897959,0.0,0.040000000000000036,0.41772448979591836,Low Value
3855.0,57.0,Female,T-shirt,Clothing,20.0,Florida,M,Black,Spring,4.2,No,Free Shipping,0.0,0.0,4.0,Venmo,Annually,1.0,0.0,0.125,0.10204081632653061,0.058823529411764705,0.8800000000000001,0.17146338535414168,Low Value
3856.0,40.0,Female,Shirt,Clothing,61.0,Illinois,XL,Lavender,Summer,4.4,No,Next Day Air,0.0,0.0,36.0,Cash,Quarterly,4.0,0.0,0.825,0.08163265306122448,0.49019607843137253,0.40000000000000013,0.3847118847539016,Low Value
3857.0,39.0,Female,Sandals,Footwear,78.0,Virginia,S,Brown,Summer,2.5,No,Free Shipping,0.0,0.0,8.0,Debit Card,Quarterly,4.0,0.0,0.55,0.5714285714285714,,0.32000000000000006,,Low Value
3858.0,42.0,Female,Hat,Accessories,21.0,Texas,S,Yellow,Summer,3.1,No,Store Pickup,0.0,0.0,29.0,Credit Card,Every 3 Months,,0.0,0.7250000000000001,0.8775510204081631,,0.56,,Low Value
3859.0,30.0,Female,T-shirt,Clothing,77.0,Missouri,M,Olive,Winter,3.5,No,Store Pickup,0.0,0.0,26.0,Credit Card,Quarterly,4.0,0.0,0.10000000000000003,0.6326530612244897,0.9999999999999999,0.6800000000000002,0.641061224489796,Medium Value
3860.0,65.0,Female,Shorts,Clothing,88.0,Mississippi,S,Blue,Fall,3.0,No,2-Day Shipping,0.0,0.0,47.0,Bank Transfer,Bi-Weekly,,0.0,0.36250000000000004,0.8163265306122448,,0.8,,Low Value
3861.0,57.0,Female,Sunglasses,Accessories,64.0,Pennsylvania,M,Turquoise,Summer,4.4,No,Next Day Air,0.0,0.0,44.0,Cash,Annually,1.0,0.0,0.16250000000000003,0.4693877551020408,0.058823529411764705,0.15999999999999992,0.25390216086434575,Low Value
3862.0,64.0,Female,Jacket,Outerwear,57.0,Wyoming,M,Yellow,Spring,4.9,No,Standard,0.0,0.0,49.0,Credit Card,Monthly,12.0,0.0,0.7125,0.4693877551020408,0.9999999999999999,0.52,0.6822551020408163,Medium Value
3863.0,56.0,Female,Shirt,Clothing,49.0,Idaho,L,Turquoise,Winter,2.8,No,Next Day Air,0.0,0.0,9.0,Venmo,Monthly,12.0,0.0,0.7625,0.6530612244897959,0.058823529411764705,0.2400000000000002,0.45537154861944773,Medium Value
3864.0,40.0,Female,Scarf,Accessories,35.0,New Hampshire,M,Orange,Summer,3.3,No,Free Shipping,0.0,0.0,28.0,Cash,Fortnightly,26.0,0.0,,,,,,Low Value
3865.0,55.0,Female,T-shirt,Clothing,99.0,Wyoming,S,Blue,Winter,4.9,No,Express,0.0,0.0,1.0,Debit Card,Fortnightly,26.0,0.0,,,,,,Low Value
3866.0,25.0,Female,Shorts,Clothing,42.0,Nebraska,M,Olive,Spring,4.2,No,Store Pickup,0.0,0.0,28.0,Cash,Every 3 Months,,0.0,,,,,,Low Value
3867.0,58.0,Female,Hat,Accessories,32.0,Alaska,M,Beige,Winter,3.3,No,2-Day Shipping,0.0,0.0,33.0,Credit Card,Fortnightly,26.0,0.0,,,,,,Low Value
3868.0,46.0,Female,Jacket,Outerwear,21.0,Maryland,L,Lavender,Summer,2.7,No,Standard,0.0,0.0,28.0,Credit Card,Monthly,12.0,0.0,,,,,,Low Value
3869.0,18.0,Female,Dress,Clothing,29.0,Maryland,XL,Magenta,Winter,3.3,No,2-Day Shipping,0.0,0.0,9.0,Cash,Annually,1.0,0.0,,,,,,Low Value
3870.0,26.0,Female,Coat,Outerwear,64.0,Arizona,L,Cyan,Spring,3.8,No,Free Shipping,0.0,0.0,28.0,Bank Transfer,Annually,1.0,0.0,,,,,,Low Value
3871.0,61.0,Female,Sandals,Footwear,46.0,Ohio,L,Lavender,Fall,3.2,No,Next Day Air,0.0,0.0,19.0,Cash,Every 3 Months,,0.0,,,,,,Low Value
3872.0,55.0,Female,T-shirt,Clothing,97.0,Minnesota,M,Black,Fall,4.1,No,2-Day Shipping,0.0,0.0,20.0,Bank Transfer,Every 3 Months,,0.0,,,,,,Low Value
3873.0,41.0,Female,Jacket,Outerwear,94.0,New Hampshire,M,Green,Spring,4.3,No,Standard,0.0,0.0,3.0,Cash,Monthly,12.0,0.0,,,,,,Low Value
3874.0,42.0,Female,Sandals,Footwear,43.0,Louisiana,L,Silver,Summer,4.0,No,Standard,0.0,0.0,22.0,Credit Card,Weekly,52.0,0.0,,,,,,Low Value
3875.0,70.0,Female,Sweater,Clothing,54.0,Nevada,XL,Beige,Summer,3.9,No,2-Day Shipping,0.0,0.0,33.0,Credit Card,Bi-Weekly,,0.0,,,,,,Low Value
3876.0,63.0,Female,Hat,Accessories,51.0,New Hampshire,M,Pink,Winter,3.3,No,2-Day Shipping,0.0,0.0,21.0,Credit Card,Annually,1.0,0.0,,,,,,Low Value
3877.0,60.0,Female,Shoes,Footwear,85.0,Wisconsin,S,Cyan,Fall,2.6,No,2-Day Shipping,0.0,0.0,7.0,Cash,Annually,1.0,0.0,,,,,,Low Value
3878.0,28.0,Female,Hoodie,Clothing,96.0,Nevada,M,Olive,Spring,4.2,No,Next Day Air,0.0,0.0,46.0,Debit Card,Monthly,12.0,0.0,,,,,,Low Value
3879.0,60.0,Female,Hat,Accessories,42.0,South Carolina,M,Pink,Summer,3.4,No,2-Day Shipping,0.0,0.0,24.0,Credit Card,Annually,1.0,0.0,,,,,,Low Value
3880.0,26.0,Female,Skirt,Clothing,63.0,Florida,L,Maroon,Winter,4.1,No,Free Shipping,0.0,0.0,6.0,Debit Card,Quarterly,4.0,0.0,,,,,,Low Value
3881.0,42.0,Female,Shirt,Clothing,20.0,Massachusetts,M,Red,Winter,3.9,No,Free Shipping,0.0,0.0,40.0,PayPal,Monthly,12.0,0.0,,,,,,Low Value
3882.0,56.0,Female,Scarf,Accessories,25.0,Georgia,L,Silver,Spring,2.8,No,2-Day Shipping,0.0,0.0,17.0,Debit Card,Weekly,52.0,0.0,,,,,,Low Value
3883.0,35.0,Female,Pants,Clothing,95.0,North Dakota,L,Blue,Fall,2.6,No,Free Shipping,0.0,0.0,24.0,Cash,Fortnightly,26.0,0.0,,,,,,Low Value
3884.0,34.0,Female,Hat,Accessories,38.0,North Dakota,XL,Purple,Fall,4.0,No,Next Day Air,0.0,0.0,22.0,Cash,Fortnightly,26.0,0.0,,,,,,Low Value
3885.0,47.0,Female,Sandals,Footwear,29.0,Maryland,M,Brown,Fall,4.9,No,Express,0.0,0.0,3.0,PayPal,Weekly,52.0,0.0,,,,,,Low Value
3886.0,49.0,Female,Socks,Clothing,64.0,New Mexico,L,Purple,Winter,3.2,No,Free Shipping,0.0,0.0,39.0,Cash,Quarterly,4.0,0.0,,,,,,Low Value
3887.0,37.0,Female,Jewelry,Accessories,92.0,Iowa,S,Brown,Summer,3.9,No,Express,0.0,0.0,40.0,Debit Card,Quarterly,4.0,0.0,,,,,,Low Value
3888.0,40.0,Female,Shirt,Clothing,34.0,Kansas,M,Charcoal,Spring,2.7,No,Express,0.0,0.0,1.0,Credit Card,Quarterly,4.0,0.0,,,,,,Low Value
3889.0,45.0,Female,Sneakers,Footwear,69.0,Virginia,M,Violet,Spring,3.4,No,Standard,0.0,0.0,14.0,Venmo,Bi-Weekly,,0.0,,,,,,Low Value
3890.0,57.0,Female,Dress,Clothing,65.0,Alaska,S,Yellow,Spring,3.5,No,Express,0.0,0.0,49.0,Bank Transfer,Annually,1.0,0.0,,,,,,Low Value
3891.0,35.0,Female,Shirt,Clothing,81.0,Nebraska,XL,Green,Winter,2.6,No,Standard,0.0,0.0,33.0,Debit Card,Annually,1.0,0.0,,,,,,Low Value
3892.0,36.0,Female,Dress,Clothing,30.0,Colorado,L,Peach,Winter,4.7,No,Free Shipping,0.0,0.0,6.0,Bank Transfer,Quarterly,4.0,0.0,,,,,,Low Value
3893.0,35.0,Female,Jewelry,Accessories,86.0,Michigan,L,Indigo,Summer,3.5,No,Standard,0.0,0.0,5.0,PayPal,Fortnightly,26.0,0.0,,,,,,Low Value
3894.0,21.0,Female,Hat,Accessories,64.0,Massachusetts,L,White,Fall,3.3,No,Store Pickup,0.0,0.0,29.0,Bank Transfer,Bi-Weekly,,0.0,,,,,,Low Value
3895.0,66.0,Female,Skirt,Clothing,78.0,Connecticut,L,White,Spring,3.9,No,2-Day Shipping,0.0,0.0,44.0,Credit Card,Every 3 Months,,0.0,,,,,,Low Value
3896.0,40.0,Female,Hoodie,Clothing,28.0,Virginia,L,Turquoise,Summer,4.2,No,2-Day Shipping,0.0,0.0,32.0,Venmo,Weekly,52.0,0.0,,,,,,Low Value
3897.0,52.0,Female,Backpack,Accessories,49.0,Iowa,L,White,Spring,4.5,No,Store Pickup,0.0,0.0,41.0,Bank Transfer,Bi-Weekly,,0.0,,,,,,Low Value
3898.0,46.0,Female,Belt,Accessories,33.0,New Jersey,L,Green,Spring,2.9,No,Standard,0.0,0.0,24.0,Venmo,Quarterly,4.0,0.0,,,,,,Low Value
3899.0,44.0,Female,Shoes,Footwear,77.0,Minnesota,S,Brown,Summer,3.8,No,Express,0.0,0.0,24.0,Venmo,Weekly,52.0,0.0,,,,,,Low Value
3900.0,52.0,Female,Handbag,Accessories,81.0,California,M,Beige,Spring,3.1,No,Store Pickup,0.0,0.0,33.0,Venmo,Quarterly,4.0,0.0,,,,,,Low Value
,,,,,,,,,,,,,,,,,,,,0.5,0.346938775510204,0.21568627450980393,0.6800000000000002,0.3714813925570228,Low Value
,,,,,,,,,,,,,,,,,,,,0.0,0.510204081632653,0.9999999999999999,0.040000000000000036,0.5080816326530612,Medium Value
,,,,,,,,,,,,,,,,,,,,0.25,0.673469387755102,0.9999999999999999,0.6399999999999999,0.6833877551020408,Medium Value
,,,,,,,,,,,,,,,,,,,,0.9750000000000001,0.6122448979591836,0.49019607843137253,0.08000000000000007,0.5949567827130853,Medium Value
,,,,,,,,,,,,,,,,,,,,0.42500000000000004,0.836734693877551,0.0,0.56,0.47569387755102044,Medium Value
,,,,,,,,,,,,,,,,,,,,0.7625,0.3061224489795918,0.0,0.7600000000000002,0.35094897959183674,Low Value
,,,,,,,,,,,,,,,,,,,,0.8500000000000001,0.836734693877551,0.49019607843137253,0.2400000000000002,0.6757527010804323,Medium Value
,,,,,,,,,,,,,,,,,,,,0.825,0.4897959183673469,0.49019607843137253,0.9199999999999999,0.5999771908763505,Medium Value
,,,,,,,,,,,,,,,,,,,,0.55,0.02040816326530612,0.49019607843137253,0.15999999999999992,0.28122208883553423,Low Value
,,,,,,,,,,,,,,,,,,,,0.45000000000000007,0.4285714285714285,0.9999999999999999,0.11999999999999988,0.5734285714285714,Medium Value
,,,,,,,,,,,,,,,,,,,,0.4,0.8979591836734693,0.21568627450980393,0.8800000000000001,0.5918895558223289,Medium Value
,,,,,,,,,,,,,,,,,,,,0.23750000000000004,0.04081632653061225,0.058823529411764705,0.56,0.1374735894357743,Low Value
,,,,,,,,,,,,,,,,,,,,0.025000000000000022,0.510204081632653,0.0,0.56,0.2650816326530612,Low Value
,,,,,,,,,,,,,,,,,,,,0.4,0.36734693877551017,0.21568627450980393,0.9600000000000002,0.3876446578631453,Low Value
,,,,,,,,,,,,,,,,,,,,0.825,0.7551020408163265,0.21568627450980393,0.9199999999999999,0.6237466986794717,Medium Value
,,,,,,,,,,,,,,,,,,,,0.9125000000000001,0.7346938775510203,0.9999999999999999,0.72,0.848377551020408,High Value
,,,,,,,,,,,,,,,,,,,,0.050000000000000044,0.4693877551020408,0.21568627450980393,0.56,0.31846098439375753,Low Value
,,,,,,,,,,,,,,,,,,,,0.30000000000000004,0.5918367346938774,0.21568627450980393,0.6399999999999999,0.42544057623049214,Low Value
,,,,,,,,,,,,,,,,,,,,0.6875,0.4897959183673469,0.21568627450980393,0.2400000000000002,0.42212424969988,Low Value
,,,,,,,,,,,,,,,,,,,,0.9875,0.16326530612244897,,0.44000000000000017,,Low Value
,,,,,,,,,,,,,,,,,,,,0.3500000000000001,0.9183673469387754,,0.6800000000000002,,Low Value
,,,,,,,,,,,,,,,,,,,,0.9750000000000001,0.4897959183673469,0.49019607843137253,0.72,0.6099771908763505,Medium Value
,,,,,,,,,,,,,,,,,,,,0.5750000000000001,0.18367346938775508,0.49019607843137253,0.040000000000000036,0.3395282112845138,Low Value
,,,,,,,,,,,,,,,,,,,,0.4375,0.9183673469387754,,0.44000000000000017,,Low Value
,,,,,,,,,,,,,,,,,,,,0.012500000000000011,0.4693877551020408,0.21568627450980393,0.9199999999999999,0.34696098439375755,Low Value
,,,,,,,,,,,,,,,,,,,,0.7750000000000001,0.44897959183673464,0.0,0.4800000000000002,0.38259183673469394,Low Value
,,,,,,,,,,,,,,,,,,,,0.5375000000000001,0.22448979591836735,,0.040000000000000036,,Low Value
,,,,,,,,,,,,,,,,,,,,0.7125,0.04081632653061225,0.49019607843137253,0.4800000000000002,0.35388535414165667,Low Value
,,,,,,,,,,,,,,,,,,,,0.825,0.8571428571428571,0.21568627450980393,1.0,0.672563025210084,Medium Value
,,,,,,,,,,,,,,,,,,,,0.11250000000000004,0.02040816326530612,0.49019607843137253,0.11999999999999988,0.18972208883553418,Low Value
,,,,,,,,,,,,,,,,,,,,0.9750000000000001,0.6122448979591836,0.49019607843137253,0.11999999999999988,0.5989567827130853,Medium Value
,,,,,,,,,,,,,,,,,,,,0.6625000000000001,0.0,0.21568627450980393,0.40000000000000013,0.23720588235294124,Low Value
,,,,,,,,,,,,,,,,,,,,0.2,0.44897959183673464,,0.28000000000000025,,Low Value
,,,,,,,,,,,,,,,,,,,,0.32500000000000007,0.5714285714285714,0.9999999999999999,0.72,0.6655714285714285,Medium Value
,,,,,,,,,,,,,,,,,,,,0.55,0.836734693877551,0.21568627450980393,0.11999999999999988,0.5213997599039616,Medium Value
,,,,,,,,,,,,,,,,,,,,0.36250000000000004,0.4693877551020408,0.9999999999999999,0.44000000000000017,0.6042551020408163,Medium Value
,,,,,,,,,,,,,,,,,,,,0.5125000000000001,0.2040816326530612,0.0,0.8,0.2641326530612245,Low Value
